time,open,high,low,close,tick_volume
2026-08-10 01:00:00,4348.04,4350.3,4347.52,4348.1,38
2026-08-10 01:01:00,4348.3,4350.55,4344.38,4344.38,165
2026-08-10 01:02:00,4344.75,4345.75,4336.02,4336.77,201
2026-08-10 01:03:00,4336.67,4339.74,4332.96,4338.69,183
2026-08-10 01:04:00,4338.77,4341.62,4337.47,4340.19,170
2026-08-10 01:05:00,4340.34,4340.34,4337.26,4338.25,170
2026-08-10 01:06:00,4338.22,4338.23,4334.32,4336.52,176
2026-08-10 01:07:00,4336.71,4338.9,4336.09,4338.43,180
2026-08-10 01:08:00,4338.57,4338.57,4335.38,4337.02,166
2026-08-10 01:09:00,4336.96,4340.09,4336.74,4339.42,135
2026-08-10 01:10:00,4339.41,4340.33,4338.51,4340.19,135
2026-08-10 01:11:00,4340.19,4344.9,4339.73,4344.23,154
2026-08-10 01:12:00,4344.76,4346.1,4343.52,4345.04,161
2026-08-10 01:13:00,4345.05,4346.29,4343.91,4344.25,172
2026-08-10 01:14:00,4344.4,4344.71,4342.72,4343.5,167
2026-08-10 01:15:00,4343.57,4343.71,4342.14,4343.42,140
2026-08-10 01:16:00,4343.47,4344.84,4342.89,4344.82,129
2026-08-10 01:17:00,4344.59,4344.95,4343.27,4343.5,130
2026-08-10 01:18:00,4343.54,4343.79,4341.45,4341.66,128
2026-08-10 01:19:00,4341.75,4342.21,4339.47,4339.9,124
2026-08-10 01:20:00,4340.12,4340.62,4339.69,4340.04,133
2026-08-10 01:21:00,4340.05,4340.55,4339.73,4339.75,116
2026-08-10 01:22:00,4340.07,4340.77,4338.08,4339.63,132
2026-08-10 01:23:00,4339.53,4340.0,4339.23,4339.5,110
2026-08-10 01:24:00,4339.53,4339.74,4338.49,4339.09,98
2026-08-10 01:25:00,4339.11,4342.72,4339.11,4341.69,143
2026-08-10 01:26:00,4341.69,4343.89,4341.28,4343.89,135
2026-08-10 01:27:00,4343.91,4344.05,4342.77,4343.12,116
2026-08-10 01:28:00,4343.58,4343.87,4342.47,4342.57,127
2026-08-10 01:29:00,4342.84,4344.03,4342.26,4343.55,100
2026-08-10 01:30:00,4343.57,4344.92,4343.38,4344.63,130
2026-08-10 01:31:00,4344.63,4345.38,4343.02,4343.31,141
2026-08-10 01:32:00,4343.31,4344.1,4343.06,4343.22,99
2026-08-10 01:33:00,4343.29,4344.32,4342.05,4343.24,118
2026-08-10 01:34:00,4343.34,4343.95,4340.86,4342.37,119
2026-08-10 01:35:00,4342.36,4343.1,4340.98,4341.4,100
2026-08-10 01:36:00,4341.82,4341.97,4340.87,4341.55,99
2026-08-10 01:37:00,4341.23,4341.58,4340.1,4340.38,85
2026-08-10 01:38:00,4340.38,4341.71,4340.14,4340.93,93
2026-08-10 01:39:00,4341.04,4341.9,4341.01,4341.47,73
2026-08-10 01:40:00,4341.47,4342.57,4341.23,4341.93,105
2026-08-10 01:41:00,4341.94,4342.56,4341.72,4342.11,93
2026-08-10 01:42:00,4341.89,4342.49,4341.6,4341.87,88
2026-08-10 01:43:00,4341.57,4341.94,4340.67,4341.35,84
2026-08-10 01:44:00,4341.28,4341.44,4340.16,4340.58,116
2026-08-10 01:45:00,4340.48,4340.86,4340.18,4340.64,106
2026-08-10 01:46:00,4340.37,4341.09,4340.0,4340.85,83
2026-08-10 01:47:00,4340.84,4341.81,4340.65,4341.78,107
2026-08-10 01:48:00,4341.78,4343.83,4341.02,4342.95,120
2026-08-10 01:49:00,4343.04,4344.25,4343.01,4343.73,103
2026-08-10 01:50:00,4343.7,4343.88,4342.88,4343.67,90
2026-08-10 01:51:00,4343.64,4343.98,4343.39,4343.58,83
2026-08-10 01:52:00,4343.34,4343.38,4341.94,4342.72,95
2026-08-10 01:53:00,4342.48,4342.93,4342.0,4342.0,103
2026-08-10 01:54:00,4341.97,4342.74,4341.95,4342.74,82
2026-08-10 01:55:00,4342.75,4342.75,4341.95,4342.21,49
2026-08-10 01:56:00,4342.2,4342.41,4341.27,4341.28,78
2026-08-10 01:57:00,4341.56,4342.56,4341.27,4342.11,80
2026-08-10 01:58:00,4342.02,4342.55,4341.76,4342.55,91
2026-08-10 01:59:00,4342.52,4342.84,4341.36,4341.47,102
2026-08-10 02:00:00,4341.58,4342.75,4341.31,4342.61,100
2026-08-10 02:01:00,4342.88,4343.44,4341.94,4343.42,115
2026-08-10 02:02:00,4343.49,4344.71,4343.36,4344.62,135
2026-08-10 02:03:00,4344.66,4345.48,4344.22,4345.48,79
2026-08-10 02:04:00,4345.67,4347.65,4345.27,4347.14,164
2026-08-10 02:05:00,4346.86,4346.86,4344.94,4345.44,132
2026-08-10 02:06:00,4345.63,4347.62,4345.08,4347.25,120
2026-08-10 02:07:00,4347.07,4347.07,4346.31,4346.86,119
2026-08-10 02:08:00,4346.88,4347.17,4346.16,4346.47,117
2026-08-10 02:09:00,4346.49,4346.81,4345.91,4346.31,89
2026-08-10 02:10:00,4346.31,4346.53,4345.98,4346.21,73
2026-08-10 02:11:00,4346.25,4346.66,4345.82,4345.85,62
2026-08-10 02:12:00,4346.0,4346.43,4345.53,4346.19,53
2026-08-10 02:13:00,4346.28,4347.06,4345.86,4346.83,84
2026-08-10 02:14:00,4346.78,4347.53,4346.4,4346.47,102
2026-08-10 02:15:00,4346.46,4347.22,4346.43,4346.75,100
2026-08-10 02:16:00,4346.52,4347.07,4346.36,4346.95,62
2026-08-10 02:17:00,4346.9,4347.12,4346.24,4346.33,59
2026-08-10 02:18:00,4346.33,4346.34,4344.15,4344.21,108
2026-08-10 02:19:00,4344.21,4346.6,4344.21,4346.03,89
2026-08-10 02:20:00,4345.56,4345.76,4345.3,4345.47,78
2026-08-10 02:21:00,4345.49,4346.69,4345.49,4346.48,70
2026-08-10 02:22:00,4346.47,4347.28,4346.45,4347.2,108
2026-08-10 02:23:00,4347.22,4348.81,4347.07,4348.34,109
2026-08-10 02:24:00,4348.34,4349.03,4347.6,4348.07,120
2026-08-10 02:25:00,4348.07,4348.46,4347.5,4347.86,91
2026-08-10 02:26:00,4347.61,4348.87,4347.28,4348.62,72
2026-08-10 02:27:00,4348.57,4349.01,4348.54,4348.94,90
2026-08-10 02:28:00,4348.95,4349.08,4346.24,4346.75,73
2026-08-10 02:29:00,4346.75,4347.84,4346.06,4346.57,110
2026-08-10 02:30:00,4346.55,4347.43,4346.32,4346.64,116
2026-08-10 02:31:00,4346.54,4346.64,4344.34,4344.34,115
2026-08-10 02:32:00,4344.34,4344.53,4341.63,4343.34,143
2026-08-10 02:33:00,4343.34,4343.46,4341.23,4341.64,121
2026-08-10 02:34:00,4341.5,4341.92,4340.16,4341.56,134
2026-08-10 02:35:00,4341.63,4342.83,4341.43,4341.77,112
2026-08-10 02:36:00,4341.51,4342.25,4341.32,4342.2,72
2026-08-10 02:37:00,4341.89,4342.97,4341.22,4341.54,126
2026-08-10 02:38:00,4341.49,4341.58,4340.03,4340.5,102
2026-08-10 02:39:00,4340.35,4342.87,4340.26,4342.87,110
2026-08-10 02:40:00,4342.71,4343.05,4342.02,4342.21,94
2026-08-10 02:41:00,4342.16,4342.35,4341.57,4341.88,92
2026-08-10 02:42:00,4341.89,4341.99,4341.47,4341.82,82
2026-08-10 02:43:00,4341.69,4342.08,4341.31,4342.08,82
2026-08-10 02:44:00,4341.91,4342.41,4341.14,4342.35,91
2026-08-10 02:45:00,4342.28,4343.4,4341.41,4342.26,121
2026-08-10 02:46:00,4342.25,4342.99,4341.94,4342.26,115
2026-08-10 02:47:00,4342.22,4342.39,4341.27,4342.24,121
2026-08-10 02:48:00,4342.23,4343.0,4341.97,4342.45,111
2026-08-10 02:49:00,4342.42,4342.76,4341.79,4342.01,103
2026-08-10 02:50:00,4341.96,4342.39,4341.0,4341.1,96
2026-08-10 02:51:00,4341.22,4341.88,4340.88,4341.27,100
2026-08-10 02:52:00,4341.33,4342.44,4341.3,4341.97,82
2026-08-10 02:53:00,4342.21,4342.83,4340.93,4342.04,124
2026-08-10 02:54:00,4342.03,4342.19,4340.3,4340.3,148
2026-08-10 02:55:00,4340.32,4340.7,4339.52,4339.56,164
2026-08-10 02:56:00,4339.66,4339.83,4335.89,4335.92,173
2026-08-10 02:57:00,4335.91,4336.46,4334.64,4335.11,180
2026-08-10 02:58:00,4335.09,4335.35,4333.64,4333.8,167
2026-08-10 02:59:00,4333.81,4333.88,4332.17,4333.25,180
2026-08-10 03:00:00,4332.92,4336.55,4332.55,4336.23,214
2026-08-10 03:01:00,4336.34,4337.48,4335.32,4337.17,186
2026-08-10 03:02:00,4337.05,4339.03,4336.79,4338.71,184
2026-08-10 03:03:00,4338.71,4340.26,4338.67,4339.4,184
2026-08-10 03:04:00,4339.59,4340.94,4339.02,4340.52,158
2026-08-10 03:05:00,4340.54,4342.53,4339.55,4341.8,191
2026-08-10 03:06:00,4341.75,4341.75,4339.78,4340.79,184
2026-08-10 03:07:00,4340.79,4341.5,4340.22,4341.35,145
2026-08-10 03:08:00,4341.41,4343.51,4340.65,4342.03,171
2026-08-10 03:09:00,4342.16,4343.15,4341.51,4342.2,167
2026-08-10 03:10:00,4341.69,4343.67,4340.25,4343.46,177
2026-08-10 03:11:00,4343.31,4343.31,4339.93,4339.95,162
2026-08-10 03:12:00,4339.92,4343.62,4339.85,4343.62,173
2026-08-10 03:13:00,4343.61,4346.24,4343.26,4344.82,175
2026-08-10 03:14:00,4344.7,4347.16,4343.79,4344.44,179
2026-08-10 03:15:00,4344.48,4345.13,4342.03,4342.22,199
2026-08-10 03:16:00,4342.38,4342.38,4339.15,4340.24,177
2026-08-10 03:17:00,4340.29,4341.89,4339.65,4341.48,171
2026-08-10 03:18:00,4341.5,4342.79,4341.09,4341.88,151
2026-08-10 03:19:00,4342.01,4345.56,4341.92,4344.0,180
2026-08-10 03:20:00,4343.7,4343.86,4341.75,4342.02,182
2026-08-10 03:21:00,4341.78,4341.78,4339.41,4339.8,173
2026-08-10 03:22:00,4339.82,4340.98,4339.82,4340.27,162
2026-08-10 03:23:00,4340.61,4340.72,4339.26,4340.02,167
2026-08-10 03:24:00,4339.99,4340.81,4339.54,4339.93,139
2026-08-10 03:25:00,4339.95,4340.58,4337.62,4337.62,153
2026-08-10 03:26:00,4337.63,4339.77,4337.29,4339.36,163
2026-08-10 03:27:00,4339.39,4339.74,4338.41,4339.11,149
2026-08-10 03:28:00,4339.12,4339.53,4337.46,4338.09,165
2026-08-10 03:29:00,4338.0,4338.23,4337.21,4337.65,165
2026-08-10 03:30:00,4337.66,4338.88,4336.7,4338.6,180
2026-08-10 03:31:00,4338.83,4339.4,4337.3,4337.98,168
2026-08-10 03:32:00,4337.99,4338.0,4336.43,4337.23,165
2026-08-10 03:33:00,4337.19,4337.41,4335.44,4335.92,161
2026-08-10 03:34:00,4335.97,4336.78,4335.5,4336.17,154
2026-08-10 03:35:00,4336.35,4337.14,4334.4,4334.53,168
2026-08-10 03:36:00,4334.52,4335.32,4333.56,4334.16,192
2026-08-10 03:37:00,4334.16,4336.23,4333.87,4335.98,165
2026-08-10 03:38:00,4335.78,4336.63,4335.04,4336.56,163
2026-08-10 03:39:00,4336.73,4337.29,4336.16,4336.83,168
2026-08-10 03:40:00,4336.77,4338.44,4336.59,4336.93,164
2026-08-10 03:41:00,4336.86,4336.86,4334.83,4335.99,138
2026-08-10 03:42:00,4335.99,4337.06,4335.34,4335.35,168
2026-08-10 03:43:00,4335.33,4335.88,4334.43,4334.99,156
2026-08-10 03:44:00,4335.0,4335.49,4333.73,4334.37,137
2026-08-10 03:45:00,4334.57,4336.44,4334.23,4335.95,168
2026-08-10 03:46:00,4335.94,4336.09,4333.82,4333.95,166
2026-08-10 03:47:00,4333.97,4335.36,4333.77,4334.82,128
2026-08-10 03:48:00,4334.83,4335.47,4333.69,4333.69,137
2026-08-10 03:49:00,4333.78,4335.84,4333.51,4335.66,166
2026-08-10 03:50:00,4335.89,4337.48,4335.25,4336.19,167
2026-08-10 03:51:00,4336.05,4336.37,4335.02,4336.23,143
2026-08-10 03:52:00,4336.24,4337.52,4333.94,4334.67,168
2026-08-10 03:53:00,4334.53,4336.44,4334.43,4335.37,165
2026-08-10 03:54:00,4335.29,4336.01,4333.57,4333.93,170
2026-08-10 03:55:00,4334.02,4334.8,4332.21,4332.69,168
2026-08-10 03:56:00,4332.5,4332.95,4330.77,4331.96,176
2026-08-10 03:57:00,4331.96,4332.76,4331.02,4332.38,170
2026-08-10 03:58:00,4332.25,4332.76,4330.89,4331.03,174
2026-08-10 03:59:00,4331.05,4332.82,4330.73,4332.21,186
2026-08-10 04:00:00,4332.04,4332.88,4327.03,4331.27,230
2026-08-10 04:01:00,4331.34,4338.63,4330.46,4337.64,215
2026-08-10 04:02:00,4337.76,4338.74,4335.09,4337.3,217
2026-08-10 04:03:00,4337.03,4340.6,4334.79,4334.81,213
2026-08-10 04:04:00,4334.63,4334.73,4327.34,4327.44,218
2026-08-10 04:05:00,4327.37,4328.43,4322.7,4323.07,213
2026-08-10 04:06:00,4322.99,4325.48,4322.5,4325.34,212
2026-08-10 04:07:00,4325.56,4327.49,4323.99,4324.5,208
2026-08-10 04:08:00,4324.98,4326.39,4323.78,4323.92,205
2026-08-10 04:09:00,4324.09,4327.33,4323.22,4323.96,210
2026-08-10 04:10:00,4323.95,4325.32,4322.56,4323.74,191
2026-08-10 04:11:00,4323.83,4323.83,4322.22,4323.42,205
2026-08-10 04:12:00,4323.42,4325.23,4322.66,4324.2,199
2026-08-10 04:13:00,4324.26,4325.07,4322.17,4322.23,188
2026-08-10 04:14:00,4322.58,4324.01,4322.12,4323.1,184
2026-08-10 04:15:00,4323.08,4325.22,4322.17,4324.92,207
2026-08-10 04:16:00,4324.64,4326.35,4324.37,4325.99,194
2026-08-10 04:17:00,4325.98,4325.98,4321.77,4321.96,188
2026-08-10 04:18:00,4321.9,4323.33,4321.85,4322.43,189
2026-08-10 04:19:00,4322.3,4324.32,4322.09,4324.23,167
2026-08-10 04:20:00,4324.29,4325.51,4321.76,4322.28,193
2026-08-10 04:21:00,4322.19,4323.23,4321.51,4323.05,166
2026-08-10 04:22:00,4323.06,4324.26,4321.87,4322.96,193
2026-08-10 04:23:00,4323.0,4327.99,4323.0,4326.38,183
2026-08-10 04:24:00,4326.42,4328.45,4324.05,4327.83,197
2026-08-10 04:25:00,4327.85,4328.17,4325.46,4325.51,184
2026-08-10 04:26:00,4325.51,4325.51,4323.09,4323.09,175
2026-08-10 04:27:00,4323.24,4323.24,4321.43,4322.14,191
2026-08-10 04:28:00,4322.15,4322.55,4321.64,4322.39,153
2026-08-10 04:29:00,4322.59,4322.89,4316.31,4316.67,174
2026-08-10 04:30:00,4316.54,4317.8,4316.0,4316.39,204
2026-08-10 04:31:00,4316.42,4317.46,4315.39,4315.63,199
2026-08-10 04:32:00,4315.89,4316.37,4313.87,4315.11,191
2026-08-10 04:33:00,4315.14,4318.45,4314.44,4317.66,200
2026-08-10 04:34:00,4317.64,4321.1,4317.48,4320.11,177
2026-08-10 04:35:00,4320.12,4320.28,4316.93,4319.07,192
2026-08-10 04:36:00,4319.11,4319.77,4318.31,4319.23,186
2026-08-10 04:37:00,4319.26,4319.86,4316.23,4317.67,198
2026-08-10 04:38:00,4317.83,4318.95,4316.52,4317.22,187
2026-08-10 04:39:00,4317.29,4318.68,4316.03,4316.53,183
2026-08-10 04:40:00,4316.54,4316.99,4313.82,4314.16,195
2026-08-10 04:41:00,4314.26,4314.83,4313.45,4313.91,191
2026-08-10 04:42:00,4313.96,4315.89,4313.96,4315.54,183
2026-08-10 04:43:00,4315.48,4316.75,4315.13,4316.71,176
2026-08-10 04:44:00,4316.91,4318.01,4316.19,4317.4,178
2026-08-10 04:45:00,4317.54,4319.43,4316.98,4318.86,187
2026-08-10 04:46:00,4318.87,4318.97,4316.17,4317.06,188
2026-08-10 04:47:00,4317.06,4317.46,4316.1,4317.16,178
2026-08-10 04:48:00,4317.15,4320.4,4316.55,4320.4,178
2026-08-10 04:49:00,4320.34,4321.56,4318.61,4320.43,177
2026-08-10 04:50:00,4320.44,4322.95,4319.44,4322.21,184
2026-08-10 04:51:00,4322.2,4323.03,4321.19,4322.29,180
2026-08-10 04:52:00,4322.47,4323.37,4320.74,4321.43,179
2026-08-10 04:53:00,4321.45,4321.45,4319.22,4320.51,168
2026-08-10 04:54:00,4320.37,4320.75,4318.82,4319.94,174
2026-08-10 04:55:00,4319.96,4321.33,4319.66,4319.92,148
2026-08-10 04:56:00,4319.92,4321.71,4319.22,4320.22,169
2026-08-10 04:57:00,4320.24,4320.69,4317.68,4318.19,172
2026-08-10 04:58:00,4318.07,4319.7,4317.63,4319.36,162
2026-08-10 04:59:00,4319.35,4324.26,4319.35,4322.53,194
2026-08-10 05:00:00,4322.67,4322.99,4320.66,4322.14,191
2026-08-10 05:01:00,4322.09,4323.44,4319.86,4320.45,183
2026-08-10 05:02:00,4320.5,4322.34,4320.18,4321.47,170
2026-08-10 05:03:00,4321.52,4323.2,4320.98,4322.27,167
2026-08-10 05:04:00,4322.38,4323.09,4321.11,4321.71,178
2026-08-10 05:05:00,4321.7,4321.92,4319.08,4319.28,180
2026-08-10 05:06:00,4319.28,4320.11,4318.65,4320.1,166
2026-08-10 05:07:00,4320.11,4323.72,4319.57,4323.66,191
2026-08-10 05:08:00,4323.71,4324.31,4321.82,4321.94,165
2026-08-10 05:09:00,4321.68,4324.08,4321.65,4323.36,162
2026-08-10 05:10:00,4323.49,4324.63,4323.36,4324.08,161
2026-08-10 05:11:00,4324.05,4324.92,4323.55,4324.92,156
2026-08-10 05:12:00,4324.78,4325.5,4322.02,4322.03,170
2026-08-10 05:13:00,4322.08,4325.31,4321.57,4325.08,179
2026-08-10 05:14:00,4325.08,4325.84,4324.38,4324.7,166
2026-08-10 05:15:00,4324.65,4325.26,4323.6,4324.48,146
2026-08-10 05:16:00,4324.2,4325.26,4323.91,4324.61,150
2026-08-10 05:17:00,4324.6,4325.01,4323.42,4324.34,118
2026-08-10 05:18:00,4324.48,4326.19,4323.98,4325.98,132
2026-08-10 05:19:00,4325.94,4325.95,4324.14,4324.86,138
2026-08-10 05:20:00,4324.79,4325.61,4324.17,4325.25,135
2026-08-10 05:21:00,4325.16,4327.7,4324.59,4327.7,146
2026-08-10 05:22:00,4327.64,4327.93,4326.01,4326.15,149
2026-08-10 05:23:00,4326.15,4327.59,4325.48,4327.37,157
2026-08-10 05:24:00,4327.28,4327.88,4326.57,4327.25,102
2026-08-10 05:25:00,4327.25,4327.85,4326.34,4326.77,128
2026-08-10 05:26:00,4326.78,4328.19,4326.68,4328.02,139
2026-08-10 05:27:00,4328.02,4329.43,4328.02,4328.91,114
2026-08-10 05:28:00,4328.88,4330.55,4328.88,4330.44,121
2026-08-10 05:29:00,4330.31,4332.25,4330.15,4330.82,143
2026-08-10 05:30:00,4330.81,4332.33,4327.14,4327.14,197
2026-08-10 05:31:00,4327.19,4328.05,4324.6,4327.02,184
2026-08-10 05:32:00,4326.93,4329.34,4326.93,4329.28,160
2026-08-10 05:33:00,4329.27,4329.95,4327.4,4329.16,182
2026-08-10 05:34:00,4329.0,4329.92,4327.68,4327.96,172
2026-08-10 05:35:00,4327.83,4329.75,4327.4,4327.9,185
2026-08-10 05:36:00,4328.05,4328.27,4326.57,4326.85,162
2026-08-10 05:37:00,4326.84,4327.39,4325.48,4327.25,170
2026-08-10 05:38:00,4327.22,4327.22,4325.02,4325.56,179
2026-08-10 05:39:00,4325.47,4325.91,4324.8,4325.4,134
2026-08-10 05:40:00,4325.46,4325.89,4324.47,4324.79,149
2026-08-10 05:41:00,4324.79,4326.09,4323.08,4325.95,174
2026-08-10 05:42:00,4325.95,4329.2,4325.51,4329.2,184
2026-08-10 05:43:00,4329.48,4330.06,4326.83,4328.09,174
2026-08-10 05:44:00,4328.26,4328.31,4326.27,4326.27,149
2026-08-10 05:45:00,4326.42,4327.25,4325.47,4325.69,171
2026-08-10 05:46:00,4325.72,4326.78,4323.5,4323.78,155
2026-08-10 05:47:00,4323.9,4324.65,4321.64,4323.32,173
2026-08-10 05:48:00,4323.31,4324.51,4322.59,4323.55,168
2026-08-10 05:49:00,4323.57,4323.59,4321.32,4323.25,180
2026-08-10 05:50:00,4323.48,4324.65,4323.24,4323.69,156
2026-08-10 05:51:00,4323.41,4323.58,4323.12,4323.36,126
2026-08-10 05:52:00,4323.39,4323.47,4322.09,4322.18,120
2026-08-10 05:53:00,4322.16,4322.16,4319.28,4320.37,170
2026-08-10 05:54:00,4320.39,4320.39,4319.34,4319.86,141
2026-08-10 05:55:00,4319.95,4320.92,4319.58,4320.21,140
2026-08-10 05:56:00,4320.21,4320.77,4319.95,4320.31,150
2026-08-10 05:57:00,4320.3,4322.23,4320.11,4322.23,126
2026-08-10 05:58:00,4322.18,4322.29,4319.51,4319.82,132
2026-08-10 05:59:00,4319.83,4320.59,4318.72,4319.6,173
2026-08-10 06:00:00,4319.73,4320.35,4318.06,4318.06,157
2026-08-10 06:01:00,4318.2,4321.23,4318.09,4321.04,153
2026-08-10 06:02:00,4321.16,4321.16,4319.27,4319.32,154
2026-08-10 06:03:00,4319.3,4319.65,4318.75,4318.91,152
2026-08-10 06:04:00,4318.92,4319.63,4318.41,4319.16,145
2026-08-10 06:05:00,4319.01,4319.34,4318.02,4318.42,140
2026-08-10 06:06:00,4318.36,4318.9,4317.83,4318.16,135
2026-08-10 06:07:00,4318.16,4319.04,4317.91,4319.04,111
2026-08-10 06:08:00,4319.28,4319.74,4318.45,4318.88,148
2026-08-10 06:09:00,4318.9,4318.99,4317.59,4318.01,161
2026-08-10 06:10:00,4318.0,4320.03,4317.69,4320.03,154
2026-08-10 06:11:00,4320.04,4320.2,4318.25,4318.97,148
2026-08-10 06:12:00,4318.98,4319.0,4318.3,4318.9,125
2026-08-10 06:13:00,4318.73,4319.26,4317.81,4318.81,128
2026-08-10 06:14:00,4318.84,4320.29,4318.4,4320.08,130
2026-08-10 06:15:00,4319.88,4321.53,4319.56,4320.42,159
2026-08-10 06:16:00,4320.42,4322.24,4320.27,4321.93,135
2026-08-10 06:17:00,4321.96,4322.83,4321.75,4322.11,146
2026-08-10 06:18:00,4321.8,4322.44,4320.55,4321.59,160
2026-08-10 06:19:00,4321.6,4324.32,4321.6,4324.07,161
2026-08-10 06:20:00,4324.2,4325.24,4323.39,4324.71,177
2026-08-10 06:21:00,4324.54,4325.81,4324.54,4325.34,137
2026-08-10 06:22:00,4325.34,4325.54,4324.63,4325.09,141
2026-08-10 06:23:00,4325.08,4325.61,4323.84,4325.54,135
2026-08-10 06:24:00,4325.54,4326.84,4323.44,4323.46,160
2026-08-10 06:25:00,4323.56,4325.42,4323.56,4324.79,146
2026-08-10 06:26:00,4324.79,4324.91,4324.16,4324.47,144
2026-08-10 06:27:00,4324.48,4325.48,4324.23,4324.94,138
2026-08-10 06:28:00,4324.94,4328.4,4324.87,4328.1,152
2026-08-10 06:29:00,4327.96,4327.96,4326.15,4327.18,191
2026-08-10 06:30:00,4327.17,4328.48,4325.67,4326.03,160
2026-08-10 06:31:00,4326.03,4327.08,4325.69,4326.76,125
2026-08-10 06:32:00,4326.82,4327.88,4326.66,4326.66,128
2026-08-10 06:33:00,4326.66,4328.09,4326.5,4327.78,124
2026-08-10 06:34:00,4327.81,4328.14,4327.48,4327.96,141
2026-08-10 06:35:00,4327.97,4328.88,4327.17,4328.13,117
2026-08-10 06:36:00,4328.11,4329.32,4328.11,4328.36,140
2026-08-10 06:37:00,4328.5,4329.98,4328.07,4328.07,133
2026-08-10 06:38:00,4328.05,4328.19,4325.81,4325.81,120
2026-08-10 06:39:00,4325.82,4327.1,4325.82,4326.13,104
2026-08-10 06:40:00,4326.15,4326.72,4325.16,4325.21,111
2026-08-10 06:41:00,4325.24,4325.64,4324.87,4325.24,98
2026-08-10 06:42:00,4325.54,4325.54,4324.87,4325.31,92
2026-08-10 06:43:00,4325.3,4325.99,4324.92,4325.3,84
2026-08-10 06:44:00,4325.29,4325.42,4324.76,4325.2,64
2026-08-10 06:45:00,4325.2,4325.4,4324.61,4324.67,72
2026-08-10 06:46:00,4324.66,4325.83,4324.4,4325.8,136
2026-08-10 06:47:00,4325.79,4327.52,4325.34,4326.44,93
2026-08-10 06:48:00,4326.58,4327.22,4325.86,4326.6,141
2026-08-10 06:49:00,4326.68,4327.51,4326.53,4326.71,90
2026-08-10 06:50:00,4326.71,4327.84,4326.63,4327.56,110
2026-08-10 06:51:00,4327.56,4327.63,4326.32,4327.02,101
2026-08-10 06:52:00,4327.15,4327.59,4326.79,4327.24,83
2026-08-10 06:53:00,4327.23,4327.79,4326.31,4327.63,109
2026-08-10 06:54:00,4327.66,4327.99,4327.16,4327.33,104
2026-08-10 06:55:00,4327.14,4327.42,4326.92,4327.13,89
2026-08-10 06:56:00,4326.67,4327.71,4326.34,4326.44,121
2026-08-10 06:57:00,4326.47,4326.93,4326.1,4326.88,83
2026-08-10 06:58:00,4326.91,4327.82,4326.26,4327.11,92
2026-08-10 06:59:00,4327.35,4327.95,4326.57,4326.6,82
2026-08-10 07:00:00,4326.64,4328.31,4326.64,4327.35,100
2026-08-10 07:01:00,4327.04,4327.18,4325.5,4326.25,113
2026-08-10 07:02:00,4326.0,4326.22,4324.33,4324.81,130
2026-08-10 07:03:00,4324.88,4325.11,4323.09,4324.6,132
2026-08-10 07:04:00,4324.62,4325.99,4324.01,4325.99,117
2026-08-10 07:05:00,4325.76,4326.71,4324.72,4324.89,112
2026-08-10 07:06:00,4324.86,4325.86,4324.26,4325.07,116
2026-08-10 07:07:00,4325.03,4325.16,4323.54,4324.8,157
2026-08-10 07:08:00,4324.84,4327.13,4323.55,4326.75,158
2026-08-10 07:09:00,4326.75,4327.73,4326.22,4327.55,128
2026-08-10 07:10:00,4327.56,4330.14,4327.56,4330.08,154
2026-08-10 07:11:00,4330.08,4331.23,4329.79,4331.02,152
2026-08-10 07:12:00,4331.02,4331.77,4330.42,4331.08,146
2026-08-10 07:13:00,4331.13,4332.68,4330.99,4331.64,142
2026-08-10 07:14:00,4331.87,4332.81,4331.29,4332.34,124
2026-08-10 07:15:00,4332.29,4333.42,4331.3,4333.22,166
2026-08-10 07:16:00,4333.37,4333.43,4331.05,4331.25,135
2026-08-10 07:17:00,4331.23,4331.44,4330.9,4331.06,104
2026-08-10 07:18:00,4331.06,4332.17,4330.74,4332.17,101
2026-08-10 07:19:00,4332.11,4333.99,4331.94,4333.8,147
2026-08-10 07:20:00,4333.66,4335.03,4333.38,4334.76,141
2026-08-10 07:21:00,4334.76,4337.04,4334.62,4336.56,131
2026-08-10 07:22:00,4336.48,4337.42,4336.03,4337.26,116
2026-08-10 07:23:00,4337.26,4337.26,4335.62,4336.54,126
2026-08-10 07:24:00,4336.44,4336.99,4336.13,4336.84,109
2026-08-10 07:25:00,4336.73,4337.17,4335.43,4336.77,131
2026-08-10 07:26:00,4336.74,4337.58,4335.48,4335.76,126
2026-08-10 07:27:00,4335.77,4336.21,4334.77,4334.86,118
2026-08-10 07:28:00,4334.88,4335.05,4334.04,4334.41,107
2026-08-10 07:29:00,4334.44,4334.73,4333.74,4334.73,122
2026-08-10 07:30:00,4334.72,4334.78,4333.31,4333.67,114
2026-08-10 07:31:00,4333.65,4334.35,4333.5,4334.32,89
2026-08-10 07:32:00,4334.31,4334.36,4333.14,4333.73,118
2026-08-10 07:33:00,4333.83,4334.53,4333.06,4334.42,116
2026-08-10 07:34:00,4334.43,4336.37,4334.03,4334.43,158
2026-08-10 07:35:00,4334.48,4335.88,4334.29,4335.44,106
2026-08-10 07:36:00,4335.45,4335.63,4334.41,4334.52,117
2026-08-10 07:37:00,4334.66,4336.3,4334.16,4335.72,130
2026-08-10 07:38:00,4335.7,4336.16,4335.21,4335.23,121
2026-08-10 07:39:00,4335.17,4335.18,4333.56,4333.9,125
2026-08-10 07:40:00,4333.85,4333.87,4330.12,4330.32,146
2026-08-10 07:41:00,4330.37,4331.98,4329.78,4329.92,137
2026-08-10 07:42:00,4329.92,4331.01,4329.83,4330.25,123
2026-08-10 07:43:00,4330.25,4331.69,4330.04,4331.57,114
2026-08-10 07:44:00,4331.54,4332.26,4331.23,4332.23,139
2026-08-10 07:45:00,4332.34,4333.13,4331.83,4332.07,156
2026-08-10 07:46:00,4332.37,4334.75,4332.13,4333.98,178
2026-08-10 07:47:00,4333.84,4335.62,4333.84,4334.93,138
2026-08-10 07:48:00,4334.96,4335.24,4333.69,4334.15,115
2026-08-10 07:49:00,4334.26,4334.6,4333.35,4333.9,125
2026-08-10 07:50:00,4333.88,4334.43,4333.29,4334.15,125
2026-08-10 07:51:00,4334.29,4334.4,4333.33,4333.95,95
2026-08-10 07:52:00,4333.94,4334.05,4333.49,4334.02,105
2026-08-10 07:53:00,4334.03,4336.01,4333.88,4336.01,105
2026-08-10 07:54:00,4335.87,4337.34,4335.85,4335.95,145
2026-08-10 07:55:00,4335.87,4337.24,4335.64,4337.09,126
2026-08-10 07:56:00,4336.95,4338.18,4336.82,4338.18,131
2026-08-10 07:57:00,4338.21,4338.74,4336.73,4337.27,123
2026-08-10 07:58:00,4337.2,4338.94,4336.43,4338.33,139
2026-08-10 07:59:00,4338.3,4339.65,4338.17,4339.42,155
2026-08-10 08:00:00,4339.33,4339.78,4335.58,4336.18,158
2026-08-10 08:01:00,4336.17,4337.9,4336.13,4336.62,145
2026-08-10 08:02:00,4336.61,4336.9,4334.91,4335.7,131
2026-08-10 08:03:00,4335.84,4337.36,4335.34,4336.9,140
2026-08-10 08:04:00,4336.89,4337.46,4336.4,4337.21,137
2026-08-10 08:05:00,4337.22,4338.46,4336.78,4338.26,126
2026-08-10 08:06:00,4338.22,4339.13,4338.05,4338.49,94
2026-08-10 08:07:00,4338.5,4338.58,4336.98,4337.14,82
2026-08-10 08:08:00,4337.27,4337.28,4336.4,4336.76,112
2026-08-10 08:09:00,4336.72,4337.31,4336.15,4336.15,99
2026-08-10 08:10:00,4336.41,4336.47,4335.68,4336.18,91
2026-08-10 08:11:00,4336.18,4336.39,4335.43,4335.47,115
2026-08-10 08:12:00,4335.49,4335.75,4333.54,4335.26,152
2026-08-10 08:13:00,4335.26,4335.72,4333.97,4334.37,153
2026-08-10 08:14:00,4334.37,4335.02,4333.88,4335.01,115
2026-08-10 08:15:00,4335.06,4336.11,4334.89,4335.89,124
2026-08-10 08:16:00,4335.88,4336.09,4334.11,4334.45,130
2026-08-10 08:17:00,4334.05,4334.58,4333.71,4334.34,98
2026-08-10 08:18:00,4334.36,4334.36,4332.7,4332.93,108
2026-08-10 08:19:00,4333.06,4333.52,4332.94,4333.21,90
2026-08-10 08:20:00,4333.22,4335.32,4333.02,4335.12,142
2026-08-10 08:21:00,4335.12,4335.62,4334.76,4334.77,118
2026-08-10 08:22:00,4334.68,4335.66,4334.68,4335.31,112
2026-08-10 08:23:00,4335.3,4336.51,4335.3,4335.9,127
2026-08-10 08:24:00,4335.89,4336.15,4334.72,4335.0,122
2026-08-10 08:25:00,4334.92,4335.15,4334.43,4334.94,136
2026-08-10 08:26:00,4335.05,4335.05,4333.72,4334.1,111
2026-08-10 08:27:00,4334.5,4334.52,4333.29,4334.34,110
2026-08-10 08:28:00,4334.31,4334.59,4333.8,4334.39,99
2026-08-10 08:29:00,4334.55,4334.55,4333.41,4333.85,111
2026-08-10 08:30:00,4333.71,4338.02,4332.56,4333.91,201
2026-08-10 08:31:00,4333.91,4337.11,4331.63,4336.31,184
2026-08-10 08:32:00,4336.21,4337.18,4334.6,4335.91,192
2026-08-10 08:33:00,4335.89,4338.15,4335.48,4338.06,200
2026-08-10 08:34:00,4338.77,4340.95,4337.98,4340.26,203
2026-08-10 08:35:00,4340.25,4342.22,4338.86,4338.88,191
2026-08-10 08:36:00,4339.07,4340.6,4338.58,4340.14,180
2026-08-10 08:37:00,4340.05,4341.25,4339.07,4340.05,197
2026-08-10 08:38:00,4339.75,4340.17,4338.6,4339.97,189
2026-08-10 08:39:00,4340.08,4341.93,4339.75,4341.22,190
2026-08-10 08:40:00,4341.17,4344.29,4341.13,4343.33,193
2026-08-10 08:41:00,4343.29,4343.56,4342.16,4342.45,170
2026-08-10 08:42:00,4342.44,4343.6,4342.11,4342.84,175
2026-08-10 08:43:00,4342.61,4343.16,4338.52,4341.2,190
2026-08-10 08:44:00,4341.09,4343.7,4340.85,4343.39,158
2026-08-10 08:45:00,4343.4,4343.4,4340.58,4341.23,171
2026-08-10 08:46:00,4341.19,4341.93,4340.83,4341.91,150
2026-08-10 08:47:00,4341.9,4345.29,4341.68,4344.93,182
2026-08-10 08:48:00,4344.91,4346.58,4344.74,4345.95,185
2026-08-10 08:49:00,4345.94,4347.21,4345.51,4345.65,171
2026-08-10 08:50:00,4345.65,4347.86,4345.17,4347.86,168
2026-08-10 08:51:00,4347.89,4352.13,4347.42,4351.18,196
2026-08-10 08:52:00,4350.94,4352.18,4349.82,4351.29,178
2026-08-10 08:53:00,4351.23,4351.91,4349.84,4350.63,175
2026-08-10 08:54:00,4350.64,4350.81,4348.33,4348.52,160
2026-08-10 08:55:00,4348.51,4349.47,4345.34,4346.11,170
2026-08-10 08:56:00,4346.14,4349.07,4345.94,4348.84,166
2026-08-10 08:57:00,4348.78,4349.52,4348.17,4348.47,169
2026-08-10 08:58:00,4348.41,4349.51,4347.98,4348.53,176
2026-08-10 08:59:00,4348.61,4348.79,4347.21,4347.21,173
2026-08-10 09:00:00,4347.18,4347.46,4345.19,4346.13,202
2026-08-10 09:01:00,4345.84,4346.21,4344.4,4345.65,175
2026-08-10 09:02:00,4345.69,4345.79,4344.68,4345.3,163
2026-08-10 09:03:00,4344.97,4346.51,4344.17,4346.51,171
2026-08-10 09:04:00,4346.56,4346.56,4341.98,4342.51,193
2026-08-10 09:05:00,4342.68,4344.71,4342.0,4344.71,160
2026-08-10 09:06:00,4344.75,4345.79,4343.95,4345.46,159
2026-08-10 09:07:00,4345.59,4345.7,4344.12,4344.61,148
2026-08-10 09:08:00,4344.08,4345.48,4343.61,4345.16,127
2026-08-10 09:09:00,4345.09,4346.61,4344.9,4346.16,166
2026-08-10 09:10:00,4346.29,4348.41,4346.1,4347.9,164
2026-08-10 09:11:00,4347.77,4348.58,4346.53,4348.58,140
2026-08-10 09:12:00,4348.48,4349.52,4348.35,4349.46,145
2026-08-10 09:13:00,4349.29,4350.14,4348.77,4349.08,152
2026-08-10 09:14:00,4348.9,4348.92,4347.12,4347.22,149
2026-08-10 09:15:00,4347.33,4349.01,4347.05,4348.93,172
2026-08-10 09:16:00,4348.77,4349.79,4348.22,4348.53,161
2026-08-10 09:17:00,4348.52,4348.91,4345.8,4346.65,184
2026-08-10 09:18:00,4346.66,4346.72,4344.31,4344.38,171
2026-08-10 09:19:00,4344.4,4344.48,4342.76,4342.96,172
2026-08-10 09:20:00,4343.17,4344.38,4343.08,4344.14,160
2026-08-10 09:21:00,4344.02,4344.46,4342.58,4343.92,158
2026-08-10 09:22:00,4343.77,4344.71,4343.36,4344.42,136
2026-08-10 09:23:00,4344.43,4345.13,4343.91,4344.86,140
2026-08-10 09:24:00,4345.0,4345.35,4343.38,4345.35,154
2026-08-10 09:25:00,4345.5,4345.5,4344.02,4345.15,149
2026-08-10 09:26:00,4345.11,4345.14,4343.84,4343.85,133
2026-08-10 09:27:00,4344.02,4345.91,4344.02,4345.08,160
2026-08-10 09:28:00,4345.1,4347.35,4345.1,4347.03,160
2026-08-10 09:29:00,4347.04,4348.29,4346.59,4348.27,150
2026-08-10 09:30:00,4348.23,4348.92,4347.18,4347.18,140
2026-08-10 09:31:00,4347.21,4347.9,4346.56,4347.75,161
2026-08-10 09:32:00,4347.65,4348.06,4346.97,4347.65,172
2026-08-10 09:33:00,4347.7,4349.44,4347.6,4348.41,167
2026-08-10 09:34:00,4348.39,4348.42,4347.07,4347.87,126
2026-08-10 09:35:00,4347.69,4348.1,4346.97,4347.46,115
2026-08-10 09:36:00,4347.48,4347.48,4345.91,4346.79,156
2026-08-10 09:37:00,4346.81,4347.66,4346.29,4347.5,152
2026-08-10 09:38:00,4347.51,4349.83,4346.23,4346.39,179
2026-08-10 09:39:00,4346.39,4349.05,4345.9,4348.57,155
2026-08-10 09:40:00,4348.62,4349.14,4346.91,4346.95,159
2026-08-10 09:41:00,4347.15,4348.86,4347.02,4347.93,150
2026-08-10 09:42:00,4347.79,4349.8,4347.56,4349.08,161
2026-08-10 09:43:00,4349.05,4356.27,4349.05,4354.35,182
2026-08-10 09:44:00,4354.35,4355.33,4353.68,4355.01,179
2026-08-10 09:45:00,4355.1,4356.24,4354.92,4356.01,154
2026-08-10 09:46:00,4355.65,4357.41,4354.97,4357.39,178
2026-08-10 09:47:00,4357.24,4358.35,4355.82,4356.61,172
2026-08-10 09:48:00,4356.64,4358.34,4356.47,4357.7,154
2026-08-10 09:49:00,4357.84,4358.18,4356.37,4356.85,159
2026-08-10 09:50:00,4356.85,4357.22,4355.91,4356.13,136
2026-08-10 09:51:00,4356.13,4356.79,4355.53,4356.53,131
2026-08-10 09:52:00,4356.46,4357.41,4355.58,4356.32,141
2026-08-10 09:53:00,4356.31,4357.03,4355.71,4356.08,153
2026-08-10 09:54:00,4356.09,4357.7,4355.75,4357.54,154
2026-08-10 09:55:00,4357.54,4358.45,4356.95,4357.25,143
2026-08-10 09:56:00,4357.15,4358.34,4356.56,4358.16,159
2026-08-10 09:57:00,4358.15,4359.27,4358.13,4359.0,166
2026-08-10 09:58:00,4358.97,4359.79,4358.52,4358.82,151
2026-08-10 09:59:00,4358.72,4359.04,4357.87,4358.12,156
2026-08-10 10:00:00,4358.17,4358.82,4356.27,4357.15,199
2026-08-10 10:01:00,4357.19,4357.36,4354.12,4354.2,177
2026-08-10 10:02:00,4353.98,4354.9,4353.65,4354.62,160
2026-08-10 10:03:00,4354.52,4355.76,4354.18,4354.59,149
2026-08-10 10:04:00,4354.73,4355.32,4354.31,4354.5,145
2026-08-10 10:05:00,4354.51,4356.03,4354.25,4354.81,162
2026-08-10 10:06:00,4354.72,4357.23,4354.4,4355.35,162
2026-08-10 10:07:00,4355.34,4355.68,4354.86,4354.93,150
2026-08-10 10:08:00,4355.05,4356.04,4354.57,4355.54,122
2026-08-10 10:09:00,4355.47,4355.88,4353.73,4353.88,150
2026-08-10 10:10:00,4353.88,4354.6,4352.99,4353.55,154
2026-08-10 10:11:00,4353.56,4354.09,4352.57,4353.16,159
2026-08-10 10:12:00,4353.21,4353.39,4352.0,4352.0,158
2026-08-10 10:13:00,4352.0,4353.24,4350.31,4350.56,171
2026-08-10 10:14:00,4350.35,4351.65,4349.9,4351.15,186
2026-08-10 10:15:00,4351.15,4351.56,4350.57,4351.18,171
2026-08-10 10:16:00,4350.92,4353.12,4350.53,4352.29,148
2026-08-10 10:17:00,4352.28,4356.28,4352.28,4355.94,171
2026-08-10 10:18:00,4355.89,4356.99,4355.55,4356.12,175
2026-08-10 10:19:00,4355.84,4355.88,4354.02,4354.6,117
2026-08-10 10:20:00,4354.64,4354.76,4353.03,4353.34,134
2026-08-10 10:21:00,4353.33,4354.64,4351.98,4354.36,140
2026-08-10 10:22:00,4354.49,4355.43,4354.1,4354.64,133
2026-08-10 10:23:00,4354.59,4356.88,4354.12,4356.49,173
2026-08-10 10:24:00,4356.43,4358.98,4355.91,4358.12,166
2026-08-10 10:25:00,4358.22,4358.84,4357.62,4357.83,155
2026-08-10 10:26:00,4357.79,4357.99,4353.48,4353.49,152
2026-08-10 10:27:00,4353.49,4354.01,4352.06,4352.4,139
2026-08-10 10:28:00,4352.61,4354.86,4352.52,4354.59,145
2026-08-10 10:29:00,4354.52,4355.89,4353.2,4354.99,164
2026-08-10 10:30:00,4355.17,4355.17,4352.97,4353.59,159
2026-08-10 10:31:00,4353.58,4353.87,4352.46,4353.58,138
2026-08-10 10:32:00,4353.53,4353.8,4352.68,4353.52,126
2026-08-10 10:33:00,4353.61,4354.04,4352.92,4354.0,149
2026-08-10 10:34:00,4354.03,4354.12,4352.81,4353.37,134
2026-08-10 10:35:00,4353.36,4355.9,4353.05,4354.83,154
2026-08-10 10:36:00,4354.59,4355.41,4354.05,4355.1,164
2026-08-10 10:37:00,4354.98,4355.66,4353.89,4355.45,152
2026-08-10 10:38:00,4355.45,4358.55,4355.44,4357.78,141
2026-08-10 10:39:00,4358.64,4360.05,4357.61,4358.7,138
2026-08-10 10:40:00,4358.67,4359.99,4357.42,4357.48,166
2026-08-10 10:41:00,4357.18,4357.85,4356.28,4357.15,123
2026-08-10 10:42:00,4357.16,4358.4,4357.16,4358.22,127
2026-08-10 10:43:00,4358.18,4358.53,4357.75,4358.35,128
2026-08-10 10:44:00,4358.25,4359.48,4358.03,4359.45,123
2026-08-10 10:45:00,4359.4,4361.97,4358.08,4359.45,207
2026-08-10 10:46:00,4359.51,4360.98,4358.97,4360.13,175
2026-08-10 10:47:00,4360.3,4361.6,4359.63,4359.76,149
2026-08-10 10:48:00,4359.69,4360.07,4358.27,4359.15,170
2026-08-10 10:49:00,4359.06,4359.07,4357.03,4357.29,141
2026-08-10 10:50:00,4357.21,4358.46,4356.84,4357.21,156
2026-08-10 10:51:00,4357.12,4358.25,4355.95,4355.95,140
2026-08-10 10:52:00,4355.78,4356.86,4355.58,4356.46,151
2026-08-10 10:53:00,4356.46,4356.74,4355.28,4355.56,124
2026-08-10 10:54:00,4355.58,4356.09,4355.07,4355.49,123
2026-08-10 10:55:00,4355.49,4355.88,4354.83,4355.51,126
2026-08-10 10:56:00,4355.51,4355.87,4354.87,4355.36,115
2026-08-10 10:57:00,4355.39,4356.01,4355.11,4356.01,120
2026-08-10 10:58:00,4356.02,4356.22,4355.51,4356.08,127
2026-08-10 10:59:00,4355.97,4356.25,4354.76,4355.5,131
2026-08-10 11:00:00,4355.28,4356.11,4354.94,4355.6,161
2026-08-10 11:01:00,4355.46,4355.61,4354.03,4354.74,157
2026-08-10 11:02:00,4355.04,4356.19,4354.69,4355.56,159
2026-08-10 11:03:00,4355.57,4355.85,4354.47,4354.73,154
2026-08-10 11:04:00,4354.73,4356.33,4354.01,4355.43,139
2026-08-10 11:05:00,4355.43,4355.89,4354.15,4355.89,118
2026-08-10 11:06:00,4355.85,4355.91,4353.41,4354.97,135
2026-08-10 11:07:00,4354.8,4355.97,4354.75,4354.91,147
2026-08-10 11:08:00,4354.9,4354.9,4353.19,4353.81,135
2026-08-10 11:09:00,4353.81,4354.06,4351.5,4352.36,156
2026-08-10 11:10:00,4352.36,4353.49,4352.18,4352.97,116
2026-08-10 11:11:00,4352.92,4353.35,4352.0,4352.81,124
2026-08-10 11:12:00,4352.83,4353.62,4352.41,4353.54,129
2026-08-10 11:13:00,4353.53,4353.78,4353.17,4353.33,130
2026-08-10 11:14:00,4353.33,4354.52,4353.33,4354.21,123
2026-08-10 11:15:00,4354.39,4354.73,4353.57,4354.53,139
2026-08-10 11:16:00,4354.71,4354.86,4353.78,4354.82,140
2026-08-10 11:17:00,4354.86,4355.31,4353.6,4354.23,134
2026-08-10 11:18:00,4354.24,4355.16,4353.31,4355.04,118
2026-08-10 11:19:00,4354.9,4355.64,4354.53,4354.87,152
2026-08-10 11:20:00,4354.85,4355.2,4353.74,4353.91,92
2026-08-10 11:21:00,4353.67,4354.17,4353.22,4353.89,127
2026-08-10 11:22:00,4353.81,4354.74,4353.03,4353.6,130
2026-08-10 11:23:00,4353.71,4354.26,4353.29,4353.97,103
2026-08-10 11:24:00,4354.02,4354.02,4352.74,4352.9,102
2026-08-10 11:25:00,4352.9,4353.09,4352.19,4353.03,127
2026-08-10 11:26:00,4353.02,4354.4,4352.53,4354.18,141
2026-08-10 11:27:00,4354.17,4355.09,4354.05,4354.55,137
2026-08-10 11:28:00,4354.25,4355.68,4354.25,4355.16,137
2026-08-10 11:29:00,4355.2,4356.37,4355.08,4355.74,155
2026-08-10 11:30:00,4355.65,4356.38,4354.61,4355.54,150
2026-08-10 11:31:00,4355.54,4356.81,4353.43,4353.78,165
2026-08-10 11:32:00,4353.81,4354.56,4351.87,4351.87,149
2026-08-10 11:33:00,4351.7,4352.48,4349.89,4349.89,182
2026-08-10 11:34:00,4350.02,4350.98,4348.92,4350.36,153
2026-08-10 11:35:00,4350.36,4351.47,4350.13,4350.43,150
2026-08-10 11:36:00,4350.44,4350.76,4349.63,4350.14,143
2026-08-10 11:37:00,4350.03,4350.46,4349.47,4350.16,132
2026-08-10 11:38:00,4350.36,4350.86,4349.42,4349.62,125
2026-08-10 11:39:00,4349.49,4349.5,4348.04,4348.19,125
2026-08-10 11:40:00,4348.15,4349.87,4348.15,4348.95,151
2026-08-10 11:41:00,4348.98,4349.08,4347.06,4347.98,134
2026-08-10 11:42:00,4347.98,4347.98,4345.78,4346.35,131
2026-08-10 11:43:00,4346.37,4346.99,4346.02,4346.05,138
2026-08-10 11:44:00,4346.1,4346.57,4345.75,4346.38,148
2026-08-10 11:45:00,4346.34,4346.55,4345.53,4346.41,134
2026-08-10 11:46:00,4346.38,4348.03,4345.71,4347.87,127
2026-08-10 11:47:00,4347.87,4349.18,4347.51,4348.19,152
2026-08-10 11:48:00,4348.15,4348.98,4346.54,4346.71,148
2026-08-10 11:49:00,4346.76,4346.82,4346.2,4346.22,115
2026-08-10 11:50:00,4346.21,4346.37,4344.82,4345.63,160
2026-08-10 11:51:00,4345.65,4347.96,4345.04,4347.3,136
2026-08-10 11:52:00,4347.3,4348.25,4346.42,4346.42,185
2026-08-10 11:53:00,4346.48,4347.53,4346.22,4346.99,170
2026-08-10 11:54:00,4346.92,4347.1,4346.02,4346.07,103
2026-08-10 11:55:00,4346.07,4346.8,4345.98,4346.28,85
2026-08-10 11:56:00,4346.26,4346.73,4343.51,4346.4,156
2026-08-10 11:57:00,4346.28,4346.46,4345.26,4345.85,157
2026-08-10 11:58:00,4345.84,4348.23,4345.79,4346.03,164
2026-08-10 11:59:00,4346.03,4346.94,4345.37,4346.5,127
2026-08-10 12:00:00,4346.52,4346.8,4345.55,4346.33,125
2026-08-10 12:01:00,4346.04,4347.4,4346.04,4346.65,130
2026-08-10 12:02:00,4346.58,4347.85,4346.23,4347.56,125
2026-08-10 12:03:00,4347.57,4347.92,4346.59,4347.48,112
2026-08-10 12:04:00,4347.39,4348.83,4347.36,4348.24,149
2026-08-10 12:05:00,4348.23,4349.0,4347.61,4348.8,157
2026-08-10 12:06:00,4348.83,4348.83,4346.1,4346.34,119
2026-08-10 12:07:00,4346.34,4347.58,4345.86,4346.99,141
2026-08-10 12:08:00,4346.83,4347.49,4345.92,4346.48,163
2026-08-10 12:09:00,4346.43,4348.11,4346.42,4347.89,174
2026-08-10 12:10:00,4347.75,4348.33,4346.98,4347.92,102
2026-08-10 12:11:00,4347.9,4349.84,4347.56,4349.63,177
2026-08-10 12:12:00,4349.93,4350.02,4347.83,4348.74,162
2026-08-10 12:13:00,4348.75,4349.94,4348.28,4349.42,131
2026-08-10 12:14:00,4349.38,4349.8,4348.69,4349.58,106
2026-08-10 12:15:00,4349.58,4349.64,4348.11,4348.82,119
2026-08-10 12:16:00,4348.91,4348.93,4347.69,4348.09,122
2026-08-10 12:17:00,4347.96,4348.59,4347.73,4348.18,126
2026-08-10 12:18:00,4348.32,4348.88,4347.92,4347.93,104
2026-08-10 12:19:00,4347.93,4348.17,4346.02,4347.39,126
2026-08-10 12:20:00,4346.83,4347.44,4346.83,4346.88,90
2026-08-10 12:21:00,4347.02,4347.88,4346.93,4347.36,96
2026-08-10 12:22:00,4347.34,4348.33,4347.29,4348.11,101
2026-08-10 12:23:00,4348.05,4348.45,4347.65,4348.12,108
2026-08-10 12:24:00,4348.13,4348.24,4347.65,4348.07,77
2026-08-10 12:25:00,4347.98,4348.43,4347.34,4348.25,101
2026-08-10 12:26:00,4348.24,4348.84,4348.02,4348.51,108
2026-08-10 12:27:00,4348.52,4348.64,4346.68,4346.92,112
2026-08-10 12:28:00,4346.94,4347.56,4344.67,4347.29,143
2026-08-10 12:29:00,4347.24,4347.83,4346.64,4346.95,147
2026-08-10 12:30:00,4346.92,4346.92,4342.51,4343.64,148
2026-08-10 12:31:00,4343.63,4343.85,4342.26,4342.97,151
2026-08-10 12:32:00,4342.96,4343.93,4341.78,4342.88,164
2026-08-10 12:33:00,4342.98,4345.45,4341.8,4345.4,150
2026-08-10 12:34:00,4345.34,4345.88,4343.28,4343.91,144
2026-08-10 12:35:00,4343.81,4344.19,4342.61,4343.35,142
2026-08-10 12:36:00,4343.53,4343.57,4340.45,4341.55,170
2026-08-10 12:37:00,4341.61,4342.86,4340.59,4342.52,169
2026-08-10 12:38:00,4342.52,4343.12,4341.48,4341.53,135
2026-08-10 12:39:00,4341.55,4342.31,4341.55,4342.07,126
2026-08-10 12:40:00,4342.16,4343.6,4341.82,4343.6,118
2026-08-10 12:41:00,4343.6,4344.17,4343.12,4343.48,103
2026-08-10 12:42:00,4343.66,4344.33,4343.37,4343.65,119
2026-08-10 12:43:00,4343.65,4344.44,4343.59,4344.03,106
2026-08-10 12:44:00,4344.17,4344.39,4343.51,4344.1,119
2026-08-10 12:45:00,4344.41,4344.57,4343.93,4344.44,128
2026-08-10 12:46:00,4344.28,4344.8,4343.12,4344.55,138
2026-08-10 12:47:00,4344.52,4344.66,4343.86,4344.21,93
2026-08-10 12:48:00,4344.21,4345.5,4343.79,4344.18,125
2026-08-10 12:49:00,4344.18,4344.18,4341.81,4342.54,120
2026-08-10 12:50:00,4342.36,4342.75,4340.88,4341.31,124
2026-08-10 12:51:00,4341.17,4341.89,4340.95,4341.84,102
2026-08-10 12:52:00,4341.92,4342.05,4340.81,4341.15,112
2026-08-10 12:53:00,4341.16,4342.04,4341.16,4341.95,74
2026-08-10 12:54:00,4342.16,4342.56,4341.81,4342.29,119
2026-08-10 12:55:00,4342.41,4343.16,4341.87,4343.11,119
2026-08-10 12:56:00,4342.96,4343.31,4342.35,4342.35,111
2026-08-10 12:57:00,4342.26,4342.73,4341.93,4341.98,108
2026-08-10 12:58:00,4341.95,4342.18,4341.37,4341.93,119
2026-08-10 12:59:00,4341.91,4342.38,4341.19,4341.21,93
2026-08-10 13:00:00,4341.26,4341.26,4339.68,4340.47,166
2026-08-10 13:01:00,4340.35,4341.37,4339.5,4340.64,120
2026-08-10 13:02:00,4340.64,4340.64,4339.46,4339.59,132
2026-08-10 13:03:00,4339.73,4340.29,4339.07,4340.08,119
2026-08-10 13:04:00,4340.22,4340.57,4339.87,4340.53,134
2026-08-10 13:05:00,4340.52,4340.77,4339.81,4340.56,139
2026-08-10 13:06:00,4340.64,4340.79,4340.06,4340.53,131
2026-08-10 13:07:00,4340.49,4341.5,4340.17,4340.62,144
2026-08-10 13:08:00,4340.63,4341.27,4339.99,4340.42,123
2026-08-10 13:09:00,4340.41,4341.61,4340.01,4340.29,121
2026-08-10 13:10:00,4340.16,4340.58,4339.53,4339.79,125
2026-08-10 13:11:00,4339.62,4340.58,4339.46,4339.93,135
2026-08-10 13:12:00,4340.24,4340.72,4339.58,4340.63,122
2026-08-10 13:13:00,4340.46,4340.97,4340.1,4340.64,109
2026-08-10 13:14:00,4340.51,4340.95,4340.06,4340.65,111
2026-08-10 13:15:00,4340.63,4340.97,4339.99,4340.25,136
2026-08-10 13:16:00,4340.38,4340.79,4339.84,4339.98,122
2026-08-10 13:17:00,4339.85,4341.1,4339.85,4340.22,111
2026-08-10 13:18:00,4340.14,4340.41,4339.13,4340.23,122
2026-08-10 13:19:00,4340.37,4341.65,4340.09,4341.47,121
2026-08-10 13:20:00,4341.52,4342.41,4341.02,4341.54,130
2026-08-10 13:21:00,4341.55,4343.3,4340.99,4343.04,152
2026-08-10 13:22:00,4343.07,4344.19,4343.07,4343.71,163
2026-08-10 13:23:00,4343.71,4344.31,4343.36,4343.46,134
2026-08-10 13:24:00,4343.44,4343.84,4342.54,4343.09,115
2026-08-10 13:25:00,4343.09,4343.42,4342.56,4342.98,111
2026-08-10 13:26:00,4342.96,4343.24,4342.19,4342.62,122
2026-08-10 13:27:00,4342.76,4343.22,4341.85,4342.07,128
2026-08-10 13:28:00,4342.17,4343.32,4341.79,4342.82,111
2026-08-10 13:29:00,4343.12,4343.92,4342.86,4343.52,115
2026-08-10 13:30:00,4343.52,4344.17,4342.74,4343.3,128
2026-08-10 13:31:00,4343.28,4343.62,4342.14,4342.83,108
2026-08-10 13:32:00,4342.8,4343.24,4341.64,4341.64,113
2026-08-10 13:33:00,4341.55,4341.68,4340.9,4341.44,125
2026-08-10 13:34:00,4341.07,4342.16,4340.35,4342.09,121
2026-08-10 13:35:00,4342.16,4342.34,4340.6,4340.64,137
2026-08-10 13:36:00,4340.64,4341.12,4340.22,4340.9,119
2026-08-10 13:37:00,4340.91,4340.91,4338.98,4339.36,131
2026-08-10 13:38:00,4339.21,4340.21,4338.33,4340.08,146
2026-08-10 13:39:00,4340.08,4341.27,4339.56,4339.57,138
2026-08-10 13:40:00,4339.72,4340.15,4338.95,4338.96,115
2026-08-10 13:41:00,4339.03,4339.54,4338.26,4338.42,138
2026-08-10 13:42:00,4338.42,4339.17,4338.33,4338.63,120
2026-08-10 13:43:00,4338.58,4339.19,4337.8,4337.84,115
2026-08-10 13:44:00,4337.84,4338.57,4337.7,4337.93,118
2026-08-10 13:45:00,4337.98,4338.56,4337.71,4337.76,135
2026-08-10 13:46:00,4337.73,4339.22,4337.48,4338.93,118
2026-08-10 13:47:00,4339.07,4339.45,4338.08,4338.09,120
2026-08-10 13:48:00,4337.9,4338.67,4337.85,4338.67,111
2026-08-10 13:49:00,4338.67,4339.27,4337.59,4338.21,104
2026-08-10 13:50:00,4338.19,4339.33,4337.98,4338.93,98
2026-08-10 13:51:00,4338.92,4339.52,4338.56,4339.5,137
2026-08-10 13:52:00,4339.55,4340.7,4339.06,4339.7,126
2026-08-10 13:53:00,4339.73,4340.09,4337.66,4338.01,141
2026-08-10 13:54:00,4337.83,4338.41,4337.62,4338.13,125
2026-08-10 13:55:00,4338.09,4338.52,4337.39,4337.89,145
2026-08-10 13:56:00,4337.83,4339.47,4337.71,4338.48,127
2026-08-10 13:57:00,4338.63,4339.39,4337.94,4337.94,122
2026-08-10 13:58:00,4337.94,4337.99,4335.61,4335.78,149
2026-08-10 13:59:00,4335.81,4336.36,4335.37,4335.81,136
2026-08-10 14:00:00,4335.71,4336.7,4335.07,4335.53,162
2026-08-10 14:01:00,4335.54,4336.32,4334.84,4336.01,151
2026-08-10 14:02:00,4336.01,4336.53,4334.77,4336.52,152
2026-08-10 14:03:00,4336.64,4336.64,4335.13,4335.43,150
2026-08-10 14:04:00,4335.48,4335.72,4334.32,4334.46,147
2026-08-10 14:05:00,4334.46,4335.44,4334.29,4335.04,134
2026-08-10 14:06:00,4335.01,4335.71,4334.17,4334.28,157
2026-08-10 14:07:00,4334.27,4335.1,4333.95,4334.54,129
2026-08-10 14:08:00,4334.69,4335.05,4333.75,4334.12,117
2026-08-10 14:09:00,4334.14,4334.52,4333.29,4334.14,163
2026-08-10 14:10:00,4334.14,4334.14,4333.26,4333.7,159
2026-08-10 14:11:00,4333.62,4333.83,4333.07,4333.49,127
2026-08-10 14:12:00,4333.49,4334.11,4332.67,4332.95,168
2026-08-10 14:13:00,4332.96,4332.96,4330.1,4330.1,167
2026-08-10 14:14:00,4330.14,4331.66,4329.91,4331.66,170
2026-08-10 14:15:00,4331.44,4331.46,4329.75,4330.23,153
2026-08-10 14:16:00,4330.24,4330.61,4329.82,4330.42,142
2026-08-10 14:17:00,4330.51,4330.56,4329.23,4329.93,131
2026-08-10 14:18:00,4329.96,4330.25,4328.86,4329.1,134
2026-08-10 14:19:00,4329.21,4330.84,4329.21,4329.73,155
2026-08-10 14:20:00,4329.65,4330.34,4328.9,4329.0,153
2026-08-10 14:21:00,4329.23,4331.85,4329.09,4331.71,142
2026-08-10 14:22:00,4331.71,4333.31,4331.71,4332.5,151
2026-08-10 14:23:00,4332.46,4333.3,4331.98,4332.98,120
2026-08-10 14:24:00,4333.12,4333.86,4332.89,4333.13,116
2026-08-10 14:25:00,4333.15,4336.0,4332.98,4335.58,147
2026-08-10 14:26:00,4335.58,4336.54,4334.89,4334.97,139
2026-08-10 14:27:00,4334.96,4335.43,4334.17,4335.28,125
2026-08-10 14:28:00,4335.06,4335.24,4333.52,4334.81,141
2026-08-10 14:29:00,4334.86,4335.86,4334.37,4334.57,132
2026-08-10 14:30:00,4334.3,4335.51,4334.3,4335.06,147
2026-08-10 14:31:00,4335.07,4338.82,4335.07,4338.28,151
2026-08-10 14:32:00,4338.28,4339.25,4338.28,4338.54,128
2026-08-10 14:33:00,4338.54,4338.63,4337.52,4337.92,118
2026-08-10 14:34:00,4337.79,4338.4,4337.57,4337.73,114
2026-08-10 14:35:00,4337.73,4337.74,4335.99,4336.08,137
2026-08-10 14:36:00,4336.08,4336.72,4335.64,4335.64,124
2026-08-10 14:37:00,4335.81,4336.69,4335.76,4336.56,113
2026-08-10 14:38:00,4336.56,4338.37,4335.43,4338.37,133
2026-08-10 14:39:00,4338.24,4339.4,4338.02,4339.13,138
2026-08-10 14:40:00,4339.03,4339.37,4337.47,4337.53,156
2026-08-10 14:41:00,4337.61,4337.7,4336.65,4337.24,137
2026-08-10 14:42:00,4337.24,4338.01,4336.66,4336.71,128
2026-08-10 14:43:00,4336.73,4337.51,4336.35,4336.89,133
2026-08-10 14:44:00,4336.85,4337.84,4336.83,4337.2,148
2026-08-10 14:45:00,4337.22,4337.95,4336.2,4336.93,163
2026-08-10 14:46:00,4337.07,4337.4,4336.36,4336.98,139
2026-08-10 14:47:00,4337.2,4337.49,4336.09,4336.09,141
2026-08-10 14:48:00,4336.23,4336.81,4333.4,4333.56,164
2026-08-10 14:49:00,4333.61,4334.18,4332.05,4332.67,126
2026-08-10 14:50:00,4332.67,4334.11,4332.17,4334.11,155
2026-08-10 14:51:00,4333.97,4335.85,4333.97,4335.44,140
2026-08-10 14:52:00,4335.45,4336.11,4334.55,4335.39,146
2026-08-10 14:53:00,4335.26,4336.01,4335.26,4335.78,98
2026-08-10 14:54:00,4335.35,4335.82,4334.98,4335.15,121
2026-08-10 14:55:00,4335.24,4335.72,4334.47,4335.72,132
2026-08-10 14:56:00,4335.71,4335.71,4334.15,4334.23,147
2026-08-10 14:57:00,4334.57,4335.01,4333.37,4334.49,151
2026-08-10 14:58:00,4334.48,4336.22,4334.48,4335.47,143
2026-08-10 14:59:00,4335.61,4335.61,4334.26,4335.08,136
2026-08-10 15:00:00,4334.8,4334.93,4332.33,4332.67,164
2026-08-10 15:01:00,4332.69,4334.9,4332.59,4334.42,165
2026-08-10 15:02:00,4334.55,4334.65,4332.91,4333.67,133
2026-08-10 15:03:00,4333.51,4333.75,4332.71,4333.13,146
2026-08-10 15:04:00,4333.05,4334.4,4332.76,4333.84,141
2026-08-10 15:05:00,4333.88,4334.73,4333.53,4333.63,146
2026-08-10 15:06:00,4333.58,4334.36,4332.02,4332.77,151
2026-08-10 15:07:00,4332.51,4337.57,4332.25,4335.92,216
2026-08-10 15:08:00,4335.86,4336.3,4333.94,4334.46,172
2026-08-10 15:09:00,4334.39,4335.44,4333.97,4335.17,132
2026-08-10 15:10:00,4335.15,4335.48,4334.28,4334.59,156
2026-08-10 15:11:00,4334.57,4334.57,4332.41,4332.41,143
2026-08-10 15:12:00,4332.57,4333.57,4332.55,4333.29,166
2026-08-10 15:13:00,4333.49,4333.49,4331.15,4331.37,165
2026-08-10 15:14:00,4331.37,4332.03,4331.03,4331.79,156
2026-08-10 15:15:00,4331.97,4332.54,4331.18,4331.62,166
2026-08-10 15:16:00,4331.6,4331.6,4329.56,4329.74,167
2026-08-10 15:17:00,4329.57,4330.55,4328.82,4330.27,159
2026-08-10 15:18:00,4330.13,4330.74,4329.14,4329.54,161
2026-08-10 15:19:00,4329.04,4329.99,4328.33,4328.77,160
2026-08-10 15:20:00,4328.74,4331.32,4328.74,4329.95,189
2026-08-10 15:21:00,4329.93,4330.23,4328.39,4328.59,151
2026-08-10 15:22:00,4328.75,4329.29,4327.7,4328.67,161
2026-08-10 15:23:00,4328.56,4328.88,4326.74,4327.12,159
2026-08-10 15:24:00,4327.08,4327.87,4326.26,4327.28,170
2026-08-10 15:25:00,4327.27,4327.8,4326.36,4327.16,175
2026-08-10 15:26:00,4327.04,4327.31,4324.12,4325.59,184
2026-08-10 15:27:00,4325.49,4327.32,4325.1,4327.19,174
2026-08-10 15:28:00,4326.91,4327.68,4326.0,4327.22,171
2026-08-10 15:29:00,4327.41,4328.03,4326.98,4327.77,157
2026-08-10 15:30:00,4327.77,4330.2,4326.19,4329.14,204
2026-08-10 15:31:00,4329.12,4331.44,4328.81,4331.35,182
2026-08-10 15:32:00,4331.34,4331.36,4329.78,4330.34,159
2026-08-10 15:33:00,4330.36,4330.81,4328.64,4328.82,178
2026-08-10 15:34:00,4328.82,4328.82,4327.08,4327.77,156
2026-08-10 15:35:00,4327.72,4328.45,4326.32,4328.45,144
2026-08-10 15:36:00,4328.47,4330.5,4328.31,4330.26,165
2026-08-10 15:37:00,4330.36,4331.18,4329.7,4331.18,161
2026-08-10 15:38:00,4331.14,4332.42,4330.89,4331.73,170
2026-08-10 15:39:00,4331.66,4331.9,4329.58,4331.17,175
2026-08-10 15:40:00,4331.16,4331.82,4330.13,4331.59,161
2026-08-10 15:41:00,4331.59,4332.62,4330.08,4332.05,158
2026-08-10 15:42:00,4332.13,4332.41,4330.87,4332.14,143
2026-08-10 15:43:00,4332.16,4332.16,4329.28,4330.03,160
2026-08-10 15:44:00,4330.04,4330.68,4328.97,4328.97,145
2026-08-10 15:45:00,4328.97,4331.49,4328.7,4331.38,155
2026-08-10 15:46:00,4331.38,4331.45,4329.72,4330.66,126
2026-08-10 15:47:00,4330.8,4332.08,4330.49,4331.54,131
2026-08-10 15:48:00,4331.87,4332.79,4331.45,4332.63,150
2026-08-10 15:49:00,4332.7,4333.15,4331.37,4331.84,161
2026-08-10 15:50:00,4331.79,4331.9,4329.67,4329.71,149
2026-08-10 15:51:00,4330.11,4331.45,4329.79,4331.18,150
2026-08-10 15:52:00,4331.36,4332.63,4331.11,4332.07,133
2026-08-10 15:53:00,4332.0,4333.07,4331.0,4331.19,138
2026-08-10 15:54:00,4331.23,4332.6,4330.93,4331.67,134
2026-08-10 15:55:00,4331.67,4333.71,4330.41,4333.53,164
2026-08-10 15:56:00,4333.53,4335.64,4333.53,4334.62,158
2026-08-10 15:57:00,4334.39,4334.86,4333.91,4334.38,147
2026-08-10 15:58:00,4334.53,4335.6,4334.17,4335.23,159
2026-08-10 15:59:00,4335.23,4335.23,4331.95,4332.59,168
2026-08-10 16:00:00,4332.62,4334.71,4329.85,4330.61,224
2026-08-10 16:01:00,4330.52,4332.17,4330.09,4331.17,194
2026-08-10 16:02:00,4331.19,4331.37,4326.06,4326.95,202
2026-08-10 16:03:00,4326.86,4328.85,4326.86,4328.85,196
2026-08-10 16:04:00,4328.87,4329.62,4326.99,4329.2,184
2026-08-10 16:05:00,4329.21,4331.24,4328.26,4330.61,187
2026-08-10 16:06:00,4330.77,4332.13,4330.02,4330.02,191
2026-08-10 16:07:00,4329.88,4331.57,4329.77,4330.93,171
2026-08-10 16:08:00,4331.19,4331.54,4329.78,4330.95,150
2026-08-10 16:09:00,4330.92,4334.53,4330.56,4334.49,176
2026-08-10 16:10:00,4334.34,4335.52,4333.67,4335.03,187
2026-08-10 16:11:00,4335.04,4337.02,4334.95,4336.63,183
2026-08-10 16:12:00,4336.72,4337.43,4335.67,4335.71,177
2026-08-10 16:13:00,4335.72,4337.42,4334.84,4337.38,168
2026-08-10 16:14:00,4337.32,4337.86,4335.95,4337.13,187
2026-08-10 16:15:00,4337.21,4337.33,4335.51,4337.27,167
2026-08-10 16:16:00,4337.26,4337.36,4335.97,4336.55,170
2026-08-10 16:17:00,4336.49,4337.78,4335.27,4337.07,176
2026-08-10 16:18:00,4337.08,4337.2,4334.51,4335.41,159
2026-08-10 16:19:00,4335.39,4335.54,4334.27,4335.29,143
2026-08-10 16:20:00,4335.11,4335.95,4333.97,4334.78,173
2026-08-10 16:21:00,4334.78,4336.67,4334.42,4334.9,171
2026-08-10 16:22:00,4334.9,4335.58,4330.02,4330.02,177
2026-08-10 16:23:00,4330.01,4330.96,4329.04,4330.41,167
2026-08-10 16:24:00,4330.18,4331.3,4329.52,4330.81,175
2026-08-10 16:25:00,4330.81,4333.05,4330.21,4332.72,182
2026-08-10 16:26:00,4332.71,4334.37,4331.45,4333.76,173
2026-08-10 16:27:00,4333.77,4334.58,4332.36,4332.7,187
2026-08-10 16:28:00,4332.71,4333.64,4332.47,4333.0,178
2026-08-10 16:29:00,4333.14,4335.43,4332.85,4335.14,187
2026-08-10 16:30:00,4335.37,4338.27,4334.06,4336.38,247
2026-08-10 16:31:00,4336.17,4336.81,4331.94,4333.42,216
2026-08-10 16:32:00,4333.67,4336.34,4332.77,4336.32,209
2026-08-10 16:33:00,4336.2,4336.99,4334.79,4336.39,207
2026-08-10 16:34:00,4336.3,4338.63,4334.82,4337.14,203
2026-08-10 16:35:00,4337.0,4338.53,4336.31,4337.33,227
2026-08-10 16:36:00,4337.4,4339.4,4336.75,4338.77,215
2026-08-10 16:37:00,4338.73,4339.63,4337.44,4338.21,233
2026-08-10 16:38:00,4337.75,4339.94,4336.33,4338.37,215
2026-08-10 16:39:00,4338.38,4338.97,4337.28,4338.04,229
2026-08-10 16:40:00,4338.1,4338.55,4334.64,4335.24,222
2026-08-10 16:41:00,4335.16,4337.47,4334.76,4336.34,206
2026-08-10 16:42:00,4336.19,4336.73,4334.52,4335.69,211
2026-08-10 16:43:00,4335.65,4335.89,4332.42,4332.5,208
2026-08-10 16:44:00,4332.38,4333.04,4329.84,4330.92,214
2026-08-10 16:45:00,4330.91,4332.04,4330.15,4330.83,213
2026-08-10 16:46:00,4330.28,4330.28,4326.55,4327.18,216
2026-08-10 16:47:00,4327.16,4329.95,4324.88,4329.44,239
2026-08-10 16:48:00,4329.01,4331.13,4327.95,4330.98,212
2026-08-10 16:49:00,4330.97,4330.97,4325.78,4327.52,212
2026-08-10 16:50:00,4327.51,4328.38,4326.16,4327.13,209
2026-08-10 16:51:00,4327.14,4327.3,4323.85,4325.99,211
2026-08-10 16:52:00,4326.15,4326.25,4321.01,4325.09,216
2026-08-10 16:53:00,4324.98,4326.22,4322.57,4324.84,215
2026-08-10 16:54:00,4324.64,4324.75,4322.25,4323.26,202
2026-08-10 16:55:00,4323.3,4324.79,4322.86,4324.26,226
2026-08-10 16:56:00,4324.25,4324.29,4321.05,4321.36,209
2026-08-10 16:57:00,4321.72,4321.72,4319.42,4319.75,204
2026-08-10 16:58:00,4319.79,4320.96,4317.24,4317.41,201
2026-08-10 16:59:00,4317.17,4318.14,4316.63,4317.86,206
2026-08-10 17:00:00,4318.04,4323.25,4318.03,4322.56,226
2026-08-10 17:01:00,4322.7,4325.3,4322.29,4325.17,200
2026-08-10 17:02:00,4325.11,4325.52,4324.06,4325.17,190
2026-08-10 17:03:00,4324.95,4325.11,4323.01,4323.52,198
2026-08-10 17:04:00,4323.66,4324.81,4322.84,4323.42,182
2026-08-10 17:05:00,4323.73,4325.18,4321.69,4322.09,201
2026-08-10 17:06:00,4322.02,4325.75,4321.86,4325.37,201
2026-08-10 17:07:00,4325.51,4326.34,4324.01,4325.55,188
2026-08-10 17:08:00,4325.53,4326.33,4324.22,4324.76,192
2026-08-10 17:09:00,4324.78,4325.8,4324.05,4324.52,185
2026-08-10 17:10:00,4324.5,4326.44,4324.38,4325.9,172
2026-08-10 17:11:00,4325.98,4327.39,4325.23,4326.81,180
2026-08-10 17:12:00,4326.81,4327.81,4326.38,4327.25,193
2026-08-10 17:13:00,4327.23,4330.09,4326.98,4329.62,169
2026-08-10 17:14:00,4329.78,4331.14,4329.64,4329.97,190
2026-08-10 17:15:00,4330.15,4331.22,4328.47,4329.55,196
2026-08-10 17:16:00,4329.62,4332.4,4329.12,4331.76,191
2026-08-10 17:17:00,4331.78,4333.34,4331.77,4333.24,183
2026-08-10 17:18:00,4333.21,4336.36,4333.11,4335.4,209
2026-08-10 17:19:00,4335.46,4335.6,4333.39,4334.02,212
2026-08-10 17:20:00,4334.09,4335.4,4333.63,4334.78,197
2026-08-10 17:21:00,4334.92,4334.97,4332.43,4333.34,178
2026-08-10 17:22:00,4333.35,4338.46,4333.35,4338.16,198
2026-08-10 17:23:00,4338.28,4340.2,4337.71,4339.26,200
2026-08-10 17:24:00,4339.29,4340.32,4337.18,4338.61,216
2026-08-10 17:25:00,4338.49,4342.07,4338.34,4341.76,222
2026-08-10 17:26:00,4341.62,4345.63,4341.6,4345.41,216
2026-08-10 17:27:00,4345.44,4347.68,4344.77,4345.57,211
2026-08-10 17:28:00,4345.47,4348.13,4344.66,4346.81,221
2026-08-10 17:29:00,4346.81,4348.18,4345.4,4345.44,202
2026-08-10 17:30:00,4345.42,4347.76,4345.42,4347.34,207
2026-08-10 17:31:00,4347.63,4349.78,4347.63,4348.86,215
2026-08-10 17:32:00,4348.93,4352.19,4348.0,4348.39,200
2026-08-10 17:33:00,4348.54,4348.54,4345.53,4345.94,213
2026-08-10 17:34:00,4345.94,4348.09,4345.27,4347.33,186
2026-08-10 17:35:00,4347.46,4348.72,4345.44,4345.44,196
2026-08-10 17:36:00,4345.35,4346.24,4344.7,4345.91,188
2026-08-10 17:37:00,4345.93,4347.52,4345.37,4347.35,187
2026-08-10 17:38:00,4347.62,4348.92,4346.22,4346.3,199
2026-08-10 17:39:00,4346.31,4347.59,4345.06,4346.46,190
2026-08-10 17:40:00,4346.42,4348.02,4346.03,4346.54,197
2026-08-10 17:41:00,4346.56,4349.9,4346.52,4349.26,198
2026-08-10 17:42:00,4349.26,4350.02,4348.77,4349.61,174
2026-08-10 17:43:00,4349.55,4349.85,4347.78,4348.01,201
2026-08-10 17:44:00,4348.13,4349.73,4347.96,4349.44,184
2026-08-10 17:45:00,4349.44,4350.71,4349.16,4350.55,210
2026-08-10 17:46:00,4350.42,4350.7,4348.41,4348.41,204
2026-08-10 17:47:00,4348.62,4349.37,4347.53,4347.84,184
2026-08-10 17:48:00,4347.84,4348.11,4346.07,4346.35,187
2026-08-10 17:49:00,4346.57,4348.14,4346.2,4347.61,179
2026-08-10 17:50:00,4347.6,4347.6,4344.43,4344.86,198
2026-08-10 17:51:00,4344.92,4345.75,4343.7,4344.7,200
2026-08-10 17:52:00,4344.65,4345.57,4344.21,4345.54,182
2026-08-10 17:53:00,4345.64,4346.04,4343.84,4344.03,191
2026-08-10 17:54:00,4344.06,4344.11,4342.81,4342.82,176
2026-08-10 17:55:00,4342.86,4343.87,4342.6,4343.49,190
2026-08-10 17:56:00,4343.5,4345.69,4343.4,4344.39,200
2026-08-10 17:57:00,4344.4,4344.52,4343.12,4343.99,185
2026-08-10 17:58:00,4343.96,4345.31,4343.82,4345.01,171
2026-08-10 17:59:00,4345.02,4345.64,4344.32,4345.52,170
2026-08-10 18:00:00,4345.38,4346.89,4344.1,4344.42,221
2026-08-10 18:01:00,4344.38,4344.94,4343.4,4343.65,203
2026-08-10 18:02:00,4343.78,4345.01,4343.78,4344.76,197
2026-08-10 18:03:00,4344.91,4349.25,4344.57,4349.15,203
2026-08-10 18:04:00,4349.0,4349.43,4347.42,4347.47,182
2026-08-10 18:05:00,4347.42,4348.36,4346.26,4347.06,196
2026-08-10 18:06:00,4347.07,4350.0,4346.82,4349.7,199
2026-08-10 18:07:00,4349.59,4352.21,4349.25,4350.54,209
2026-08-10 18:08:00,4350.49,4350.72,4345.41,4345.41,183
2026-08-10 18:09:00,4345.44,4345.44,4343.32,4344.95,204
2026-08-10 18:10:00,4345.16,4346.1,4343.68,4345.11,193
2026-08-10 18:11:00,4345.08,4347.72,4345.08,4345.97,176
2026-08-10 18:12:00,4346.05,4346.9,4345.52,4346.21,174
2026-08-10 18:13:00,4346.29,4347.24,4345.83,4346.2,163
2026-08-10 18:14:00,4346.18,4347.36,4346.18,4347.16,203
2026-08-10 18:15:00,4347.08,4349.65,4345.78,4348.5,200
2026-08-10 18:16:00,4348.71,4349.78,4348.48,4348.6,184
2026-08-10 18:17:00,4348.59,4350.23,4348.54,4349.92,185
2026-08-10 18:18:00,4349.98,4351.29,4349.35,4350.82,185
2026-08-10 18:19:00,4350.82,4352.06,4348.87,4349.42,185
2026-08-10 18:20:00,4349.43,4352.35,4349.43,4351.51,185
2026-08-10 18:21:00,4351.69,4351.83,4350.47,4350.79,164
2026-08-10 18:22:00,4350.78,4351.09,4349.0,4349.67,176
2026-08-10 18:23:00,4349.7,4350.89,4349.22,4349.68,170
2026-08-10 18:24:00,4349.54,4350.32,4348.99,4349.31,155
2026-08-10 18:25:00,4349.31,4350.06,4347.95,4348.28,176
2026-08-10 18:26:00,4348.24,4348.75,4347.24,4347.95,174
2026-08-10 18:27:00,4347.98,4349.63,4347.58,4348.98,184
2026-08-10 18:28:00,4349.01,4351.3,4348.62,4351.01,179
2026-08-10 18:29:00,4351.07,4351.07,4348.51,4349.29,179
2026-08-10 18:30:00,4349.3,4351.36,4348.5,4350.05,192
2026-08-10 18:31:00,4350.06,4350.92,4349.5,4350.68,188
2026-08-10 18:32:00,4350.68,4351.48,4349.06,4349.81,187
2026-08-10 18:33:00,4349.88,4350.15,4348.8,4349.34,176
2026-08-10 18:34:00,4349.26,4349.77,4347.78,4348.08,182
2026-08-10 18:35:00,4348.07,4352.02,4347.89,4350.83,190
2026-08-10 18:36:00,4350.86,4351.89,4350.63,4351.44,178
2026-08-10 18:37:00,4351.45,4351.78,4350.0,4350.29,162
2026-08-10 18:38:00,4350.27,4351.43,4349.8,4350.81,160
2026-08-10 18:39:00,4350.63,4350.98,4348.53,4350.35,179
2026-08-10 18:40:00,4350.4,4351.43,4349.89,4350.86,184
2026-08-10 18:41:00,4351.04,4351.31,4349.55,4350.66,149
2026-08-10 18:42:00,4350.68,4351.51,4349.54,4351.27,167
2026-08-10 18:43:00,4351.34,4351.56,4350.13,4351.02,139
2026-08-10 18:44:00,4351.06,4351.06,4349.5,4350.17,149
2026-08-10 18:45:00,4350.24,4350.9,4348.62,4348.66,179
2026-08-10 18:46:00,4348.82,4351.84,4348.73,4350.18,174
2026-08-10 18:47:00,4350.21,4351.84,4349.84,4351.81,165
2026-08-10 18:48:00,4351.8,4353.15,4351.65,4352.91,179
2026-08-10 18:49:00,4353.11,4353.24,4351.69,4352.31,178
2026-08-10 18:50:00,4352.2,4354.19,4351.93,4353.8,177
2026-08-10 18:51:00,4353.88,4356.76,4353.76,4355.35,184
2026-08-10 18:52:00,4355.28,4356.71,4354.99,4356.36,191
2026-08-10 18:53:00,4356.36,4357.42,4356.03,4356.25,192
2026-08-10 18:54:00,4356.46,4357.42,4356.17,4357.02,160
2026-08-10 18:55:00,4356.98,4357.88,4356.27,4356.73,166
2026-08-10 18:56:00,4356.87,4357.61,4356.49,4356.86,149
2026-08-10 18:57:00,4356.86,4357.38,4356.49,4357.28,170
2026-08-10 18:58:00,4357.25,4358.81,4356.99,4358.29,159
2026-08-10 18:59:00,4358.31,4359.58,4358.14,4358.35,177
2026-08-10 19:00:00,4358.5,4359.88,4358.31,4359.88,191
2026-08-10 19:01:00,4359.74,4360.35,4358.22,4359.65,195
2026-08-10 19:02:00,4359.78,4363.43,4359.64,4362.99,188
2026-08-10 19:03:00,4363.03,4364.2,4360.48,4361.03,198
2026-08-10 19:04:00,4361.0,4361.02,4357.85,4358.15,194
2026-08-10 19:05:00,4358.2,4359.25,4358.13,4358.61,181
2026-08-10 19:06:00,4358.67,4358.76,4356.7,4357.31,174
2026-08-10 19:07:00,4357.25,4359.59,4357.25,4359.29,172
2026-08-10 19:08:00,4359.34,4361.57,4359.23,4360.28,187
2026-08-10 19:09:00,4360.45,4363.53,4360.45,4363.22,195
2026-08-10 19:10:00,4362.85,4364.78,4362.85,4363.7,183
2026-08-10 19:11:00,4363.87,4364.63,4363.08,4364.4,176
2026-08-10 19:12:00,4364.45,4364.5,4362.86,4362.93,173
2026-08-10 19:13:00,4363.09,4363.15,4361.28,4362.0,169
2026-08-10 19:14:00,4362.05,4362.11,4361.15,4361.29,156
2026-08-10 19:15:00,4361.36,4361.92,4360.79,4361.53,162
2026-08-10 19:16:00,4361.45,4362.58,4361.28,4361.62,160
2026-08-10 19:17:00,4361.72,4363.22,4361.56,4361.9,150
2026-08-10 19:18:00,4361.86,4363.22,4361.65,4362.28,167
2026-08-10 19:19:00,4362.15,4362.72,4361.35,4361.49,155
2026-08-10 19:20:00,4361.49,4364.06,4361.33,4363.78,176
2026-08-10 19:21:00,4363.71,4364.12,4363.37,4363.83,166
2026-08-10 19:22:00,4363.85,4364.03,4362.27,4362.79,152
2026-08-10 19:23:00,4362.79,4363.35,4361.58,4362.55,147
2026-08-10 19:24:00,4362.72,4363.66,4362.58,4363.17,164
2026-08-10 19:25:00,4363.17,4364.48,4362.85,4363.34,183
2026-08-10 19:26:00,4363.4,4363.81,4362.51,4362.92,151
2026-08-10 19:27:00,4362.92,4363.74,4362.68,4362.71,150
2026-08-10 19:28:00,4362.73,4363.68,4362.63,4362.82,145
2026-08-10 19:29:00,4362.87,4362.99,4361.56,4362.59,147
2026-08-10 19:30:00,4362.59,4363.07,4360.82,4361.17,167
2026-08-10 19:31:00,4360.96,4362.71,4351.0,4351.0,163
2026-08-10 19:32:00,4353.89,4357.49,4348.77,4355.99,234
2026-08-10 19:33:00,4356.18,4356.59,4354.01,4356.26,223
2026-08-10 19:34:00,4356.23,4357.04,4354.78,4356.04,189
2026-08-10 19:35:00,4356.4,4359.1,4356.37,4358.48,182
2026-08-10 19:36:00,4358.47,4358.6,4357.52,4358.14,165
2026-08-10 19:37:00,4358.15,4358.74,4357.47,4358.18,158
2026-08-10 19:38:00,4358.23,4358.79,4357.29,4357.62,166
2026-08-10 19:39:00,4357.63,4357.92,4354.61,4355.37,166
2026-08-10 19:40:00,4355.33,4356.35,4354.81,4355.82,171
2026-08-10 19:41:00,4355.88,4356.64,4352.87,4352.94,172
2026-08-10 19:42:00,4353.13,4353.33,4351.78,4352.08,174
2026-08-10 19:43:00,4352.15,4352.92,4350.92,4351.55,167
2026-08-10 19:44:00,4351.38,4352.53,4351.09,4351.84,180
2026-08-10 19:45:00,4351.77,4353.84,4351.56,4352.81,172
2026-08-10 19:46:00,4352.82,4355.02,4352.63,4354.37,171
2026-08-10 19:47:00,4354.52,4355.1,4352.66,4354.65,162
2026-08-10 19:48:00,4354.64,4354.78,4352.44,4352.51,156
2026-08-10 19:49:00,4352.56,4353.49,4352.0,4353.23,168
2026-08-10 19:50:00,4353.31,4353.75,4352.8,4353.34,138
2026-08-10 19:51:00,4353.35,4353.68,4352.37,4353.36,155
2026-08-10 19:52:00,4353.37,4354.13,4353.24,4353.7,146
2026-08-10 19:53:00,4353.31,4353.5,4351.94,4352.48,150
2026-08-10 19:54:00,4352.48,4353.91,4352.19,4353.78,154
2026-08-10 19:55:00,4353.76,4354.02,4352.84,4353.37,153
2026-08-10 19:56:00,4353.36,4353.53,4352.02,4353.25,163
2026-08-10 19:57:00,4353.17,4354.46,4353.04,4354.33,156
2026-08-10 19:58:00,4354.22,4355.94,4353.97,4355.7,158
2026-08-10 19:59:00,4355.7,4357.01,4355.14,4356.7,170
2026-08-10 20:00:00,4357.3,4357.68,4356.56,4356.96,171
2026-08-10 20:01:00,4356.74,4357.42,4356.2,4356.63,162
2026-08-10 20:02:00,4356.73,4357.2,4356.13,4356.43,158
2026-08-10 20:03:00,4356.42,4356.63,4354.89,4354.89,168
2026-08-10 20:04:00,4355.16,4355.17,4354.26,4354.37,158
2026-08-10 20:05:00,4354.3,4354.57,4353.22,4353.61,162
2026-08-10 20:06:00,4353.61,4353.86,4351.56,4353.12,145
2026-08-10 20:07:00,4353.16,4353.85,4352.82,4353.35,143
2026-08-10 20:08:00,4353.3,4355.63,4353.3,4355.4,150
2026-08-10 20:09:00,4355.34,4357.22,4355.11,4355.91,162
2026-08-10 20:10:00,4355.89,4357.26,4355.19,4356.71,154
2026-08-10 20:11:00,4356.73,4356.98,4356.38,4356.66,131
2026-08-10 20:12:00,4356.89,4357.28,4356.47,4356.99,156
2026-08-10 20:13:00,4356.89,4358.26,4356.7,4357.98,153
2026-08-10 20:14:00,4357.98,4358.12,4356.76,4357.09,132
2026-08-10 20:15:00,4357.04,4357.32,4356.45,4356.71,130
2026-08-10 20:16:00,4356.73,4356.81,4356.3,4356.71,119
2026-08-10 20:17:00,4356.74,4358.27,4356.55,4357.69,169
2026-08-10 20:18:00,4357.77,4358.16,4356.4,4356.77,147
2026-08-10 20:19:00,4356.78,4357.76,4356.66,4357.34,150
2026-08-10 20:20:00,4357.2,4358.58,4357.13,4357.66,151
2026-08-10 20:21:00,4357.62,4358.56,4357.55,4357.69,164
2026-08-10 20:22:00,4357.83,4359.87,4357.83,4359.69,163
2026-08-10 20:23:00,4359.69,4360.31,4359.33,4359.9,163
2026-08-10 20:24:00,4359.88,4360.27,4359.3,4359.9,163
2026-08-10 20:25:00,4359.9,4360.14,4358.59,4358.96,164
2026-08-10 20:26:00,4358.96,4359.75,4358.67,4358.96,136
2026-08-10 20:27:00,4358.97,4360.15,4358.94,4359.81,164
2026-08-10 20:28:00,4359.81,4360.56,4359.0,4360.25,163
2026-08-10 20:29:00,4360.24,4361.42,4359.43,4361.27,189
2026-08-10 20:30:00,4360.94,4361.68,4360.79,4361.36,155
2026-08-10 20:31:00,4361.1,4361.47,4360.38,4361.45,139
2026-08-10 20:32:00,4361.32,4361.71,4359.65,4361.45,147
2026-08-10 20:33:00,4361.46,4362.23,4361.37,4362.05,129
2026-08-10 20:34:00,4362.03,4362.85,4361.9,4362.16,136
2026-08-10 20:35:00,4362.19,4363.44,4362.13,4362.88,135
2026-08-10 20:36:00,4362.88,4363.9,4362.78,4363.3,155
2026-08-10 20:37:00,4363.29,4363.95,4363.05,4363.52,131
2026-08-10 20:38:00,4363.51,4364.03,4362.34,4363.99,168
2026-08-10 20:39:00,4364.04,4365.35,4363.68,4363.85,178
2026-08-10 20:40:00,4363.88,4364.07,4362.58,4363.21,148
2026-08-10 20:41:00,4363.23,4363.74,4362.97,4363.14,145
2026-08-10 20:42:00,4363.13,4363.84,4361.65,4361.96,134
2026-08-10 20:43:00,4362.03,4362.25,4360.18,4360.37,147
2026-08-10 20:44:00,4360.38,4360.71,4359.49,4360.21,171
2026-08-10 20:45:00,4360.22,4360.4,4357.84,4357.84,155
2026-08-10 20:46:00,4357.81,4358.69,4357.72,4357.91,153
2026-08-10 20:47:00,4358.02,4359.09,4358.02,4358.81,137
2026-08-10 20:48:00,4358.81,4359.98,4357.94,4359.81,165
2026-08-10 20:49:00,4359.91,4360.95,4359.91,4360.58,167
2026-08-10 20:50:00,4360.44,4361.28,4359.94,4360.32,146
2026-08-10 20:51:00,4360.34,4360.34,4359.32,4359.86,142
2026-08-10 20:52:00,4359.85,4360.8,4359.61,4360.68,156
2026-08-10 20:53:00,4360.71,4360.93,4359.18,4359.4,153
2026-08-10 20:54:00,4359.39,4359.64,4358.75,4358.75,119
2026-08-10 20:55:00,4358.78,4359.21,4357.92,4358.62,152
2026-08-10 20:56:00,4358.64,4358.64,4357.61,4358.13,155
2026-08-10 20:57:00,4358.02,4359.02,4357.9,4358.77,151
2026-08-10 20:58:00,4358.79,4359.57,4358.79,4359.25,148
2026-08-10 20:59:00,4359.23,4360.16,4359.06,4360.13,150
2026-08-10 21:00:00,4360.14,4362.85,4359.85,4362.64,172
2026-08-10 21:01:00,4362.53,4363.9,4362.4,4363.22,180
2026-08-10 21:02:00,4363.14,4363.34,4362.59,4362.7,164
2026-08-10 21:03:00,4362.75,4363.46,4362.01,4363.11,151
2026-08-10 21:04:00,4363.12,4364.01,4363.1,4363.67,136
2026-08-10 21:05:00,4363.65,4365.03,4363.62,4364.94,163
2026-08-10 21:06:00,4364.89,4365.36,4364.12,4364.4,160
2026-08-10 21:07:00,4364.4,4364.54,4363.48,4363.7,149
2026-08-10 21:08:00,4363.7,4364.33,4363.47,4363.47,131
2026-08-10 21:09:00,4363.51,4364.09,4363.22,4363.69,131
2026-08-10 21:10:00,4363.69,4364.54,4363.5,4364.35,148
2026-08-10 21:11:00,4364.34,4364.59,4363.54,4363.93,137
2026-08-10 21:12:00,4363.92,4364.16,4363.42,4363.77,157
2026-08-10 21:13:00,4363.76,4363.85,4363.3,4363.57,138
2026-08-10 21:14:00,4363.62,4363.72,4362.84,4362.96,145
2026-08-10 21:15:00,4362.98,4364.06,4362.38,4362.74,155
2026-08-10 21:16:00,4362.6,4363.25,4361.43,4362.85,159
2026-08-10 21:17:00,4362.71,4363.93,4362.29,4363.39,142
2026-08-10 21:18:00,4363.41,4364.29,4362.99,4363.05,162
2026-08-10 21:19:00,4363.24,4363.37,4362.73,4363.14,155
2026-08-10 21:20:00,4363.01,4363.26,4362.23,4363.14,142
2026-08-10 21:21:00,4363.1,4364.32,4363.1,4363.7,152
2026-08-10 21:22:00,4363.72,4363.73,4362.83,4363.3,142
2026-08-10 21:23:00,4363.44,4364.35,4363.4,4364.16,147
2026-08-10 21:24:00,4364.22,4364.94,4363.96,4364.53,136
2026-08-10 21:25:00,4364.68,4367.25,4364.57,4366.67,168
2026-08-10 21:26:00,4366.45,4366.73,4365.18,4365.3,151
2026-08-10 21:27:00,4365.26,4366.98,4364.95,4366.26,168
2026-08-10 21:28:00,4366.25,4366.92,4365.24,4365.38,178
2026-08-10 21:29:00,4365.4,4365.98,4364.98,4365.92,158
2026-08-10 21:30:00,4365.81,4367.13,4365.11,4366.46,161
2026-08-10 21:31:00,4366.47,4380.15,4366.47,4376.69,208
2026-08-10 21:32:00,4376.41,4377.69,4374.31,4374.79,182
2026-08-10 21:33:00,4374.49,4377.41,4373.6,4376.98,191
2026-08-10 21:34:00,4377.07,4380.68,4377.01,4379.6,199
2026-08-10 21:35:00,4379.54,4380.46,4377.79,4377.81,164
2026-08-10 21:36:00,4377.78,4379.4,4377.42,4378.29,166
2026-08-10 21:37:00,4378.41,4380.12,4377.88,4380.1,179
2026-08-10 21:38:00,4380.23,4381.29,4379.98,4380.88,180
2026-08-10 21:39:00,4380.86,4381.89,4379.83,4381.38,182
2026-08-10 21:40:00,4381.39,4382.64,4380.7,4382.52,172
2026-08-10 21:41:00,4382.45,4382.99,4381.03,4382.84,174
2026-08-10 21:42:00,4382.82,4382.92,4381.87,4382.34,157
2026-08-10 21:43:00,4382.26,4382.3,4380.88,4381.28,181
2026-08-10 21:44:00,4381.3,4381.45,4379.52,4379.69,165
2026-08-10 21:45:00,4379.69,4379.76,4373.11,4374.29,194
2026-08-10 21:46:00,4374.13,4375.9,4373.43,4373.81,182
2026-08-10 21:47:00,4373.98,4376.62,4373.74,4376.51,168
2026-08-10 21:48:00,4376.52,4377.2,4376.28,4377.11,173
2026-08-10 21:49:00,4377.1,4377.31,4376.28,4376.86,152
2026-08-10 21:50:00,4376.88,4378.5,4376.56,4378.22,152
2026-08-10 21:51:00,4378.05,4379.17,4377.06,4377.07,173
2026-08-10 21:52:00,4377.16,4378.41,4375.53,4375.76,173
2026-08-10 21:53:00,4375.76,4376.35,4374.96,4375.5,163
2026-08-10 21:54:00,4375.36,4377.05,4375.13,4376.83,149
2026-08-10 21:55:00,4376.77,4377.79,4376.23,4377.79,147
2026-08-10 21:56:00,4377.83,4378.57,4377.4,4378.12,159
2026-08-10 21:57:00,4378.16,4379.08,4377.77,4378.89,161
2026-08-10 21:58:00,4378.85,4379.05,4378.41,4378.7,144
2026-08-10 21:59:00,4378.52,4379.09,4378.25,4378.6,161
2026-08-10 22:00:00,4378.86,4380.69,4378.56,4379.62,181
2026-08-10 22:01:00,4379.94,4380.25,4379.37,4379.63,149
2026-08-10 22:02:00,4379.49,4380.83,4379.19,4379.63,169
2026-08-10 22:03:00,4379.53,4381.21,4379.37,4381.12,150
2026-08-10 22:04:00,4381.08,4381.32,4379.78,4380.0,153
2026-08-10 22:05:00,4380.09,4382.53,4379.94,4382.53,171
2026-08-10 22:06:00,4382.37,4382.67,4381.77,4382.53,174
2026-08-10 22:07:00,4382.54,4382.88,4381.63,4381.79,162
2026-08-10 22:08:00,4381.82,4382.48,4381.53,4382.22,165
2026-08-10 22:09:00,4382.13,4382.42,4381.3,4382.01,163
2026-08-10 22:10:00,4381.86,4382.11,4380.68,4381.62,168
2026-08-10 22:11:00,4381.51,4382.84,4381.46,4382.09,161
2026-08-10 22:12:00,4382.23,4382.85,4381.88,4382.04,149
2026-08-10 22:13:00,4382.03,4382.85,4382.03,4382.5,130
2026-08-10 22:14:00,4382.45,4382.74,4381.54,4382.07,157
2026-08-10 22:15:00,4382.1,4382.55,4381.72,4382.55,158
2026-08-10 22:16:00,4382.56,4382.94,4382.32,4382.88,160
2026-08-10 22:17:00,4382.84,4382.98,4382.13,4382.51,141
2026-08-10 22:18:00,4382.44,4382.85,4381.19,4382.5,166
2026-08-10 22:19:00,4382.49,4383.03,4382.45,4382.73,164
2026-08-10 22:20:00,4382.78,4383.43,4382.52,4383.43,150
2026-08-10 22:21:00,4383.49,4385.49,4383.27,4385.2,184
2026-08-10 22:22:00,4385.21,4385.57,4383.42,4384.02,172
2026-08-10 22:23:00,4384.03,4385.39,4383.89,4384.92,179
2026-08-10 22:24:00,4385.11,4388.07,4384.93,4386.63,186
2026-08-10 22:25:00,4386.62,4389.55,4386.2,4389.4,189
2026-08-10 22:26:00,4389.27,4390.26,4388.28,4388.8,166
2026-08-10 22:27:00,4388.81,4389.34,4388.35,4389.26,172
2026-08-10 22:28:00,4389.15,4390.8,4388.96,4389.85,185
2026-08-10 22:29:00,4389.89,4391.64,4388.94,4390.62,174
2026-08-10 22:30:00,4390.63,4394.38,4390.59,4392.91,191
2026-08-10 22:31:00,4392.8,4392.8,4388.47,4389.03,183
2026-08-10 22:32:00,4388.78,4389.64,4387.49,4389.11,184
2026-08-10 22:33:00,4389.12,4389.48,4387.34,4388.19,186
2026-08-10 22:34:00,4388.3,4388.51,4386.07,4387.18,172
2026-08-10 22:35:00,4387.2,4387.68,4384.3,4385.37,188
2026-08-10 22:36:00,4385.45,4387.68,4385.34,4387.25,168
2026-08-10 22:37:00,4387.24,4387.5,4386.36,4387.24,152
2026-08-10 22:38:00,4387.25,4388.1,4386.37,4387.99,165
2026-08-10 22:39:00,4387.99,4388.82,4387.41,4387.7,168
2026-08-10 22:40:00,4388.06,4390.79,4388.04,4389.19,170
2026-08-10 22:41:00,4389.2,4390.05,4389.13,4389.47,177
2026-08-10 22:42:00,4389.49,4390.78,4389.48,4390.31,162
2026-08-10 22:43:00,4390.25,4390.37,4389.39,4389.57,148
2026-08-10 22:44:00,4389.61,4390.14,4387.1,4388.24,165
2026-08-10 22:45:00,4388.25,4388.81,4387.39,4387.8,152
2026-08-10 22:46:00,4387.96,4389.6,4387.63,4389.37,136
2026-08-10 22:47:00,4389.32,4390.65,4389.05,4390.45,151
2026-08-10 22:48:00,4390.3,4394.09,4390.19,4394.06,180
2026-08-10 22:49:00,4393.92,4395.02,4393.53,4393.88,177
2026-08-10 22:50:00,4393.81,4394.48,4392.01,4393.35,187
2026-08-10 22:51:00,4393.34,4395.21,4393.34,4395.11,184
2026-08-10 22:52:00,4395.13,4395.13,4392.44,4392.65,168
2026-08-10 22:53:00,4392.47,4392.65,4391.29,4391.97,156
2026-08-10 22:54:00,4392.12,4393.26,4391.96,4392.54,166
2026-08-10 22:55:00,4392.46,4392.71,4389.32,4389.89,186
2026-08-10 22:56:00,4389.87,4389.96,4387.84,4388.71,157
2026-08-10 22:57:00,4388.7,4389.09,4387.9,4388.23,173
2026-08-10 22:58:00,4388.29,4389.94,4388.13,4389.06,191
2026-08-10 22:59:00,4388.39,4388.87,4387.32,4388.39,186
2026-08-10 23:00:00,4388.24,4390.4,4387.88,4390.01,179
2026-08-10 23:01:00,4390.0,4390.0,4388.28,4388.34,135
2026-08-10 23:02:00,4388.35,4388.98,4387.79,4388.98,125
2026-08-10 23:03:00,4388.8,4389.02,4388.06,4388.44,68
2026-08-10 23:04:00,4388.46,4388.99,4388.27,4388.42,83
2026-08-10 23:05:00,4388.44,4388.68,4388.04,4388.59,98
2026-08-10 23:06:00,4388.58,4388.58,4386.74,4387.62,127
2026-08-10 23:07:00,4387.64,4387.96,4386.7,4386.78,103
2026-08-10 23:08:00,4387.02,4387.45,4386.39,4387.43,112
2026-08-10 23:09:00,4387.42,4387.61,4385.55,4386.07,117
2026-08-10 23:10:00,4386.05,4387.43,4385.86,4387.2,94
2026-08-10 23:11:00,4387.22,4387.77,4387.01,4387.69,90
2026-08-10 23:12:00,4387.69,4390.05,4387.53,4390.05,111
2026-08-10 23:13:00,4390.06,4390.73,4389.07,4390.26,125
2026-08-10 23:14:00,4390.24,4390.35,4388.69,4389.36,87
2026-08-10 23:15:00,4389.38,4390.37,4389.25,4389.92,85
2026-08-10 23:16:00,4389.91,4390.84,4389.78,4390.5,89
2026-08-10 23:17:00,4390.49,4390.88,4390.03,4390.53,87
2026-08-10 23:18:00,4390.7,4391.46,4390.62,4390.63,109
2026-08-10 23:19:00,4390.64,4390.93,4389.41,4389.92,95
2026-08-10 23:20:00,4390.15,4390.15,4388.25,4388.92,122
2026-08-10 23:21:00,4388.93,4388.93,4387.79,4388.08,80
2026-08-10 23:22:00,4388.13,4388.39,4386.47,4387.52,125
2026-08-10 23:23:00,4387.54,4387.62,4387.01,4387.03,82
2026-08-10 23:24:00,4387.34,4388.76,4387.25,4388.72,105
2026-08-10 23:25:00,4388.74,4388.87,4388.28,4388.79,82
2026-08-10 23:26:00,4388.77,4389.03,4388.4,4388.76,80
2026-08-10 23:27:00,4388.77,4390.28,4388.6,4389.93,90
2026-08-10 23:28:00,4389.86,4392.22,4389.65,4392.22,111
2026-08-10 23:29:00,4392.17,4392.17,4390.79,4391.05,114
2026-08-10 23:30:00,4391.17,4392.13,4391.17,4391.81,94
2026-08-10 23:31:00,4391.8,4391.84,4390.74,4390.94,101
2026-08-10 23:32:00,4390.96,4391.1,4390.34,4391.02,93
2026-08-10 23:33:00,4390.97,4391.5,4390.69,4391.02,76
2026-08-10 23:34:00,4391.03,4391.44,4390.72,4390.83,60
2026-08-10 23:35:00,4390.77,4391.41,4390.77,4390.95,40
2026-08-10 23:36:00,4390.75,4391.14,4390.67,4390.67,47
2026-08-10 23:37:00,4390.67,4391.06,4390.05,4390.8,79
2026-08-10 23:38:00,4390.8,4390.81,4390.06,4390.51,79
2026-08-10 23:39:00,4390.52,4390.52,4389.88,4390.34,38
2026-08-10 23:40:00,4390.09,4390.49,4389.73,4390.07,86
2026-08-10 23:41:00,4390.07,4391.43,4390.07,4390.91,82
2026-08-10 23:42:00,4390.93,4391.27,4390.13,4390.45,84
2026-08-10 23:43:00,4390.21,4390.98,4389.83,4389.89,81
2026-08-10 23:44:00,4389.92,4390.25,4389.67,4389.68,84
2026-08-10 23:45:00,4389.52,4390.31,4389.48,4389.94,87
2026-08-10 23:46:00,4389.93,4390.72,4389.83,4389.95,90
2026-08-10 23:47:00,4389.87,4390.26,4389.08,4389.1,76
2026-08-10 23:48:00,4389.33,4389.33,4388.84,4388.99,73
2026-08-10 23:49:00,4388.87,4389.32,4388.7,4388.99,70
2026-08-10 23:50:00,4388.56,4390.01,4388.56,4390.01,115
2026-08-10 23:51:00,4390.01,4390.57,4389.28,4390.01,112
2026-08-10 23:52:00,4390.01,4390.66,4389.46,4390.18,72
2026-08-10 23:53:00,4389.95,4390.23,4389.79,4389.82,62
2026-08-10 23:54:00,4389.81,4390.01,4388.57,4389.32,116
2026-08-10 23:55:00,4389.3,4389.53,4388.65,4388.93,102
2026-08-10 23:56:00,4388.92,4389.59,4388.35,4388.93,73
2026-08-10 23:57:00,4388.86,4389.66,4388.77,4389.06,98
2026-08-11 01:00:00,4391.47,4391.84,4389.87,4389.94,26
2026-08-11 01:01:00,4390.02,4391.36,4389.21,4389.52,118
2026-08-11 01:02:00,4389.53,4390.38,4389.1,4389.8,141
2026-08-11 01:03:00,4389.81,4390.62,4388.45,4388.96,95
2026-08-11 01:04:00,4388.72,4390.26,4388.72,4389.59,113
2026-08-11 01:05:00,4389.52,4390.88,4389.32,4390.13,116
2026-08-11 01:06:00,4390.13,4391.19,4389.87,4390.59,104
2026-08-11 01:07:00,4390.55,4391.67,4389.96,4391.6,103
2026-08-11 01:08:00,4391.31,4391.31,4389.97,4390.62,88
2026-08-11 01:09:00,4390.62,4391.36,4390.07,4391.09,98
2026-08-11 01:10:00,4391.08,4391.42,4390.49,4391.15,109
2026-08-11 01:11:00,4391.15,4393.03,4390.93,4392.07,128
2026-08-11 01:12:00,4391.81,4392.59,4391.52,4392.02,89
2026-08-11 01:13:00,4391.77,4392.27,4391.09,4391.78,87
2026-08-11 01:14:00,4392.01,4392.05,4390.81,4391.26,108
2026-08-11 01:15:00,4391.15,4392.21,4390.91,4392.16,72
2026-08-11 01:16:00,4392.5,4392.6,4391.84,4392.54,100
2026-08-11 01:17:00,4392.44,4392.53,4391.7,4392.31,90
2026-08-11 01:18:00,4392.35,4392.64,4391.6,4392.46,60
2026-08-11 01:19:00,4392.43,4392.48,4391.53,4392.11,77
2026-08-11 01:20:00,4392.11,4392.38,4391.56,4392.12,73
2026-08-11 01:21:00,4392.13,4393.0,4391.98,4392.7,130
2026-08-11 01:22:00,4392.6,4393.15,4392.42,4393.13,121
2026-08-11 01:23:00,4393.12,4393.56,4392.22,4392.81,111
2026-08-11 01:24:00,4392.87,4393.31,4392.61,4392.9,77
2026-08-11 01:25:00,4392.96,4393.68,4391.83,4392.52,108
2026-08-11 01:26:00,4392.53,4392.95,4392.03,4392.46,101
2026-08-11 01:27:00,4392.48,4392.63,4392.01,4392.27,93
2026-08-11 01:28:00,4392.2,4392.6,4391.92,4392.34,92
2026-08-11 01:29:00,4392.34,4392.57,4391.76,4392.25,74
2026-08-11 01:30:00,4392.09,4393.23,4392.06,4392.89,114
2026-08-11 01:31:00,4392.73,4393.35,4392.45,4392.85,101
2026-08-11 01:32:00,4392.96,4393.07,4391.87,4392.26,107
2026-08-11 01:33:00,4392.12,4393.44,4391.87,4393.3,105
2026-08-11 01:34:00,4393.39,4393.68,4392.78,4393.64,107
2026-08-11 01:35:00,4393.55,4393.7,4393.02,4393.39,91
2026-08-11 01:36:00,4393.38,4393.92,4392.76,4393.69,105
2026-08-11 01:37:00,4393.92,4393.97,4393.06,4393.65,121
2026-08-11 01:38:00,4393.68,4394.21,4393.36,4394.1,118
2026-08-11 01:39:00,4394.07,4394.2,4393.41,4393.89,126
2026-08-11 01:40:00,4393.99,4394.14,4393.4,4393.68,98
2026-08-11 01:41:00,4394.02,4394.02,4393.36,4393.62,93
2026-08-11 01:42:00,4393.5,4395.89,4393.34,4395.13,152
2026-08-11 01:43:00,4394.97,4396.18,4394.88,4396.17,127
2026-08-11 01:44:00,4396.16,4396.33,4395.27,4395.29,112
2026-08-11 01:45:00,4395.28,4396.65,4395.28,4396.56,101
2026-08-11 01:46:00,4396.57,4398.34,4396.09,4397.48,128
2026-08-11 01:47:00,4397.32,4398.48,4397.24,4398.3,129
2026-08-11 01:48:00,4398.46,4398.46,4397.45,4397.98,131
2026-08-11 01:49:00,4397.88,4397.97,4397.33,4397.54,103
2026-08-11 01:50:00,4397.51,4398.72,4397.14,4398.48,114
2026-08-11 01:51:00,4398.49,4399.57,4398.02,4398.77,128
2026-08-11 01:52:00,4398.74,4399.03,4398.26,4398.35,101
2026-08-11 01:53:00,4398.37,4399.45,4398.3,4399.45,115
2026-08-11 01:54:00,4399.38,4399.72,4399.15,4399.36,102
2026-08-11 01:55:00,4399.36,4401.02,4398.72,4399.08,107
2026-08-11 01:56:00,4399.04,4400.17,4398.65,4399.44,88
2026-08-11 01:57:00,4399.5,4400.75,4399.26,4400.17,106
2026-08-11 01:58:00,4400.1,4400.25,4398.8,4399.16,109
2026-08-11 01:59:00,4399.16,4399.95,4398.64,4399.95,113
2026-08-11 02:00:00,4399.39,4401.66,4399.39,4399.97,174
2026-08-11 02:01:00,4399.79,4400.72,4399.76,4400.08,116
2026-08-11 02:02:00,4400.07,4400.21,4398.89,4399.53,106
2026-08-11 02:03:00,4399.54,4400.04,4398.27,4398.78,110
2026-08-11 02:04:00,4398.78,4399.03,4397.82,4398.9,107
2026-08-11 02:05:00,4398.67,4401.14,4398.44,4400.93,139
2026-08-11 02:06:00,4400.92,4401.35,4400.21,4400.88,147
2026-08-11 02:07:00,4400.9,4402.04,4400.83,4401.03,142
2026-08-11 02:08:00,4401.04,4401.17,4398.15,4398.57,144
2026-08-11 02:09:00,4398.58,4398.62,4395.99,4396.45,134
2026-08-11 02:10:00,4396.45,4397.21,4395.74,4396.71,119
2026-08-11 02:11:00,4396.81,4397.09,4396.14,4396.33,109
2026-08-11 02:12:00,4396.31,4396.91,4396.18,4396.36,89
2026-08-11 02:13:00,4396.32,4397.39,4396.16,4397.3,92
2026-08-11 02:14:00,4397.36,4397.6,4397.09,4397.45,95
2026-08-11 02:15:00,4397.2,4397.53,4396.1,4396.65,112
2026-08-11 02:16:00,4396.69,4396.7,4394.69,4394.99,100
2026-08-11 02:17:00,4395.26,4396.85,4395.21,4395.48,109
2026-08-11 02:18:00,4395.47,4395.77,4394.73,4395.24,116
2026-08-11 02:19:00,4395.25,4395.34,4394.67,4395.32,112
2026-08-11 02:20:00,4395.2,4396.22,4394.84,4395.04,116
2026-08-11 02:21:00,4394.89,4395.62,4394.84,4395.43,112
2026-08-11 02:22:00,4395.38,4396.03,4394.93,4395.4,94
2026-08-11 02:23:00,4395.21,4395.48,4394.68,4395.11,82
2026-08-11 02:24:00,4395.14,4395.21,4394.75,4395.05,96
2026-08-11 02:25:00,4394.92,4395.73,4394.75,4395.32,107
2026-08-11 02:26:00,4395.18,4396.04,4395.05,4395.29,107
2026-08-11 02:27:00,4395.33,4395.48,4394.82,4395.08,76
2026-08-11 02:28:00,4395.09,4395.39,4394.93,4395.14,83
2026-08-11 02:29:00,4395.01,4395.48,4394.63,4395.47,107
2026-08-11 02:30:00,4395.46,4396.18,4395.39,4395.81,89
2026-08-11 02:31:00,4395.89,4395.98,4395.53,4395.97,81
2026-08-11 02:32:00,4395.97,4396.08,4395.54,4395.7,75
2026-08-11 02:33:00,4395.67,4395.68,4395.31,4395.57,95
2026-08-11 02:34:00,4395.5,4396.31,4395.13,4395.51,117
2026-08-11 02:35:00,4395.64,4397.46,4395.39,4397.38,124
2026-08-11 02:36:00,4397.38,4397.92,4397.28,4397.92,107
2026-08-11 02:37:00,4397.7,4398.97,4397.7,4398.73,111
2026-08-11 02:38:00,4398.71,4398.89,4398.22,4398.23,65
2026-08-11 02:39:00,4398.22,4398.99,4398.15,4398.82,81
2026-08-11 02:40:00,4398.81,4398.81,4397.67,4397.91,100
2026-08-11 02:41:00,4398.04,4398.91,4397.62,4398.52,103
2026-08-11 02:42:00,4398.57,4398.98,4398.1,4398.67,135
2026-08-11 02:43:00,4398.66,4398.87,4398.46,4398.59,99
2026-08-11 02:44:00,4398.58,4398.84,4398.24,4398.8,126
2026-08-11 02:45:00,4398.81,4399.14,4396.92,4397.14,133
2026-08-11 02:46:00,4397.13,4398.23,4397.11,4398.16,118
2026-08-11 02:47:00,4398.15,4398.92,4397.91,4398.25,150
2026-08-11 02:48:00,4398.24,4398.25,4397.56,4397.96,141
2026-08-11 02:49:00,4397.82,4398.09,4397.36,4397.82,124
2026-08-11 02:50:00,4397.96,4398.0,4396.5,4397.2,124
2026-08-11 02:51:00,4397.18,4398.27,4397.18,4397.82,134
2026-08-11 02:52:00,4397.85,4397.85,4396.47,4397.62,113
2026-08-11 02:53:00,4397.23,4397.55,4396.77,4397.51,121
2026-08-11 02:54:00,4397.38,4399.08,4397.34,4398.92,135
2026-08-11 02:55:00,4398.76,4400.87,4398.42,4400.11,151
2026-08-11 02:56:00,4400.1,4401.49,4399.48,4401.29,150
2026-08-11 02:57:00,4401.3,4401.47,4400.48,4400.94,146
2026-08-11 02:58:00,4400.94,4402.48,4400.89,4402.04,138
2026-08-11 02:59:00,4402.14,4402.64,4401.56,4402.51,151
2026-08-11 03:00:00,4402.47,4403.58,4400.89,4402.25,208
2026-08-11 03:01:00,4402.18,4402.73,4399.12,4399.2,179
2026-08-11 03:02:00,4399.23,4399.68,4396.39,4397.73,200
2026-08-11 03:03:00,4397.9,4402.55,4397.6,4402.24,183
2026-08-11 03:04:00,4402.19,4404.69,4401.99,4404.35,181
2026-08-11 03:05:00,4404.33,4404.77,4402.79,4403.6,174
2026-08-11 03:06:00,4403.59,4404.15,4402.75,4403.67,149
2026-08-11 03:07:00,4403.54,4404.65,4403.54,4404.09,158
2026-08-11 03:08:00,4404.09,4404.85,4403.66,4404.78,161
2026-08-11 03:09:00,4404.71,4406.61,4404.36,4406.1,173
2026-08-11 03:10:00,4406.07,4407.78,4405.75,4407.13,173
2026-08-11 03:11:00,4406.94,4408.98,4406.64,4407.84,160
2026-08-11 03:12:00,4407.85,4407.85,4403.89,4404.31,189
2026-08-11 03:13:00,4404.31,4405.76,4404.21,4405.19,167
2026-08-11 03:14:00,4405.26,4405.68,4404.67,4404.89,152
2026-08-11 03:15:00,4405.42,4405.97,4404.38,4405.76,167
2026-08-11 03:16:00,4405.74,4407.82,4405.74,4407.4,149
2026-08-11 03:17:00,4407.5,4407.71,4405.67,4405.91,156
2026-08-11 03:18:00,4405.69,4406.54,4405.17,4406.42,142
2026-08-11 03:19:00,4406.45,4406.81,4405.7,4405.98,127
2026-08-11 03:20:00,4405.98,4407.82,4405.64,4407.46,178
2026-08-11 03:21:00,4407.46,4408.83,4407.32,4408.76,159
2026-08-11 03:22:00,4409.1,4409.62,4408.61,4409.15,138
2026-08-11 03:23:00,4409.15,4411.18,4409.02,4410.74,159
2026-08-11 03:24:00,4410.76,4412.3,4410.55,4412.3,166
2026-08-11 03:25:00,4412.3,4414.57,4411.77,4414.12,175
2026-08-11 03:26:00,4414.11,4414.48,4411.75,4414.22,150
2026-08-11 03:27:00,4414.26,4414.54,4412.86,4413.34,163
2026-08-11 03:28:00,4413.26,4414.24,4412.07,4414.05,157
2026-08-11 03:29:00,4414.1,4416.3,4413.41,4413.97,158
2026-08-11 03:30:00,4413.97,4414.04,4412.18,4412.86,160
2026-08-11 03:31:00,4412.41,4413.05,4411.29,4412.83,156
2026-08-11 03:32:00,4412.89,4413.28,4412.02,4412.44,141
2026-08-11 03:33:00,4412.43,4413.18,4412.19,4412.47,141
2026-08-11 03:34:00,4412.52,4413.12,4411.3,4412.59,142
2026-08-11 03:35:00,4412.59,4413.11,4411.89,4412.92,128
2026-08-11 03:36:00,4413.06,4413.45,4411.75,4411.75,133
2026-08-11 03:37:00,4411.73,4412.26,4411.32,4411.54,123
2026-08-11 03:38:00,4411.53,4411.6,4410.18,4410.77,151
2026-08-11 03:39:00,4410.79,4411.7,4408.66,4411.64,169
2026-08-11 03:40:00,4411.66,4413.48,4408.51,4408.72,190
2026-08-11 03:41:00,4408.72,4409.69,4407.5,4408.93,176
2026-08-11 03:42:00,4408.92,4409.75,4408.28,4409.54,153
2026-08-11 03:43:00,4409.64,4412.15,4409.41,4411.02,172
2026-08-11 03:44:00,4411.17,4414.18,4410.89,4414.18,156
2026-08-11 03:45:00,4414.22,4414.7,4413.13,4414.7,164
2026-08-11 03:46:00,4414.71,4417.82,4414.66,4417.2,189
2026-08-11 03:47:00,4417.16,4419.42,4412.63,4412.86,178
2026-08-11 03:48:00,4412.84,4413.0,4409.92,4410.4,183
2026-08-11 03:49:00,4410.47,4413.34,4409.9,4413.2,141
2026-08-11 03:50:00,4412.76,4413.25,4411.68,4412.1,142
2026-08-11 03:51:00,4411.99,4412.93,4411.74,4411.91,157
2026-08-11 03:52:00,4411.83,4412.76,4411.73,4412.1,135
2026-08-11 03:53:00,4412.27,4412.9,4412.02,4412.02,118
2026-08-11 03:54:00,4411.9,4412.2,4409.63,4409.77,140
2026-08-11 03:55:00,4409.76,4410.97,4409.76,4410.93,126
2026-08-11 03:56:00,4410.92,4411.6,4410.17,4411.27,131
2026-08-11 03:57:00,4411.34,4411.86,4410.87,4411.72,124
2026-08-11 03:58:00,4411.72,4411.9,4410.64,4410.97,113
2026-08-11 03:59:00,4410.92,4410.92,4408.24,4409.37,177
2026-08-11 04:00:00,4409.87,4409.87,4404.36,4407.6,208
2026-08-11 04:01:00,4407.76,4408.02,4397.42,4399.32,208
2026-08-11 04:02:00,4399.62,4399.79,4393.78,4394.79,207
2026-08-11 04:03:00,4394.99,4398.21,4393.81,4397.75,210
2026-08-11 04:04:00,4397.55,4401.48,4397.11,4400.53,203
2026-08-11 04:05:00,4400.2,4402.8,4398.84,4402.5,204
2026-08-11 04:06:00,4402.43,4404.37,4401.55,4402.94,183
2026-08-11 04:07:00,4402.85,4408.0,4402.37,4408.0,197
2026-08-11 04:08:00,4408.09,4409.59,4402.87,4405.97,207
2026-08-11 04:09:00,4406.24,4409.34,4404.88,4408.66,188
2026-08-11 04:10:00,4408.62,4411.95,4408.6,4409.28,205
2026-08-11 04:11:00,4409.15,4415.19,4409.05,4414.95,211
2026-08-11 04:12:00,4414.98,4415.38,4412.26,4412.48,195
2026-08-11 04:13:00,4412.27,4415.06,4411.94,4413.54,196
2026-08-11 04:14:00,4413.53,4414.68,4412.76,4414.36,177
2026-08-11 04:15:00,4414.6,4416.59,4412.59,4416.48,196
2026-08-11 04:16:00,4416.57,4417.95,4415.61,4416.73,205
2026-08-11 04:17:00,4416.76,4419.36,4415.37,4415.82,201
2026-08-11 04:18:00,4415.87,4416.59,4413.36,4413.79,194
2026-08-11 04:19:00,4413.86,4415.43,4413.57,4414.97,171
2026-08-11 04:20:00,4414.88,4417.93,4413.55,4417.34,191
2026-08-11 04:21:00,4417.35,4420.03,4417.35,4418.83,191
2026-08-11 04:22:00,4418.99,4418.99,4417.67,4418.15,179
2026-08-11 04:23:00,4418.24,4418.42,4415.32,4415.51,184
2026-08-11 04:24:00,4415.53,4416.1,4413.83,4414.58,174
2026-08-11 04:25:00,4414.72,4415.7,4413.55,4415.16,194
2026-08-11 04:26:00,4415.36,4415.99,4413.75,4415.17,184
2026-08-11 04:27:00,4415.31,4415.83,4414.29,4414.85,167
2026-08-11 04:28:00,4414.81,4418.61,4414.76,4417.67,165
2026-08-11 04:29:00,4417.72,4419.43,4417.19,4419.24,171
2026-08-11 04:30:00,4419.23,4419.93,4418.13,4419.38,174
2026-08-11 04:31:00,4419.46,4421.09,4418.69,4420.58,189
2026-08-11 04:32:00,4420.48,4420.96,4419.8,4420.65,163
2026-08-11 04:33:00,4420.63,4421.61,4419.96,4420.16,162
2026-08-11 04:34:00,4420.29,4420.58,4419.18,4419.41,184
2026-08-11 04:35:00,4419.5,4420.26,4418.64,4419.49,186
2026-08-11 04:36:00,4419.46,4420.61,4418.07,4418.35,189
2026-08-11 04:37:00,4417.68,4419.69,4416.36,4419.43,197
2026-08-11 04:38:00,4419.8,4420.17,4417.97,4418.29,173
2026-08-11 04:39:00,4418.24,4419.73,4417.43,4419.6,187
2026-08-11 04:40:00,4419.46,4422.72,4419.4,4420.31,189
2026-08-11 04:41:00,4420.29,4420.41,4417.3,4417.64,188
2026-08-11 04:42:00,4417.66,4420.15,4417.04,4419.33,170
2026-08-11 04:43:00,4419.32,4420.88,4418.52,4419.11,187
2026-08-11 04:44:00,4419.03,4419.81,4415.29,4415.43,175
2026-08-11 04:45:00,4414.96,4419.21,4414.88,4418.65,169
2026-08-11 04:46:00,4418.66,4420.38,4418.53,4419.86,179
2026-08-11 04:47:00,4419.86,4422.61,4419.62,4421.6,163
2026-08-11 04:48:00,4421.93,4424.63,4420.53,4423.95,193
2026-08-11 04:49:00,4423.99,4427.28,4423.81,4426.54,199
2026-08-11 04:50:00,4426.4,4427.72,4426.31,4426.4,186
2026-08-11 04:51:00,4426.45,4427.23,4425.27,4425.55,175
2026-08-11 04:52:00,4425.55,4427.8,4425.15,4427.8,162
2026-08-11 04:53:00,4427.66,4430.86,4427.48,4430.29,189
2026-08-11 04:54:00,4430.29,4431.55,4429.88,4431.48,170
2026-08-11 04:55:00,4431.47,4433.89,4429.4,4430.09,202
2026-08-11 04:56:00,4430.08,4432.31,4429.5,4432.02,179
2026-08-11 04:57:00,4432.04,4432.8,4430.33,4430.52,179
2026-08-11 04:58:00,4430.65,4432.49,4429.73,4431.62,172
2026-08-11 04:59:00,4431.6,4432.2,4428.96,4429.75,177
2026-08-11 05:00:00,4429.78,4429.81,4425.39,4426.77,201
2026-08-11 05:01:00,4426.79,4427.13,4424.63,4425.49,180
2026-08-11 05:02:00,4425.54,4427.81,4425.54,4426.69,184
2026-08-11 05:03:00,4426.55,4426.55,4424.05,4424.55,182
2026-08-11 05:04:00,4424.49,4426.98,4423.42,4426.92,179
2026-08-11 05:05:00,4426.92,4427.56,4425.29,4426.1,164
2026-08-11 05:06:00,4426.14,4429.6,4426.0,4428.34,170
2026-08-11 05:07:00,4428.19,4428.39,4424.06,4424.27,188
2026-08-11 05:08:00,4424.56,4425.96,4424.55,4424.91,169
2026-08-11 05:09:00,4424.88,4425.34,4421.76,4423.28,173
2026-08-11 05:10:00,4423.32,4426.01,4422.89,4426.01,158
2026-08-11 05:11:00,4425.9,4427.49,4425.47,4427.12,156
2026-08-11 05:12:00,4427.29,4428.84,4426.73,4428.73,164
2026-08-11 05:13:00,4428.82,4433.0,4428.81,4432.55,188
2026-08-11 05:14:00,4432.53,4434.56,4432.28,4433.6,184
2026-08-11 05:15:00,4433.89,4434.79,4433.71,4434.76,139
2026-08-11 05:16:00,4434.77,4435.18,4431.94,4432.08,180
2026-08-11 05:17:00,4432.14,4433.33,4432.04,4432.74,142
2026-08-11 05:18:00,4432.77,4434.0,4432.61,4433.66,149
2026-08-11 05:19:00,4433.64,4433.82,4431.65,4431.73,119
2026-08-11 05:20:00,4431.73,4432.26,4429.68,4430.41,144
2026-08-11 05:21:00,4430.41,4432.12,4429.83,4430.46,146
2026-08-11 05:22:00,4430.32,4430.66,4427.88,4428.51,154
2026-08-11 05:23:00,4428.72,4428.72,4427.39,4427.58,154
2026-08-11 05:24:00,4427.77,4428.17,4425.96,4426.12,151
2026-08-11 05:25:00,4425.99,4429.17,4425.93,4428.05,171
2026-08-11 05:26:00,4427.88,4429.38,4426.37,4428.82,158
2026-08-11 05:27:00,4428.69,4430.29,4428.35,4429.16,143
2026-08-11 05:28:00,4429.3,4430.24,4428.76,4429.37,119
2026-08-11 05:29:00,4429.36,4429.5,4428.06,4428.41,147
2026-08-11 05:30:00,4428.4,4429.43,4425.47,4428.49,203
2026-08-11 05:31:00,4428.45,4428.6,4425.51,4425.66,190
2026-08-11 05:32:00,4425.66,4427.79,4425.66,4426.96,182
2026-08-11 05:33:00,4426.96,4427.13,4424.04,4426.63,166
2026-08-11 05:34:00,4426.6,4427.22,4425.41,4426.73,184
2026-08-11 05:35:00,4426.76,4426.97,4423.43,4423.57,164
2026-08-11 05:36:00,4423.35,4423.98,4420.14,4420.39,182
2026-08-11 05:37:00,4420.45,4420.52,4417.99,4419.15,181
2026-08-11 05:38:00,4419.17,4419.25,4415.09,4415.47,186
2026-08-11 05:39:00,4415.41,4416.15,4413.66,4416.14,181
2026-08-11 05:40:00,4416.01,4420.47,4415.95,4420.47,190
2026-08-11 05:41:00,4420.38,4420.56,4417.78,4419.82,184
2026-08-11 05:42:00,4419.98,4421.29,4419.34,4420.81,183
2026-08-11 05:43:00,4420.81,4420.81,4418.15,4419.79,165
2026-08-11 05:44:00,4419.9,4420.01,4418.41,4418.44,155
2026-08-11 05:45:00,4418.44,4419.08,4417.6,4417.66,174
2026-08-11 05:46:00,4417.59,4417.75,4414.98,4416.39,177
2026-08-11 05:47:00,4416.35,4417.75,4414.64,4415.76,174
2026-08-11 05:48:00,4416.22,4417.41,4415.51,4415.64,176
2026-08-11 05:49:00,4415.74,4416.73,4414.88,4415.15,164
2026-08-11 05:50:00,4414.95,4415.24,4413.18,4413.69,180
2026-08-11 05:51:00,4413.63,4414.33,4411.82,4412.11,186
2026-08-11 05:52:00,4412.07,4412.56,4409.06,4412.44,181
2026-08-11 05:53:00,4412.44,4412.55,4410.69,4410.82,169
2026-08-11 05:54:00,4410.82,4411.81,4409.32,4411.64,183
2026-08-11 05:55:00,4411.7,4411.7,4407.98,4410.45,178
2026-08-11 05:56:00,4410.46,4413.03,4410.27,4412.26,185
2026-08-11 05:57:00,4412.29,4412.35,4409.51,4411.11,170
2026-08-11 05:58:00,4411.07,4412.85,4410.97,4411.83,172
2026-08-11 05:59:00,4411.68,4411.91,4410.36,4410.93,161
2026-08-11 06:00:00,4410.9,4412.84,4410.13,4412.84,181
2026-08-11 06:01:00,4412.89,4413.25,4411.69,4412.56,159
2026-08-11 06:02:00,4412.55,4414.25,4411.79,4413.96,166
2026-08-11 06:03:00,4413.8,4413.8,4411.81,4412.88,160
2026-08-11 06:04:00,4412.85,4413.45,4412.25,4413.45,149
2026-08-11 06:05:00,4413.48,4414.01,4413.03,4413.74,157
2026-08-11 06:06:00,4413.72,4413.75,4409.93,4411.26,175
2026-08-11 06:07:00,4411.38,4412.42,4410.97,4411.47,152
2026-08-11 06:08:00,4411.57,4413.98,4411.04,4413.31,157
2026-08-11 06:09:00,4413.17,4414.93,4413.04,4413.62,158
2026-08-11 06:10:00,4413.62,4413.74,4412.17,4413.73,146
2026-08-11 06:11:00,4413.77,4413.83,4412.15,4413.62,157
2026-08-11 06:12:00,4413.35,4415.19,4413.17,4414.38,154
2026-08-11 06:13:00,4414.37,4414.77,4413.15,4413.74,154
2026-08-11 06:14:00,4413.42,4414.15,4412.72,4413.29,139
2026-08-11 06:15:00,4413.35,4415.63,4413.33,4415.5,146
2026-08-11 06:16:00,4414.88,4414.88,4413.18,4413.75,163
2026-08-11 06:17:00,4413.75,4414.4,4412.83,4414.24,123
2026-08-11 06:18:00,4414.24,4416.98,4414.24,4416.09,165
2026-08-11 06:19:00,4416.1,4417.36,4416.01,4416.82,162
2026-08-11 06:20:00,4416.81,4418.23,4416.45,4417.3,136
2026-08-11 06:21:00,4417.34,4417.46,4416.18,4416.52,144
2026-08-11 06:22:00,4416.62,4417.18,4415.86,4415.86,164
2026-08-11 06:23:00,4415.88,4416.3,4414.44,4415.57,138
2026-08-11 06:24:00,4415.51,4415.76,4414.41,4415.4,146
2026-08-11 06:25:00,4415.44,4416.23,4415.27,4415.67,141
2026-08-11 06:26:00,4415.72,4419.72,4415.67,4419.26,169
2026-08-11 06:27:00,4419.27,4420.61,4418.61,4420.02,170
2026-08-11 06:28:00,4419.78,4419.98,4418.05,4418.57,156
2026-08-11 06:29:00,4418.64,4420.46,4418.36,4420.29,149
2026-08-11 06:30:00,4420.23,4421.59,4420.0,4420.29,136
2026-08-11 06:31:00,4420.31,4421.12,4419.53,4419.55,155
2026-08-11 06:32:00,4419.42,4420.29,4419.28,4419.74,122
2026-08-11 06:33:00,4419.84,4420.08,4418.74,4418.74,117
2026-08-11 06:34:00,4418.73,4419.77,4418.65,4419.63,118
2026-08-11 06:35:00,4419.62,4420.31,4419.06,4419.51,110
2026-08-11 06:36:00,4419.49,4419.93,4418.95,4419.53,120
2026-08-11 06:37:00,4419.53,4420.06,4419.45,4419.61,117
2026-08-11 06:38:00,4419.61,4419.61,4418.4,4418.61,108
2026-08-11 06:39:00,4418.62,4418.99,4418.22,4418.57,101
2026-08-11 06:40:00,4418.57,4419.55,4417.89,4418.83,112
2026-08-11 06:41:00,4418.96,4419.86,4418.53,4419.61,91
2026-08-11 06:42:00,4419.46,4419.77,4418.0,4418.0,95
2026-08-11 06:43:00,4418.04,4418.68,4416.47,4416.93,124
2026-08-11 06:44:00,4416.93,4417.66,4415.46,4415.96,112
2026-08-11 06:45:00,4416.21,4417.65,4416.12,4417.34,154
2026-08-11 06:46:00,4417.5,4418.17,4414.89,4415.56,150
2026-08-11 06:47:00,4415.56,4416.53,4415.23,4415.98,110
2026-08-11 06:48:00,4415.83,4416.6,4414.98,4415.49,134
2026-08-11 06:49:00,4415.35,4415.5,4414.03,4414.93,137
2026-08-11 06:50:00,4415.0,4416.17,4414.86,4415.82,109
2026-08-11 06:51:00,4415.85,4416.51,4414.73,4414.73,127
2026-08-11 06:52:00,4414.74,4415.95,4414.06,4415.85,113
2026-08-11 06:53:00,4415.71,4418.72,4415.62,4417.89,148
2026-08-11 06:54:00,4417.95,4417.96,4416.5,4416.84,102
2026-08-11 06:55:00,4416.69,4417.82,4416.69,4417.45,112
2026-08-11 06:56:00,4417.38,4417.56,4416.25,4416.33,76
2026-08-11 06:57:00,4416.26,4417.14,4416.16,4416.69,92
2026-08-11 06:58:00,4416.72,4417.84,4416.72,4417.4,89
2026-08-11 06:59:00,4417.4,4417.95,4416.27,4416.86,123
2026-08-11 07:00:00,4416.86,4417.6,4416.4,4417.45,112
2026-08-11 07:01:00,4417.59,4419.52,4417.54,4419.04,154
2026-08-11 07:02:00,4419.27,4419.46,4418.85,4419.18,134
2026-08-11 07:03:00,4419.21,4419.55,4417.71,4418.01,124
2026-08-11 07:04:00,4418.0,4418.57,4417.39,4417.66,112
2026-08-11 07:05:00,4417.71,4418.38,4417.71,4417.88,103
2026-08-11 07:06:00,4418.01,4418.1,4416.98,4417.18,108
2026-08-11 07:07:00,4417.18,4418.13,4414.27,4415.27,138
2026-08-11 07:08:00,4415.36,4416.01,4414.43,4414.69,121
2026-08-11 07:09:00,4414.79,4415.07,4413.67,4413.67,115
2026-08-11 07:10:00,4413.73,4414.32,4412.16,4412.38,150
2026-08-11 07:11:00,4412.36,4413.65,4412.02,4412.97,130
2026-08-11 07:12:00,4413.01,4413.91,4412.33,4412.81,129
2026-08-11 07:13:00,4412.87,4413.82,4412.87,4413.1,116
2026-08-11 07:14:00,4413.09,4414.21,4412.86,4414.01,117
2026-08-11 07:15:00,4414.01,4414.7,4412.51,4413.73,139
2026-08-11 07:16:00,4413.72,4415.19,4413.05,4414.07,124
2026-08-11 07:17:00,4414.07,4414.26,4413.45,4413.91,97
2026-08-11 07:18:00,4413.98,4415.31,4413.89,4415.16,108
2026-08-11 07:19:00,4415.17,4415.8,4413.06,4413.19,136
2026-08-11 07:20:00,4413.14,4413.14,4411.17,4411.29,148
2026-08-11 07:21:00,4411.5,4412.42,4409.87,4412.33,149
2026-08-11 07:22:00,4412.18,4412.44,4411.26,4412.32,99
2026-08-11 07:23:00,4412.39,4412.68,4411.92,4412.21,96
2026-08-11 07:24:00,4412.2,4413.96,4412.2,4412.98,132
2026-08-11 07:25:00,4413.11,4413.26,4412.1,4412.83,123
2026-08-11 07:26:00,4412.84,4412.87,4410.74,4411.7,126
2026-08-11 07:27:00,4411.69,4412.38,4411.31,4411.99,103
2026-08-11 07:28:00,4412.22,4415.43,4412.17,4415.27,128
2026-08-11 07:29:00,4415.32,4415.5,4414.73,4415.14,109
2026-08-11 07:30:00,4415.22,4415.38,4411.47,4412.67,175
2026-08-11 07:31:00,4412.96,4416.44,4410.93,4416.19,199
2026-08-11 07:32:00,4416.18,4418.69,4414.81,4418.47,160
2026-08-11 07:33:00,4418.43,4420.13,4417.67,4419.98,166
2026-08-11 07:34:00,4419.58,4419.98,4415.82,4415.83,165
2026-08-11 07:35:00,4415.82,4416.1,4412.89,4413.74,174
2026-08-11 07:36:00,4413.62,4413.74,4410.33,4412.79,171
2026-08-11 07:37:00,4412.66,4413.62,4411.48,4412.31,169
2026-08-11 07:38:00,4412.45,4413.94,4412.08,4413.85,140
2026-08-11 07:39:00,4413.4,4414.04,4413.0,4413.69,124
2026-08-11 07:40:00,4413.97,4414.86,4413.05,4413.05,147
2026-08-11 07:41:00,4413.02,4413.33,4411.68,4411.69,139
2026-08-11 07:42:00,4411.72,4411.99,4408.35,4409.22,182
2026-08-11 07:43:00,4409.31,4410.21,4408.93,4409.38,137
2026-08-11 07:44:00,4409.4,4410.58,4409.4,4410.07,136
2026-08-11 07:45:00,4410.07,4410.12,4408.99,4409.89,154
2026-08-11 07:46:00,4409.93,4411.37,4409.93,4410.58,149
2026-08-11 07:47:00,4410.59,4411.07,4409.84,4410.57,144
2026-08-11 07:48:00,4410.49,4410.52,4409.61,4409.93,141
2026-08-11 07:49:00,4409.94,4410.21,4407.11,4407.61,161
2026-08-11 07:50:00,4407.74,4408.07,4406.36,4406.99,150
2026-08-11 07:51:00,4407.32,4407.97,4407.09,4407.51,133
2026-08-11 07:52:00,4407.46,4407.86,4406.14,4406.43,142
2026-08-11 07:53:00,4406.68,4408.25,4405.34,4407.96,152
2026-08-11 07:54:00,4407.98,4408.2,4406.2,4406.87,123
2026-08-11 07:55:00,4406.98,4407.0,4404.38,4404.83,151
2026-08-11 07:56:00,4404.69,4406.04,4403.39,4405.89,143
2026-08-11 07:57:00,4405.89,4406.46,4405.19,4406.2,133
2026-08-11 07:58:00,4406.08,4406.81,4405.38,4406.3,104
2026-08-11 07:59:00,4406.28,4409.33,4406.0,4408.8,101
2026-08-11 08:00:00,4408.81,4408.97,4407.2,4407.85,140
2026-08-11 08:01:00,4407.99,4408.03,4405.8,4406.11,122
2026-08-11 08:02:00,4406.14,4406.77,4405.56,4406.24,106
2026-08-11 08:03:00,4406.24,4406.89,4405.69,4405.96,106
2026-08-11 08:04:00,4405.95,4405.96,4404.76,4405.39,116
2026-08-11 08:05:00,4405.39,4405.64,4402.71,4402.94,152
2026-08-11 08:06:00,4402.92,4404.53,4402.49,4404.07,144
2026-08-11 08:07:00,4404.07,4404.6,4403.26,4404.13,142
2026-08-11 08:08:00,4404.14,4406.07,4403.11,4405.73,128
2026-08-11 08:09:00,4405.71,4406.45,4405.12,4405.89,97
2026-08-11 08:10:00,4406.02,4406.22,4404.32,4405.0,124
2026-08-11 08:11:00,4405.01,4405.11,4401.39,4401.96,139
2026-08-11 08:12:00,4402.0,4402.15,4399.45,4401.73,124
2026-08-11 08:13:00,4401.87,4402.52,4401.57,4402.04,115
2026-08-11 08:14:00,4401.99,4402.66,4401.39,4402.1,86
2026-08-11 08:15:00,4402.23,4402.23,4400.95,4401.17,97
2026-08-11 08:16:00,4401.17,4402.28,4400.3,4401.57,128
2026-08-11 08:17:00,4401.86,4402.04,4398.57,4399.71,162
2026-08-11 08:18:00,4399.93,4399.96,4398.75,4398.75,130
2026-08-11 08:19:00,4398.77,4399.04,4397.85,4399.01,158
2026-08-11 08:20:00,4399.01,4399.01,4396.73,4397.14,162
2026-08-11 08:21:00,4397.33,4398.23,4396.23,4397.07,163
2026-08-11 08:22:00,4397.13,4399.09,4396.25,4398.23,150
2026-08-11 08:23:00,4398.4,4399.81,4397.39,4398.12,132
2026-08-11 08:24:00,4398.0,4398.53,4397.15,4397.83,139
2026-08-11 08:25:00,4397.83,4398.22,4394.26,4394.54,145
2026-08-11 08:26:00,4394.54,4394.69,4390.9,4392.74,187
2026-08-11 08:27:00,4392.71,4393.61,4392.29,4393.56,145
2026-08-11 08:28:00,4393.72,4393.72,4391.14,4391.14,132
2026-08-11 08:29:00,4391.34,4393.4,4390.87,4392.49,174
2026-08-11 08:30:00,4391.56,4391.61,4380.36,4380.52,209
2026-08-11 08:31:00,4380.77,4381.34,4376.26,4378.06,211
2026-08-11 08:32:00,4377.66,4379.19,4372.81,4373.92,207
2026-08-11 08:33:00,4374.0,4381.05,4373.57,4380.34,213
2026-08-11 08:34:00,4380.39,4384.94,4379.02,4384.28,199
2026-08-11 08:35:00,4384.15,4384.91,4381.79,4383.46,199
2026-08-11 08:36:00,4383.78,4385.64,4382.64,4383.71,195
2026-08-11 08:37:00,4383.63,4385.85,4381.29,4382.34,200
2026-08-11 08:38:00,4382.4,4384.19,4381.18,4381.37,194
2026-08-11 08:39:00,4381.26,4382.33,4376.76,4379.61,193
2026-08-11 08:40:00,4379.63,4380.19,4377.47,4378.92,190
2026-08-11 08:41:00,4378.75,4379.2,4376.51,4377.36,201
2026-08-11 08:42:00,4377.47,4377.47,4373.54,4374.43,206
2026-08-11 08:43:00,4374.56,4375.26,4373.61,4375.26,191
2026-08-11 08:44:00,4375.33,4379.46,4375.16,4377.12,196
2026-08-11 08:45:00,4377.12,4378.26,4374.25,4374.7,182
2026-08-11 08:46:00,4374.81,4374.81,4372.03,4373.43,188
2026-08-11 08:47:00,4373.25,4378.15,4372.67,4378.15,196
2026-08-11 08:48:00,4378.31,4378.31,4373.32,4374.37,187
2026-08-11 08:49:00,4374.7,4375.19,4372.29,4372.35,185
2026-08-11 08:50:00,4372.34,4372.56,4369.12,4370.31,199
2026-08-11 08:51:00,4369.98,4371.16,4368.13,4369.43,207
2026-08-11 08:52:00,4369.6,4372.81,4369.22,4372.75,190
2026-08-11 08:53:00,4372.75,4373.32,4370.31,4371.8,183
2026-08-11 08:54:00,4371.8,4371.83,4369.84,4369.96,186
2026-08-11 08:55:00,4370.08,4370.36,4367.9,4368.74,192
2026-08-11 08:56:00,4368.73,4371.46,4367.52,4371.01,179
2026-08-11 08:57:00,4370.8,4374.84,4370.8,4372.37,187
2026-08-11 08:58:00,4373.11,4374.71,4372.24,4373.47,186
2026-08-11 08:59:00,4373.39,4375.57,4372.89,4375.45,197
2026-08-11 09:00:00,4375.43,4375.43,4371.51,4373.43,207
2026-08-11 09:01:00,4373.21,4377.68,4372.99,4376.92,196
2026-08-11 09:02:00,4376.88,4379.13,4375.83,4378.62,197
2026-08-11 09:03:00,4378.35,4380.28,4378.27,4379.8,191
2026-08-11 09:04:00,4379.59,4380.87,4378.78,4379.51,188
2026-08-11 09:05:00,4379.51,4379.87,4378.09,4378.61,178
2026-08-11 09:06:00,4378.61,4381.07,4378.61,4379.68,166
2026-08-11 09:07:00,4379.66,4381.61,4379.47,4380.79,161
2026-08-11 09:08:00,4380.81,4381.84,4379.85,4381.5,184
2026-08-11 09:09:00,4381.64,4382.7,4381.27,4382.38,181
2026-08-11 09:10:00,4382.18,4382.37,4379.3,4379.85,181
2026-08-11 09:11:00,4379.54,4381.16,4377.43,4381.16,186
2026-08-11 09:12:00,4381.09,4382.27,4379.51,4379.51,178
2026-08-11 09:13:00,4379.86,4380.02,4377.85,4378.36,174
2026-08-11 09:14:00,4378.34,4378.35,4372.8,4372.8,204
2026-08-11 09:15:00,4372.79,4374.39,4371.7,4373.17,198
2026-08-11 09:16:00,4373.24,4373.65,4371.66,4373.37,173
2026-08-11 09:17:00,4373.4,4375.82,4373.4,4375.01,178
2026-08-11 09:18:00,4374.9,4376.15,4372.4,4372.7,191
2026-08-11 09:19:00,4372.69,4374.74,4369.47,4369.86,193
2026-08-11 09:20:00,4369.76,4370.8,4367.28,4370.73,198
2026-08-11 09:21:00,4370.47,4371.83,4368.72,4368.72,194
2026-08-11 09:22:00,4369.01,4372.59,4368.88,4372.48,183
2026-08-11 09:23:00,4372.34,4374.54,4372.2,4372.55,167
2026-08-11 09:24:00,4372.65,4374.52,4371.67,4373.7,164
2026-08-11 09:25:00,4373.66,4373.99,4371.41,4371.85,179
2026-08-11 09:26:00,4371.92,4372.73,4370.17,4372.69,184
2026-08-11 09:27:00,4372.61,4372.84,4370.88,4370.88,175
2026-08-11 09:28:00,4370.98,4373.03,4366.44,4367.54,193
2026-08-11 09:29:00,4367.56,4368.28,4362.05,4363.59,213
2026-08-11 09:30:00,4363.42,4367.72,4363.11,4365.18,205
2026-08-11 09:31:00,4365.12,4365.5,4361.9,4362.07,205
2026-08-11 09:32:00,4362.41,4364.21,4361.44,4361.73,212
2026-08-11 09:33:00,4361.72,4362.16,4359.71,4361.67,212
2026-08-11 09:34:00,4361.65,4363.98,4361.12,4362.94,186
2026-08-11 09:35:00,4362.52,4365.25,4362.14,4362.14,196
2026-08-11 09:36:00,4362.09,4365.77,4360.6,4365.66,197
2026-08-11 09:37:00,4365.71,4368.33,4365.02,4366.63,194
2026-08-11 09:38:00,4366.64,4367.42,4365.1,4367.2,178
2026-08-11 09:39:00,4367.2,4368.36,4366.7,4368.21,159
2026-08-11 09:40:00,4368.01,4369.39,4367.42,4368.64,187
2026-08-11 09:41:00,4368.84,4369.11,4367.5,4367.51,172
2026-08-11 09:42:00,4367.48,4368.06,4366.94,4367.74,165
2026-08-11 09:43:00,4367.76,4367.89,4365.32,4366.26,184
2026-08-11 09:44:00,4366.26,4366.42,4363.13,4363.82,158
2026-08-11 09:45:00,4363.79,4364.63,4362.75,4364.6,185
2026-08-11 09:46:00,4364.52,4365.51,4363.39,4365.43,171
2026-08-11 09:47:00,4365.27,4366.81,4365.18,4366.47,167
2026-08-11 09:48:00,4366.5,4367.36,4366.12,4366.44,164
2026-08-11 09:49:00,4366.35,4366.94,4365.81,4366.65,146
2026-08-11 09:50:00,4366.78,4367.44,4366.12,4366.78,168
2026-08-11 09:51:00,4366.81,4367.48,4366.19,4366.67,180
2026-08-11 09:52:00,4366.44,4366.8,4364.73,4365.29,175
2026-08-11 09:53:00,4365.28,4365.91,4362.68,4362.68,177
2026-08-11 09:54:00,4362.69,4363.07,4360.63,4361.51,187
2026-08-11 09:55:00,4361.66,4363.23,4359.89,4362.5,179
2026-08-11 09:56:00,4362.49,4364.6,4361.74,4364.03,172
2026-08-11 09:57:00,4364.16,4364.74,4363.71,4364.29,136
2026-08-11 09:58:00,4364.31,4364.57,4363.8,4364.28,162
2026-08-11 09:59:00,4364.2,4366.21,4363.58,4366.07,172
2026-08-11 10:00:00,4366.14,4366.63,4364.86,4366.44,197
2026-08-11 10:01:00,4366.42,4367.68,4364.55,4364.77,177
2026-08-11 10:02:00,4364.74,4366.57,4364.68,4365.85,163
2026-08-11 10:03:00,4365.99,4366.49,4361.76,4361.95,175
2026-08-11 10:04:00,4361.97,4365.66,4361.97,4362.95,176
2026-08-11 10:05:00,4362.95,4365.13,4362.53,4362.53,171
2026-08-11 10:06:00,4362.67,4363.39,4361.27,4362.97,169
2026-08-11 10:07:00,4362.94,4364.05,4362.1,4362.48,157
2026-08-11 10:08:00,4362.31,4364.85,4361.62,4363.47,157
2026-08-11 10:09:00,4363.46,4363.99,4361.18,4361.73,174
2026-08-11 10:10:00,4361.71,4362.98,4361.26,4362.27,142
2026-08-11 10:11:00,4362.29,4362.85,4361.3,4361.88,164
2026-08-11 10:12:00,4361.84,4363.43,4361.37,4363.4,174
2026-08-11 10:13:00,4363.26,4364.48,4362.9,4364.44,151
2026-08-11 10:14:00,4364.44,4365.04,4362.8,4363.42,145
2026-08-11 10:15:00,4363.28,4363.62,4361.22,4362.06,152
2026-08-11 10:16:00,4361.98,4363.46,4361.62,4363.23,137
2026-08-11 10:17:00,4363.07,4363.52,4360.66,4361.01,159
2026-08-11 10:18:00,4360.92,4361.95,4359.92,4360.12,163
2026-08-11 10:19:00,4360.13,4361.09,4357.49,4359.98,170
2026-08-11 10:20:00,4359.98,4361.96,4359.84,4361.64,143
2026-08-11 10:21:00,4361.64,4361.64,4359.14,4360.39,158
2026-08-11 10:22:00,4360.58,4361.69,4359.31,4359.8,174
2026-08-11 10:23:00,4359.8,4359.8,4357.36,4359.22,172
2026-08-11 10:24:00,4359.24,4360.61,4358.84,4360.0,155
2026-08-11 10:25:00,4360.22,4361.54,4359.44,4361.48,172
2026-08-11 10:26:00,4361.5,4365.93,4361.25,4365.19,180
2026-08-11 10:27:00,4365.14,4365.33,4363.78,4363.96,144
2026-08-11 10:28:00,4363.96,4364.75,4363.68,4363.97,145
2026-08-11 10:29:00,4363.96,4364.07,4362.71,4363.08,148
2026-08-11 10:30:00,4363.25,4364.91,4362.22,4362.33,179
2026-08-11 10:31:00,4362.32,4362.45,4358.71,4360.87,181
2026-08-11 10:32:00,4360.93,4362.5,4360.48,4361.44,192
2026-08-11 10:33:00,4361.36,4362.85,4361.04,4361.13,168
2026-08-11 10:34:00,4361.0,4362.01,4360.63,4361.21,138
2026-08-11 10:35:00,4361.13,4362.76,4360.87,4362.68,152
2026-08-11 10:36:00,4362.75,4363.6,4361.95,4362.33,147
2026-08-11 10:37:00,4362.29,4362.5,4360.85,4361.68,137
2026-08-11 10:38:00,4361.69,4361.69,4360.12,4360.15,144
2026-08-11 10:39:00,4360.09,4360.73,4359.25,4359.46,157
2026-08-11 10:40:00,4359.13,4359.19,4356.76,4357.96,173
2026-08-11 10:41:00,4358.15,4358.84,4357.1,4357.25,158
2026-08-11 10:42:00,4356.93,4358.23,4356.75,4357.92,155
2026-08-11 10:43:00,4357.85,4358.45,4357.12,4357.68,149
2026-08-11 10:44:00,4357.83,4358.78,4357.7,4358.41,173
2026-08-11 10:45:00,4358.9,4359.03,4357.45,4358.42,170
2026-08-11 10:46:00,4358.39,4359.06,4357.75,4358.88,144
2026-08-11 10:47:00,4358.78,4359.43,4357.62,4359.09,146
2026-08-11 10:48:00,4358.74,4359.82,4358.63,4359.24,147
2026-08-11 10:49:00,4359.25,4359.7,4358.37,4359.23,136
2026-08-11 10:50:00,4359.21,4359.53,4357.75,4359.21,147
2026-08-11 10:51:00,4359.06,4361.22,4358.15,4360.74,148
2026-08-11 10:52:00,4360.67,4361.57,4360.14,4361.23,150
2026-08-11 10:53:00,4361.23,4361.44,4359.45,4360.25,163
2026-08-11 10:54:00,4360.25,4360.89,4359.66,4359.82,141
2026-08-11 10:55:00,4359.63,4359.98,4358.63,4358.74,150
2026-08-11 10:56:00,4358.76,4359.31,4357.79,4358.27,134
2026-08-11 10:57:00,4358.27,4358.7,4356.72,4358.5,151
2026-08-11 10:58:00,4358.46,4358.65,4356.81,4356.97,147
2026-08-11 10:59:00,4357.06,4357.82,4356.66,4357.33,139
2026-08-11 11:00:00,4357.58,4359.49,4356.91,4359.12,186
2026-08-11 11:01:00,4359.1,4361.26,4358.89,4360.07,170
2026-08-11 11:02:00,4360.06,4362.2,4360.03,4361.9,169
2026-08-11 11:03:00,4361.75,4364.09,4361.75,4363.84,156
2026-08-11 11:04:00,4363.84,4364.23,4363.07,4363.24,146
2026-08-11 11:05:00,4363.23,4365.53,4362.38,4365.3,179
2026-08-11 11:06:00,4365.29,4365.62,4364.12,4365.5,155
2026-08-11 11:07:00,4365.53,4366.73,4365.32,4365.91,152
2026-08-11 11:08:00,4365.77,4366.34,4365.35,4365.87,139
2026-08-11 11:09:00,4365.77,4366.25,4364.63,4365.62,131
2026-08-11 11:10:00,4365.54,4366.71,4365.15,4365.72,156
2026-08-11 11:11:00,4365.73,4366.68,4365.13,4365.76,155
2026-08-11 11:12:00,4365.62,4365.7,4364.55,4364.77,163
2026-08-11 11:13:00,4364.75,4365.15,4363.89,4364.72,139
2026-08-11 11:14:00,4364.73,4365.57,4364.51,4365.14,143
2026-08-11 11:15:00,4365.13,4365.7,4364.36,4364.72,158
2026-08-11 11:16:00,4364.71,4364.86,4361.92,4362.85,159
2026-08-11 11:17:00,4362.86,4363.3,4361.08,4361.52,144
2026-08-11 11:18:00,4361.52,4361.67,4360.04,4361.25,143
2026-08-11 11:19:00,4361.56,4362.98,4361.01,4362.31,139
2026-08-11 11:20:00,4362.31,4364.13,4360.84,4360.88,162
2026-08-11 11:21:00,4360.8,4361.92,4358.97,4361.62,170
2026-08-11 11:22:00,4361.55,4362.87,4361.05,4362.48,149
2026-08-11 11:23:00,4362.44,4364.26,4361.83,4363.05,173
2026-08-11 11:24:00,4363.05,4364.77,4362.98,4364.76,174
2026-08-11 11:25:00,4364.53,4365.37,4363.82,4365.37,172
2026-08-11 11:26:00,4365.39,4368.1,4365.2,4367.61,176
2026-08-11 11:27:00,4367.74,4368.75,4367.28,4367.89,161
2026-08-11 11:28:00,4367.79,4368.78,4367.64,4368.48,152
2026-08-11 11:29:00,4368.5,4369.75,4368.26,4369.09,144
2026-08-11 11:30:00,4369.08,4370.89,4368.79,4369.71,171
2026-08-11 11:31:00,4369.7,4371.51,4369.64,4371.47,172
2026-08-11 11:32:00,4371.47,4371.47,4369.73,4370.27,156
2026-08-11 11:33:00,4370.28,4372.6,4368.68,4370.94,158
2026-08-11 11:34:00,4370.78,4371.6,4369.53,4371.11,157
2026-08-11 11:35:00,4371.22,4372.14,4370.73,4371.8,160
2026-08-11 11:36:00,4371.67,4372.29,4371.14,4372.09,156
2026-08-11 11:37:00,4372.13,4373.63,4371.54,4372.95,146
2026-08-11 11:38:00,4372.82,4373.27,4372.34,4373.24,148
2026-08-11 11:39:00,4373.32,4375.11,4373.02,4374.71,144
2026-08-11 11:40:00,4374.51,4375.23,4374.08,4375.23,160
2026-08-11 11:41:00,4375.04,4375.55,4374.3,4374.94,137
2026-08-11 11:42:00,4375.08,4375.86,4374.32,4375.35,135
2026-08-11 11:43:00,4375.49,4376.01,4375.24,4375.73,112
2026-08-11 11:44:00,4375.62,4375.62,4374.04,4374.85,128
2026-08-11 11:45:00,4374.85,4375.24,4374.54,4374.64,130
2026-08-11 11:46:00,4374.65,4375.49,4374.4,4374.4,136
2026-08-11 11:47:00,4374.37,4374.95,4373.64,4373.64,121
2026-08-11 11:48:00,4373.66,4374.44,4372.4,4373.59,189
2026-08-11 11:49:00,4373.6,4374.41,4372.73,4374.2,139
2026-08-11 11:50:00,4374.29,4376.7,4374.0,4375.82,155
2026-08-11 11:51:00,4375.83,4376.67,4374.47,4374.81,178
2026-08-11 11:52:00,4374.83,4375.71,4373.96,4374.01,154
2026-08-11 11:53:00,4374.08,4374.44,4372.39,4372.83,159
2026-08-11 11:54:00,4372.83,4373.11,4371.06,4371.17,145
2026-08-11 11:55:00,4371.17,4372.63,4371.11,4371.59,143
2026-08-11 11:56:00,4371.59,4372.03,4371.0,4371.39,136
2026-08-11 11:57:00,4371.37,4371.4,4370.47,4371.08,119
2026-08-11 11:58:00,4370.93,4371.31,4370.14,4370.32,149
2026-08-11 11:59:00,4370.3,4370.47,4369.0,4369.0,133
2026-08-11 12:00:00,4369.0,4369.2,4367.54,4367.8,176
2026-08-11 12:01:00,4367.66,4369.09,4367.5,4368.57,151
2026-08-11 12:02:00,4368.72,4371.43,4368.11,4370.87,170
2026-08-11 12:03:00,4370.89,4371.69,4370.12,4370.4,150
2026-08-11 12:04:00,4370.48,4371.53,4370.48,4371.15,127
2026-08-11 12:05:00,4371.29,4372.39,4371.11,4372.25,130
2026-08-11 12:06:00,4372.18,4372.29,4370.96,4371.23,142
2026-08-11 12:07:00,4371.28,4372.36,4371.05,4371.63,114
2026-08-11 12:08:00,4371.51,4372.4,4370.51,4371.08,126
2026-08-11 12:09:00,4371.06,4371.7,4370.32,4370.46,128
2026-08-11 12:10:00,4370.4,4371.8,4370.28,4371.67,124
2026-08-11 12:11:00,4371.63,4373.1,4371.19,4371.37,140
2026-08-11 12:12:00,4371.51,4371.97,4371.14,4371.72,105
2026-08-11 12:13:00,4371.7,4372.86,4371.2,4372.41,107
2026-08-11 12:14:00,4372.4,4372.89,4372.1,4372.36,114
2026-08-11 12:15:00,4372.35,4373.2,4371.55,4372.55,127
2026-08-11 12:16:00,4372.54,4373.15,4371.09,4372.08,125
2026-08-11 12:17:00,4372.07,4372.79,4371.3,4372.79,135
2026-08-11 12:18:00,4372.66,4373.79,4371.99,4373.33,130
2026-08-11 12:19:00,4373.46,4374.18,4372.76,4374.18,118
2026-08-11 12:20:00,4373.89,4375.47,4373.81,4375.02,149
2026-08-11 12:21:00,4374.9,4375.25,4372.29,4372.29,194
2026-08-11 12:22:00,4371.87,4373.57,4370.77,4373.22,175
2026-08-11 12:23:00,4373.23,4373.78,4372.52,4373.28,181
2026-08-11 12:24:00,4373.44,4373.78,4372.6,4372.74,108
2026-08-11 12:25:00,4372.75,4372.9,4371.15,4371.85,147
2026-08-11 12:26:00,4371.8,4372.67,4370.74,4372.67,159
2026-08-11 12:27:00,4372.89,4375.01,4371.49,4375.0,172
2026-08-11 12:28:00,4375.09,4375.62,4373.05,4373.05,159
2026-08-11 12:29:00,4373.19,4373.95,4371.66,4371.97,134
2026-08-11 12:30:00,4371.88,4373.63,4369.93,4371.76,177
2026-08-11 12:31:00,4371.75,4374.09,4370.43,4374.09,176
2026-08-11 12:32:00,4373.8,4375.11,4372.99,4374.48,147
2026-08-11 12:33:00,4374.49,4374.82,4372.92,4373.41,138
2026-08-11 12:34:00,4373.25,4374.3,4372.95,4373.59,139
2026-08-11 12:35:00,4373.53,4373.75,4372.6,4373.35,124
2026-08-11 12:36:00,4373.37,4374.21,4371.79,4373.3,134
2026-08-11 12:37:00,4373.18,4374.09,4372.86,4374.08,129
2026-08-11 12:38:00,4374.0,4374.66,4373.17,4374.53,121
2026-08-11 12:39:00,4374.58,4374.6,4373.02,4373.44,106
2026-08-11 12:40:00,4373.43,4374.2,4373.09,4373.44,115
2026-08-11 12:41:00,4373.42,4374.36,4373.39,4374.18,130
2026-08-11 12:42:00,4374.23,4374.24,4371.65,4371.87,142
2026-08-11 12:43:00,4371.9,4372.83,4370.97,4372.22,150
2026-08-11 12:44:00,4372.21,4372.21,4370.62,4370.66,136
2026-08-11 12:45:00,4370.55,4371.23,4370.29,4370.82,153
2026-08-11 12:46:00,4370.65,4372.7,4370.6,4372.46,144
2026-08-11 12:47:00,4372.48,4372.74,4371.93,4372.62,109
2026-08-11 12:48:00,4372.62,4374.54,4372.53,4374.12,149
2026-08-11 12:49:00,4374.14,4374.33,4373.31,4373.72,117
2026-08-11 12:50:00,4373.66,4373.66,4372.01,4372.33,131
2026-08-11 12:51:00,4372.35,4372.72,4371.55,4371.69,120
2026-08-11 12:52:00,4371.77,4372.1,4371.15,4371.89,101
2026-08-11 12:53:00,4371.84,4373.16,4371.43,4372.85,115
2026-08-11 12:54:00,4373.11,4373.11,4371.23,4371.85,96
2026-08-11 12:55:00,4371.86,4372.39,4371.26,4371.29,107
2026-08-11 12:56:00,4371.44,4372.01,4371.14,4371.64,109
2026-08-11 12:57:00,4371.97,4372.66,4371.75,4372.34,136
2026-08-11 12:58:00,4372.33,4373.05,4372.01,4372.28,132
2026-08-11 12:59:00,4372.41,4372.67,4371.71,4372.32,137
2026-08-11 13:00:00,4372.31,4374.23,4372.3,4373.31,163
2026-08-11 13:01:00,4373.31,4374.15,4372.98,4373.23,135
2026-08-11 13:02:00,4373.32,4373.83,4371.15,4371.63,147
2026-08-11 13:03:00,4371.71,4372.62,4371.27,4372.48,150
2026-08-11 13:04:00,4372.51,4373.29,4372.19,4372.19,118
2026-08-11 13:05:00,4372.17,4373.37,4371.41,4373.29,136
2026-08-11 13:06:00,4373.29,4374.43,4373.25,4373.85,133
2026-08-11 13:07:00,4373.86,4374.82,4372.58,4372.6,144
2026-08-11 13:08:00,4372.82,4374.24,4372.71,4373.57,112
2026-08-11 13:09:00,4373.57,4373.94,4373.14,4373.6,107
2026-08-11 13:10:00,4373.46,4376.02,4373.46,4375.21,143
2026-08-11 13:11:00,4375.25,4375.55,4374.61,4375.13,140
2026-08-11 13:12:00,4375.18,4375.18,4373.3,4373.7,130
2026-08-11 13:13:00,4373.56,4373.81,4373.01,4373.55,126
2026-08-11 13:14:00,4373.57,4373.78,4373.01,4373.05,136
2026-08-11 13:15:00,4373.04,4373.99,4373.0,4373.36,127
2026-08-11 13:16:00,4373.35,4374.46,4373.33,4374.14,118
2026-08-11 13:17:00,4374.37,4375.03,4374.11,4374.72,132
2026-08-11 13:18:00,4374.73,4374.73,4372.8,4373.74,134
2026-08-11 13:19:00,4373.74,4373.91,4372.3,4372.3,120
2026-08-11 13:20:00,4372.39,4373.19,4372.31,4372.8,121
2026-08-11 13:21:00,4372.79,4373.77,4372.65,4373.33,99
2026-08-11 13:22:00,4373.32,4377.19,4373.2,4375.87,134
2026-08-11 13:23:00,4375.9,4378.04,4375.72,4376.17,182
2026-08-11 13:24:00,4376.12,4377.82,4375.86,4377.74,150
2026-08-11 13:25:00,4377.61,4380.35,4376.53,4379.6,183
2026-08-11 13:26:00,4379.59,4381.4,4378.41,4378.83,184
2026-08-11 13:27:00,4378.74,4379.52,4378.34,4378.8,174
2026-08-11 13:28:00,4379.05,4381.82,4378.75,4378.96,187
2026-08-11 13:29:00,4378.9,4379.02,4377.9,4378.34,163
2026-08-11 13:30:00,4378.34,4380.09,4378.14,4379.99,171
2026-08-11 13:31:00,4379.86,4381.13,4379.41,4380.96,177
2026-08-11 13:32:00,4380.73,4380.87,4378.98,4379.48,168
2026-08-11 13:33:00,4379.69,4379.69,4378.01,4378.62,159
2026-08-11 13:34:00,4378.72,4379.51,4378.31,4379.29,147
2026-08-11 13:35:00,4379.15,4379.7,4378.42,4378.56,139
2026-08-11 13:36:00,4378.56,4379.7,4378.56,4379.24,131
2026-08-11 13:37:00,4379.25,4379.43,4378.79,4379.32,107
2026-08-11 13:38:00,4379.18,4380.01,4378.75,4378.95,122
2026-08-11 13:39:00,4378.94,4379.05,4377.63,4378.03,133
2026-08-11 13:40:00,4377.89,4378.28,4377.6,4378.12,117
2026-08-11 13:41:00,4377.9,4378.3,4377.69,4378.15,123
2026-08-11 13:42:00,4378.03,4378.51,4377.17,4377.29,143
2026-08-11 13:43:00,4377.29,4378.05,4376.85,4377.91,143
2026-08-11 13:44:00,4377.95,4378.16,4377.43,4377.6,125
2026-08-11 13:45:00,4377.69,4378.59,4377.58,4377.9,126
2026-08-11 13:46:00,4377.83,4379.99,4377.83,4379.65,157
2026-08-11 13:47:00,4379.64,4380.37,4379.23,4379.78,146
2026-08-11 13:48:00,4379.8,4379.96,4379.48,4379.55,124
2026-08-11 13:49:00,4379.52,4381.11,4378.75,4381.11,138
2026-08-11 13:50:00,4381.13,4381.89,4380.53,4381.19,139
2026-08-11 13:51:00,4381.29,4381.62,4380.5,4380.92,122
2026-08-11 13:52:00,4381.05,4381.44,4380.48,4381.24,117
2026-08-11 13:53:00,4381.11,4381.11,4380.2,4380.64,144
2026-08-11 13:54:00,4380.63,4381.17,4380.17,4380.54,132
2026-08-11 13:55:00,4380.68,4381.62,4379.98,4380.08,158
2026-08-11 13:56:00,4380.08,4380.29,4379.46,4379.89,136
2026-08-11 13:57:00,4379.86,4380.07,4378.85,4378.92,151
2026-08-11 13:58:00,4379.29,4379.83,4379.01,4379.35,138
2026-08-11 13:59:00,4379.31,4382.57,4379.28,4382.41,144
2026-08-11 14:00:00,4382.37,4382.49,4380.57,4380.57,171
2026-08-11 14:01:00,4380.66,4390.94,4380.49,4390.06,260
2026-08-11 14:02:00,4390.09,4391.6,4387.13,4389.9,251
2026-08-11 14:03:00,4389.83,4393.04,4387.04,4392.79,238
2026-08-11 14:04:00,4392.78,4392.97,4389.3,4391.13,246
2026-08-11 14:05:00,4391.2,4392.44,4390.43,4392.0,234
2026-08-11 14:06:00,4391.89,4392.03,4388.84,4389.51,225
2026-08-11 14:07:00,4389.56,4391.95,4388.96,4390.93,204
2026-08-11 14:08:00,4390.95,4391.84,4389.87,4391.7,194
2026-08-11 14:09:00,4391.61,4392.05,4389.79,4390.45,185
2026-08-11 14:10:00,4391.02,4391.55,4389.5,4390.84,182
2026-08-11 14:11:00,4390.93,4391.34,4389.3,4389.97,176
2026-08-11 14:12:00,4389.85,4391.82,4387.78,4391.63,185
2026-08-11 14:13:00,4391.53,4392.6,4390.94,4391.52,171
2026-08-11 14:14:00,4391.57,4391.57,4390.3,4391.31,173
2026-08-11 14:15:00,4391.47,4392.02,4390.51,4391.48,180
2026-08-11 14:16:00,4391.49,4392.41,4390.22,4390.75,178
2026-08-11 14:17:00,4390.67,4390.77,4388.64,4389.54,169
2026-08-11 14:18:00,4389.68,4390.33,4388.95,4389.58,165
2026-08-11 14:19:00,4389.56,4391.16,4388.18,4390.02,167
2026-08-11 14:20:00,4390.06,4391.42,4388.19,4388.35,168
2026-08-11 14:21:00,4388.35,4388.72,4387.03,4387.27,157
2026-08-11 14:22:00,4387.28,4387.28,4386.07,4386.83,146
2026-08-11 14:23:00,4386.84,4387.03,4385.5,4386.08,160
2026-08-11 14:24:00,4386.06,4386.82,4385.87,4386.17,144
2026-08-11 14:25:00,4386.15,4386.68,4385.1,4385.65,168
2026-08-11 14:26:00,4385.65,4388.5,4385.57,4388.1,175
2026-08-11 14:27:00,4387.97,4388.05,4386.71,4386.71,153
2026-08-11 14:28:00,4386.72,4387.86,4386.6,4387.69,164
2026-08-11 14:29:00,4387.7,4388.28,4386.48,4387.24,158
2026-08-11 14:30:00,4387.34,4388.08,4387.01,4387.58,162
2026-08-11 14:31:00,4387.58,4388.06,4386.35,4387.36,165
2026-08-11 14:32:00,4387.34,4387.34,4385.23,4386.17,147
2026-08-11 14:33:00,4386.27,4386.88,4385.56,4385.92,136
2026-08-11 14:34:00,4386.06,4387.02,4385.8,4386.29,117
2026-08-11 14:35:00,4386.3,4386.69,4385.69,4386.52,110
2026-08-11 14:36:00,4386.58,4387.21,4385.55,4386.7,147
2026-08-11 14:37:00,4386.7,4386.7,4385.2,4385.73,141
2026-08-11 14:38:00,4385.78,4386.05,4384.28,4384.68,156
2026-08-11 14:39:00,4384.42,4384.7,4383.35,4384.6,158
2026-08-11 14:40:00,4384.53,4385.38,4384.0,4384.35,154
2026-08-11 14:41:00,4384.32,4384.45,4383.22,4383.48,105
2026-08-11 14:42:00,4383.47,4384.33,4382.96,4384.15,148
2026-08-11 14:43:00,4384.29,4386.18,4383.98,4385.26,150
2026-08-11 14:44:00,4385.34,4386.4,4385.14,4386.4,142
2026-08-11 14:45:00,4386.13,4388.19,4385.73,4388.1,139
2026-08-11 14:46:00,4388.12,4389.03,4385.51,4387.57,180
2026-08-11 14:47:00,4387.78,4388.57,4386.94,4387.58,158
2026-08-11 14:48:00,4387.56,4387.96,4386.32,4386.58,149
2026-08-11 14:49:00,4386.78,4387.77,4386.08,4387.6,149
2026-08-11 14:50:00,4387.61,4388.21,4386.64,4387.02,136
2026-08-11 14:51:00,4386.85,4387.92,4384.84,4386.9,146
2026-08-11 14:52:00,4386.87,4389.63,4386.61,4388.77,168
2026-08-11 14:53:00,4389.0,4389.89,4387.12,4387.54,168
2026-08-11 14:54:00,4387.54,4388.62,4386.04,4387.57,155
2026-08-11 14:55:00,4387.19,4387.2,4385.64,4387.07,147
2026-08-11 14:56:00,4387.11,4388.2,4386.74,4387.21,127
2026-08-11 14:57:00,4387.19,4388.41,4386.99,4388.41,127
2026-08-11 14:58:00,4388.25,4388.7,4387.68,4387.77,151
2026-08-11 14:59:00,4387.85,4388.32,4387.24,4387.81,144
2026-08-11 15:00:00,4387.81,4387.94,4384.92,4385.86,174
2026-08-11 15:01:00,4385.85,4386.4,4384.49,4385.39,177
2026-08-11 15:02:00,4385.3,4385.86,4383.84,4383.85,163
2026-08-11 15:03:00,4383.91,4386.84,4383.86,4386.53,165
2026-08-11 15:04:00,4386.71,4386.85,4384.54,4385.31,157
2026-08-11 15:05:00,4385.28,4390.11,4384.96,4389.97,173
2026-08-11 15:06:00,4389.95,4392.34,4388.71,4391.65,181
2026-08-11 15:07:00,4391.51,4393.03,4390.08,4392.71,177
2026-08-11 15:08:00,4392.69,4395.38,4392.52,4394.27,183
2026-08-11 15:09:00,4394.33,4394.88,4392.95,4393.51,175
2026-08-11 15:10:00,4393.51,4395.95,4393.41,4394.14,182
2026-08-11 15:11:00,4394.17,4395.39,4391.42,4392.18,175
2026-08-11 15:12:00,4392.16,4395.57,4392.14,4394.94,189
2026-08-11 15:13:00,4395.07,4397.65,4395.04,4395.93,171
2026-08-11 15:14:00,4395.91,4397.61,4395.82,4396.76,155
2026-08-11 15:15:00,4396.8,4397.84,4394.73,4395.56,178
2026-08-11 15:16:00,4395.6,4396.31,4394.5,4394.71,166
2026-08-11 15:17:00,4394.92,4395.21,4392.79,4393.49,168
2026-08-11 15:18:00,4393.55,4395.72,4393.09,4394.87,177
2026-08-11 15:19:00,4394.79,4396.83,4394.79,4396.05,166
2026-08-11 15:20:00,4395.96,4398.25,4395.09,4398.25,182
2026-08-11 15:21:00,4398.07,4399.79,4397.43,4398.26,175
2026-08-11 15:22:00,4398.28,4399.64,4392.87,4393.93,220
2026-08-11 15:23:00,4394.23,4394.75,4388.37,4388.37,237
2026-08-11 15:24:00,4388.6,4390.57,4387.86,4389.26,219
2026-08-11 15:25:00,4389.17,4390.55,4387.41,4389.54,196
2026-08-11 15:26:00,4389.41,4390.92,4388.23,4390.76,187
2026-08-11 15:27:00,4390.67,4392.89,4389.67,4391.04,193
2026-08-11 15:28:00,4391.2,4393.15,4389.51,4392.76,168
2026-08-11 15:29:00,4392.74,4392.74,4390.9,4391.34,157
2026-08-11 15:30:00,4391.39,4392.2,4389.21,4391.43,192
2026-08-11 15:31:00,4392.09,4392.85,4391.08,4392.03,180
2026-08-11 15:32:00,4392.05,4395.33,4391.74,4394.43,195
2026-08-11 15:33:00,4394.52,4395.1,4391.6,4391.84,169
2026-08-11 15:34:00,4391.83,4391.93,4388.68,4390.18,174
2026-08-11 15:35:00,4390.18,4391.55,4389.19,4390.32,159
2026-08-11 15:36:00,4390.22,4392.17,4389.06,4391.7,180
2026-08-11 15:37:00,4391.74,4392.2,4390.23,4390.36,133
2026-08-11 15:38:00,4390.03,4391.37,4389.09,4390.62,172
2026-08-11 15:39:00,4390.76,4391.33,4388.85,4389.93,149
2026-08-11 15:40:00,4390.01,4390.95,4389.67,4390.77,157
2026-08-11 15:41:00,4390.77,4395.26,4390.77,4395.23,187
2026-08-11 15:42:00,4395.45,4396.43,4394.62,4394.68,151
2026-08-11 15:43:00,4394.67,4395.88,4393.86,4395.7,148
2026-08-11 15:44:00,4395.54,4398.57,4394.87,4398.45,177
2026-08-11 15:45:00,4398.64,4400.23,4397.87,4399.26,177
2026-08-11 15:46:00,4398.97,4399.26,4396.18,4396.39,155
2026-08-11 15:47:00,4396.42,4397.57,4395.4,4397.13,153
2026-08-11 15:48:00,4397.09,4398.26,4395.67,4395.94,169
2026-08-11 15:49:00,4395.93,4397.51,4395.47,4397.26,135
2026-08-11 15:50:00,4397.26,4397.46,4395.82,4396.01,152
2026-08-11 15:51:00,4396.01,4398.07,4395.48,4396.0,162
2026-08-11 15:52:00,4396.0,4396.17,4393.39,4394.15,156
2026-08-11 15:53:00,4394.14,4394.61,4392.86,4394.02,142
2026-08-11 15:54:00,4393.92,4394.32,4393.02,4393.47,127
2026-08-11 15:55:00,4393.71,4394.22,4392.78,4393.83,142
2026-08-11 15:56:00,4393.83,4394.36,4393.1,4394.23,157
2026-08-11 15:57:00,4394.23,4394.38,4392.83,4394.38,149
2026-08-11 15:58:00,4394.37,4394.79,4393.29,4393.76,146
2026-08-11 15:59:00,4393.45,4393.45,4392.13,4392.51,158
2026-08-11 16:00:00,4392.72,4398.01,4391.71,4396.89,214
2026-08-11 16:01:00,4396.89,4397.99,4395.26,4396.54,207
2026-08-11 16:02:00,4396.87,4398.66,4395.55,4397.61,194
2026-08-11 16:03:00,4397.89,4399.43,4396.81,4397.73,203
2026-08-11 16:04:00,4397.63,4397.92,4391.86,4392.78,195
2026-08-11 16:05:00,4392.9,4394.96,4392.59,4394.43,194
2026-08-11 16:06:00,4394.49,4395.15,4393.61,4394.19,186
2026-08-11 16:07:00,4394.21,4395.64,4393.64,4395.13,165
2026-08-11 16:08:00,4395.22,4397.13,4395.12,4396.3,173
2026-08-11 16:09:00,4395.78,4399.13,4395.34,4399.13,186
2026-08-11 16:10:00,4399.59,4400.69,4398.23,4399.32,171
2026-08-11 16:11:00,4399.33,4401.05,4399.01,4399.29,178
2026-08-11 16:12:00,4399.18,4399.54,4398.04,4399.22,174
2026-08-11 16:13:00,4399.24,4399.24,4397.98,4398.27,154
2026-08-11 16:14:00,4398.28,4398.57,4393.67,4393.73,180
2026-08-11 16:15:00,4393.35,4393.46,4391.29,4392.55,183
2026-08-11 16:16:00,4392.56,4392.56,4389.42,4391.16,192
2026-08-11 16:17:00,4391.08,4393.48,4390.36,4392.98,194
2026-08-11 16:18:00,4393.03,4394.92,4392.47,4394.06,188
2026-08-11 16:19:00,4394.19,4395.53,4393.82,4394.2,188
2026-08-11 16:20:00,4394.24,4397.82,4394.17,4396.77,176
2026-08-11 16:21:00,4396.79,4400.01,4395.66,4399.77,173
2026-08-11 16:22:00,4399.8,4400.75,4398.53,4400.63,173
2026-08-11 16:23:00,4400.65,4400.82,4397.72,4397.89,176
2026-08-11 16:24:00,4397.92,4398.69,4396.61,4397.81,173
2026-08-11 16:25:00,4397.96,4398.05,4395.76,4397.8,190
2026-08-11 16:26:00,4397.58,4399.83,4397.49,4399.68,180
2026-08-11 16:27:00,4399.63,4399.83,4397.94,4399.05,173
2026-08-11 16:28:00,4399.8,4400.0,4398.39,4398.53,168
2026-08-11 16:29:00,4398.48,4399.43,4397.08,4398.11,188
2026-08-11 16:30:00,4398.02,4399.48,4397.53,4398.57,224
2026-08-11 16:31:00,4398.42,4398.58,4395.56,4396.57,209
2026-08-11 16:32:00,4396.46,4398.27,4393.98,4395.17,217
2026-08-11 16:33:00,4394.96,4396.26,4391.73,4392.38,210
2026-08-11 16:34:00,4392.23,4392.85,4389.95,4392.32,209
2026-08-11 16:35:00,4392.47,4392.68,4388.74,4390.17,218
2026-08-11 16:36:00,4390.15,4395.53,4389.56,4395.53,213
2026-08-11 16:37:00,4395.53,4399.54,4394.59,4398.62,207
2026-08-11 16:38:00,4398.5,4399.08,4394.26,4396.27,206
2026-08-11 16:39:00,4396.33,4399.92,4395.67,4399.59,206
2026-08-11 16:40:00,4399.7,4401.28,4398.6,4401.0,203
2026-08-11 16:41:00,4400.98,4401.94,4399.12,4400.57,207
2026-08-11 16:42:00,4400.29,4401.44,4399.02,4401.03,213
2026-08-11 16:43:00,4400.98,4401.09,4398.64,4399.56,195
2026-08-11 16:44:00,4399.8,4400.83,4398.23,4399.71,185
2026-08-11 16:45:00,4399.73,4404.25,4399.73,4402.24,214
2026-08-11 16:46:00,4402.02,4404.2,4401.34,4402.59,215
2026-08-11 16:47:00,4402.31,4403.41,4397.08,4397.23,219
2026-08-11 16:48:00,4397.21,4397.31,4392.71,4393.68,220
2026-08-11 16:49:00,4393.63,4396.06,4392.72,4394.76,211
2026-08-11 16:50:00,4394.91,4396.64,4392.45,4392.71,210
2026-08-11 16:51:00,4392.55,4395.14,4390.79,4391.08,206
2026-08-11 16:52:00,4391.01,4393.3,4390.04,4392.95,219
2026-08-11 16:53:00,4392.89,4392.93,4388.74,4388.98,209
2026-08-11 16:54:00,4389.09,4389.09,4384.43,4387.07,217
2026-08-11 16:55:00,4387.14,4391.64,4386.84,4391.41,211
2026-08-11 16:56:00,4391.64,4394.5,4391.2,4393.19,204
2026-08-11 16:57:00,4393.33,4394.38,4391.76,4391.87,203
2026-08-11 16:58:00,4391.77,4392.03,4388.53,4389.16,204
2026-08-11 16:59:00,4389.02,4390.7,4388.55,4389.27,185
2026-08-11 17:00:00,4389.23,4390.15,4385.89,4388.67,211
2026-08-11 17:01:00,4388.46,4389.83,4387.72,4389.44,196
2026-08-11 17:02:00,4389.82,4389.82,4383.08,4385.07,222
2026-08-11 17:03:00,4385.09,4385.19,4382.29,4383.05,206
2026-08-11 17:04:00,4383.19,4385.33,4381.04,4385.33,205
2026-08-11 17:05:00,4385.06,4387.05,4382.94,4385.11,215
2026-08-11 17:06:00,4385.12,4386.06,4383.25,4384.61,201
2026-08-11 17:07:00,4384.68,4386.09,4383.19,4384.65,199
2026-08-11 17:08:00,4384.4,4385.0,4382.82,4383.08,202
2026-08-11 17:09:00,4383.22,4385.02,4382.6,4384.64,183
2026-08-11 17:10:00,4384.64,4386.58,4384.38,4385.3,207
2026-08-11 17:11:00,4385.29,4387.29,4385.29,4385.58,186
2026-08-11 17:12:00,4385.63,4385.63,4382.02,4384.88,211
2026-08-11 17:13:00,4384.81,4386.87,4384.71,4386.86,186
2026-08-11 17:14:00,4386.85,4387.15,4384.83,4387.15,195
2026-08-11 17:15:00,4387.25,4387.75,4384.77,4385.86,201
2026-08-11 17:16:00,4385.75,4387.4,4385.09,4387.39,187
2026-08-11 17:17:00,4387.4,4390.38,4386.94,4389.17,205
2026-08-11 17:18:00,4389.15,4389.42,4383.03,4384.03,205
2026-08-11 17:19:00,4384.01,4385.83,4382.89,4385.68,192
2026-08-11 17:20:00,4385.75,4389.5,4385.38,4388.18,202
2026-08-11 17:21:00,4388.11,4388.77,4385.99,4386.28,176
2026-08-11 17:22:00,4386.17,4386.52,4383.59,4383.59,192
2026-08-11 17:23:00,4383.64,4384.18,4381.5,4383.7,189
2026-08-11 17:24:00,4383.69,4385.63,4383.03,4384.44,198
2026-08-11 17:25:00,4384.45,4384.45,4382.01,4382.04,208
2026-08-11 17:26:00,4382.03,4384.88,4381.95,4384.88,187
2026-08-11 17:27:00,4384.78,4387.68,4384.23,4385.32,190
2026-08-11 17:28:00,4385.03,4387.7,4384.95,4387.22,193
2026-08-11 17:29:00,4387.22,4387.31,4383.28,4384.12,190
2026-08-11 17:30:00,4384.04,4387.6,4384.04,4386.2,209
2026-08-11 17:31:00,4386.05,4388.29,4385.93,4387.89,212
2026-08-11 17:32:00,4387.78,4387.87,4385.86,4386.5,193
2026-08-11 17:33:00,4386.53,4387.92,4386.19,4387.87,179
2026-08-11 17:34:00,4387.69,4390.83,4387.46,4390.7,194
2026-08-11 17:35:00,4390.71,4391.23,4389.25,4391.19,180
2026-08-11 17:36:00,4391.21,4392.01,4390.03,4390.48,198
2026-08-11 17:37:00,4390.48,4392.57,4390.14,4391.94,200
2026-08-11 17:38:00,4392.17,4392.87,4391.1,4392.11,205
2026-08-11 17:39:00,4392.0,4393.08,4391.28,4391.74,196
2026-08-11 17:40:00,4391.65,4392.48,4391.09,4391.51,193
2026-08-11 17:41:00,4391.58,4393.21,4390.66,4393.07,186
2026-08-11 17:42:00,4393.35,4395.14,4392.7,4393.82,201
2026-08-11 17:43:00,4393.97,4395.37,4393.35,4393.51,192
2026-08-11 17:44:00,4393.5,4394.14,4392.9,4393.51,162
2026-08-11 17:45:00,4393.5,4394.46,4393.06,4393.39,176
2026-08-11 17:46:00,4393.55,4396.07,4392.82,4393.94,184
2026-08-11 17:47:00,4394.02,4394.55,4393.25,4394.52,181
2026-08-11 17:48:00,4394.5,4394.99,4393.86,4394.56,163
2026-08-11 17:49:00,4394.46,4394.46,4392.61,4393.66,169
2026-08-11 17:50:00,4393.51,4393.78,4391.75,4393.29,189
2026-08-11 17:51:00,4393.08,4395.5,4392.96,4394.43,184
2026-08-11 17:52:00,4394.4,4395.28,4393.57,4394.39,188
2026-08-11 17:53:00,4394.53,4394.63,4392.48,4392.48,185
2026-08-11 17:54:00,4392.5,4395.46,4392.04,4395.11,164
2026-08-11 17:55:00,4395.21,4398.1,4395.17,4396.33,200
2026-08-11 17:56:00,4396.28,4397.55,4395.76,4395.95,192
2026-08-11 17:57:00,4396.11,4396.28,4393.59,4393.76,179
2026-08-11 17:58:00,4393.82,4394.33,4392.92,4393.81,183
2026-08-11 17:59:00,4393.81,4394.46,4393.18,4394.03,186
2026-08-11 18:00:00,4394.14,4397.68,4392.83,4397.51,213
2026-08-11 18:01:00,4397.57,4397.96,4396.63,4396.8,188
2026-08-11 18:02:00,4396.76,4397.46,4396.06,4397.08,182
2026-08-11 18:03:00,4396.82,4398.19,4396.35,4398.02,180
2026-08-11 18:04:00,4397.56,4398.83,4396.72,4396.98,192
2026-08-11 18:05:00,4397.01,4397.4,4396.25,4396.63,180
2026-08-11 18:06:00,4396.68,4396.8,4394.34,4394.71,181
2026-08-11 18:07:00,4394.58,4395.2,4393.1,4393.1,180
2026-08-11 18:08:00,4392.72,4392.76,4390.06,4390.83,201
2026-08-11 18:09:00,4390.87,4391.76,4389.88,4390.91,189
2026-08-11 18:10:00,4390.76,4392.09,4389.01,4390.74,180
2026-08-11 18:11:00,4390.73,4392.35,4390.55,4391.7,186
2026-08-11 18:12:00,4391.83,4393.81,4391.69,4393.74,185
2026-08-11 18:13:00,4393.95,4396.02,4393.39,4393.45,187
2026-08-11 18:14:00,4393.42,4393.66,4391.78,4392.25,172
2026-08-11 18:15:00,4392.16,4392.22,4389.3,4390.28,204
2026-08-11 18:16:00,4390.33,4390.79,4388.45,4388.71,197
2026-08-11 18:17:00,4388.83,4389.38,4386.6,4388.0,203
2026-08-11 18:18:00,4388.01,4388.25,4382.91,4383.22,205
2026-08-11 18:19:00,4383.14,4386.42,4382.21,4386.22,203
2026-08-11 18:20:00,4386.24,4386.4,4384.74,4386.16,177
2026-08-11 18:21:00,4386.11,4387.8,4386.06,4387.02,198
2026-08-11 18:22:00,4387.04,4388.61,4386.33,4388.28,193
2026-08-11 18:23:00,4388.16,4389.65,4386.59,4387.62,192
2026-08-11 18:24:00,4387.48,4387.69,4383.29,4383.81,188
2026-08-11 18:25:00,4383.97,4385.55,4383.0,4384.42,190
2026-08-11 18:26:00,4384.49,4384.54,4381.97,4383.75,181
2026-08-11 18:27:00,4383.75,4385.8,4383.36,4385.39,184
2026-08-11 18:28:00,4385.36,4387.71,4385.26,4385.79,174
2026-08-11 18:29:00,4385.76,4387.45,4385.58,4386.63,179
2026-08-11 18:30:00,4386.78,4387.05,4383.99,4384.35,204
2026-08-11 18:31:00,4384.25,4385.24,4383.74,4384.89,189
2026-08-11 18:32:00,4384.9,4386.12,4383.62,4385.31,187
2026-08-11 18:33:00,4385.04,4385.92,4383.65,4385.47,200
2026-08-11 18:34:00,4385.65,4386.01,4376.32,4378.05,232
2026-08-11 18:35:00,4377.78,4379.44,4376.8,4377.91,220
2026-08-11 18:36:00,4377.97,4378.24,4374.55,4377.77,214
2026-08-11 18:37:00,4377.8,4377.98,4375.0,4377.09,208
2026-08-11 18:38:00,4377.09,4377.22,4373.78,4375.04,201
2026-08-11 18:39:00,4375.15,4375.17,4371.55,4371.56,194
2026-08-11 18:40:00,4371.56,4373.33,4369.52,4373.17,201
2026-08-11 18:41:00,4373.17,4373.17,4369.12,4371.58,206
2026-08-11 18:42:00,4371.63,4373.66,4370.86,4373.38,194
2026-08-11 18:43:00,4373.37,4375.48,4372.29,4375.28,193
2026-08-11 18:44:00,4375.15,4376.22,4374.71,4375.86,180
2026-08-11 18:45:00,4375.81,4376.47,4374.96,4376.39,189
2026-08-11 18:46:00,4376.34,4377.9,4375.69,4377.39,172
2026-08-11 18:47:00,4377.39,4378.12,4375.65,4375.9,169
2026-08-11 18:48:00,4375.97,4376.87,4375.56,4376.27,177
2026-08-11 18:49:00,4376.22,4376.95,4375.37,4376.27,170
2026-08-11 18:50:00,4376.13,4377.91,4375.82,4377.38,190
2026-08-11 18:51:00,4377.33,4377.33,4375.39,4376.55,181
2026-08-11 18:52:00,4376.59,4377.13,4376.24,4376.66,164
2026-08-11 18:53:00,4376.8,4377.35,4376.2,4376.64,166
2026-08-11 18:54:00,4376.63,4380.52,4375.65,4380.51,183
2026-08-11 18:55:00,4380.76,4382.0,4380.04,4380.14,185
2026-08-11 18:56:00,4380.17,4382.24,4380.07,4382.24,189
2026-08-11 18:57:00,4382.26,4382.76,4380.04,4380.04,169
2026-08-11 18:58:00,4379.77,4381.0,4379.62,4380.96,152
2026-08-11 18:59:00,4380.96,4384.05,4380.96,4383.76,188
2026-08-11 19:00:00,4383.92,4384.9,4383.21,4383.92,188
2026-08-11 19:01:00,4383.94,4384.4,4382.56,4383.44,193
2026-08-11 19:02:00,4383.44,4383.81,4382.23,4383.24,171
2026-08-11 19:03:00,4383.12,4383.83,4382.62,4383.58,140
2026-08-11 19:04:00,4383.49,4383.63,4380.44,4380.87,167
2026-08-11 19:05:00,4380.83,4381.52,4379.99,4381.17,166
2026-08-11 19:06:00,4381.16,4381.16,4379.37,4379.56,163
2026-08-11 19:07:00,4379.59,4380.3,4378.69,4379.06,135
2026-08-11 19:08:00,4379.02,4380.38,4378.88,4380.38,149
2026-08-11 19:09:00,4380.18,4381.63,4379.24,4380.24,162
2026-08-11 19:10:00,4380.29,4381.08,4379.78,4380.5,148
2026-08-11 19:11:00,4380.46,4381.78,4379.84,4380.7,159
2026-08-11 19:12:00,4380.76,4381.65,4379.25,4379.54,158
2026-08-11 19:13:00,4379.56,4379.75,4378.63,4379.52,160
2026-08-11 19:14:00,4379.25,4379.92,4379.24,4379.4,152
2026-08-11 19:15:00,4379.4,4380.54,4379.22,4380.52,157
2026-08-11 19:16:00,4380.11,4380.85,4379.83,4380.63,162
2026-08-11 19:17:00,4380.63,4381.42,4380.12,4380.81,158
2026-08-11 19:18:00,4380.76,4381.16,4379.49,4379.49,149
2026-08-11 19:19:00,4379.48,4379.84,4378.42,4378.69,158
2026-08-11 19:20:00,4378.65,4380.51,4378.42,4379.85,166
2026-08-11 19:21:00,4379.81,4381.26,4379.47,4380.72,175
2026-08-11 19:22:00,4380.73,4382.58,4380.22,4382.28,154
2026-08-11 19:23:00,4382.29,4382.94,4381.86,4382.26,164
2026-08-11 19:24:00,4381.94,4382.39,4380.93,4381.61,159
2026-08-11 19:25:00,4381.6,4381.77,4380.74,4380.9,167
2026-08-11 19:26:00,4380.89,4381.5,4380.54,4380.54,162
2026-08-11 19:27:00,4380.55,4383.08,4380.54,4382.74,148
2026-08-11 19:28:00,4382.79,4383.52,4382.1,4382.17,147
2026-08-11 19:29:00,4382.17,4383.06,4381.81,4383.06,132
2026-08-11 19:30:00,4382.98,4383.01,4381.3,4382.51,171
2026-08-11 19:31:00,4382.58,4382.69,4380.73,4381.33,150
2026-08-11 19:32:00,4381.34,4382.07,4379.24,4379.48,160
2026-08-11 19:33:00,4379.57,4381.09,4379.57,4380.97,122
2026-08-11 19:34:00,4381.0,4382.53,4380.8,4382.39,124
2026-08-11 19:35:00,4382.38,4384.54,4382.21,4384.03,145
2026-08-11 19:36:00,4384.02,4384.96,4383.89,4383.92,145
2026-08-11 19:37:00,4383.93,4384.33,4383.31,4383.73,123
2026-08-11 19:38:00,4383.76,4383.81,4382.77,4383.13,120
2026-08-11 19:39:00,4383.14,4384.13,4382.77,4383.89,130
2026-08-11 19:40:00,4383.96,4383.96,4382.94,4383.64,148
2026-08-11 19:41:00,4383.66,4384.84,4383.63,4384.51,154
2026-08-11 19:42:00,4384.51,4385.01,4384.01,4384.22,137
2026-08-11 19:43:00,4384.21,4385.85,4384.03,4384.67,145
2026-08-11 19:44:00,4384.57,4385.05,4384.38,4384.68,125
2026-08-11 19:45:00,4384.65,4385.51,4384.63,4385.01,139
2026-08-11 19:46:00,4384.96,4385.37,4383.28,4383.31,159
2026-08-11 19:47:00,4383.32,4383.52,4382.5,4383.1,146
2026-08-11 19:48:00,4383.13,4383.67,4382.45,4382.89,124
2026-08-11 19:49:00,4383.04,4383.23,4382.23,4382.75,149
2026-08-11 19:50:00,4382.89,4383.2,4381.33,4382.07,167
2026-08-11 19:51:00,4382.12,4382.48,4381.17,4382.39,152
2026-08-11 19:52:00,4382.44,4382.47,4381.33,4381.37,134
2026-08-11 19:53:00,4381.33,4381.99,4380.93,4381.29,136
2026-08-11 19:54:00,4381.25,4382.09,4381.1,4381.77,138
2026-08-11 19:55:00,4382.36,4383.07,4381.73,4382.21,156
2026-08-11 19:56:00,4382.3,4383.23,4382.02,4382.74,149
2026-08-11 19:57:00,4382.76,4384.9,4382.76,4384.53,158
2026-08-11 19:58:00,4384.54,4385.2,4383.28,4383.85,152
2026-08-11 19:59:00,4383.58,4384.28,4383.29,4383.29,128
2026-08-11 20:00:00,4383.48,4384.38,4383.34,4383.72,136
2026-08-11 20:01:00,4383.69,4385.14,4382.96,4384.79,147
2026-08-11 20:02:00,4384.78,4385.58,4382.37,4383.09,171
2026-08-11 20:03:00,4383.06,4383.84,4382.39,4383.28,148
2026-08-11 20:04:00,4383.45,4383.99,4383.03,4383.75,147
2026-08-11 20:05:00,4383.65,4384.05,4382.16,4382.2,153
2026-08-11 20:06:00,4382.17,4383.16,4381.67,4382.65,148
2026-08-11 20:07:00,4382.68,4383.9,4382.63,4383.2,146
2026-08-11 20:08:00,4383.22,4385.67,4383.17,4384.59,141
2026-08-11 20:09:00,4384.6,4384.98,4383.74,4384.64,141
2026-08-11 20:10:00,4384.5,4384.62,4383.33,4383.85,139
2026-08-11 20:11:00,4383.83,4383.94,4382.7,4383.19,150
2026-08-11 20:12:00,4383.21,4383.67,4381.67,4382.41,159
2026-08-11 20:13:00,4382.51,4382.7,4381.19,4382.32,171
2026-08-11 20:14:00,4382.67,4383.08,4381.0,4381.04,153
2026-08-11 20:15:00,4381.03,4381.64,4380.49,4381.1,155
2026-08-11 20:16:00,4381.04,4381.57,4380.11,4380.14,165
2026-08-11 20:17:00,4380.13,4383.77,4380.01,4383.35,160
2026-08-11 20:18:00,4383.36,4383.74,4382.06,4382.1,137
2026-08-11 20:19:00,4382.21,4383.4,4381.71,4383.39,156
2026-08-11 20:20:00,4383.37,4384.4,4382.83,4384.06,147
2026-08-11 20:21:00,4384.05,4384.23,4382.58,4383.35,153
2026-08-11 20:22:00,4383.39,4383.7,4380.02,4380.94,149
2026-08-11 20:23:00,4380.87,4381.09,4379.84,4380.56,160
2026-08-11 20:24:00,4380.24,4381.3,4379.9,4381.1,167
2026-08-11 20:25:00,4381.08,4381.86,4380.13,4380.51,147
2026-08-11 20:26:00,4380.52,4381.92,4380.1,4381.19,151
2026-08-11 20:27:00,4381.17,4381.17,4379.12,4379.78,163
2026-08-11 20:28:00,4379.88,4380.45,4378.87,4380.03,155
2026-08-11 20:29:00,4380.1,4383.49,4380.1,4381.45,194
2026-08-11 20:30:00,4381.65,4382.09,4378.61,4379.29,173
2026-08-11 20:31:00,4379.02,4379.91,4378.01,4378.37,153
2026-08-11 20:32:00,4378.23,4378.67,4377.23,4378.38,164
2026-08-11 20:33:00,4378.35,4378.41,4377.44,4377.66,144
2026-08-11 20:34:00,4377.65,4378.86,4376.0,4376.79,169
2026-08-11 20:35:00,4376.78,4377.37,4375.95,4377.24,168
2026-08-11 20:36:00,4377.24,4377.25,4375.6,4375.6,133
2026-08-11 20:37:00,4375.61,4375.75,4374.17,4375.32,150
2026-08-11 20:38:00,4375.34,4377.26,4375.34,4376.84,132
2026-08-11 20:39:00,4376.92,4377.17,4375.82,4376.88,146
2026-08-11 20:40:00,4376.87,4378.12,4376.85,4377.39,158
2026-08-11 20:41:00,4377.12,4377.83,4376.54,4376.97,164
2026-08-11 20:42:00,4376.98,4378.22,4376.81,4377.24,151
2026-08-11 20:43:00,4377.26,4378.09,4376.76,4377.3,142
2026-08-11 20:44:00,4377.05,4377.99,4376.11,4376.34,138
2026-08-11 20:45:00,4376.33,4376.33,4375.13,4375.57,142
2026-08-11 20:46:00,4375.26,4376.6,4374.88,4376.15,143
2026-08-11 20:47:00,4375.61,4376.93,4375.31,4376.93,129
2026-08-11 20:48:00,4376.95,4377.35,4376.65,4377.21,128
2026-08-11 20:49:00,4376.97,4377.65,4376.41,4376.42,126
2026-08-11 20:50:00,4376.43,4376.86,4376.04,4376.46,131
2026-08-11 20:51:00,4376.46,4376.53,4375.22,4375.63,104
2026-08-11 20:52:00,4375.44,4375.92,4375.04,4375.41,92
2026-08-11 20:53:00,4375.4,4375.55,4373.71,4373.96,125
2026-08-11 20:54:00,4373.96,4374.05,4372.78,4372.78,158
2026-08-11 20:55:00,4372.78,4373.33,4372.42,4372.71,117
2026-08-11 20:56:00,4372.71,4373.44,4371.49,4371.49,129
2026-08-11 20:57:00,4371.61,4371.95,4368.86,4371.38,176
2026-08-11 20:58:00,4371.38,4371.69,4370.74,4371.15,165
2026-08-11 20:59:00,4371.13,4371.22,4369.06,4369.28,184
2026-08-11 21:00:00,4369.19,4369.19,4366.54,4368.13,184
2026-08-11 21:01:00,4368.1,4368.27,4366.9,4367.09,173
2026-08-11 21:02:00,4367.08,4367.21,4363.89,4365.51,184
2026-08-11 21:03:00,4365.52,4367.08,4364.53,4366.26,189
2026-08-11 21:04:00,4366.25,4366.59,4364.15,4365.23,166
2026-08-11 21:05:00,4365.22,4366.65,4364.81,4365.03,177
2026-08-11 21:06:00,4365.0,4366.94,4363.98,4364.08,187
2026-08-11 21:07:00,4364.06,4364.52,4362.93,4363.77,186
2026-08-11 21:08:00,4363.77,4364.33,4361.0,4361.82,178
2026-08-11 21:09:00,4361.67,4362.22,4361.06,4361.51,186
2026-08-11 21:10:00,4361.36,4363.3,4360.28,4363.3,176
2026-08-11 21:11:00,4363.3,4364.17,4361.82,4363.98,178
2026-08-11 21:12:00,4363.84,4364.09,4362.09,4362.55,152
2026-08-11 21:13:00,4362.4,4364.14,4362.4,4362.93,141
2026-08-11 21:14:00,4362.79,4364.15,4362.58,4363.72,170
2026-08-11 21:15:00,4363.62,4366.05,4363.62,4365.52,193
2026-08-11 21:16:00,4365.72,4366.0,4364.27,4365.15,168
2026-08-11 21:17:00,4365.18,4365.91,4364.08,4364.97,164
2026-08-11 21:18:00,4365.04,4366.47,4364.98,4366.38,149
2026-08-11 21:19:00,4366.37,4367.31,4366.25,4366.65,154
2026-08-11 21:20:00,4366.78,4366.78,4363.68,4363.74,161
2026-08-11 21:21:00,4363.75,4364.13,4361.96,4363.25,184
2026-08-11 21:22:00,4363.19,4363.91,4362.58,4363.8,158
2026-08-11 21:23:00,4363.9,4365.11,4363.77,4363.92,170
2026-08-11 21:24:00,4363.9,4364.66,4363.65,4364.25,131
2026-08-11 21:25:00,4364.24,4365.54,4364.24,4365.26,148
2026-08-11 21:26:00,4365.4,4365.4,4364.27,4364.35,159
2026-08-11 21:27:00,4364.4,4365.06,4363.4,4363.98,162
2026-08-11 21:28:00,4363.99,4364.3,4363.01,4363.36,175
2026-08-11 21:29:00,4363.35,4363.39,4360.57,4361.38,154
2026-08-11 21:30:00,4361.73,4362.81,4361.12,4362.61,179
2026-08-11 21:31:00,4362.55,4364.57,4362.26,4364.56,169
2026-08-11 21:32:00,4364.42,4365.18,4363.7,4364.76,126
2026-08-11 21:33:00,4364.72,4365.97,4364.69,4365.97,140
2026-08-11 21:34:00,4365.97,4367.93,4365.97,4367.7,155
2026-08-11 21:35:00,4367.71,4368.6,4367.42,4368.41,174
2026-08-11 21:36:00,4368.44,4369.4,4367.83,4369.4,122
2026-08-11 21:37:00,4369.35,4370.31,4369.03,4369.7,155
2026-08-11 21:38:00,4369.68,4371.19,4369.63,4371.16,157
2026-08-11 21:39:00,4370.99,4371.22,4370.18,4370.69,153
2026-08-11 21:40:00,4370.67,4370.67,4368.9,4369.48,152
2026-08-11 21:41:00,4369.49,4369.73,4368.76,4369.25,148
2026-08-11 21:42:00,4369.47,4370.23,4369.32,4369.73,147
2026-08-11 21:43:00,4369.85,4370.77,4369.66,4370.44,112
2026-08-11 21:44:00,4370.42,4371.84,4370.28,4370.97,132
2026-08-11 21:45:00,4371.01,4372.04,4370.81,4371.51,151
2026-08-11 21:46:00,4371.56,4372.75,4371.15,4372.21,150
2026-08-11 21:47:00,4372.21,4372.66,4371.47,4371.64,143
2026-08-11 21:48:00,4371.53,4372.2,4371.41,4372.05,127
2026-08-11 21:49:00,4372.04,4372.31,4371.25,4371.53,124
2026-08-11 21:50:00,4371.53,4372.12,4371.39,4371.46,118
2026-08-11 21:51:00,4371.45,4372.28,4371.38,4371.87,122
2026-08-11 21:52:00,4371.91,4372.51,4371.33,4371.75,112
2026-08-11 21:53:00,4371.96,4372.3,4371.64,4371.85,121
2026-08-11 21:54:00,4371.83,4372.19,4371.66,4371.66,126
2026-08-11 21:55:00,4371.65,4372.01,4370.01,4370.57,138
2026-08-11 21:56:00,4370.27,4371.43,4370.06,4371.16,129
2026-08-11 21:57:00,4371.17,4371.55,4370.78,4370.97,113
2026-08-11 21:58:00,4371.07,4371.47,4370.92,4371.27,101
2026-08-11 21:59:00,4371.4,4371.81,4370.86,4371.58,139
2026-08-11 22:00:00,4371.65,4372.24,4370.56,4370.59,144
2026-08-11 22:01:00,4370.45,4371.53,4370.0,4370.05,138
2026-08-11 22:02:00,4370.05,4371.13,4369.69,4370.38,134
2026-08-11 22:03:00,4370.34,4371.3,4370.25,4370.8,137
2026-08-11 22:04:00,4370.9,4370.95,4366.89,4366.89,144
2026-08-11 22:05:00,4366.91,4367.05,4365.1,4365.59,166
2026-08-11 22:06:00,4365.75,4366.55,4364.07,4364.53,159
2026-08-11 22:07:00,4364.68,4365.1,4364.17,4364.45,144
2026-08-11 22:08:00,4364.47,4366.3,4363.59,4364.21,140
2026-08-11 22:09:00,4364.27,4365.25,4363.4,4364.76,153
2026-08-11 22:10:00,4364.79,4366.28,4364.08,4365.75,155
2026-08-11 22:11:00,4365.91,4366.86,4365.91,4366.37,125
2026-08-11 22:12:00,4366.38,4367.46,4364.38,4365.67,138
2026-08-11 22:13:00,4365.8,4366.64,4364.98,4365.26,136
2026-08-11 22:14:00,4365.18,4365.68,4363.3,4363.87,134
2026-08-11 22:15:00,4363.88,4364.41,4363.26,4363.66,143
2026-08-11 22:16:00,4363.54,4364.55,4363.23,4364.51,129
2026-08-11 22:17:00,4364.44,4364.76,4362.66,4362.92,150
2026-08-11 22:18:00,4362.95,4363.55,4362.31,4362.87,138
2026-08-11 22:19:00,4362.9,4362.95,4361.24,4362.89,142
2026-08-11 22:20:00,4362.9,4364.58,4362.0,4363.96,153
2026-08-11 22:21:00,4363.95,4364.33,4362.55,4363.19,120
2026-08-11 22:22:00,4363.22,4364.28,4363.0,4364.12,133
2026-08-11 22:23:00,4364.12,4366.47,4363.89,4365.82,147
2026-08-11 22:24:00,4365.71,4369.37,4365.18,4368.71,171
2026-08-11 22:25:00,4368.82,4369.65,4367.03,4368.86,168
2026-08-11 22:26:00,4369.03,4370.21,4368.87,4369.64,156
2026-08-11 22:27:00,4369.66,4369.66,4368.63,4369.6,143
2026-08-11 22:28:00,4369.58,4370.45,4369.43,4369.7,108
2026-08-11 22:29:00,4369.97,4370.91,4369.78,4370.35,119
2026-08-11 22:30:00,4370.65,4371.48,4370.34,4371.31,162
2026-08-11 22:31:00,4371.25,4372.32,4370.95,4371.88,142
2026-08-11 22:32:00,4371.93,4374.43,4371.91,4372.85,176
2026-08-11 22:33:00,4372.83,4373.48,4370.52,4370.72,163
2026-08-11 22:34:00,4370.71,4371.85,4370.69,4371.29,147
2026-08-11 22:35:00,4371.41,4371.73,4368.68,4369.17,136
2026-08-11 22:36:00,4369.2,4369.45,4368.42,4369.21,155
2026-08-11 22:37:00,4369.36,4369.75,4368.35,4368.69,156
2026-08-11 22:38:00,4368.71,4370.23,4368.53,4369.51,143
2026-08-11 22:39:00,4369.56,4370.81,4369.1,4370.63,119
2026-08-11 22:40:00,4370.58,4370.64,4369.7,4370.04,120
2026-08-11 22:41:00,4370.02,4370.04,4369.1,4369.26,120
2026-08-11 22:42:00,4369.19,4369.45,4368.41,4368.48,133
2026-08-11 22:43:00,4368.48,4369.04,4367.28,4367.28,119
2026-08-11 22:44:00,4367.18,4367.94,4366.34,4367.64,142
2026-08-11 22:45:00,4367.68,4368.61,4366.97,4367.55,165
2026-08-11 22:46:00,4367.59,4368.2,4367.38,4367.44,123
2026-08-11 22:47:00,4367.43,4367.78,4366.67,4366.85,132
2026-08-11 22:48:00,4366.68,4368.57,4366.53,4368.57,120
2026-08-11 22:49:00,4368.56,4370.51,4368.35,4369.97,135
2026-08-11 22:50:00,4369.84,4370.61,4369.37,4369.37,146
2026-08-11 22:51:00,4369.36,4370.31,4368.4,4369.31,132
2026-08-11 22:52:00,4369.06,4369.2,4366.18,4366.66,155
2026-08-11 22:53:00,4366.63,4367.33,4366.61,4366.9,109
2026-08-11 22:54:00,4366.68,4369.47,4366.62,4369.41,142
2026-08-11 22:55:00,4369.34,4371.01,4369.18,4371.01,158
2026-08-11 22:56:00,4370.99,4373.01,4370.71,4372.3,162
2026-08-11 22:57:00,4372.29,4372.75,4371.7,4372.0,143
2026-08-11 22:58:00,4371.98,4372.99,4371.98,4372.72,143
2026-08-11 22:59:00,4372.82,4373.32,4370.16,4370.66,191
2026-08-11 23:00:00,4370.59,4371.1,4370.0,4370.35,141
2026-08-11 23:01:00,4370.08,4370.08,4369.29,4369.91,108
2026-08-11 23:02:00,4369.88,4369.89,4368.35,4368.51,108
2026-08-11 23:03:00,4368.52,4369.82,4368.52,4369.42,83
2026-08-11 23:04:00,4369.4,4369.88,4368.8,4369.77,79
2026-08-11 23:05:00,4369.81,4370.46,4369.35,4369.76,94
2026-08-11 23:06:00,4369.89,4369.94,4369.19,4369.46,108
2026-08-11 23:07:00,4369.46,4369.91,4368.78,4369.56,87
2026-08-11 23:08:00,4369.82,4370.04,4369.44,4369.98,60
2026-08-11 23:09:00,4370.07,4370.97,4370.07,4370.36,77
2026-08-11 23:10:00,4370.2,4371.05,4370.06,4370.73,90
2026-08-11 23:11:00,4370.74,4370.79,4370.08,4370.5,58
2026-08-11 23:12:00,4370.51,4370.68,4370.19,4370.43,55
2026-08-11 23:13:00,4370.44,4370.83,4370.4,4370.47,50
2026-08-11 23:14:00,4370.74,4370.87,4370.06,4370.11,52
2026-08-11 23:15:00,4370.39,4370.39,4369.37,4369.68,75
2026-08-11 23:16:00,4369.45,4369.61,4368.58,4368.88,60
2026-08-11 23:17:00,4368.89,4369.13,4368.15,4368.17,74
2026-08-11 23:18:00,4368.18,4368.48,4367.73,4368.06,65
2026-08-11 23:19:00,4368.05,4368.35,4367.7,4368.32,76
2026-08-11 23:20:00,4368.3,4368.43,4367.51,4367.86,70
2026-08-11 23:21:00,4368.18,4368.55,4367.75,4367.75,68
2026-08-11 23:22:00,4367.76,4368.82,4367.76,4368.58,44
2026-08-11 23:23:00,4368.57,4369.15,4368.46,4368.83,55
2026-08-11 23:24:00,4368.83,4369.98,4368.63,4369.74,50
2026-08-11 23:25:00,4369.98,4370.36,4369.74,4370.22,73
2026-08-11 23:26:00,4370.22,4370.35,4369.5,4370.32,63
2026-08-11 23:27:00,4370.32,4371.06,4370.09,4370.65,53
2026-08-11 23:28:00,4370.92,4370.97,4369.58,4369.6,66
2026-08-11 23:29:00,4369.59,4370.42,4369.03,4370.06,87
2026-08-11 23:30:00,4370.07,4370.56,4369.68,4370.45,61
2026-08-11 23:31:00,4369.97,4370.29,4369.52,4370.24,52
2026-08-11 23:32:00,4370.26,4370.56,4369.8,4370.21,69
2026-08-11 23:33:00,4370.09,4370.24,4369.4,4369.48,61
2026-08-11 23:34:00,4369.49,4369.93,4369.26,4369.88,55
2026-08-11 23:35:00,4369.87,4369.97,4368.9,4369.57,65
2026-08-11 23:36:00,4369.56,4369.58,4368.77,4369.16,33
2026-08-11 23:37:00,4369.08,4369.32,4368.71,4368.86,62
2026-08-11 23:38:00,4368.9,4369.91,4368.9,4369.64,46
2026-08-11 23:39:00,4369.63,4369.84,4369.09,4369.54,40
2026-08-11 23:40:00,4369.44,4369.44,4368.67,4369.16,63
2026-08-11 23:41:00,4369.19,4369.23,4367.99,4368.44,74
2026-08-11 23:42:00,4368.42,4368.46,4367.5,4367.99,98
2026-08-11 23:43:00,4367.98,4368.08,4367.18,4367.55,77
2026-08-11 23:44:00,4367.55,4367.98,4367.27,4367.29,74
2026-08-11 23:45:00,4367.11,4367.8,4367.11,4367.18,105
2026-08-11 23:46:00,4367.37,4367.69,4367.13,4367.44,88
2026-08-11 23:47:00,4367.49,4367.54,4367.04,4367.34,70
2026-08-11 23:48:00,4367.35,4367.73,4367.21,4367.72,44
2026-08-11 23:49:00,4367.74,4367.74,4366.94,4367.47,70
2026-08-11 23:50:00,4367.22,4367.85,4367.22,4367.43,80
2026-08-11 23:51:00,4367.67,4367.67,4366.92,4367.11,77
2026-08-11 23:52:00,4367.08,4367.77,4367.04,4367.45,91
2026-08-11 23:53:00,4367.46,4367.91,4366.89,4367.32,79
2026-08-11 23:54:00,4367.51,4367.82,4367.33,4367.8,59
2026-08-11 23:55:00,4367.81,4368.69,4367.81,4368.69,103
2026-08-11 23:56:00,4368.76,4368.87,4368.03,4368.34,54
2026-08-11 23:57:00,4368.37,4368.49,4367.33,4367.88,84
2026-08-12 01:00:00,4372.19,4372.75,4371.72,4371.75,30
2026-08-12 01:01:00,4371.75,4371.77,4370.46,4371.19,109
2026-08-12 01:02:00,4371.19,4372.25,4370.82,4372.15,87
2026-08-12 01:03:00,4372.03,4372.19,4370.73,4371.39,100
2026-08-12 01:04:00,4371.15,4373.36,4371.15,4372.88,95
2026-08-12 01:05:00,4372.84,4373.68,4371.95,4373.54,113
2026-08-12 01:06:00,4373.53,4374.44,4373.46,4373.62,97
2026-08-12 01:07:00,4373.62,4374.57,4373.54,4374.57,93
2026-08-12 01:08:00,4374.46,4374.61,4373.5,4373.83,83
2026-08-12 01:09:00,4373.69,4374.7,4373.66,4374.5,108
2026-08-12 01:10:00,4374.53,4375.12,4373.93,4374.45,102
2026-08-12 01:11:00,4374.68,4375.15,4374.4,4374.92,113
2026-08-12 01:12:00,4374.64,4375.53,4374.38,4375.06,100
2026-08-12 01:13:00,4375.04,4375.54,4374.42,4375.24,84
2026-08-12 01:14:00,4375.24,4375.48,4373.75,4373.89,96
2026-08-12 01:15:00,4373.87,4374.49,4373.27,4374.21,132
2026-08-12 01:16:00,4374.18,4374.52,4373.46,4374.06,80
2026-08-12 01:17:00,4374.04,4374.56,4373.54,4374.43,118
2026-08-12 01:18:00,4374.41,4375.36,4374.0,4375.22,124
2026-08-12 01:19:00,4375.15,4375.42,4374.12,4374.89,109
2026-08-12 01:20:00,4374.83,4376.2,4374.57,4375.86,82
2026-08-12 01:21:00,4375.88,4376.38,4375.22,4375.59,153
2026-08-12 01:22:00,4375.2,4376.76,4374.99,4376.56,131
2026-08-12 01:23:00,4376.38,4376.45,4374.91,4374.91,108
2026-08-12 01:24:00,4375.0,4376.69,4374.94,4376.13,121
2026-08-12 01:25:00,4376.13,4376.64,4375.66,4376.32,114
2026-08-12 01:26:00,4376.46,4376.87,4375.94,4376.2,101
2026-08-12 01:27:00,4375.96,4376.64,4375.75,4376.51,57
2026-08-12 01:28:00,4376.32,4377.17,4376.11,4376.38,133
2026-08-12 01:29:00,4376.61,4376.93,4375.96,4376.46,91
2026-08-12 01:30:00,4376.46,4376.81,4376.22,4376.66,105
2026-08-12 01:31:00,4376.41,4377.8,4376.32,4377.22,127
2026-08-12 01:32:00,4377.22,4378.14,4376.95,4377.61,113
2026-08-12 01:33:00,4377.55,4377.94,4376.64,4376.97,104
2026-08-12 01:34:00,4376.97,4377.79,4376.58,4376.85,107
2026-08-12 01:35:00,4377.08,4377.6,4375.99,4376.15,105
2026-08-12 01:36:00,4376.4,4377.29,4376.18,4376.81,113
2026-08-12 01:37:00,4376.79,4377.31,4376.17,4376.94,96
2026-08-12 01:38:00,4377.0,4377.14,4376.28,4376.65,108
2026-08-12 01:39:00,4376.54,4376.74,4376.28,4376.31,73
2026-08-12 01:40:00,4376.57,4376.78,4375.87,4376.22,90
2026-08-12 01:41:00,4376.23,4376.44,4375.76,4376.05,65
2026-08-12 01:42:00,4376.37,4376.37,4375.88,4376.01,68
2026-08-12 01:43:00,4376.28,4376.34,4375.01,4375.36,93
2026-08-12 01:44:00,4375.37,4376.41,4374.99,4376.41,144
2026-08-12 01:45:00,4376.42,4377.73,4376.18,4377.47,133
2026-08-12 01:46:00,4377.34,4378.26,4376.72,4377.26,152
2026-08-12 01:47:00,4377.19,4377.61,4376.77,4377.3,114
2026-08-12 01:48:00,4377.31,4378.58,4376.34,4376.67,129
2026-08-12 01:49:00,4376.55,4376.55,4373.91,4375.05,129
2026-08-12 01:50:00,4375.06,4375.59,4373.72,4374.13,130
2026-08-12 01:51:00,4374.1,4374.43,4371.07,4371.09,151
2026-08-12 01:52:00,4371.1,4373.46,4371.1,4372.1,153
2026-08-12 01:53:00,4372.11,4373.97,4372.0,4373.72,114
2026-08-12 01:54:00,4373.72,4375.02,4371.9,4373.77,134
2026-08-12 01:55:00,4374.15,4374.89,4371.66,4371.85,148
2026-08-12 01:56:00,4371.9,4372.33,4368.42,4368.42,146
2026-08-12 01:57:00,4368.27,4370.13,4367.04,4369.36,154
2026-08-12 01:58:00,4369.62,4370.6,4369.2,4370.11,132
2026-08-12 01:59:00,4369.96,4370.56,4368.51,4369.15,124
2026-08-12 02:00:00,4369.73,4369.77,4367.94,4368.57,104
2026-08-12 02:01:00,4368.57,4368.81,4367.48,4367.68,103
2026-08-12 02:02:00,4367.63,4368.53,4365.88,4367.25,171
2026-08-12 02:03:00,4367.26,4369.43,4366.32,4368.01,164
2026-08-12 02:04:00,4367.96,4368.38,4363.27,4364.71,177
2026-08-12 02:05:00,4364.75,4366.36,4363.9,4364.3,143
2026-08-12 02:06:00,4364.27,4366.36,4362.44,4365.65,175
2026-08-12 02:07:00,4365.68,4369.82,4365.3,4368.73,172
2026-08-12 02:08:00,4368.53,4368.53,4365.43,4365.97,156
2026-08-12 02:09:00,4366.11,4366.11,4364.14,4364.77,158
2026-08-12 02:10:00,4364.8,4365.71,4364.54,4365.28,141
2026-08-12 02:11:00,4365.31,4368.67,4364.76,4367.58,130
2026-08-12 02:12:00,4367.71,4367.81,4366.32,4367.58,154
2026-08-12 02:13:00,4367.59,4369.82,4366.38,4366.62,159
2026-08-12 02:14:00,4366.44,4366.82,4365.42,4366.59,135
2026-08-12 02:15:00,4366.37,4368.1,4365.2,4366.04,142
2026-08-12 02:16:00,4366.03,4371.36,4366.03,4371.01,154
2026-08-12 02:17:00,4370.96,4370.96,4369.55,4369.72,97
2026-08-12 02:18:00,4369.67,4371.34,4369.23,4371.34,110
2026-08-12 02:19:00,4371.3,4372.1,4370.75,4370.93,110
2026-08-12 02:20:00,4370.9,4373.12,4370.9,4372.87,119
2026-08-12 02:21:00,4372.88,4373.03,4371.32,4372.06,99
2026-08-12 02:22:00,4372.08,4373.45,4371.55,4373.2,116
2026-08-12 02:23:00,4373.2,4374.89,4372.51,4372.51,115
2026-08-12 02:24:00,4372.49,4373.39,4371.66,4372.61,129
2026-08-12 02:25:00,4372.9,4373.2,4369.83,4370.56,136
2026-08-12 02:26:00,4370.76,4371.04,4367.92,4371.01,135
2026-08-12 02:27:00,4370.87,4371.16,4370.02,4370.15,111
2026-08-12 02:28:00,4370.12,4373.08,4370.0,4372.81,132
2026-08-12 02:29:00,4372.65,4374.12,4372.08,4372.85,157
2026-08-12 02:30:00,4372.78,4372.81,4371.41,4372.05,143
2026-08-12 02:31:00,4372.02,4372.3,4370.84,4371.7,133
2026-08-12 02:32:00,4371.97,4371.99,4368.19,4368.43,144
2026-08-12 02:33:00,4368.39,4368.74,4366.6,4367.74,122
2026-08-12 02:34:00,4367.7,4368.6,4367.34,4368.6,92
2026-08-12 02:35:00,4368.28,4368.41,4367.28,4367.71,91
2026-08-12 02:36:00,4367.5,4367.95,4367.4,4367.95,51
2026-08-12 02:37:00,4368.04,4368.5,4367.91,4368.3,72
2026-08-12 02:38:00,4368.09,4368.85,4368.09,4368.43,72
2026-08-12 02:39:00,4368.59,4368.59,4367.53,4367.66,82
2026-08-12 02:40:00,4367.63,4368.18,4367.6,4368.18,52
2026-08-12 02:41:00,4367.99,4368.07,4367.65,4368.07,41
2026-08-12 02:42:00,4367.92,4368.39,4367.92,4368.14,40
2026-08-12 02:43:00,4368.14,4368.32,4367.44,4367.59,85
2026-08-12 02:44:00,4367.58,4368.21,4367.51,4367.98,74
2026-08-12 02:45:00,4367.84,4370.43,4367.84,4370.21,101
2026-08-12 02:46:00,4370.21,4370.51,4369.24,4369.82,90
2026-08-12 02:47:00,4369.79,4370.13,4369.52,4369.53,70
2026-08-12 02:48:00,4369.49,4369.49,4368.11,4368.33,107
2026-08-12 02:49:00,4368.52,4369.24,4368.2,4368.77,93
2026-08-12 02:50:00,4368.77,4369.43,4368.74,4369.11,96
2026-08-12 02:51:00,4369.11,4369.36,4368.67,4369.3,98
2026-08-12 02:52:00,4369.3,4369.3,4368.33,4369.03,78
2026-08-12 02:53:00,4369.0,4369.63,4368.5,4368.94,108
2026-08-12 02:54:00,4369.16,4369.96,4368.92,4369.92,106
2026-08-12 02:55:00,4369.78,4370.42,4369.69,4370.21,121
2026-08-12 02:56:00,4370.29,4371.53,4370.29,4371.02,96
2026-08-12 02:57:00,4371.02,4371.28,4370.2,4370.41,106
2026-08-12 02:58:00,4370.42,4371.86,4370.41,4371.73,122
2026-08-12 02:59:00,4371.72,4371.72,4370.88,4371.56,88
2026-08-12 03:00:00,4371.42,4371.48,4368.2,4368.81,199
2026-08-12 03:01:00,4368.86,4369.12,4366.86,4367.69,186
2026-08-12 03:02:00,4367.76,4368.82,4366.45,4368.76,180
2026-08-12 03:03:00,4368.82,4370.8,4368.62,4370.8,178
2026-08-12 03:04:00,4370.77,4370.79,4368.2,4368.96,157
2026-08-12 03:05:00,4368.92,4370.65,4368.67,4369.51,167
2026-08-12 03:06:00,4369.65,4370.07,4368.91,4369.79,156
2026-08-12 03:07:00,4369.75,4370.5,4367.82,4369.38,182
2026-08-12 03:08:00,4369.36,4371.14,4369.33,4370.27,151
2026-08-12 03:09:00,4369.79,4371.11,4369.79,4370.98,157
2026-08-12 03:10:00,4370.96,4371.67,4370.24,4370.78,150
2026-08-12 03:11:00,4370.61,4371.21,4370.41,4370.89,132
2026-08-12 03:12:00,4371.05,4374.72,4370.42,4374.47,153
2026-08-12 03:13:00,4374.46,4376.98,4374.22,4376.73,177
2026-08-12 03:14:00,4376.66,4379.38,4376.26,4378.01,155
2026-08-12 03:15:00,4377.78,4378.4,4374.26,4375.18,182
2026-08-12 03:16:00,4375.18,4375.96,4374.37,4374.98,169
2026-08-12 03:17:00,4375.04,4376.29,4374.92,4376.24,173
2026-08-12 03:18:00,4375.88,4377.61,4375.8,4376.68,151
2026-08-12 03:19:00,4376.54,4379.92,4376.54,4379.87,173
2026-08-12 03:20:00,4379.74,4380.43,4379.22,4379.24,166
2026-08-12 03:21:00,4378.66,4379.53,4378.31,4379.51,145
2026-08-12 03:22:00,4379.51,4379.91,4377.67,4377.98,145
2026-08-12 03:23:00,4377.97,4378.91,4377.58,4378.72,145
2026-08-12 03:24:00,4378.72,4379.06,4378.19,4378.74,129
2026-08-12 03:25:00,4378.61,4379.17,4378.36,4379.02,135
2026-08-12 03:26:00,4378.94,4379.05,4377.9,4377.96,140
2026-08-12 03:27:00,4378.11,4379.24,4377.74,4378.9,156
2026-08-12 03:28:00,4378.89,4380.39,4378.75,4379.95,173
2026-08-12 03:29:00,4379.94,4381.18,4379.36,4380.84,158
2026-08-12 03:30:00,4380.81,4382.05,4380.1,4380.38,186
2026-08-12 03:31:00,4380.38,4381.06,4379.31,4380.53,165
2026-08-12 03:32:00,4380.47,4383.24,4380.47,4382.61,151
2026-08-12 03:33:00,4382.61,4382.71,4381.19,4381.57,123
2026-08-12 03:34:00,4381.57,4382.07,4380.77,4381.41,122
2026-08-12 03:35:00,4381.4,4382.16,4381.16,4381.8,142
2026-08-12 03:36:00,4381.8,4383.71,4381.61,4382.73,137
2026-08-12 03:37:00,4382.72,4383.05,4381.67,4381.67,108
2026-08-12 03:38:00,4381.56,4381.85,4381.05,4381.34,143
2026-08-12 03:39:00,4381.35,4382.86,4380.8,4381.53,136
2026-08-12 03:40:00,4381.54,4383.27,4381.54,4382.95,148
2026-08-12 03:41:00,4382.81,4383.0,4381.63,4382.28,137
2026-08-12 03:42:00,4382.27,4382.78,4381.63,4381.85,128
2026-08-12 03:43:00,4381.84,4382.19,4380.99,4381.99,131
2026-08-12 03:44:00,4381.99,4383.06,4381.56,4382.75,130
2026-08-12 03:45:00,4382.88,4383.22,4381.34,4381.59,152
2026-08-12 03:46:00,4381.61,4382.51,4380.99,4382.07,128
2026-08-12 03:47:00,4381.91,4382.31,4381.39,4381.67,109
2026-08-12 03:48:00,4381.37,4382.18,4380.9,4381.57,138
2026-08-12 03:49:00,4381.58,4382.27,4380.9,4381.23,148
2026-08-12 03:50:00,4381.26,4382.11,4380.68,4380.7,129
2026-08-12 03:51:00,4380.7,4380.7,4379.68,4380.44,138
2026-08-12 03:52:00,4380.46,4381.04,4380.11,4380.11,127
2026-08-12 03:53:00,4380.39,4380.55,4379.58,4379.81,138
2026-08-12 03:54:00,4379.87,4380.02,4378.0,4378.33,146
2026-08-12 03:55:00,4378.21,4379.04,4377.88,4378.27,119
2026-08-12 03:56:00,4378.26,4379.21,4377.64,4379.2,146
2026-08-12 03:57:00,4379.17,4380.23,4378.88,4379.68,146
2026-08-12 03:58:00,4379.79,4380.99,4379.53,4380.0,142
2026-08-12 03:59:00,4379.81,4381.68,4379.38,4380.42,171
2026-08-12 04:00:00,4380.98,4383.61,4378.56,4378.72,216
2026-08-12 04:01:00,4378.76,4381.95,4378.55,4379.86,214
2026-08-12 04:02:00,4379.91,4383.18,4378.23,4380.15,213
2026-08-12 04:03:00,4380.43,4385.43,4380.31,4384.2,199
2026-08-12 04:04:00,4384.21,4385.21,4382.62,4384.7,197
2026-08-12 04:05:00,4384.68,4386.51,4382.22,4386.29,193
2026-08-12 04:06:00,4386.31,4387.6,4385.71,4387.47,183
2026-08-12 04:07:00,4387.48,4387.56,4384.24,4385.71,190
2026-08-12 04:08:00,4385.27,4387.32,4385.05,4385.66,175
2026-08-12 04:09:00,4385.77,4387.35,4385.51,4387.13,174
2026-08-12 04:10:00,4387.11,4389.44,4386.86,4388.58,184
2026-08-12 04:11:00,4388.81,4389.88,4387.76,4389.64,181
2026-08-12 04:12:00,4389.65,4390.67,4389.62,4390.3,168
2026-08-12 04:13:00,4390.43,4390.82,4389.36,4389.73,155
2026-08-12 04:14:00,4389.7,4390.62,4389.7,4390.31,132
2026-08-12 04:15:00,4390.3,4390.59,4386.55,4388.0,186
2026-08-12 04:16:00,4388.14,4389.83,4387.84,4389.27,178
2026-08-12 04:17:00,4389.3,4392.0,4389.27,4390.19,179
2026-08-12 04:18:00,4389.72,4390.06,4388.11,4388.31,173
2026-08-12 04:19:00,4388.4,4391.69,4387.74,4391.32,163
2026-08-12 04:20:00,4391.43,4394.02,4390.9,4393.44,171
2026-08-12 04:21:00,4393.49,4393.81,4389.79,4391.33,173
2026-08-12 04:22:00,4391.37,4391.46,4389.41,4389.76,176
2026-08-12 04:23:00,4389.75,4391.23,4389.23,4390.45,144
2026-08-12 04:24:00,4390.42,4390.93,4389.59,4390.73,149
2026-08-12 04:25:00,4390.65,4391.24,4390.21,4390.4,161
2026-08-12 04:26:00,4390.39,4390.76,4389.66,4390.18,158
2026-08-12 04:27:00,4390.2,4391.94,4390.2,4391.44,161
2026-08-12 04:28:00,4391.3,4391.51,4389.98,4390.82,152
2026-08-12 04:29:00,4390.83,4391.13,4390.06,4390.33,143
2026-08-12 04:30:00,4390.78,4391.45,4389.58,4389.58,174
2026-08-12 04:31:00,4389.58,4390.64,4388.98,4389.63,173
2026-08-12 04:32:00,4389.63,4389.63,4387.09,4387.72,185
2026-08-12 04:33:00,4388.05,4388.08,4386.1,4386.89,178
2026-08-12 04:34:00,4386.7,4387.83,4386.62,4386.93,163
2026-08-12 04:35:00,4386.95,4387.51,4385.19,4385.88,180
2026-08-12 04:36:00,4385.9,4389.1,4385.67,4389.09,173
2026-08-12 04:37:00,4389.1,4391.21,4386.43,4386.57,179
2026-08-12 04:38:00,4386.57,4386.96,4385.74,4386.87,179
2026-08-12 04:39:00,4386.96,4387.75,4386.45,4387.7,162
2026-08-12 04:40:00,4387.69,4388.06,4387.12,4387.79,158
2026-08-12 04:41:00,4387.92,4389.39,4387.03,4388.48,153
2026-08-12 04:42:00,4388.54,4390.52,4388.21,4390.43,154
2026-08-12 04:43:00,4390.44,4392.45,4389.48,4391.9,137
2026-08-12 04:44:00,4391.89,4393.24,4390.86,4392.98,159
2026-08-12 04:45:00,4393.18,4393.4,4391.4,4391.54,149
2026-08-12 04:46:00,4391.57,4392.18,4391.05,4392.02,150
2026-08-12 04:47:00,4392.02,4394.44,4391.94,4393.96,175
2026-08-12 04:48:00,4394.0,4396.22,4393.98,4395.48,184
2026-08-12 04:49:00,4395.47,4395.93,4394.82,4395.11,150
2026-08-12 04:50:00,4395.27,4396.99,4395.27,4396.97,165
2026-08-12 04:51:00,4396.86,4397.37,4395.24,4395.34,179
2026-08-12 04:52:00,4395.39,4396.71,4395.25,4396.34,151
2026-08-12 04:53:00,4396.33,4397.04,4395.07,4395.21,168
2026-08-12 04:54:00,4395.19,4396.0,4394.83,4395.0,158
2026-08-12 04:55:00,4395.38,4395.43,4394.0,4394.28,153
2026-08-12 04:56:00,4394.21,4395.08,4393.19,4393.73,150
2026-08-12 04:57:00,4393.7,4395.53,4393.68,4395.34,146
2026-08-12 04:58:00,4395.22,4395.71,4394.96,4395.18,148
2026-08-12 04:59:00,4395.19,4397.3,4395.16,4396.34,153
2026-08-12 05:00:00,4396.43,4397.0,4394.31,4395.03,161
2026-08-12 05:01:00,4395.16,4396.47,4394.82,4396.21,163
2026-08-12 05:02:00,4396.19,4396.79,4396.16,4396.39,134
2026-08-12 05:03:00,4396.53,4396.76,4394.12,4394.26,156
2026-08-12 05:04:00,4394.28,4396.75,4394.23,4396.44,151
2026-08-12 05:05:00,4396.48,4396.55,4395.73,4395.9,133
2026-08-12 05:06:00,4395.85,4396.93,4395.49,4396.35,138
2026-08-12 05:07:00,4396.39,4396.94,4395.21,4395.52,149
2026-08-12 05:08:00,4395.62,4396.98,4395.29,4396.66,165
2026-08-12 05:09:00,4397.09,4398.14,4396.57,4397.38,157
2026-08-12 05:10:00,4397.37,4399.89,4397.08,4398.76,162
2026-08-12 05:11:00,4398.67,4398.97,4397.99,4398.67,140
2026-08-12 05:12:00,4398.66,4400.48,4397.84,4400.16,170
2026-08-12 05:13:00,4400.12,4401.59,4399.13,4401.59,182
2026-08-12 05:14:00,4401.53,4404.78,4401.18,4401.88,185
2026-08-12 05:15:00,4401.67,4401.92,4399.37,4399.76,174
2026-08-12 05:16:00,4399.76,4401.97,4399.35,4401.97,153
2026-08-12 05:17:00,4401.97,4403.06,4401.23,4401.45,151
2026-08-12 05:18:00,4401.5,4402.22,4401.33,4401.6,140
2026-08-12 05:19:00,4401.55,4401.79,4400.57,4401.76,122
2026-08-12 05:20:00,4401.7,4402.51,4400.83,4401.56,150
2026-08-12 05:21:00,4401.61,4402.12,4401.16,4401.99,145
2026-08-12 05:22:00,4402.0,4403.36,4401.18,4402.92,133
2026-08-12 05:23:00,4402.91,4403.6,4400.87,4403.59,142
2026-08-12 05:24:00,4403.72,4403.72,4402.21,4402.28,129
2026-08-12 05:25:00,4402.27,4403.09,4401.89,4402.28,137
2026-08-12 05:26:00,4402.28,4402.63,4402.0,4402.01,106
2026-08-12 05:27:00,4402.01,4402.87,4401.7,4402.1,113
2026-08-12 05:28:00,4402.29,4402.62,4401.89,4402.62,83
2026-08-12 05:29:00,4402.27,4402.53,4401.12,4402.11,148
2026-08-12 05:30:00,4402.16,4403.62,4400.18,4401.0,182
2026-08-12 05:31:00,4401.02,4401.12,4399.79,4400.08,149
2026-08-12 05:32:00,4400.06,4400.09,4398.33,4399.11,178
2026-08-12 05:33:00,4399.16,4399.69,4398.59,4399.0,166
2026-08-12 05:34:00,4398.87,4399.65,4398.14,4398.58,167
2026-08-12 05:35:00,4398.6,4399.1,4397.94,4399.02,147
2026-08-12 05:36:00,4399.16,4399.39,4397.98,4398.48,144
2026-08-12 05:37:00,4398.22,4398.47,4397.83,4398.22,135
2026-08-12 05:38:00,4398.22,4400.1,4398.18,4399.42,170
2026-08-12 05:39:00,4399.32,4400.11,4398.63,4399.46,166
2026-08-12 05:40:00,4399.75,4402.26,4399.22,4401.53,182
2026-08-12 05:41:00,4401.56,4403.55,4401.2,4402.94,176
2026-08-12 05:42:00,4402.94,4407.3,4402.74,4406.5,184
2026-08-12 05:43:00,4406.61,4408.19,4405.45,4405.7,165
2026-08-12 05:44:00,4405.68,4406.96,4404.73,4405.62,173
2026-08-12 05:45:00,4405.63,4408.36,4405.26,4407.88,160
2026-08-12 05:46:00,4407.92,4409.31,4407.87,4408.34,166
2026-08-12 05:47:00,4408.33,4411.26,4408.04,4410.89,181
2026-08-12 05:48:00,4410.91,4410.91,4408.25,4409.12,179
2026-08-12 05:49:00,4409.18,4410.07,4408.56,4409.65,176
2026-08-12 05:50:00,4409.66,4412.67,4409.45,4412.49,177
2026-08-12 05:51:00,4412.27,4413.15,4411.21,4412.26,175
2026-08-12 05:52:00,4412.28,4413.31,4411.23,4413.31,166
2026-08-12 05:53:00,4413.31,4414.4,4412.53,4413.77,176
2026-08-12 05:54:00,4413.63,4414.46,4413.35,4413.63,155
2026-08-12 05:55:00,4413.61,4413.78,4411.72,4412.52,154
2026-08-12 05:56:00,4412.62,4412.67,4411.29,4412.0,155
2026-08-12 05:57:00,4412.01,4412.94,4411.15,4411.25,165
2026-08-12 05:58:00,4411.26,4413.17,4411.09,4411.62,176
2026-08-12 05:59:00,4411.49,4412.27,4410.99,4411.26,161
2026-08-12 06:00:00,4411.4,4412.44,4411.13,4411.86,171
2026-08-12 06:01:00,4411.98,4413.67,4411.79,4412.57,178
2026-08-12 06:02:00,4412.23,4414.3,4411.64,4411.64,165
2026-08-12 06:03:00,4411.62,4411.77,4409.96,4410.23,184
2026-08-12 06:04:00,4410.28,4410.39,4408.9,4409.37,170
2026-08-12 06:05:00,4409.83,4409.83,4408.44,4409.53,157
2026-08-12 06:06:00,4409.54,4410.87,4409.48,4410.28,164
2026-08-12 06:07:00,4410.22,4414.39,4409.82,4414.21,188
2026-08-12 06:08:00,4414.47,4416.08,4412.07,4412.96,179
2026-08-12 06:09:00,4413.01,4413.88,4412.32,4413.39,166
2026-08-12 06:10:00,4413.41,4414.17,4413.41,4413.99,133
2026-08-12 06:11:00,4414.0,4414.54,4413.87,4414.26,147
2026-08-12 06:12:00,4414.25,4414.63,4413.51,4414.0,160
2026-08-12 06:13:00,4414.0,4414.21,4413.23,4413.56,139
2026-08-12 06:14:00,4413.68,4413.76,4410.52,4410.77,166
2026-08-12 06:15:00,4410.74,4410.82,4409.47,4410.1,155
2026-08-12 06:16:00,4410.13,4410.18,4407.84,4407.87,182
2026-08-12 06:17:00,4407.72,4407.96,4406.55,4407.15,166
2026-08-12 06:18:00,4407.15,4407.64,4406.35,4406.55,155
2026-08-12 06:19:00,4406.55,4407.66,4406.55,4407.44,144
2026-08-12 06:20:00,4407.08,4407.24,4405.76,4406.3,162
2026-08-12 06:21:00,4406.3,4406.89,4405.88,4406.21,147
2026-08-12 06:22:00,4406.03,4406.17,4405.17,4405.24,163
2026-08-12 06:23:00,4404.95,4407.24,4404.44,4406.54,157
2026-08-12 06:24:00,4406.54,4407.67,4406.36,4406.65,137
2026-08-12 06:25:00,4406.55,4407.75,4406.2,4406.45,128
2026-08-12 06:26:00,4406.6,4407.76,4406.42,4407.39,164
2026-08-12 06:27:00,4407.38,4407.48,4405.96,4406.78,134
2026-08-12 06:28:00,4406.92,4408.14,4406.78,4407.83,126
2026-08-12 06:29:00,4407.58,4407.93,4406.77,4407.24,155
2026-08-12 06:30:00,4407.25,4408.75,4406.5,4407.5,155
2026-08-12 06:31:00,4407.6,4407.93,4406.79,4407.12,147
2026-08-12 06:32:00,4407.14,4407.22,4405.66,4405.87,126
2026-08-12 06:33:00,4405.84,4406.79,4405.6,4406.42,103
2026-08-12 06:34:00,4406.1,4406.23,4404.96,4405.62,125
2026-08-12 06:35:00,4405.48,4405.93,4404.92,4405.84,132
2026-08-12 06:36:00,4405.86,4406.58,4405.17,4405.91,124
2026-08-12 06:37:00,4405.92,4406.51,4404.1,4404.59,135
2026-08-12 06:38:00,4404.68,4405.16,4404.11,4404.16,133
2026-08-12 06:39:00,4404.08,4404.51,4403.65,4403.78,122
2026-08-12 06:40:00,4403.94,4404.19,4403.59,4403.75,100
2026-08-12 06:41:00,4403.75,4404.47,4403.22,4403.41,118
2026-08-12 06:42:00,4403.41,4404.05,4403.07,4403.13,139
2026-08-12 06:43:00,4403.12,4403.87,4401.27,4403.1,150
2026-08-12 06:44:00,4402.92,4403.64,4401.3,4401.3,143
2026-08-12 06:45:00,4401.45,4402.23,4401.26,4401.84,122
2026-08-12 06:46:00,4401.86,4403.15,4401.44,4402.43,121
2026-08-12 06:47:00,4402.36,4402.86,4402.04,4402.36,106
2026-08-12 06:48:00,4402.47,4402.94,4401.8,4402.9,104
2026-08-12 06:49:00,4402.81,4403.14,4402.09,4402.74,110
2026-08-12 06:50:00,4402.75,4402.76,4401.86,4402.37,93
2026-08-12 06:51:00,4402.3,4403.35,4402.11,4403.18,106
2026-08-12 06:52:00,4403.04,4403.82,4402.33,4403.25,101
2026-08-12 06:53:00,4403.28,4403.28,4401.98,4402.72,115
2026-08-12 06:54:00,4402.72,4402.74,4400.64,4402.16,122
2026-08-12 06:55:00,4402.19,4402.78,4401.02,4401.9,133
2026-08-12 06:56:00,4401.99,4402.07,4401.18,4401.18,102
2026-08-12 06:57:00,4401.18,4402.37,4401.18,4402.27,100
2026-08-12 06:58:00,4402.27,4402.32,4401.69,4402.11,73
2026-08-12 06:59:00,4402.11,4402.32,4401.76,4402.29,76
2026-08-12 07:00:00,4402.28,4402.84,4402.2,4402.4,117
2026-08-12 07:01:00,4402.43,4402.44,4401.71,4401.82,92
2026-08-12 07:02:00,4402.0,4402.28,4401.45,4402.09,110
2026-08-12 07:03:00,4402.13,4402.32,4401.73,4402.32,47
2026-08-12 07:04:00,4402.32,4403.31,4402.07,4403.04,108
2026-08-12 07:05:00,4403.0,4403.23,4401.71,4401.76,101
2026-08-12 07:06:00,4401.73,4401.93,4401.25,4401.48,110
2026-08-12 07:07:00,4401.47,4401.63,4401.1,4401.23,81
2026-08-12 07:08:00,4401.1,4401.59,4400.62,4400.71,106
2026-08-12 07:09:00,4400.73,4401.04,4399.64,4400.1,116
2026-08-12 07:10:00,4400.14,4400.29,4398.1,4398.4,141
2026-08-12 07:11:00,4398.39,4399.55,4398.04,4398.56,144
2026-08-12 07:12:00,4398.56,4398.72,4396.86,4397.48,131
2026-08-12 07:13:00,4397.53,4397.58,4396.56,4396.78,135
2026-08-12 07:14:00,4396.81,4397.46,4396.66,4397.46,93
2026-08-12 07:15:00,4397.46,4397.47,4395.49,4396.04,118
2026-08-12 07:16:00,4396.04,4396.58,4395.38,4396.51,128
2026-08-12 07:17:00,4396.62,4396.97,4395.87,4396.48,115
2026-08-12 07:18:00,4396.48,4396.99,4395.87,4396.01,131
2026-08-12 07:19:00,4396.23,4396.55,4395.94,4396.17,101
2026-08-12 07:20:00,4396.31,4397.28,4396.14,4397.08,107
2026-08-12 07:21:00,4397.6,4398.49,4396.79,4397.41,114
2026-08-12 07:22:00,4397.43,4398.37,4397.28,4397.86,107
2026-08-12 07:23:00,4397.74,4397.78,4397.24,4397.71,68
2026-08-12 07:24:00,4397.71,4397.83,4396.89,4397.56,94
2026-08-12 07:25:00,4397.69,4398.1,4397.38,4397.77,86
2026-08-12 07:26:00,4397.84,4398.83,4397.71,4398.25,139
2026-08-12 07:27:00,4398.27,4398.72,4397.97,4398.15,129
2026-08-12 07:28:00,4398.17,4398.52,4397.86,4398.39,94
2026-08-12 07:29:00,4398.42,4399.32,4398.42,4398.92,76
2026-08-12 07:30:00,4398.92,4399.15,4397.69,4397.9,80
2026-08-12 07:31:00,4397.9,4398.09,4397.08,4397.87,85
2026-08-12 07:32:00,4397.97,4398.33,4397.6,4397.89,96
2026-08-12 07:33:00,4397.9,4398.24,4397.62,4397.88,76
2026-08-12 07:34:00,4397.86,4399.48,4397.35,4398.93,91
2026-08-12 07:35:00,4398.97,4399.67,4398.02,4398.5,143
2026-08-12 07:36:00,4398.49,4399.12,4397.92,4398.95,103
2026-08-12 07:37:00,4399.12,4399.86,4398.75,4399.68,129
2026-08-12 07:38:00,4399.63,4399.84,4398.73,4399.16,93
2026-08-12 07:39:00,4399.3,4399.51,4398.47,4399.01,86
2026-08-12 07:40:00,4399.02,4399.08,4395.19,4396.13,136
2026-08-12 07:41:00,4396.14,4397.6,4396.14,4397.5,113
2026-08-12 07:42:00,4397.32,4398.07,4397.21,4397.85,113
2026-08-12 07:43:00,4397.56,4399.46,4397.27,4399.29,135
2026-08-12 07:44:00,4399.15,4400.1,4399.06,4399.92,130
2026-08-12 07:45:00,4400.01,4400.24,4399.48,4399.69,86
2026-08-12 07:46:00,4399.68,4400.74,4399.62,4400.41,95
2026-08-12 07:47:00,4400.32,4401.42,4400.32,4401.36,107
2026-08-12 07:48:00,4401.38,4401.71,4400.64,4401.44,117
2026-08-12 07:49:00,4401.44,4402.3,4401.18,4401.32,118
2026-08-12 07:50:00,4401.27,4401.86,4401.12,4401.38,137
2026-08-12 07:51:00,4401.37,4401.77,4400.61,4401.67,122
2026-08-12 07:52:00,4401.67,4401.67,4400.14,4400.55,118
2026-08-12 07:53:00,4400.69,4400.79,4400.19,4400.19,74
2026-08-12 07:54:00,4400.19,4400.37,4399.6,4399.69,114
2026-08-12 07:55:00,4399.55,4400.26,4399.38,4399.42,108
2026-08-12 07:56:00,4399.55,4399.96,4399.24,4399.92,110
2026-08-12 07:57:00,4399.91,4400.75,4399.79,4400.54,114
2026-08-12 07:58:00,4400.44,4400.87,4400.31,4400.85,94
2026-08-12 07:59:00,4400.83,4401.19,4400.34,4400.92,107
2026-08-12 08:00:00,4401.05,4401.55,4400.73,4401.2,135
2026-08-12 08:01:00,4401.34,4401.55,4400.85,4400.89,111
2026-08-12 08:02:00,4400.81,4402.16,4400.45,4400.64,122
2026-08-12 08:03:00,4400.63,4401.21,4400.14,4400.95,92
2026-08-12 08:04:00,4400.77,4402.3,4400.74,4401.57,102
2026-08-12 08:05:00,4401.47,4403.01,4401.43,4402.58,111
2026-08-12 08:06:00,4402.47,4402.75,4401.77,4402.2,132
2026-08-12 08:07:00,4401.88,4402.99,4400.73,4402.83,134
2026-08-12 08:08:00,4402.86,4403.79,4402.86,4403.26,138
2026-08-12 08:09:00,4403.25,4404.59,4402.89,4404.54,118
2026-08-12 08:10:00,4404.44,4404.58,4403.6,4404.06,115
2026-08-12 08:11:00,4403.92,4404.8,4403.88,4404.18,129
2026-08-12 08:12:00,4403.94,4404.83,4403.77,4403.89,111
2026-08-12 08:13:00,4403.87,4404.17,4402.05,4402.11,116
2026-08-12 08:14:00,4402.07,4402.32,4400.76,4400.77,127
2026-08-12 08:15:00,4400.62,4400.86,4399.04,4399.04,138
2026-08-12 08:16:00,4399.04,4399.39,4398.28,4398.75,112
2026-08-12 08:17:00,4398.7,4398.73,4397.92,4398.2,119
2026-08-12 08:18:00,4398.22,4398.33,4396.94,4397.67,123
2026-08-12 08:19:00,4397.84,4398.83,4397.78,4398.5,123
2026-08-12 08:20:00,4398.64,4399.13,4395.48,4395.74,143
2026-08-12 08:21:00,4396.0,4396.74,4395.37,4395.58,135
2026-08-12 08:22:00,4395.58,4395.76,4392.53,4392.6,156
2026-08-12 08:23:00,4392.58,4393.99,4392.51,4393.51,139
2026-08-12 08:24:00,4393.59,4394.68,4393.56,4394.13,139
2026-08-12 08:25:00,4394.01,4395.15,4393.76,4395.01,133
2026-08-12 08:26:00,4395.01,4395.89,4394.4,4395.19,103
2026-08-12 08:27:00,4395.38,4395.57,4394.51,4394.86,114
2026-08-12 08:28:00,4394.87,4395.11,4393.33,4393.48,143
2026-08-12 08:29:00,4393.53,4394.06,4392.6,4392.61,122
2026-08-12 08:30:00,4392.56,4393.04,4389.11,4392.81,206
2026-08-12 08:31:00,4392.9,4396.99,4392.53,4396.37,193
2026-08-12 08:32:00,4396.38,4396.6,4393.3,4394.54,179
2026-08-12 08:33:00,4394.6,4394.6,4392.48,4392.93,164
2026-08-12 08:34:00,4392.97,4393.79,4391.61,4392.54,184
2026-08-12 08:35:00,4392.51,4392.85,4390.68,4392.85,185
2026-08-12 08:36:00,4392.79,4395.09,4391.58,4393.46,176
2026-08-12 08:37:00,4393.49,4394.05,4392.35,4392.79,152
2026-08-12 08:38:00,4392.83,4394.84,4392.16,4394.22,158
2026-08-12 08:39:00,4394.12,4394.45,4393.29,4393.7,137
2026-08-12 08:40:00,4393.7,4394.25,4392.95,4393.83,133
2026-08-12 08:41:00,4393.84,4394.27,4390.76,4391.51,156
2026-08-12 08:42:00,4391.4,4391.55,4389.23,4389.34,167
2026-08-12 08:43:00,4389.38,4390.58,4388.56,4389.89,172
2026-08-12 08:44:00,4389.86,4390.37,4387.95,4388.18,151
2026-08-12 08:45:00,4388.11,4388.25,4385.46,4387.09,179
2026-08-12 08:46:00,4387.08,4388.26,4386.52,4388.06,176
2026-08-12 08:47:00,4388.28,4389.28,4386.53,4386.78,168
2026-08-12 08:48:00,4386.64,4386.74,4384.94,4385.83,149
2026-08-12 08:49:00,4386.0,4386.59,4385.08,4385.24,153
2026-08-12 08:50:00,4385.07,4387.36,4385.03,4385.87,156
2026-08-12 08:51:00,4385.87,4386.11,4385.22,4385.73,122
2026-08-12 08:52:00,4385.72,4385.87,4383.95,4384.96,154
2026-08-12 08:53:00,4384.97,4387.01,4384.79,4387.01,169
2026-08-12 08:54:00,4387.04,4389.05,4386.8,4388.65,173
2026-08-12 08:55:00,4388.64,4391.25,4388.24,4390.42,176
2026-08-12 08:56:00,4390.43,4391.12,4388.61,4390.26,175
2026-08-12 08:57:00,4390.4,4393.23,4390.06,4393.01,179
2026-08-12 08:58:00,4392.97,4394.12,4391.72,4391.77,142
2026-08-12 08:59:00,4391.77,4392.4,4390.95,4391.12,141
2026-08-12 09:00:00,4390.99,4392.96,4390.48,4392.4,174
2026-08-12 09:01:00,4392.34,4393.1,4390.56,4391.18,182
2026-08-12 09:02:00,4390.77,4390.94,4388.26,4388.26,159
2026-08-12 09:03:00,4388.37,4388.75,4387.34,4387.9,168
2026-08-12 09:04:00,4387.9,4389.05,4387.73,4387.94,168
2026-08-12 09:05:00,4387.93,4388.72,4386.17,4386.94,172
2026-08-12 09:06:00,4387.02,4387.57,4386.3,4387.57,158
2026-08-12 09:07:00,4387.51,4388.02,4385.53,4386.2,170
2026-08-12 09:08:00,4386.18,4386.66,4385.17,4385.82,153
2026-08-12 09:09:00,4385.8,4386.8,4385.3,4386.6,150
2026-08-12 09:10:00,4386.6,4387.71,4385.04,4385.24,148
2026-08-12 09:11:00,4385.1,4387.36,4385.1,4386.69,144
2026-08-12 09:12:00,4386.59,4387.61,4385.6,4386.53,175
2026-08-12 09:13:00,4386.51,4387.47,4386.04,4387.44,139
2026-08-12 09:14:00,4387.59,4388.36,4386.84,4387.0,165
2026-08-12 09:15:00,4386.97,4387.84,4385.69,4387.31,153
2026-08-12 09:16:00,4387.26,4388.32,4387.02,4388.13,141
2026-08-12 09:17:00,4388.07,4389.84,4388.07,4389.84,173
2026-08-12 09:18:00,4389.72,4390.43,4389.24,4390.19,154
2026-08-12 09:19:00,4390.33,4390.4,4388.39,4389.24,161
2026-08-12 09:20:00,4389.24,4389.35,4388.13,4388.74,148
2026-08-12 09:21:00,4388.83,4390.26,4388.11,4389.86,152
2026-08-12 09:22:00,4390.01,4390.51,4387.81,4388.06,151
2026-08-12 09:23:00,4388.0,4388.94,4387.79,4388.36,142
2026-08-12 09:24:00,4388.35,4389.48,4388.07,4389.04,134
2026-08-12 09:25:00,4388.96,4389.94,4388.68,4389.75,130
2026-08-12 09:26:00,4389.62,4390.26,4388.48,4388.48,142
2026-08-12 09:27:00,4388.5,4388.77,4386.92,4388.57,158
2026-08-12 09:28:00,4388.57,4389.67,4387.8,4389.44,133
2026-08-12 09:29:00,4389.48,4390.02,4388.56,4389.61,151
2026-08-12 09:30:00,4389.67,4390.01,4389.16,4389.6,160
2026-08-12 09:31:00,4389.63,4390.25,4388.66,4389.33,156
2026-08-12 09:32:00,4389.2,4390.03,4388.58,4389.32,141
2026-08-12 09:33:00,4389.29,4389.89,4388.29,4389.61,149
2026-08-12 09:34:00,4389.61,4390.01,4388.92,4389.36,125
2026-08-12 09:35:00,4389.37,4390.46,4388.71,4388.87,148
2026-08-12 09:36:00,4388.88,4390.35,4388.59,4390.12,144
2026-08-12 09:37:00,4390.13,4393.4,4389.98,4392.82,199
2026-08-12 09:38:00,4392.8,4394.15,4391.88,4393.13,179
2026-08-12 09:39:00,4393.14,4395.05,4393.14,4394.01,190
2026-08-12 09:40:00,4393.84,4397.1,4393.47,4396.75,175
2026-08-12 09:41:00,4396.73,4397.36,4395.81,4396.51,179
2026-08-12 09:42:00,4396.55,4396.67,4395.73,4395.73,136
2026-08-12 09:43:00,4395.75,4396.87,4395.55,4396.44,157
2026-08-12 09:44:00,4396.35,4396.41,4393.89,4394.5,164
2026-08-12 09:45:00,4394.57,4398.47,4394.57,4398.38,190
2026-08-12 09:46:00,4398.24,4399.05,4397.18,4397.64,152
2026-08-12 09:47:00,4397.64,4398.44,4397.06,4398.2,167
2026-08-12 09:48:00,4398.26,4399.76,4397.86,4398.87,157
2026-08-12 09:49:00,4398.85,4400.78,4398.85,4399.79,167
2026-08-12 09:50:00,4399.86,4401.34,4399.65,4401.17,164
2026-08-12 09:51:00,4400.99,4403.03,4400.69,4402.96,157
2026-08-12 09:52:00,4402.69,4403.2,4401.95,4402.4,156
2026-08-12 09:53:00,4402.34,4402.34,4400.34,4401.22,151
2026-08-12 09:54:00,4401.02,4402.22,4400.81,4401.11,144
2026-08-12 09:55:00,4401.17,4404.9,4401.07,4404.41,169
2026-08-12 09:56:00,4404.57,4406.38,4403.88,4406.22,172
2026-08-12 09:57:00,4406.06,4406.1,4404.3,4404.39,142
2026-08-12 09:58:00,4404.54,4404.54,4402.91,4402.91,149
2026-08-12 09:59:00,4402.94,4403.75,4402.84,4403.49,177
2026-08-12 10:00:00,4403.47,4406.11,4403.35,4405.8,195
2026-08-12 10:01:00,4405.65,4405.69,4401.86,4402.42,175
2026-08-12 10:02:00,4402.42,4404.12,4402.14,4403.98,152
2026-08-12 10:03:00,4404.39,4404.73,4402.2,4402.2,131
2026-08-12 10:04:00,4402.19,4402.89,4401.04,4401.3,156
2026-08-12 10:05:00,4401.27,4401.84,4400.91,4401.1,131
2026-08-12 10:06:00,4401.17,4402.54,4401.17,4402.01,122
2026-08-12 10:07:00,4401.9,4403.29,4401.33,4402.5,142
2026-08-12 10:08:00,4402.31,4402.61,4401.15,4401.6,142
2026-08-12 10:09:00,4401.51,4402.49,4400.99,4402.26,141
2026-08-12 10:10:00,4402.14,4403.5,4402.14,4403.27,126
2026-08-12 10:11:00,4403.28,4404.69,4403.28,4404.54,131
2026-08-12 10:12:00,4404.57,4405.4,4403.87,4405.07,149
2026-08-12 10:13:00,4405.07,4406.02,4404.79,4404.79,144
2026-08-12 10:14:00,4404.38,4405.11,4401.07,4401.55,147
2026-08-12 10:15:00,4401.37,4401.45,4400.34,4400.58,144
2026-08-12 10:16:00,4400.58,4400.81,4399.56,4399.58,124
2026-08-12 10:17:00,4399.51,4400.01,4399.06,4399.44,129
2026-08-12 10:18:00,4399.44,4399.72,4398.54,4399.54,144
2026-08-12 10:19:00,4399.6,4399.87,4398.73,4399.32,111
2026-08-12 10:20:00,4399.29,4399.46,4398.15,4398.47,132
2026-08-12 10:21:00,4398.57,4399.39,4398.52,4399.04,119
2026-08-12 10:22:00,4399.22,4399.86,4399.02,4399.59,100
2026-08-12 10:23:00,4399.59,4399.88,4399.16,4399.57,93
2026-08-12 10:24:00,4399.57,4400.59,4399.16,4399.92,131
2026-08-12 10:25:00,4399.92,4400.78,4399.68,4400.71,116
2026-08-12 10:26:00,4400.72,4400.96,4400.17,4400.23,115
2026-08-12 10:27:00,4400.25,4402.71,4400.23,4401.75,123
2026-08-12 10:28:00,4401.95,4402.59,4401.55,4402.06,137
2026-08-12 10:29:00,4402.07,4402.82,4401.94,4402.32,130
2026-08-12 10:30:00,4402.31,4403.04,4401.85,4402.27,146
2026-08-12 10:31:00,4402.23,4402.45,4401.34,4401.68,123
2026-08-12 10:32:00,4401.62,4403.87,4401.36,4403.57,94
2026-08-12 10:33:00,4403.58,4404.05,4403.2,4403.93,102
2026-08-12 10:34:00,4403.94,4405.62,4403.87,4403.87,124
2026-08-12 10:35:00,4403.83,4404.82,4403.23,4404.5,124
2026-08-12 10:36:00,4404.57,4406.06,4404.24,4405.31,159
2026-08-12 10:37:00,4405.18,4405.54,4404.68,4405.07,142
2026-08-12 10:38:00,4405.07,4405.98,4404.6,4405.2,128
2026-08-12 10:39:00,4405.22,4407.49,4405.22,4407.33,143
2026-08-12 10:40:00,4407.31,4407.51,4405.72,4405.86,125
2026-08-12 10:41:00,4406.07,4407.02,4405.76,4406.39,144
2026-08-12 10:42:00,4406.31,4408.6,4406.31,4408.26,127
2026-08-12 10:43:00,4408.26,4408.5,4407.38,4407.46,132
2026-08-12 10:44:00,4407.46,4408.5,4407.11,4407.9,140
2026-08-12 10:45:00,4407.9,4408.52,4406.33,4406.55,154
2026-08-12 10:46:00,4406.65,4407.6,4405.92,4407.34,132
2026-08-12 10:47:00,4407.37,4407.84,4406.6,4406.82,107
2026-08-12 10:48:00,4406.94,4409.6,4406.93,4409.6,131
2026-08-12 10:49:00,4409.35,4409.83,4408.02,4408.59,155
2026-08-12 10:50:00,4408.58,4409.27,4407.59,4408.08,130
2026-08-12 10:51:00,4408.31,4409.97,4407.58,4408.73,144
2026-08-12 10:52:00,4408.75,4409.93,4408.19,4409.57,150
2026-08-12 10:53:00,4409.57,4410.05,4408.28,4408.64,119
2026-08-12 10:54:00,4408.5,4409.08,4408.24,4408.61,104
2026-08-12 10:55:00,4408.65,4408.98,4406.75,4407.11,141
2026-08-12 10:56:00,4406.97,4406.99,4405.11,4405.29,134
2026-08-12 10:57:00,4405.27,4405.69,4405.08,4405.17,104
2026-08-12 10:58:00,4405.36,4406.14,4404.71,4404.86,145
2026-08-12 10:59:00,4404.78,4406.33,4404.78,4406.26,120
2026-08-12 11:00:00,4406.34,4407.28,4405.76,4406.21,166
2026-08-12 11:01:00,4406.46,4408.21,4405.96,4408.21,158
2026-08-12 11:02:00,4408.26,4409.38,4407.69,4408.86,118
2026-08-12 11:03:00,4408.97,4409.72,4408.46,4409.53,137
2026-08-12 11:04:00,4409.44,4410.38,4408.26,4408.62,126
2026-08-12 11:05:00,4408.61,4409.59,4408.12,4409.38,135
2026-08-12 11:06:00,4409.4,4410.33,4409.38,4410.33,137
2026-08-12 11:07:00,4410.33,4410.52,4408.24,4408.94,112
2026-08-12 11:08:00,4408.79,4409.16,4407.94,4408.42,139
2026-08-12 11:09:00,4408.42,4408.61,4407.3,4407.44,101
2026-08-12 11:10:00,4407.33,4409.48,4407.25,4408.38,115
2026-08-12 11:11:00,4408.35,4408.89,4408.11,4408.41,129
2026-08-12 11:12:00,4408.55,4408.92,4408.15,4408.76,93
2026-08-12 11:13:00,4408.82,4409.26,4408.14,4408.76,119
2026-08-12 11:14:00,4408.75,4409.15,4407.94,4408.41,127
2026-08-12 11:15:00,4408.32,4408.57,4406.5,4406.87,135
2026-08-12 11:16:00,4406.72,4407.3,4406.59,4406.96,93
2026-08-12 11:17:00,4406.9,4407.37,4406.51,4406.84,103
2026-08-12 11:18:00,4406.84,4408.06,4406.84,4407.65,112
2026-08-12 11:19:00,4407.65,4408.48,4407.23,4407.3,129
2026-08-12 11:20:00,4407.43,4409.24,4407.27,4408.68,115
2026-08-12 11:21:00,4408.75,4409.09,4407.86,4408.08,131
2026-08-12 11:22:00,4408.09,4409.45,4407.73,4409.02,124
2026-08-12 11:23:00,4409.01,4409.44,4408.29,4408.96,131
2026-08-12 11:24:00,4408.96,4409.1,4408.17,4408.31,129
2026-08-12 11:25:00,4408.16,4408.55,4407.75,4408.09,101
2026-08-12 11:26:00,4408.06,4408.06,4406.42,4406.68,119
2026-08-12 11:27:00,4406.82,4407.32,4406.14,4406.85,139
2026-08-12 11:28:00,4406.89,4406.98,4405.51,4406.3,99
2026-08-12 11:29:00,4406.31,4407.64,4405.67,4406.9,118
2026-08-12 11:30:00,4407.09,4407.62,4406.2,4406.68,162
2026-08-12 11:31:00,4406.82,4407.06,4405.97,4406.59,144
2026-08-12 11:32:00,4406.34,4407.04,4405.46,4405.81,126
2026-08-12 11:33:00,4405.81,4406.94,4404.98,4404.98,130
2026-08-12 11:34:00,4404.98,4405.95,4404.9,4405.75,137
2026-08-12 11:35:00,4405.81,4405.89,4404.94,4405.09,126
2026-08-12 11:36:00,4405.07,4405.91,4404.68,4405.77,123
2026-08-12 11:37:00,4405.77,4406.53,4405.45,4405.83,126
2026-08-12 11:38:00,4405.97,4406.64,4404.75,4406.09,135
2026-08-12 11:39:00,4406.09,4406.24,4405.72,4405.84,124
2026-08-12 11:40:00,4405.84,4406.24,4404.83,4405.22,100
2026-08-12 11:41:00,4405.22,4405.6,4404.62,4405.15,107
2026-08-12 11:42:00,4405.18,4406.26,4405.02,4405.66,129
2026-08-12 11:43:00,4405.62,4406.23,4405.03,4405.12,122
2026-08-12 11:44:00,4405.21,4406.03,4405.09,4405.96,109
2026-08-12 11:45:00,4406.09,4406.09,4404.54,4404.93,118
2026-08-12 11:46:00,4404.8,4405.52,4404.5,4405.05,113
2026-08-12 11:47:00,4405.11,4405.36,4402.8,4403.12,135
2026-08-12 11:48:00,4403.24,4404.1,4402.71,4404.03,120
2026-08-12 11:49:00,4404.03,4404.47,4403.76,4404.3,111
2026-08-12 11:50:00,4404.3,4404.91,4404.08,4404.7,97
2026-08-12 11:51:00,4404.7,4404.92,4403.35,4403.59,108
2026-08-12 11:52:00,4403.55,4403.97,4403.44,4403.44,96
2026-08-12 11:53:00,4403.36,4404.13,4403.36,4404.09,84
2026-08-12 11:54:00,4404.12,4404.19,4403.16,4403.32,109
2026-08-12 11:55:00,4403.32,4403.48,4402.48,4402.77,110
2026-08-12 11:56:00,4402.77,4403.56,4402.66,4403.49,109
2026-08-12 11:57:00,4403.51,4403.51,4401.8,4402.04,130
2026-08-12 11:58:00,4402.08,4402.91,4401.75,4402.66,117
2026-08-12 11:59:00,4402.66,4402.74,4401.62,4401.86,110
2026-08-12 12:00:00,4401.97,4403.07,4401.76,4402.82,138
2026-08-12 12:01:00,4402.86,4403.7,4402.24,4403.53,131
2026-08-12 12:02:00,4403.57,4405.32,4403.44,4405.29,117
2026-08-12 12:03:00,4405.3,4407.68,4404.72,4407.29,148
2026-08-12 12:04:00,4407.32,4408.02,4406.77,4407.22,134
2026-08-12 12:05:00,4407.18,4407.52,4406.64,4407.17,131
2026-08-12 12:06:00,4407.03,4408.17,4406.86,4407.33,139
2026-08-12 12:07:00,4407.15,4408.23,4406.81,4407.73,105
2026-08-12 12:08:00,4407.78,4408.83,4407.51,4407.51,116
2026-08-12 12:09:00,4407.4,4408.93,4407.17,4408.68,130
2026-08-12 12:10:00,4408.66,4411.52,4407.83,4410.05,167
2026-08-12 12:11:00,4410.04,4411.54,4409.71,4411.04,154
2026-08-12 12:12:00,4411.17,4411.73,4410.85,4411.07,134
2026-08-12 12:13:00,4411.04,4413.06,4410.41,4412.6,144
2026-08-12 12:14:00,4412.58,4413.06,4411.68,4412.8,153
2026-08-12 12:15:00,4413.14,4417.67,4412.33,4417.32,169
2026-08-12 12:16:00,4417.94,4417.94,4414.64,4415.8,144
2026-08-12 12:17:00,4415.77,4415.99,4414.55,4415.4,134
2026-08-12 12:18:00,4415.36,4415.57,4414.5,4415.29,138
2026-08-12 12:19:00,4415.28,4415.82,4414.54,4415.39,138
2026-08-12 12:20:00,4415.34,4415.93,4413.63,4414.19,134
2026-08-12 12:21:00,4414.17,4414.46,4413.37,4413.82,122
2026-08-12 12:22:00,4413.81,4417.42,4413.3,4417.42,147
2026-08-12 12:23:00,4417.24,4421.77,4417.15,4421.38,247
2026-08-12 12:24:00,4420.99,4424.1,4419.6,4423.45,254
2026-08-12 12:25:00,4423.73,4423.73,4418.87,4418.87,216
2026-08-12 12:26:00,4419.03,4420.63,4417.4,4417.6,204
2026-08-12 12:27:00,4417.73,4417.79,4415.16,4415.39,184
2026-08-12 12:28:00,4415.38,4416.41,4414.92,4415.19,181
2026-08-12 12:29:00,4415.17,4416.12,4413.1,4413.1,175
2026-08-12 12:30:00,4413.05,4414.55,4412.23,4413.57,185
2026-08-12 12:31:00,4413.54,4413.96,4412.34,4412.56,182
2026-08-12 12:32:00,4412.58,4415.73,4411.82,4415.39,170
2026-08-12 12:33:00,4415.15,4415.76,4413.75,4413.95,151
2026-08-12 12:34:00,4413.8,4414.74,4413.53,4414.1,130
2026-08-12 12:35:00,4414.2,4414.6,4412.53,4413.1,177
2026-08-12 12:36:00,4413.1,4413.86,4412.7,4413.78,153
2026-08-12 12:37:00,4413.79,4416.16,4413.63,4415.84,157
2026-08-12 12:38:00,4415.84,4415.98,4414.88,4415.34,135
2026-08-12 12:39:00,4415.36,4416.38,4415.15,4416.08,150
2026-08-12 12:40:00,4415.98,4417.11,4415.78,4416.14,137
2026-08-12 12:41:00,4416.13,4417.21,4414.81,4415.87,127
2026-08-12 12:42:00,4415.88,4416.33,4415.32,4415.61,139
2026-08-12 12:43:00,4415.48,4415.87,4413.8,4414.54,137
2026-08-12 12:44:00,4414.54,4414.84,4413.14,4413.75,137
2026-08-12 12:45:00,4413.92,4413.93,4412.53,4413.32,149
2026-08-12 12:46:00,4413.28,4413.84,4412.7,4413.54,124
2026-08-12 12:47:00,4413.56,4414.06,4413.18,4413.4,127
2026-08-12 12:48:00,4413.37,4414.45,4412.56,4413.25,126
2026-08-12 12:49:00,4413.24,4413.72,4412.37,4412.75,149
2026-08-12 12:50:00,4412.77,4416.55,4412.77,4416.16,187
2026-08-12 12:51:00,4416.12,4416.12,4413.01,4413.21,174
2026-08-12 12:52:00,4413.2,4413.73,4411.33,4411.75,175
2026-08-12 12:53:00,4411.77,4412.05,4411.25,4411.55,141
2026-08-12 12:54:00,4411.69,4411.91,4410.74,4411.67,129
2026-08-12 12:55:00,4411.81,4413.1,4411.41,4412.17,167
2026-08-12 12:56:00,4412.07,4412.65,4411.66,4412.64,112
2026-08-12 12:57:00,4412.6,4415.62,4412.6,4415.14,134
2026-08-12 12:58:00,4415.04,4415.74,4414.67,4415.35,142
2026-08-12 12:59:00,4415.34,4416.41,4414.6,4415.75,150
2026-08-12 13:00:00,4415.95,4416.24,4415.24,4415.99,150
2026-08-12 13:01:00,4415.97,4416.36,4414.76,4414.79,123
2026-08-12 13:02:00,4414.79,4416.03,4414.63,4414.77,120
2026-08-12 13:03:00,4414.77,4415.93,4414.5,4415.93,108
2026-08-12 13:04:00,4415.81,4415.89,4414.62,4414.89,129
2026-08-12 13:05:00,4414.85,4416.88,4414.85,4416.41,160
2026-08-12 13:06:00,4416.38,4417.47,4416.23,4417.28,147
2026-08-12 13:07:00,4417.25,4417.27,4415.72,4416.47,129
2026-08-12 13:08:00,4416.33,4416.76,4415.39,4415.68,116
2026-08-12 13:09:00,4415.68,4419.0,4415.39,4417.96,143
2026-08-12 13:10:00,4417.94,4418.82,4417.68,4418.63,114
2026-08-12 13:11:00,4418.48,4418.73,4417.34,4418.68,132
2026-08-12 13:12:00,4418.64,4419.28,4417.5,4419.01,146
2026-08-12 13:13:00,4419.01,4419.32,4417.94,4419.09,114
2026-08-12 13:14:00,4419.09,4419.09,4417.28,4417.97,134
2026-08-12 13:15:00,4418.07,4419.18,4417.31,4419.08,146
2026-08-12 13:16:00,4419.1,4419.11,4417.6,4417.87,114
2026-08-12 13:17:00,4418.2,4418.79,4418.12,4418.18,126
2026-08-12 13:18:00,4418.19,4418.98,4417.88,4418.73,107
2026-08-12 13:19:00,4418.76,4419.83,4418.54,4419.41,112
2026-08-12 13:20:00,4419.36,4420.37,4419.11,4420.03,145
2026-08-12 13:21:00,4419.68,4420.35,4418.94,4419.12,142
2026-08-12 13:22:00,4419.28,4420.04,4418.9,4419.82,115
2026-08-12 13:23:00,4419.84,4420.02,4419.09,4419.69,131
2026-08-12 13:24:00,4419.69,4419.9,4418.6,4419.03,142
2026-08-12 13:25:00,4419.04,4419.43,4417.98,4418.96,151
2026-08-12 13:26:00,4418.84,4420.06,4418.46,4419.5,167
2026-08-12 13:27:00,4419.46,4420.73,4419.32,4420.36,142
2026-08-12 13:28:00,4420.39,4420.97,4419.76,4420.31,131
2026-08-12 13:29:00,4420.31,4420.52,4419.42,4419.51,133
2026-08-12 13:30:00,4419.51,4419.85,4418.28,4418.34,157
2026-08-12 13:31:00,4418.48,4419.62,4417.74,4419.53,137
2026-08-12 13:32:00,4419.41,4419.56,4417.33,4418.62,136
2026-08-12 13:33:00,4418.58,4418.58,4417.01,4417.3,148
2026-08-12 13:34:00,4417.48,4417.48,4416.89,4417.16,118
2026-08-12 13:35:00,4417.16,4417.16,4415.53,4416.04,136
2026-08-12 13:36:00,4416.04,4416.44,4415.75,4416.18,126
2026-08-12 13:37:00,4416.14,4416.35,4415.41,4415.94,124
2026-08-12 13:38:00,4415.68,4415.93,4413.92,4414.09,132
2026-08-12 13:39:00,4414.0,4414.28,4412.88,4413.95,134
2026-08-12 13:40:00,4413.95,4415.03,4413.36,4413.96,152
2026-08-12 13:41:00,4414.25,4414.59,4413.43,4414.08,134
2026-08-12 13:42:00,4414.09,4414.43,4413.22,4413.3,118
2026-08-12 13:43:00,4413.5,4414.04,4413.29,4413.74,106
2026-08-12 13:44:00,4413.92,4415.29,4413.79,4414.7,136
2026-08-12 13:45:00,4414.54,4415.51,4413.73,4415.48,163
2026-08-12 13:46:00,4415.58,4415.78,4415.11,4415.45,106
2026-08-12 13:47:00,4415.52,4415.68,4413.57,4414.24,126
2026-08-12 13:48:00,4414.25,4414.57,4410.84,4410.84,135
2026-08-12 13:49:00,4408.73,4411.34,4406.96,4409.48,235
2026-08-12 13:50:00,4409.42,4410.32,4408.07,4409.11,200
2026-08-12 13:51:00,4409.15,4410.19,4408.71,4409.96,185
2026-08-12 13:52:00,4409.96,4410.93,4409.4,4409.55,159
2026-08-12 13:53:00,4409.87,4410.95,4409.79,4410.83,145
2026-08-12 13:54:00,4410.79,4411.1,4410.27,4410.63,134
2026-08-12 13:55:00,4410.49,4412.36,4409.79,4410.51,151
2026-08-12 13:56:00,4410.48,4411.67,4409.84,4411.23,146
2026-08-12 13:57:00,4411.24,4411.55,4410.61,4411.21,104
2026-08-12 13:58:00,4411.05,4412.38,4410.93,4412.08,141
2026-08-12 13:59:00,4412.25,4412.8,4411.91,4412.78,151
2026-08-12 14:00:00,4412.9,4414.92,4412.47,4414.03,167
2026-08-12 14:01:00,4414.03,4415.16,4412.93,4413.01,153
2026-08-12 14:02:00,4413.03,4413.88,4412.65,4412.96,126
2026-08-12 14:03:00,4412.94,4413.24,4412.17,4412.29,148
2026-08-12 14:04:00,4412.24,4412.24,4410.79,4411.1,139
2026-08-12 14:05:00,4411.11,4411.24,4409.44,4410.32,135
2026-08-12 14:06:00,4410.38,4410.77,4409.36,4410.08,116
2026-08-12 14:07:00,4410.21,4410.87,4409.8,4410.0,130
2026-08-12 14:08:00,4410.02,4411.61,4410.02,4411.37,124
2026-08-12 14:09:00,4411.26,4411.49,4410.52,4410.52,108
2026-08-12 14:10:00,4410.52,4411.07,4410.11,4410.14,99
2026-08-12 14:11:00,4410.13,4411.02,4409.52,4410.25,136
2026-08-12 14:12:00,4410.24,4410.41,4409.86,4410.16,123
2026-08-12 14:13:00,4410.16,4411.35,4407.86,4408.26,145
2026-08-12 14:14:00,4408.2,4409.26,4407.98,4408.08,143
2026-08-12 14:15:00,4407.79,4408.96,4407.79,4408.51,118
2026-08-12 14:16:00,4408.5,4410.01,4408.5,4409.26,110
2026-08-12 14:17:00,4409.46,4409.46,4408.79,4409.23,108
2026-08-12 14:18:00,4409.22,4410.25,4409.0,4410.24,140
2026-08-12 14:19:00,4410.3,4410.3,4408.92,4410.1,129
2026-08-12 14:20:00,4410.24,4410.67,4410.03,4410.54,129
2026-08-12 14:21:00,4410.56,4410.77,4410.28,4410.35,102
2026-08-12 14:22:00,4410.36,4410.82,4409.82,4410.02,129
2026-08-12 14:23:00,4410.13,4411.12,4409.78,4411.04,114
2026-08-12 14:24:00,4411.04,4411.53,4410.53,4410.95,141
2026-08-12 14:25:00,4410.89,4411.9,4410.18,4410.8,143
2026-08-12 14:26:00,4410.74,4411.99,4410.36,4411.79,138
2026-08-12 14:27:00,4411.76,4412.96,4411.65,4412.91,171
2026-08-12 14:28:00,4412.9,4413.41,4412.31,4412.76,129
2026-08-12 14:29:00,4412.71,4416.81,4412.52,4415.03,163
2026-08-12 14:30:00,4415.03,4416.0,4414.34,4414.5,165
2026-08-12 14:31:00,4414.64,4415.67,4414.46,4415.64,139
2026-08-12 14:32:00,4415.53,4415.53,4414.35,4415.17,138
2026-08-12 14:33:00,4414.95,4415.55,4414.01,4414.39,126
2026-08-12 14:34:00,4414.54,4414.69,4412.84,4413.42,134
2026-08-12 14:35:00,4413.24,4413.89,4413.0,4413.35,126
2026-08-12 14:36:00,4413.37,4413.67,4411.55,4412.11,134
2026-08-12 14:37:00,4412.24,4412.28,4410.48,4410.76,134
2026-08-12 14:38:00,4410.89,4411.89,4410.04,4411.75,139
2026-08-12 14:39:00,4411.57,4411.88,4411.07,4411.66,121
2026-08-12 14:40:00,4411.66,4414.04,4411.56,4413.1,156
2026-08-12 14:41:00,4413.13,4413.68,4412.67,4413.26,139
2026-08-12 14:42:00,4413.23,4413.41,4412.1,4412.6,107
2026-08-12 14:43:00,4412.54,4413.2,4412.15,4412.62,113
2026-08-12 14:44:00,4412.62,4413.51,4412.54,4413.2,103
2026-08-12 14:45:00,4413.2,4414.31,4412.73,4413.87,121
2026-08-12 14:46:00,4413.82,4414.2,4413.53,4413.59,114
2026-08-12 14:47:00,4413.51,4414.21,4413.51,4414.03,132
2026-08-12 14:48:00,4414.03,4414.03,4412.71,4412.77,122
2026-08-12 14:49:00,4412.78,4413.54,4412.55,4413.46,124
2026-08-12 14:50:00,4413.47,4413.96,4412.98,4413.2,114
2026-08-12 14:51:00,4413.31,4414.19,4412.64,4413.31,114
2026-08-12 14:52:00,4413.3,4413.85,4412.88,4413.7,133
2026-08-12 14:53:00,4413.65,4414.36,4413.44,4413.89,130
2026-08-12 14:54:00,4413.71,4414.48,4413.4,4414.16,107
2026-08-12 14:55:00,4414.16,4414.92,4413.76,4414.02,111
2026-08-12 14:56:00,4414.01,4415.49,4413.89,4413.91,130
2026-08-12 14:57:00,4414.01,4414.05,4412.43,4412.92,128
2026-08-12 14:58:00,4412.92,4413.88,4412.63,4413.88,112
2026-08-12 14:59:00,4413.88,4413.88,4412.55,4412.84,147
2026-08-12 15:00:00,4412.78,4413.11,4412.07,4412.57,147
2026-08-12 15:01:00,4412.41,4412.53,4410.95,4411.11,159
2026-08-12 15:02:00,4411.11,4412.11,4410.08,4410.92,159
2026-08-12 15:03:00,4410.91,4410.95,4409.0,4409.01,157
2026-08-12 15:04:00,4408.87,4409.24,4407.76,4408.71,151
2026-08-12 15:05:00,4408.72,4408.75,4407.19,4407.2,170
2026-08-12 15:06:00,4407.46,4408.29,4406.87,4407.72,167
2026-08-12 15:07:00,4407.72,4409.03,4407.72,4408.91,148
2026-08-12 15:08:00,4408.6,4409.33,4407.39,4408.29,167
2026-08-12 15:09:00,4408.29,4408.86,4406.82,4407.23,158
2026-08-12 15:10:00,4407.2,4408.63,4406.7,4407.15,162
2026-08-12 15:11:00,4407.14,4409.2,4406.24,4408.95,143
2026-08-12 15:12:00,4409.09,4409.44,4407.63,4407.66,156
2026-08-12 15:13:00,4407.65,4408.34,4407.15,4408.3,112
2026-08-12 15:14:00,4408.26,4408.76,4407.98,4408.76,166
2026-08-12 15:15:00,4408.74,4409.09,4407.55,4407.64,169
2026-08-12 15:16:00,4407.65,4408.5,4406.73,4407.27,167
2026-08-12 15:17:00,4407.23,4408.24,4406.61,4407.75,141
2026-08-12 15:18:00,4407.67,4408.49,4407.05,4408.34,143
2026-08-12 15:19:00,4408.37,4409.02,4406.83,4408.65,157
2026-08-12 15:20:00,4408.32,4409.69,4407.15,4408.21,183
2026-08-12 15:21:00,4408.06,4409.76,4406.95,4407.88,197
2026-08-12 15:22:00,4407.88,4408.4,4404.98,4407.19,192
2026-08-12 15:23:00,4407.44,4409.04,4407.0,4408.32,184
2026-08-12 15:24:00,4408.28,4408.28,4406.64,4406.71,175
2026-08-12 15:25:00,4406.68,4406.68,4404.66,4406.05,190
2026-08-12 15:26:00,4406.02,4409.16,4405.82,4408.76,180
2026-08-12 15:27:00,4408.77,4413.22,4408.6,4412.86,193
2026-08-12 15:28:00,4413.14,4415.7,4411.13,4415.66,198
2026-08-12 15:29:00,4415.63,4425.53,4413.99,4425.53,229
2026-08-12 15:30:00,4427.74,4432.81,4382.52,4393.67,257
2026-08-12 15:31:00,4393.98,4409.81,4387.59,4408.7,264
2026-08-12 15:32:00,4408.26,4418.9,4407.45,4417.26,259
2026-08-12 15:33:00,4417.39,4423.26,4416.96,4421.88,261
2026-08-12 15:34:00,4421.94,4431.61,4421.51,4425.11,260
2026-08-12 15:35:00,4425.19,4425.19,4415.75,4416.61,243
2026-08-12 15:36:00,4416.68,4422.3,4416.57,4421.08,238
2026-08-12 15:37:00,4420.94,4426.71,4420.66,4426.23,239
2026-08-12 15:38:00,4426.12,4426.74,4420.53,4424.95,242
2026-08-12 15:39:00,4424.0,4429.76,4423.29,4429.43,237
2026-08-12 15:40:00,4429.1,4429.22,4423.95,4428.82,207
2026-08-12 15:41:00,4428.88,4429.81,4424.72,4427.43,237
2026-08-12 15:42:00,4427.45,4431.85,4426.78,4431.77,219
2026-08-12 15:43:00,4431.58,4438.28,4431.54,4434.65,247
2026-08-12 15:44:00,4434.42,4434.75,4428.28,4428.28,231
2026-08-12 15:45:00,4428.7,4428.7,4420.17,4422.94,228
2026-08-12 15:46:00,4422.68,4422.72,4420.38,4421.45,228
2026-08-12 15:47:00,4421.21,4421.72,4416.58,4420.95,228
2026-08-12 15:48:00,4421.32,4424.17,4420.44,4423.29,217
2026-08-12 15:49:00,4423.48,4424.17,4420.5,4421.82,221
2026-08-12 15:50:00,4421.69,4426.85,4420.98,4424.45,216
2026-08-12 15:51:00,4424.37,4426.71,4423.91,4426.02,224
2026-08-12 15:52:00,4425.88,4426.54,4422.55,4424.3,220
2026-08-12 15:53:00,4424.35,4428.95,4422.92,4427.2,215
2026-08-12 15:54:00,4427.19,4429.0,4426.49,4427.65,204
2026-08-12 15:55:00,4427.61,4429.63,4427.27,4429.37,201
2026-08-12 15:56:00,4429.11,4429.89,4426.52,4429.89,211
2026-08-12 15:57:00,4429.8,4433.79,4429.51,4429.71,206
2026-08-12 15:58:00,4429.84,4436.72,4429.84,4434.07,215
2026-08-12 15:59:00,4434.09,4438.37,4433.04,4437.47,212
2026-08-12 16:00:00,4437.32,4441.53,4430.26,4430.45,248
2026-08-12 16:01:00,4430.53,4433.03,4426.84,4427.51,238
2026-08-12 16:02:00,4427.85,4434.42,4427.85,4433.49,235
2026-08-12 16:03:00,4433.36,4435.94,4430.01,4430.01,226
2026-08-12 16:04:00,4430.08,4433.79,4429.36,4432.35,213
2026-08-12 16:05:00,4432.34,4434.62,4429.61,4430.47,221
2026-08-12 16:06:00,4430.53,4433.44,4429.84,4433.44,204
2026-08-12 16:07:00,4433.44,4433.65,4427.62,4429.57,220
2026-08-12 16:08:00,4429.57,4432.21,4428.89,4430.91,215
2026-08-12 16:09:00,4430.95,4431.23,4427.72,4429.58,218
2026-08-12 16:10:00,4430.07,4430.59,4427.07,4429.53,223
2026-08-12 16:11:00,4429.54,4430.75,4427.33,4429.49,215
2026-08-12 16:12:00,4429.55,4430.06,4424.89,4425.73,222
2026-08-12 16:13:00,4425.73,4426.64,4422.53,4424.99,216
2026-08-12 16:14:00,4425.06,4425.06,4420.85,4421.86,209
2026-08-12 16:15:00,4422.0,4424.46,4420.99,4424.15,232
2026-08-12 16:16:00,4424.33,4425.35,4422.95,4425.32,218
2026-08-12 16:17:00,4424.11,4428.91,4423.84,4428.45,219
2026-08-12 16:18:00,4428.39,4429.0,4426.16,4426.54,195
2026-08-12 16:19:00,4426.55,4426.55,4423.29,4424.31,206
2026-08-12 16:20:00,4424.29,4427.55,4422.72,4425.01,212
2026-08-12 16:21:00,4424.73,4425.7,4420.44,4420.44,208
2026-08-12 16:22:00,4420.52,4422.18,4419.76,4420.27,209
2026-08-12 16:23:00,4420.39,4420.45,4417.98,4419.67,211
2026-08-12 16:24:00,4419.45,4420.1,4416.97,4417.23,203
2026-08-12 16:25:00,4417.1,4417.94,4414.54,4415.13,216
2026-08-12 16:26:00,4415.31,4418.51,4414.57,4418.48,198
2026-08-12 16:27:00,4418.35,4419.49,4417.0,4418.15,203
2026-08-12 16:28:00,4418.15,4418.38,4416.18,4418.34,196
2026-08-12 16:29:00,4418.53,4418.74,4415.83,4418.53,219
2026-08-12 16:30:00,4418.6,4420.81,4416.24,4418.67,243
2026-08-12 16:31:00,4418.68,4418.68,4414.07,4416.24,236
2026-08-12 16:32:00,4416.33,4418.99,4415.37,4416.86,219
2026-08-12 16:33:00,4416.73,4419.06,4415.67,4417.18,233
2026-08-12 16:34:00,4417.08,4417.25,4412.59,4413.97,235
2026-08-12 16:35:00,4413.9,4417.29,4413.02,4416.29,233
2026-08-12 16:36:00,4416.13,4419.8,4415.09,4417.58,234
2026-08-12 16:37:00,4417.52,4418.09,4413.26,4414.51,227
2026-08-12 16:38:00,4415.05,4418.66,4413.93,4415.31,222
2026-08-12 16:39:00,4415.32,4415.32,4410.32,4411.88,226
2026-08-12 16:40:00,4411.69,4412.59,4408.59,4410.12,227
2026-08-12 16:41:00,4410.11,4413.55,4409.25,4413.42,222
2026-08-12 16:42:00,4413.4,4416.13,4410.38,4416.13,225
2026-08-12 16:43:00,4415.9,4420.17,4414.04,4418.31,226
2026-08-12 16:44:00,4418.29,4419.83,4412.96,4416.82,234
2026-08-12 16:45:00,4416.93,4420.23,4415.33,4420.23,229
2026-08-12 16:46:00,4420.2,4422.38,4418.34,4422.35,226
2026-08-12 16:47:00,4422.24,4425.75,4421.86,4423.6,219
2026-08-12 16:48:00,4423.59,4428.33,4423.59,4426.46,215
2026-08-12 16:49:00,4426.47,4428.07,4425.9,4427.76,222
2026-08-12 16:50:00,4428.2,4429.38,4426.23,4428.18,218
2026-08-12 16:51:00,4428.0,4430.54,4427.45,4430.24,219
2026-08-12 16:52:00,4430.33,4430.93,4427.25,4427.5,215
2026-08-12 16:53:00,4427.51,4433.32,4426.66,4433.32,215
2026-08-12 16:54:00,4433.07,4434.11,4431.69,4432.26,209
2026-08-12 16:55:00,4432.39,4432.87,4430.11,4430.36,211
2026-08-12 16:56:00,4430.69,4432.8,4428.42,4429.94,215
2026-08-12 16:57:00,4429.25,4431.24,4428.57,4429.86,223
2026-08-12 16:58:00,4430.21,4431.73,4429.82,4431.36,214
2026-08-12 16:59:00,4431.56,4432.39,4426.7,4427.71,221
2026-08-12 17:00:00,4427.72,4429.19,4423.87,4426.95,225
2026-08-12 17:01:00,4426.93,4427.94,4424.57,4425.81,213
2026-08-12 17:02:00,4425.8,4425.94,4420.97,4422.69,225
2026-08-12 17:03:00,4422.65,4425.68,4422.17,4425.38,204
2026-08-12 17:04:00,4425.35,4427.21,4422.52,4426.72,213
2026-08-12 17:05:00,4426.65,4428.74,4426.4,4427.34,214
2026-08-12 17:06:00,4427.54,4428.71,4426.08,4428.31,205
2026-08-12 17:07:00,4428.51,4430.02,4427.49,4428.34,207
2026-08-12 17:08:00,4428.4,4429.46,4427.5,4428.34,212
2026-08-12 17:09:00,4428.48,4429.39,4427.36,4429.39,209
2026-08-12 17:10:00,4429.74,4431.12,4429.19,4430.94,203
2026-08-12 17:11:00,4431.0,4434.47,4430.94,4434.37,206
2026-08-12 17:12:00,4434.41,4434.89,4432.93,4434.41,207
2026-08-12 17:13:00,4434.52,4434.84,4432.84,4433.56,198
2026-08-12 17:14:00,4433.58,4433.92,4431.55,4431.75,174
2026-08-12 17:15:00,4431.79,4433.87,4429.71,4433.8,206
2026-08-12 17:16:00,4433.83,4437.09,4433.53,4436.13,202
2026-08-12 17:17:00,4436.08,4436.42,4433.11,4434.92,205
2026-08-12 17:18:00,4435.25,4437.55,4434.62,4437.14,195
2026-08-12 17:19:00,4437.06,4437.53,4435.36,4436.21,210
2026-08-12 17:20:00,4436.46,4436.55,4433.94,4435.98,215
2026-08-12 17:21:00,4435.97,4440.0,4435.97,4436.87,216
2026-08-12 17:22:00,4437.02,4438.57,4435.63,4436.09,214
2026-08-12 17:23:00,4435.8,4436.39,4434.96,4435.39,200
2026-08-12 17:24:00,4435.5,4437.37,4435.5,4436.55,209
2026-08-12 17:25:00,4436.42,4436.93,4433.38,4433.7,211
2026-08-12 17:26:00,4433.7,4434.3,4430.91,4434.04,198
2026-08-12 17:27:00,4434.07,4435.05,4433.51,4434.82,197
2026-08-12 17:28:00,4434.93,4437.32,4433.8,4434.3,205
2026-08-12 17:29:00,4434.17,4434.32,4430.34,4431.63,203
2026-08-12 17:30:00,4431.63,4436.12,4431.38,4431.77,241
2026-08-12 17:31:00,4431.74,4431.83,4419.2,4425.99,247
2026-08-12 17:32:00,4425.99,4427.54,4425.2,4427.16,220
2026-08-12 17:33:00,4427.2,4429.28,4427.2,4427.84,212
2026-08-12 17:34:00,4427.68,4427.69,4419.77,4420.61,222
2026-08-12 17:35:00,4420.63,4420.67,4416.42,4419.74,239
2026-08-12 17:36:00,4419.7,4423.32,4418.79,4421.07,214
2026-08-12 17:37:00,4421.14,4422.29,4420.0,4420.17,200
2026-08-12 17:38:00,4420.59,4420.59,4418.14,4419.15,197
2026-08-12 17:39:00,4419.12,4419.12,4416.36,4418.34,206
2026-08-12 17:40:00,4418.09,4420.82,4417.59,4420.7,202
2026-08-12 17:41:00,4421.18,4421.98,4418.39,4419.12,206
2026-08-12 17:42:00,4418.95,4420.37,4417.06,4419.62,201
2026-08-12 17:43:00,4420.08,4421.62,4419.48,4421.47,207
2026-08-12 17:44:00,4421.11,4425.54,4421.11,4425.01,212
2026-08-12 17:45:00,4425.07,4428.68,4423.12,4428.54,211
2026-08-12 17:46:00,4428.57,4432.49,4427.88,4427.95,210
2026-08-12 17:47:00,4427.76,4427.85,4422.79,4422.89,208
2026-08-12 17:48:00,4422.86,4422.98,4420.22,4422.06,209
2026-08-12 17:49:00,4422.23,4423.84,4421.83,4422.19,209
2026-08-12 17:50:00,4422.2,4424.51,4421.24,4421.84,218
2026-08-12 17:51:00,4421.49,4421.72,4416.5,4418.33,217
2026-08-12 17:52:00,4418.34,4419.46,4416.68,4419.07,210
2026-08-12 17:53:00,4419.2,4421.05,4416.65,4420.88,206
2026-08-12 17:54:00,4420.7,4422.79,4419.75,4422.63,209
2026-08-12 17:55:00,4422.72,4424.31,4420.57,4420.83,219
2026-08-12 17:56:00,4420.7,4421.24,4418.84,4420.19,211
2026-08-12 17:57:00,4420.29,4421.3,4419.87,4420.48,215
2026-08-12 17:58:00,4420.51,4421.84,4420.09,4421.18,202
2026-08-12 17:59:00,4421.28,4423.17,4420.29,4421.89,215
2026-08-12 18:00:00,4422.13,4422.36,4418.27,4420.88,234
2026-08-12 18:01:00,4420.89,4423.52,4419.71,4422.25,227
2026-08-12 18:02:00,4422.44,4423.12,4419.61,4420.59,208
2026-08-12 18:03:00,4420.46,4422.98,4418.77,4418.77,212
2026-08-12 18:04:00,4418.7,4418.7,4415.24,4416.05,215
2026-08-12 18:05:00,4416.14,4417.5,4414.78,4416.72,207
2026-08-12 18:06:00,4416.78,4418.8,4415.94,4418.27,209
2026-08-12 18:07:00,4418.24,4420.24,4417.62,4420.24,199
2026-08-12 18:08:00,4420.23,4423.24,4419.72,4420.72,201
2026-08-12 18:09:00,4421.03,4423.02,4420.18,4421.42,193
2026-08-12 18:10:00,4421.68,4423.26,4421.35,4421.92,205
2026-08-12 18:11:00,4421.91,4423.77,4421.57,4423.74,197
2026-08-12 18:12:00,4423.77,4428.25,4423.77,4427.96,191
2026-08-12 18:13:00,4428.22,4429.0,4427.2,4428.79,197
2026-08-12 18:14:00,4428.84,4430.1,4425.8,4426.67,187
2026-08-12 18:15:00,4426.72,4426.86,4423.56,4423.65,204
2026-08-12 18:16:00,4423.8,4426.69,4423.8,4426.63,188
2026-08-12 18:17:00,4426.62,4427.08,4423.58,4423.68,192
2026-08-12 18:18:00,4423.62,4424.05,4422.22,4422.49,193
2026-08-12 18:19:00,4422.65,4424.75,4422.23,4424.49,188
2026-08-12 18:20:00,4424.56,4426.15,4424.09,4425.58,189
2026-08-12 18:21:00,4425.92,4426.69,4425.14,4426.1,185
2026-08-12 18:22:00,4426.09,4428.08,4425.3,4426.61,185
2026-08-12 18:23:00,4426.44,4427.02,4424.72,4426.07,188
2026-08-12 18:24:00,4425.96,4426.87,4425.71,4426.21,178
2026-08-12 18:25:00,4426.27,4426.52,4423.41,4424.05,175
2026-08-12 18:26:00,4423.92,4424.96,4423.77,4424.54,179
2026-08-12 18:27:00,4424.47,4425.15,4422.16,4422.79,193
2026-08-12 18:28:00,4422.76,4423.07,4421.11,4421.48,189
2026-08-12 18:29:00,4421.73,4421.96,4419.48,4421.71,197
2026-08-12 18:30:00,4421.6,4425.4,4421.33,4424.89,190
2026-08-12 18:31:00,4424.79,4425.36,4422.54,4422.75,176
2026-08-12 18:32:00,4423.0,4423.34,4422.08,4422.73,156
2026-08-12 18:33:00,4422.78,4423.44,4419.54,4419.78,179
2026-08-12 18:34:00,4419.96,4420.14,4418.41,4419.04,182
2026-08-12 18:35:00,4419.06,4419.66,4417.8,4418.76,177
2026-08-12 18:36:00,4418.63,4419.44,4416.62,4419.34,178
2026-08-12 18:37:00,4419.4,4421.03,4419.36,4419.82,175
2026-08-12 18:38:00,4419.66,4421.07,4419.42,4420.57,181
2026-08-12 18:39:00,4420.84,4421.27,4420.05,4420.97,171
2026-08-12 18:40:00,4420.88,4421.97,4420.35,4421.24,177
2026-08-12 18:41:00,4421.0,4421.11,4418.16,4420.04,184
2026-08-12 18:42:00,4420.19,4421.59,4419.52,4420.52,157
2026-08-12 18:43:00,4420.29,4421.5,4419.71,4421.11,172
2026-08-12 18:44:00,4420.91,4421.9,4417.16,4418.19,190
2026-08-12 18:45:00,4418.34,4418.6,4417.53,4417.76,187
2026-08-12 18:46:00,4417.59,4418.43,4416.63,4418.26,164
2026-08-12 18:47:00,4417.95,4418.08,4415.16,4416.48,186
2026-08-12 18:48:00,4416.48,4417.04,4415.64,4415.64,184
2026-08-12 18:49:00,4416.04,4416.54,4414.17,4415.96,193
2026-08-12 18:50:00,4415.93,4415.93,4413.96,4414.27,193
2026-08-12 18:51:00,4414.28,4414.95,4410.73,4412.89,198
2026-08-12 18:52:00,4412.79,4413.77,4411.86,4413.59,185
2026-08-12 18:53:00,4413.63,4416.4,4413.08,4416.13,172
2026-08-12 18:54:00,4416.07,4416.86,4415.39,4416.6,177
2026-08-12 18:55:00,4416.6,4419.36,4416.49,4418.76,191
2026-08-12 18:56:00,4418.71,4419.75,4418.4,4419.29,179
2026-08-12 18:57:00,4419.33,4421.46,4419.33,4421.44,179
2026-08-12 18:58:00,4421.38,4421.41,4420.22,4421.11,177
2026-08-12 18:59:00,4421.14,4422.22,4420.84,4420.89,172
2026-08-12 19:00:00,4421.14,4424.88,4420.1,4424.09,197
2026-08-12 19:01:00,4424.01,4425.81,4423.4,4423.55,186
2026-08-12 19:02:00,4423.6,4424.03,4421.68,4421.86,184
2026-08-12 19:03:00,4421.84,4421.84,4420.55,4420.82,178
2026-08-12 19:04:00,4420.84,4421.72,4417.65,4420.34,173
2026-08-12 19:05:00,4420.41,4422.2,4419.89,4421.34,179
2026-08-12 19:06:00,4421.3,4421.98,4420.49,4420.79,161
2026-08-12 19:07:00,4420.68,4421.05,4419.1,4419.45,170
2026-08-12 19:08:00,4419.44,4420.42,4417.98,4419.2,175
2026-08-12 19:09:00,4419.19,4419.81,4418.19,4419.5,173
2026-08-12 19:10:00,4419.67,4420.5,4416.94,4417.5,153
2026-08-12 19:11:00,4417.56,4420.55,4416.68,4420.33,171
2026-08-12 19:12:00,4420.34,4421.83,4419.8,4421.12,168
2026-08-12 19:13:00,4421.2,4423.16,4420.84,4423.1,172
2026-08-12 19:14:00,4423.14,4424.21,4422.68,4423.32,176
2026-08-12 19:15:00,4423.44,4424.6,4422.87,4424.49,168
2026-08-12 19:16:00,4424.57,4425.09,4423.18,4424.27,187
2026-08-12 19:17:00,4424.21,4424.42,4422.73,4424.15,170
2026-08-12 19:18:00,4424.26,4426.06,4423.99,4425.72,174
2026-08-12 19:19:00,4425.86,4426.3,4424.3,4425.33,185
2026-08-12 19:20:00,4425.26,4425.93,4423.99,4424.01,168
2026-08-12 19:21:00,4424.0,4425.03,4423.82,4424.23,183
2026-08-12 19:22:00,4424.24,4424.99,4423.57,4424.82,140
2026-08-12 19:23:00,4424.83,4425.63,4424.53,4425.54,157
2026-08-12 19:24:00,4425.55,4426.51,4424.96,4426.11,158
2026-08-12 19:25:00,4426.25,4426.46,4424.25,4424.67,181
2026-08-12 19:26:00,4424.67,4424.67,4423.74,4423.74,161
2026-08-12 19:27:00,4423.88,4423.88,4422.28,4423.7,166
2026-08-12 19:28:00,4423.84,4423.84,4422.72,4423.17,129
2026-08-12 19:29:00,4423.28,4423.49,4422.71,4423.14,133
2026-08-12 19:30:00,4423.09,4423.96,4421.44,4422.1,181
2026-08-12 19:31:00,4421.92,4421.99,4420.52,4420.98,175
2026-08-12 19:32:00,4421.13,4421.13,4418.75,4419.03,174
2026-08-12 19:33:00,4418.97,4419.25,4415.6,4415.96,195
2026-08-12 19:34:00,4415.94,4415.99,4413.64,4413.64,188
2026-08-12 19:35:00,4413.36,4414.8,4411.36,4414.75,193
2026-08-12 19:36:00,4414.66,4415.96,4414.53,4415.65,188
2026-08-12 19:37:00,4415.58,4416.08,4413.55,4413.92,182
2026-08-12 19:38:00,4413.74,4414.89,4413.34,4414.87,172
2026-08-12 19:39:00,4414.6,4415.37,4413.29,4414.04,169
2026-08-12 19:40:00,4414.0,4415.72,4413.15,4414.2,177
2026-08-12 19:41:00,4414.22,4414.98,4413.04,4414.36,176
2026-08-12 19:42:00,4414.32,4414.94,4413.39,4413.99,166
2026-08-12 19:43:00,4413.99,4414.64,4410.31,4411.17,187
2026-08-12 19:44:00,4410.88,4411.39,4409.1,4410.96,181
2026-08-12 19:45:00,4410.97,4411.42,4408.61,4409.68,194
2026-08-12 19:46:00,4409.82,4411.26,4408.66,4410.58,182
2026-08-12 19:47:00,4410.54,4410.54,4406.26,4406.55,198
2026-08-12 19:48:00,4406.31,4406.58,4404.61,4406.07,196
2026-08-12 19:49:00,4406.23,4406.54,4402.05,4402.69,194
2026-08-12 19:50:00,4402.67,4404.39,4402.01,4404.18,194
2026-08-12 19:51:00,4403.96,4405.49,4402.16,4404.99,187
2026-08-12 19:52:00,4404.99,4404.99,4402.75,4404.5,184
2026-08-12 19:53:00,4404.15,4406.14,4402.55,4406.11,186
2026-08-12 19:54:00,4406.1,4406.21,4403.99,4405.49,179
2026-08-12 19:55:00,4405.36,4405.36,4401.65,4401.76,180
2026-08-12 19:56:00,4401.78,4403.07,4396.77,4398.47,197
2026-08-12 19:57:00,4398.49,4401.12,4398.49,4399.95,177
2026-08-12 19:58:00,4399.93,4401.7,4399.11,4401.7,185
2026-08-12 19:59:00,4401.81,4403.19,4401.48,4401.55,172
2026-08-12 20:00:00,4402.09,4402.19,4399.95,4401.84,192
2026-08-12 20:01:00,4401.64,4405.28,4401.64,4405.2,187
2026-08-12 20:02:00,4405.4,4405.48,4404.06,4404.96,177
2026-08-12 20:03:00,4405.04,4405.27,4402.84,4404.07,180
2026-08-12 20:04:00,4403.84,4404.09,4402.1,4403.1,163
2026-08-12 20:05:00,4403.11,4404.9,4402.17,4404.88,175
2026-08-12 20:06:00,4404.85,4406.88,4403.44,4406.13,171
2026-08-12 20:07:00,4406.14,4407.55,4406.13,4407.03,163
2026-08-12 20:08:00,4407.11,4407.11,4405.54,4406.41,161
2026-08-12 20:09:00,4406.25,4407.68,4406.09,4406.44,159
2026-08-12 20:10:00,4406.42,4406.82,4405.31,4405.74,160
2026-08-12 20:11:00,4405.75,4406.45,4404.48,4404.95,168
2026-08-12 20:12:00,4405.02,4405.57,4404.46,4405.05,159
2026-08-12 20:13:00,4404.96,4405.65,4403.7,4404.28,172
2026-08-12 20:14:00,4404.32,4404.82,4403.16,4403.6,152
2026-08-12 20:15:00,4403.84,4404.37,4403.07,4403.07,172
2026-08-12 20:16:00,4403.21,4404.31,4401.97,4402.79,165
2026-08-12 20:17:00,4402.98,4404.36,4402.57,4402.83,154
2026-08-12 20:18:00,4402.69,4403.54,4401.98,4402.55,167
2026-08-12 20:19:00,4402.57,4404.29,4402.46,4403.43,170
2026-08-12 20:20:00,4403.55,4405.55,4402.73,4405.27,167
2026-08-12 20:21:00,4405.36,4407.57,4404.57,4407.26,173
2026-08-12 20:22:00,4407.43,4409.23,4407.06,4407.94,177
2026-08-12 20:23:00,4407.93,4409.41,4407.13,4408.93,180
2026-08-12 20:24:00,4409.03,4409.86,4407.37,4407.74,183
2026-08-12 20:25:00,4407.75,4408.12,4406.75,4407.23,163
2026-08-12 20:26:00,4407.24,4407.66,4405.49,4407.65,167
2026-08-12 20:27:00,4407.66,4408.3,4406.83,4406.9,151
2026-08-12 20:28:00,4407.1,4407.93,4406.4,4407.46,159
2026-08-12 20:29:00,4407.6,4409.39,4406.3,4406.52,196
2026-08-12 20:30:00,4406.54,4407.6,4406.09,4406.9,180
2026-08-12 20:31:00,4406.96,4409.02,4406.96,4408.03,161
2026-08-12 20:32:00,4408.03,4409.68,4407.96,4409.6,162
2026-08-12 20:33:00,4409.59,4410.64,4409.55,4410.31,154
2026-08-12 20:34:00,4410.31,4410.73,4409.66,4410.33,114
2026-08-12 20:35:00,4410.31,4410.81,4409.51,4410.6,142
2026-08-12 20:36:00,4410.63,4411.53,4409.39,4409.39,148
2026-08-12 20:37:00,4409.41,4409.58,4406.68,4407.03,161
2026-08-12 20:38:00,4407.21,4407.4,4404.96,4405.17,169
2026-08-12 20:39:00,4405.09,4405.89,4404.77,4405.89,147
2026-08-12 20:40:00,4405.84,4405.84,4403.31,4404.48,171
2026-08-12 20:41:00,4404.48,4404.72,4403.55,4404.47,161
2026-08-12 20:42:00,4404.6,4405.01,4403.86,4403.91,150
2026-08-12 20:43:00,4403.91,4404.31,4403.08,4403.22,157
2026-08-12 20:44:00,4403.13,4403.17,4401.29,4402.08,170
2026-08-12 20:45:00,4401.93,4402.63,4401.54,4402.38,163
2026-08-12 20:46:00,4402.19,4403.38,4401.58,4403.25,159
2026-08-12 20:47:00,4403.25,4403.96,4403.13,4403.37,156
2026-08-12 20:48:00,4403.36,4403.49,4402.71,4403.46,147
2026-08-12 20:49:00,4403.57,4404.01,4402.87,4403.27,142
2026-08-12 20:50:00,4403.14,4403.99,4402.79,4403.86,153
2026-08-12 20:51:00,4403.85,4405.58,4403.85,4405.25,138
2026-08-12 20:52:00,4405.15,4405.61,4403.53,4403.82,155
2026-08-12 20:53:00,4403.85,4403.94,4401.11,4401.12,129
2026-08-12 20:54:00,4401.11,4401.11,4399.78,4400.27,175
2026-08-12 20:55:00,4400.38,4400.62,4399.7,4399.9,162
2026-08-12 20:56:00,4399.81,4401.71,4399.81,4401.61,139
2026-08-12 20:57:00,4401.6,4401.82,4400.5,4401.0,156
2026-08-12 20:58:00,4400.99,4401.32,4399.16,4399.27,153
2026-08-12 20:59:00,4399.36,4399.72,4398.94,4399.44,138
2026-08-12 21:00:00,4399.48,4399.48,4397.03,4397.03,160
2026-08-12 21:01:00,4397.15,4398.07,4396.26,4397.58,160
2026-08-12 21:02:00,4397.56,4398.27,4397.11,4397.27,148
2026-08-12 21:03:00,4397.42,4398.67,4396.81,4398.19,154
2026-08-12 21:04:00,4398.22,4399.3,4398.2,4398.99,148
2026-08-12 21:05:00,4398.97,4399.44,4398.38,4399.13,130
2026-08-12 21:06:00,4398.97,4401.52,4398.88,4401.05,153
2026-08-12 21:07:00,4401.08,4401.76,4400.46,4401.76,144
2026-08-12 21:08:00,4401.73,4403.23,4401.48,4402.59,169
2026-08-12 21:09:00,4402.49,4404.24,4402.17,4404.24,148
2026-08-12 21:10:00,4404.09,4405.91,4404.08,4405.34,171
2026-08-12 21:11:00,4405.46,4406.65,4405.23,4405.33,169
2026-08-12 21:12:00,4405.36,4406.4,4405.18,4405.36,146
2026-08-12 21:13:00,4405.37,4405.93,4405.27,4405.52,112
2026-08-12 21:14:00,4405.53,4406.0,4405.18,4405.69,117
2026-08-12 21:15:00,4405.8,4405.88,4404.48,4405.33,141
2026-08-12 21:16:00,4405.37,4406.43,4404.97,4406.18,129
2026-08-12 21:17:00,4406.19,4407.57,4406.11,4406.93,151
2026-08-12 21:18:00,4407.0,4407.26,4406.36,4406.88,122
2026-08-12 21:19:00,4406.89,4408.23,4406.89,4408.23,143
2026-08-12 21:20:00,4407.93,4408.34,4407.39,4407.57,139
2026-08-12 21:21:00,4407.54,4408.46,4407.29,4408.33,124
2026-08-12 21:22:00,4408.36,4409.78,4408.24,4409.67,139
2026-08-12 21:23:00,4409.73,4410.54,4409.39,4409.81,119
2026-08-12 21:24:00,4409.83,4410.79,4409.65,4410.57,126
2026-08-12 21:25:00,4410.58,4411.12,4409.68,4410.01,154
2026-08-12 21:26:00,4410.15,4410.89,4409.13,4410.6,145
2026-08-12 21:27:00,4410.61,4411.17,4409.25,4409.25,156
2026-08-12 21:28:00,4409.24,4409.46,4407.11,4407.94,152
2026-08-12 21:29:00,4407.91,4408.72,4407.54,4408.55,166
2026-08-12 21:30:00,4408.55,4409.85,4407.84,4409.33,142
2026-08-12 21:31:00,4409.3,4410.71,4408.87,4410.71,142
2026-08-12 21:32:00,4410.7,4411.38,4410.05,4411.23,144
2026-08-12 21:33:00,4411.0,4412.53,4410.83,4412.51,130
2026-08-12 21:34:00,4412.63,4413.17,4412.09,4412.27,137
2026-08-12 21:35:00,4412.53,4412.91,4412.09,4412.41,140
2026-08-12 21:36:00,4412.34,4412.39,4411.51,4412.27,142
2026-08-12 21:37:00,4412.26,4412.59,4411.15,4411.86,158
2026-08-12 21:38:00,4411.85,4412.14,4410.87,4411.14,123
2026-08-12 21:39:00,4411.0,4411.12,4410.42,4410.92,105
2026-08-12 21:40:00,4410.93,4411.68,4410.37,4410.94,133
2026-08-12 21:41:00,4410.97,4411.88,4410.78,4411.61,136
2026-08-12 21:42:00,4411.59,4412.37,4411.02,4411.65,126
2026-08-12 21:43:00,4411.51,4412.71,4411.48,4412.5,122
2026-08-12 21:44:00,4412.52,4413.73,4412.0,4413.67,129
2026-08-12 21:45:00,4413.61,4416.05,4413.33,4415.18,160
2026-08-12 21:46:00,4415.11,4415.21,4414.22,4414.49,125
2026-08-12 21:47:00,4414.36,4414.63,4413.6,4414.09,135
2026-08-12 21:48:00,4414.08,4417.85,4413.75,4417.38,173
2026-08-12 21:49:00,4417.28,4417.99,4416.97,4417.35,162
2026-08-12 21:50:00,4417.08,4417.15,4415.35,4415.35,151
2026-08-12 21:51:00,4415.33,4415.95,4415.17,4415.56,114
2026-08-12 21:52:00,4415.53,4415.71,4414.08,4414.43,130
2026-08-12 21:53:00,4414.37,4414.94,4413.99,4414.0,128
2026-08-12 21:54:00,4414.14,4414.26,4413.49,4413.74,114
2026-08-12 21:55:00,4413.77,4413.96,4413.12,4413.82,127
2026-08-12 21:56:00,4413.83,4414.18,4413.12,4413.24,135
2026-08-12 21:57:00,4413.03,4413.64,4412.83,4413.16,124
2026-08-12 21:58:00,4413.23,4413.42,4412.64,4412.93,127
2026-08-12 21:59:00,4413.07,4413.42,4412.88,4412.92,113
2026-08-12 22:00:00,4412.92,4416.42,4412.8,4416.22,164
2026-08-12 22:01:00,4416.29,4417.14,4415.79,4415.79,152
2026-08-12 22:02:00,4415.81,4416.28,4414.82,4415.35,153
2026-08-12 22:03:00,4415.31,4416.46,4415.31,4415.93,136
2026-08-12 22:04:00,4415.92,4416.75,4415.62,4416.75,134
2026-08-12 22:05:00,4416.41,4418.08,4416.41,4417.68,157
2026-08-12 22:06:00,4417.73,4418.39,4416.62,4416.69,166
2026-08-12 22:07:00,4416.64,4417.19,4415.87,4415.87,128
2026-08-12 22:08:00,4416.01,4416.01,4415.25,4415.58,99
2026-08-12 22:09:00,4415.51,4416.1,4414.97,4415.9,118
2026-08-12 22:10:00,4415.89,4416.42,4415.62,4415.65,123
2026-08-12 22:11:00,4415.64,4416.5,4415.57,4415.96,110
2026-08-12 22:12:00,4415.98,4416.08,4415.48,4415.85,123
2026-08-12 22:13:00,4415.85,4416.82,4415.85,4416.43,123
2026-08-12 22:14:00,4416.48,4416.87,4416.0,4416.43,141
2026-08-12 22:15:00,4416.44,4416.81,4415.9,4416.45,135
2026-08-12 22:16:00,4416.46,4417.05,4416.35,4416.76,134
2026-08-12 22:17:00,4416.77,4417.55,4416.5,4417.26,120
2026-08-12 22:18:00,4417.29,4418.07,4417.22,4417.65,113
2026-08-12 22:19:00,4417.64,4417.75,4416.92,4417.37,121
2026-08-12 22:20:00,4417.28,4417.29,4416.27,4416.79,127
2026-08-12 22:21:00,4416.71,4416.89,4416.05,4416.79,125
2026-08-12 22:22:00,4416.66,4417.62,4416.66,4417.39,111
2026-08-12 22:23:00,4417.53,4417.53,4417.03,4417.29,104
2026-08-12 22:24:00,4417.3,4417.41,4416.3,4416.46,135
2026-08-12 22:25:00,4416.47,4417.48,4416.0,4417.01,135
2026-08-12 22:26:00,4417.02,4417.02,4415.69,4416.1,133
2026-08-12 22:27:00,4416.11,4416.42,4415.68,4415.83,110
2026-08-12 22:28:00,4415.84,4416.57,4415.61,4416.18,146
2026-08-12 22:29:00,4416.02,4417.02,4415.92,4416.7,146
2026-08-12 22:30:00,4416.74,4416.75,4415.04,4415.91,150
2026-08-12 22:31:00,4415.91,4416.38,4415.45,4416.02,135
2026-08-12 22:32:00,4416.01,4416.11,4414.77,4414.77,134
2026-08-12 22:33:00,4414.77,4414.86,4414.0,4414.61,129
2026-08-12 22:34:00,4414.62,4414.67,4413.26,4413.83,122
2026-08-12 22:35:00,4413.66,4414.3,4413.35,4413.51,138
2026-08-12 22:36:00,4413.65,4413.69,4412.56,4413.32,142
2026-08-12 22:37:00,4413.32,4413.32,4411.29,4411.95,143
2026-08-12 22:38:00,4412.1,4412.49,4411.35,4411.45,140
2026-08-12 22:39:00,4411.58,4411.89,4411.35,4411.83,130
2026-08-12 22:40:00,4411.95,4413.11,4411.76,4412.99,144
2026-08-12 22:41:00,4413.01,4413.01,4411.6,4412.06,161
2026-08-12 22:42:00,4412.24,4412.37,4411.43,4411.69,156
2026-08-12 22:43:00,4411.72,4413.22,4411.28,4413.17,151
2026-08-12 22:44:00,4413.15,4413.29,4412.59,4413.27,162
2026-08-12 22:45:00,4413.13,4413.57,4411.79,4412.99,152
2026-08-12 22:46:00,4412.8,4413.47,4412.19,4412.4,158
2026-08-12 22:47:00,4412.36,4412.89,4411.46,4412.27,133
2026-08-12 22:48:00,4412.28,4412.87,4411.97,4411.97,130
2026-08-12 22:49:00,4412.04,4412.24,4408.21,4409.76,177
2026-08-12 22:50:00,4409.83,4411.63,4409.83,4411.05,154
2026-08-12 22:51:00,4411.0,4412.59,4410.81,4412.52,154
2026-08-12 22:52:00,4412.54,4413.2,4411.87,4411.91,152
2026-08-12 22:53:00,4411.91,4412.44,4410.33,4410.88,139
2026-08-12 22:54:00,4410.85,4411.99,4410.66,4411.33,163
2026-08-12 22:55:00,4411.15,4412.0,4410.86,4411.56,159
2026-08-12 22:56:00,4411.59,4413.54,4411.59,4413.04,165
2026-08-12 22:57:00,4413.07,4413.07,4411.52,4411.66,154
2026-08-12 22:58:00,4411.71,4412.76,4411.34,4412.3,160
2026-08-12 22:59:00,4412.35,4414.19,4412.14,4413.87,166
2026-08-12 23:00:00,4413.91,4414.27,4411.55,4412.72,143
2026-08-12 23:01:00,4412.62,4413.06,4412.22,4412.71,89
2026-08-12 23:02:00,4412.56,4413.68,4412.49,4413.07,96
2026-08-12 23:03:00,4413.41,4413.71,4411.67,4411.68,85
2026-08-12 23:04:00,4411.63,4411.87,4410.95,4411.26,86
2026-08-12 23:05:00,4411.52,4412.15,4410.94,4411.14,135
2026-08-12 23:06:00,4411.35,4411.92,4411.2,4411.43,105
2026-08-12 23:07:00,4411.41,4411.96,4411.31,4411.82,61
2026-08-12 23:08:00,4411.82,4411.89,4410.76,4410.83,84
2026-08-12 23:09:00,4410.82,4411.2,4410.09,4410.7,78
2026-08-12 23:10:00,4410.46,4411.02,4410.04,4410.47,80
2026-08-12 23:11:00,4410.45,4410.78,4409.77,4409.77,86
2026-08-12 23:12:00,4409.72,4410.0,4408.86,4408.93,60
2026-08-12 23:13:00,4408.95,4409.44,4408.59,4409.36,80
2026-08-12 23:14:00,4409.05,4409.45,4408.82,4408.84,55
2026-08-12 23:15:00,4409.09,4409.99,4408.65,4409.64,100
2026-08-12 23:16:00,4409.71,4409.79,4408.42,4408.42,95
2026-08-12 23:17:00,4408.41,4408.76,4408.15,4408.31,83
2026-08-12 23:18:00,4408.28,4408.86,4407.47,4407.71,80
2026-08-12 23:19:00,4407.42,4407.58,4406.94,4406.96,69
2026-08-12 23:20:00,4407.25,4407.77,4407.01,4407.3,75
2026-08-12 23:21:00,4407.3,4407.47,4406.49,4407.14,68
2026-08-12 23:22:00,4407.13,4407.62,4406.59,4407.1,109
2026-08-12 23:23:00,4407.07,4407.53,4406.85,4407.01,64
2026-08-12 23:24:00,4407.01,4408.21,4406.87,4408.09,64
2026-08-12 23:25:00,4407.9,4408.09,4407.48,4407.8,59
2026-08-12 23:26:00,4408.03,4408.32,4407.13,4407.26,88
2026-08-12 23:27:00,4407.14,4407.67,4407.02,4407.63,69
2026-08-12 23:28:00,4407.33,4408.1,4407.23,4407.99,59
2026-08-12 23:29:00,4408.23,4408.84,4407.7,4407.97,62
2026-08-12 23:30:00,4407.63,4407.89,4407.04,4407.43,68
2026-08-12 23:31:00,4407.44,4407.81,4407.12,4407.62,65
2026-08-12 23:32:00,4407.64,4407.89,4407.32,4407.47,64
2026-08-12 23:33:00,4407.52,4407.96,4407.4,4407.47,51
2026-08-12 23:34:00,4407.46,4407.78,4406.73,4407.23,57
2026-08-12 23:35:00,4406.99,4407.48,4406.58,4407.4,47
2026-08-12 23:36:00,4407.12,4408.05,4407.12,4408.05,99
2026-08-12 23:37:00,4407.96,4408.83,4407.82,4408.17,83
2026-08-12 23:38:00,4408.16,4408.51,4407.61,4408.41,85
2026-08-12 23:39:00,4408.42,4408.63,4407.79,4407.95,67
2026-08-12 23:40:00,4407.86,4408.74,4407.67,4408.41,83
2026-08-12 23:41:00,4408.65,4408.66,4407.68,4408.24,50
2026-08-12 23:42:00,4407.69,4407.81,4407.17,4407.72,79
2026-08-12 23:43:00,4407.69,4407.75,4407.19,4407.2,69
2026-08-12 23:44:00,4407.43,4408.01,4407.2,4408.0,67
2026-08-12 23:45:00,4408.0,4408.1,4406.85,4406.86,61
2026-08-12 23:46:00,4406.89,4407.67,4406.75,4407.64,38
2026-08-12 23:47:00,4407.62,4408.36,4407.16,4407.19,66
2026-08-12 23:48:00,4407.16,4408.09,4406.98,4407.87,78
2026-08-12 23:49:00,4408.08,4408.71,4407.39,4408.34,108
2026-08-12 23:50:00,4408.32,4408.83,4408.06,4408.42,75
2026-08-12 23:51:00,4408.18,4408.7,4407.71,4407.75,71
2026-08-12 23:52:00,4407.77,4408.28,4407.67,4407.92,48
2026-08-12 23:53:00,4408.08,4408.32,4407.39,4407.89,49
2026-08-12 23:54:00,4407.72,4407.72,4406.41,4407.58,86
2026-08-12 23:55:00,4407.5,4408.51,4407.37,4407.78,107
2026-08-12 23:56:00,4407.59,4408.07,4407.34,4407.8,77
2026-08-12 23:57:00,4407.79,4408.97,4407.41,4408.87,89
2026-08-13 01:00:00,4408.77,4409.8,4408.68,4408.88,36
2026-08-13 01:01:00,4409.79,4410.15,4407.04,4408.44,131
2026-08-13 01:02:00,4408.2,4409.2,4407.91,4408.17,110
2026-08-13 01:03:00,4408.16,4408.61,4405.88,4405.89,123
2026-08-13 01:04:00,4405.89,4406.44,4405.17,4405.28,121
2026-08-13 01:05:00,4405.28,4405.57,4402.9,4403.62,120
2026-08-13 01:06:00,4403.77,4404.6,4403.27,4403.72,78
2026-08-13 01:07:00,4403.87,4404.61,4403.73,4403.84,82
2026-08-13 01:08:00,4404.07,4404.45,4403.66,4404.03,53
2026-08-13 01:09:00,4404.01,4404.51,4403.62,4403.9,58
2026-08-13 01:10:00,4403.91,4404.22,4403.32,4403.94,90
2026-08-13 01:11:00,4403.94,4404.32,4403.39,4403.88,83
2026-08-13 01:12:00,4403.87,4404.02,4402.55,4403.6,102
2026-08-13 01:13:00,4403.51,4403.71,4402.83,4403.12,93
2026-08-13 01:14:00,4403.13,4403.5,4402.29,4403.21,81
2026-08-13 01:15:00,4403.25,4403.4,4401.68,4401.97,87
2026-08-13 01:16:00,4401.95,4402.83,4401.55,4402.54,90
2026-08-13 01:17:00,4402.53,4402.78,4401.63,4401.92,65
2026-08-13 01:18:00,4401.64,4402.64,4401.61,4402.6,63
2026-08-13 01:19:00,4402.36,4402.65,4402.13,4402.13,51
2026-08-13 01:20:00,4402.41,4402.41,4401.78,4401.87,76
2026-08-13 01:21:00,4401.74,4402.13,4401.63,4401.91,79
2026-08-13 01:22:00,4401.89,4402.34,4401.77,4402.34,67
2026-08-13 01:23:00,4402.47,4402.99,4401.84,4402.3,88
2026-08-13 01:24:00,4402.3,4402.51,4401.84,4402.37,62
2026-08-13 01:25:00,4402.36,4402.99,4401.76,4401.76,78
2026-08-13 01:26:00,4401.74,4402.03,4398.56,4399.22,120
2026-08-13 01:27:00,4399.22,4399.59,4398.21,4398.62,108
2026-08-13 01:28:00,4398.65,4399.85,4398.19,4399.4,103
2026-08-13 01:29:00,4399.63,4400.08,4399.22,4399.22,87
2026-08-13 01:30:00,4399.23,4401.5,4398.81,4401.1,119
2026-08-13 01:31:00,4401.33,4401.8,4400.51,4401.8,104
2026-08-13 01:32:00,4401.45,4401.83,4400.94,4400.94,77
2026-08-13 01:33:00,4400.94,4401.46,4400.44,4400.66,82
2026-08-13 01:34:00,4400.66,4401.05,4399.96,4400.42,100
2026-08-13 01:35:00,4400.51,4401.24,4399.0,4399.28,122
2026-08-13 01:36:00,4399.31,4399.47,4398.54,4399.22,119
2026-08-13 01:37:00,4398.96,4399.71,4398.86,4399.22,100
2026-08-13 01:38:00,4399.42,4400.04,4398.92,4399.22,85
2026-08-13 01:39:00,4398.9,4399.65,4398.81,4399.62,89
2026-08-13 01:40:00,4399.61,4400.18,4399.11,4400.18,87
2026-08-13 01:41:00,4400.18,4400.3,4399.82,4400.09,84
2026-08-13 01:42:00,4400.16,4400.38,4399.88,4399.96,100
2026-08-13 01:43:00,4399.89,4400.55,4399.79,4399.91,111
2026-08-13 01:44:00,4399.91,4400.4,4399.76,4399.92,82
2026-08-13 01:45:00,4399.86,4400.78,4399.69,4400.6,108
2026-08-13 01:46:00,4400.56,4401.33,4400.27,4401.0,111
2026-08-13 01:47:00,4400.99,4401.15,4400.31,4400.35,93
2026-08-13 01:48:00,4400.34,4401.31,4400.26,4400.91,78
2026-08-13 01:49:00,4400.82,4401.15,4400.32,4400.33,78
2026-08-13 01:50:00,4400.35,4401.03,4400.35,4400.69,71
2026-08-13 01:51:00,4400.68,4401.13,4400.52,4400.98,53
2026-08-13 01:52:00,4401.12,4401.7,4400.89,4401.57,74
2026-08-13 01:53:00,4401.39,4402.0,4401.39,4401.6,58
2026-08-13 01:54:00,4401.57,4402.12,4401.43,4402.09,73
2026-08-13 01:55:00,4401.85,4402.27,4401.72,4402.26,85
2026-08-13 01:56:00,4402.28,4402.44,4401.85,4402.01,80
2026-08-13 01:57:00,4401.99,4403.09,4401.98,4402.71,66
2026-08-13 01:58:00,4402.7,4402.7,4401.52,4402.39,102
2026-08-13 01:59:00,4402.38,4402.68,4401.88,4402.06,57
2026-08-13 02:00:00,4401.49,4403.23,4401.49,4402.88,101
2026-08-13 02:01:00,4403.02,4403.31,4402.33,4402.93,111
2026-08-13 02:02:00,4403.08,4403.52,4402.95,4403.34,93
2026-08-13 02:03:00,4403.08,4403.92,4403.08,4403.87,94
2026-08-13 02:04:00,4403.86,4404.46,4403.67,4403.68,96
2026-08-13 02:05:00,4403.69,4403.75,4403.16,4403.37,62
2026-08-13 02:06:00,4403.22,4404.34,4403.19,4404.22,59
2026-08-13 02:07:00,4404.05,4404.52,4404.05,4404.39,65
2026-08-13 02:08:00,4404.26,4405.4,4403.95,4404.6,101
2026-08-13 02:09:00,4404.73,4405.41,4404.46,4405.38,88
2026-08-13 02:10:00,4405.23,4406.03,4404.91,4405.4,120
2026-08-13 02:11:00,4405.23,4405.77,4405.23,4405.64,95
2026-08-13 02:12:00,4405.64,4406.02,4405.39,4405.62,78
2026-08-13 02:13:00,4405.77,4406.08,4405.55,4405.55,79
2026-08-13 02:14:00,4405.56,4405.83,4405.34,4405.66,73
2026-08-13 02:15:00,4405.69,4405.95,4405.6,4405.74,77
2026-08-13 02:16:00,4405.76,4407.85,4405.74,4407.82,99
2026-08-13 02:17:00,4407.69,4407.79,4406.97,4407.11,62
2026-08-13 02:18:00,4407.12,4408.02,4407.02,4407.55,82
2026-08-13 02:19:00,4407.69,4407.82,4407.04,4407.4,73
2026-08-13 02:20:00,4407.55,4407.98,4407.29,4407.84,72
2026-08-13 02:21:00,4407.84,4408.1,4407.39,4407.57,60
2026-08-13 02:22:00,4407.57,4408.04,4407.4,4407.78,55
2026-08-13 02:23:00,4407.78,4408.47,4407.7,4408.12,75
2026-08-13 02:24:00,4408.26,4408.52,4408.06,4408.16,66
2026-08-13 02:25:00,4408.62,4409.83,4408.27,4408.36,113
2026-08-13 02:26:00,4408.38,4408.88,4407.5,4408.87,117
2026-08-13 02:27:00,4408.85,4409.83,4408.72,4409.57,89
2026-08-13 02:28:00,4409.14,4409.88,4408.87,4409.06,86
2026-08-13 02:29:00,4409.27,4409.34,4408.16,4408.4,103
2026-08-13 02:30:00,4408.4,4409.15,4408.17,4408.81,94
2026-08-13 02:31:00,4408.81,4409.08,4408.63,4408.68,74
2026-08-13 02:32:00,4408.82,4408.91,4408.29,4408.55,80
2026-08-13 02:33:00,4408.57,4410.41,4408.32,4410.38,125
2026-08-13 02:34:00,4410.24,4410.44,4408.65,4408.72,97
2026-08-13 02:35:00,4408.75,4409.15,4408.64,4408.91,77
2026-08-13 02:36:00,4409.05,4409.57,4408.46,4408.54,75
2026-08-13 02:37:00,4408.55,4408.93,4408.16,4408.21,65
2026-08-13 02:38:00,4408.14,4408.37,4407.96,4408.23,68
2026-08-13 02:39:00,4408.22,4408.35,4407.82,4408.15,78
2026-08-13 02:40:00,4408.18,4408.35,4407.35,4407.74,90
2026-08-13 02:41:00,4407.61,4407.8,4407.19,4407.8,66
2026-08-13 02:42:00,4407.8,4408.54,4407.35,4408.26,72
2026-08-13 02:43:00,4408.31,4409.18,4408.18,4408.9,69
2026-08-13 02:44:00,4408.89,4409.09,4408.28,4408.56,61
2026-08-13 02:45:00,4408.68,4409.78,4408.64,4409.33,116
2026-08-13 02:46:00,4409.4,4410.02,4409.4,4409.67,86
2026-08-13 02:47:00,4409.67,4409.67,4408.64,4409.37,85
2026-08-13 02:48:00,4409.37,4409.55,4408.38,4408.7,101
2026-08-13 02:49:00,4408.73,4408.9,4408.21,4408.5,89
2026-08-13 02:50:00,4408.5,4408.95,4407.87,4408.85,92
2026-08-13 02:51:00,4408.42,4408.88,4408.16,4408.16,58
2026-08-13 02:52:00,4408.12,4409.34,4408.09,4409.34,71
2026-08-13 02:53:00,4409.34,4410.27,4409.1,4410.25,110
2026-08-13 02:54:00,4410.25,4411.19,4409.85,4411.14,118
2026-08-13 02:55:00,4411.15,4411.56,4410.66,4411.05,135
2026-08-13 02:56:00,4411.1,4411.84,4411.05,4411.35,125
2026-08-13 02:57:00,4411.36,4412.27,4411.15,4411.51,126
2026-08-13 02:58:00,4411.55,4412.63,4411.27,4412.43,93
2026-08-13 02:59:00,4412.43,4414.45,4412.25,4414.45,152
2026-08-13 03:00:00,4414.45,4416.18,4412.93,4415.44,192
2026-08-13 03:01:00,4415.58,4417.88,4414.68,4415.85,191
2026-08-13 03:02:00,4415.84,4417.92,4415.61,4417.26,185
2026-08-13 03:03:00,4417.04,4419.48,4417.04,4417.54,187
2026-08-13 03:04:00,4417.56,4417.56,4415.43,4416.28,150
2026-08-13 03:05:00,4416.26,4417.8,4415.44,4417.39,161
2026-08-13 03:06:00,4417.53,4419.33,4417.28,4419.33,159
2026-08-13 03:07:00,4419.37,4420.87,4419.1,4420.09,185
2026-08-13 03:08:00,4420.06,4421.48,4419.31,4421.48,164
2026-08-13 03:09:00,4421.57,4422.23,4420.92,4420.95,190
2026-08-13 03:10:00,4420.84,4420.88,4418.52,4420.05,166
2026-08-13 03:11:00,4420.09,4420.5,4419.05,4420.23,158
2026-08-13 03:12:00,4420.11,4421.23,4420.11,4420.42,147
2026-08-13 03:13:00,4420.2,4420.9,4419.79,4420.46,136
2026-08-13 03:14:00,4420.47,4420.48,4419.06,4419.06,142
2026-08-13 03:15:00,4419.06,4423.61,4419.06,4423.28,185
2026-08-13 03:16:00,4423.36,4427.31,4423.23,4425.84,186
2026-08-13 03:17:00,4425.82,4427.48,4425.17,4426.43,182
2026-08-13 03:18:00,4426.41,4428.29,4426.33,4427.27,166
2026-08-13 03:19:00,4427.13,4429.41,4427.13,4428.42,185
2026-08-13 03:20:00,4428.4,4432.32,4428.19,4430.38,169
2026-08-13 03:21:00,4430.3,4431.77,4430.19,4430.19,168
2026-08-13 03:22:00,4430.27,4432.07,4430.27,4431.98,169
2026-08-13 03:23:00,4432.05,4437.55,4431.61,4436.7,174
2026-08-13 03:24:00,4437.21,4437.21,4433.84,4433.94,181
2026-08-13 03:25:00,4434.0,4434.48,4431.86,4432.76,190
2026-08-13 03:26:00,4432.67,4432.92,4428.51,4429.58,188
2026-08-13 03:27:00,4429.22,4430.72,4428.7,4428.7,145
2026-08-13 03:28:00,4428.83,4429.01,4427.23,4428.12,176
2026-08-13 03:29:00,4427.9,4428.71,4426.98,4428.39,154
2026-08-13 03:30:00,4428.42,4429.27,4427.77,4428.69,143
2026-08-13 03:31:00,4427.94,4427.94,4424.46,4427.0,173
2026-08-13 03:32:00,4426.84,4430.31,4426.2,4430.03,166
2026-08-13 03:33:00,4430.15,4434.9,4429.14,4433.84,201
2026-08-13 03:34:00,4433.85,4449.82,4433.46,4444.66,206
2026-08-13 03:35:00,4444.16,4445.26,4440.44,4441.02,207
2026-08-13 03:36:00,4441.04,4444.43,4440.47,4444.43,197
2026-08-13 03:37:00,4444.44,4445.32,4440.56,4441.08,179
2026-08-13 03:38:00,4441.0,4441.85,4437.03,4438.0,192
2026-08-13 03:39:00,4437.62,4439.75,4437.2,4437.37,189
2026-08-13 03:40:00,4437.28,4439.66,4437.19,4438.84,173
2026-08-13 03:41:00,4438.69,4438.91,4437.34,4437.97,177
2026-08-13 03:42:00,4437.46,4439.09,4437.46,4438.04,185
2026-08-13 03:43:00,4438.15,4440.43,4437.78,4439.9,194
2026-08-13 03:44:00,4439.89,4440.62,4438.31,4440.07,195
2026-08-13 03:45:00,4439.69,4440.17,4436.69,4439.69,176
2026-08-13 03:46:00,4439.18,4440.14,4437.93,4438.0,177
2026-08-13 03:47:00,4438.02,4439.4,4437.49,4438.16,180
2026-08-13 03:48:00,4438.09,4439.81,4437.92,4438.42,129
2026-08-13 03:49:00,4438.66,4438.66,4429.26,4429.26,198
2026-08-13 03:50:00,4428.97,4432.29,4428.97,4430.22,187
2026-08-13 03:51:00,4430.08,4432.26,4429.55,4431.38,176
2026-08-13 03:52:00,4431.4,4431.72,4430.03,4430.73,145
2026-08-13 03:53:00,4430.73,4432.8,4430.52,4432.26,149
2026-08-13 03:54:00,4432.25,4432.58,4429.65,4431.57,181
2026-08-13 03:55:00,4431.52,4431.64,4428.2,4428.6,180
2026-08-13 03:56:00,4428.59,4430.45,4428.23,4429.51,179
2026-08-13 03:57:00,4429.73,4429.73,4428.04,4429.01,169
2026-08-13 03:58:00,4429.16,4429.52,4423.88,4424.38,185
2026-08-13 03:59:00,4424.38,4429.89,4424.38,4427.27,198
2026-08-13 04:00:00,4427.9,4430.99,4423.69,4425.85,221
2026-08-13 04:01:00,4425.83,4427.75,4422.78,4427.75,206
2026-08-13 04:02:00,4427.68,4432.81,4427.34,4431.25,209
2026-08-13 04:03:00,4431.51,4432.48,4427.54,4430.07,205
2026-08-13 04:04:00,4430.09,4434.25,4430.09,4433.56,201
2026-08-13 04:05:00,4433.61,4434.9,4431.39,4434.61,210
2026-08-13 04:06:00,4434.06,4435.4,4432.48,4433.76,200
2026-08-13 04:07:00,4433.63,4435.43,4431.87,4432.54,199
2026-08-13 04:08:00,4432.49,4434.77,4432.49,4433.31,195
2026-08-13 04:09:00,4433.39,4434.97,4430.71,4434.97,195
2026-08-13 04:10:00,4433.84,4435.19,4432.58,4434.26,196
2026-08-13 04:11:00,4434.12,4434.67,4430.87,4430.87,187
2026-08-13 04:12:00,4430.9,4434.45,4430.78,4432.61,184
2026-08-13 04:13:00,4432.6,4432.69,4429.06,4429.8,182
2026-08-13 04:14:00,4430.09,4431.36,4428.62,4430.04,167
2026-08-13 04:15:00,4430.03,4434.84,4429.86,4432.65,185
2026-08-13 04:16:00,4432.66,4435.29,4432.53,4433.09,192
2026-08-13 04:17:00,4433.13,4434.28,4431.46,4432.34,181
2026-08-13 04:18:00,4432.28,4432.37,4427.66,4428.17,185
2026-08-13 04:19:00,4427.63,4428.07,4426.76,4427.2,179
2026-08-13 04:20:00,4427.2,4427.58,4423.68,4423.68,183
2026-08-13 04:21:00,4423.54,4423.56,4419.07,4421.93,194
2026-08-13 04:22:00,4421.79,4424.3,4420.95,4424.3,189
2026-08-13 04:23:00,4424.14,4424.41,4422.55,4423.3,182
2026-08-13 04:24:00,4423.26,4423.26,4421.01,4421.22,187
2026-08-13 04:25:00,4421.28,4423.53,4420.5,4423.01,193
2026-08-13 04:26:00,4422.86,4423.02,4421.29,4421.46,162
2026-08-13 04:27:00,4421.48,4422.13,4420.91,4421.76,147
2026-08-13 04:28:00,4421.85,4422.29,4419.35,4419.69,177
2026-08-13 04:29:00,4419.82,4420.42,4419.07,4419.42,188
2026-08-13 04:30:00,4419.4,4422.43,4419.02,4421.95,199
2026-08-13 04:31:00,4422.06,4426.41,4422.06,4425.73,199
2026-08-13 04:32:00,4425.67,4428.92,4425.22,4427.87,195
2026-08-13 04:33:00,4428.12,4428.35,4426.32,4427.6,186
2026-08-13 04:34:00,4427.67,4428.61,4427.07,4428.28,191
2026-08-13 04:35:00,4428.42,4430.15,4427.35,4428.99,186
2026-08-13 04:36:00,4428.9,4429.86,4426.53,4427.33,188
2026-08-13 04:37:00,4427.03,4428.8,4425.89,4425.89,179
2026-08-13 04:38:00,4425.9,4426.73,4424.41,4424.49,184
2026-08-13 04:39:00,4424.52,4426.67,4424.19,4424.21,168
2026-08-13 04:40:00,4424.21,4424.21,4421.15,4422.93,183
2026-08-13 04:41:00,4422.65,4422.95,4421.38,4422.25,182
2026-08-13 04:42:00,4422.08,4422.64,4420.68,4421.91,189
2026-08-13 04:43:00,4421.93,4421.94,4419.24,4421.04,186
2026-08-13 04:44:00,4421.05,4421.23,4417.88,4419.31,185
2026-08-13 04:45:00,4419.31,4419.31,4416.62,4417.42,199
2026-08-13 04:46:00,4417.43,4417.84,4411.4,4412.27,214
2026-08-13 04:47:00,4412.27,4412.4,4410.57,4410.92,193
2026-08-13 04:48:00,4411.11,4413.57,4410.34,4413.05,187
2026-08-13 04:49:00,4413.04,4413.96,4411.58,4412.82,191
2026-08-13 04:50:00,4412.55,4414.21,4411.2,4412.97,204
2026-08-13 04:51:00,4412.92,4413.66,4411.48,4411.68,192
2026-08-13 04:52:00,4411.49,4411.67,4409.28,4411.65,204
2026-08-13 04:53:00,4411.54,4414.92,4411.28,4414.78,192
2026-08-13 04:54:00,4414.68,4415.55,4413.86,4415.42,175
2026-08-13 04:55:00,4415.42,4416.1,4413.31,4413.34,186
2026-08-13 04:56:00,4413.35,4413.5,4410.36,4410.73,177
2026-08-13 04:57:00,4410.58,4412.26,4410.3,4411.62,184
2026-08-13 04:58:00,4411.56,4411.56,4406.1,4409.22,186
2026-08-13 04:59:00,4409.32,4409.93,4407.51,4408.23,159
2026-08-13 05:00:00,4408.51,4409.96,4406.68,4409.96,189
2026-08-13 05:01:00,4409.96,4410.11,4406.2,4406.2,200
2026-08-13 05:02:00,4406.22,4407.52,4405.73,4407.28,184
2026-08-13 05:03:00,4407.17,4407.93,4406.27,4407.76,182
2026-08-13 05:04:00,4407.76,4408.64,4406.49,4408.24,179
2026-08-13 05:05:00,4408.32,4409.88,4407.57,4408.77,187
2026-08-13 05:06:00,4408.81,4409.42,4405.52,4406.35,198
2026-08-13 05:07:00,4406.45,4409.43,4405.96,4408.99,188
2026-08-13 05:08:00,4408.97,4410.61,4408.63,4410.61,177
2026-08-13 05:09:00,4410.77,4413.44,4410.45,4413.16,176
2026-08-13 05:10:00,4412.94,4414.15,4411.3,4412.83,179
2026-08-13 05:11:00,4412.96,4413.54,4412.25,4412.27,156
2026-08-13 05:12:00,4412.25,4412.9,4411.24,4412.62,163
2026-08-13 05:13:00,4412.65,4413.3,4410.53,4410.89,185
2026-08-13 05:14:00,4411.09,4411.39,4410.07,4410.6,167
2026-08-13 05:15:00,4410.75,4411.36,4410.15,4411.22,143
2026-08-13 05:16:00,4411.02,4412.35,4409.87,4410.57,150
2026-08-13 05:17:00,4410.38,4411.96,4410.38,4411.17,139
2026-08-13 05:18:00,4411.18,4411.76,4410.51,4410.75,143
2026-08-13 05:19:00,4410.74,4411.98,4410.29,4411.77,118
2026-08-13 05:20:00,4411.91,4412.63,4411.31,4411.78,145
2026-08-13 05:21:00,4411.86,4412.15,4410.72,4410.75,118
2026-08-13 05:22:00,4410.74,4411.71,4409.33,4409.78,136
2026-08-13 05:23:00,4409.71,4410.17,4408.24,4408.31,130
2026-08-13 05:24:00,4408.31,4408.31,4405.89,4406.63,151
2026-08-13 05:25:00,4406.64,4408.83,4406.48,4408.49,162
2026-08-13 05:26:00,4408.5,4408.55,4407.44,4407.65,101
2026-08-13 05:27:00,4407.48,4408.86,4407.14,4407.83,106
2026-08-13 05:28:00,4407.82,4408.53,4406.83,4407.18,116
2026-08-13 05:29:00,4407.18,4407.57,4406.42,4406.57,128
2026-08-13 05:30:00,4406.03,4406.46,4402.76,4403.18,206
2026-08-13 05:31:00,4403.33,4404.04,4401.96,4402.64,207
2026-08-13 05:32:00,4402.77,4404.83,4402.04,4402.6,193
2026-08-13 05:33:00,4402.55,4403.93,4401.24,4401.39,201
2026-08-13 05:34:00,4401.25,4402.68,4400.49,4402.68,191
2026-08-13 05:35:00,4402.49,4403.93,4402.09,4402.49,195
2026-08-13 05:36:00,4402.44,4402.44,4398.98,4401.67,200
2026-08-13 05:37:00,4401.55,4404.5,4401.52,4403.99,190
2026-08-13 05:38:00,4404.03,4405.3,4403.8,4404.59,175
2026-08-13 05:39:00,4404.53,4408.99,4404.53,4408.72,181
2026-08-13 05:40:00,4408.7,4409.23,4406.12,4406.57,185
2026-08-13 05:41:00,4406.56,4407.92,4406.56,4407.61,179
2026-08-13 05:42:00,4407.43,4407.64,4406.59,4407.12,147
2026-08-13 05:43:00,4407.18,4407.86,4406.57,4406.98,158
2026-08-13 05:44:00,4406.96,4410.38,4406.94,4410.38,168
2026-08-13 05:45:00,4410.41,4410.47,4407.23,4407.37,196
2026-08-13 05:46:00,4407.5,4409.47,4407.5,4409.36,173
2026-08-13 05:47:00,4409.38,4409.58,4408.62,4409.04,149
2026-08-13 05:48:00,4408.92,4410.39,4408.92,4409.99,181
2026-08-13 05:49:00,4410.02,4410.41,4409.43,4410.19,171
2026-08-13 05:50:00,4410.0,4410.6,4409.18,4410.18,181
2026-08-13 05:51:00,4410.07,4410.46,4408.24,4409.52,163
2026-08-13 05:52:00,4409.62,4409.74,4408.98,4409.04,138
2026-08-13 05:53:00,4409.05,4409.46,4408.58,4408.86,127
2026-08-13 05:54:00,4408.86,4409.0,4405.46,4405.46,153
2026-08-13 05:55:00,4405.48,4408.11,4405.48,4407.95,163
2026-08-13 05:56:00,4407.62,4408.16,4406.64,4406.8,146
2026-08-13 05:57:00,4406.8,4408.03,4406.77,4407.94,143
2026-08-13 05:58:00,4407.64,4407.85,4406.97,4407.78,138
2026-08-13 05:59:00,4408.24,4408.24,4407.0,4407.05,135
2026-08-13 06:00:00,4407.06,4410.16,4406.75,4410.05,180
2026-08-13 06:01:00,4410.07,4410.89,4409.53,4410.54,167
2026-08-13 06:02:00,4410.55,4411.05,4409.85,4410.75,156
2026-08-13 06:03:00,4410.71,4411.16,4409.85,4410.04,167
2026-08-13 06:04:00,4410.0,4411.65,4409.77,4410.83,168
2026-08-13 06:05:00,4410.82,4412.24,4410.62,4410.76,165
2026-08-13 06:06:00,4410.71,4410.88,4409.56,4410.11,170
2026-08-13 06:07:00,4409.98,4410.5,4408.09,4410.06,164
2026-08-13 06:08:00,4410.05,4410.26,4408.2,4408.32,183
2026-08-13 06:09:00,4408.31,4410.0,4407.83,4407.98,181
2026-08-13 06:10:00,4407.99,4409.53,4406.97,4409.44,166
2026-08-13 06:11:00,4409.38,4409.45,4404.03,4405.68,176
2026-08-13 06:12:00,4405.72,4406.26,4405.24,4405.89,161
2026-08-13 06:13:00,4405.96,4406.78,4405.52,4406.67,152
2026-08-13 06:14:00,4406.8,4407.27,4406.24,4406.95,135
2026-08-13 06:15:00,4406.96,4407.63,4406.56,4407.24,145
2026-08-13 06:16:00,4407.23,4407.81,4405.91,4405.95,144
2026-08-13 06:17:00,4405.93,4406.75,4405.52,4406.64,148
2026-08-13 06:18:00,4406.63,4410.18,4406.33,4408.45,166
2026-08-13 06:19:00,4408.44,4409.16,4408.06,4408.89,142
2026-08-13 06:20:00,4408.79,4409.56,4407.0,4407.26,156
2026-08-13 06:21:00,4407.38,4408.2,4407.15,4407.88,139
2026-08-13 06:22:00,4407.88,4408.97,4407.81,4408.03,126
2026-08-13 06:23:00,4408.06,4409.29,4408.05,4408.41,137
2026-08-13 06:24:00,4408.4,4409.46,4408.31,4409.29,142
2026-08-13 06:25:00,4409.26,4409.79,4408.77,4409.36,152
2026-08-13 06:26:00,4409.34,4409.58,4407.61,4408.32,137
2026-08-13 06:27:00,4408.41,4409.05,4408.06,4408.47,146
2026-08-13 06:28:00,4408.45,4409.59,4407.9,4409.53,152
2026-08-13 06:29:00,4409.52,4410.16,4408.92,4409.12,165
2026-08-13 06:30:00,4409.14,4410.21,4409.11,4410.0,147
2026-08-13 06:31:00,4410.12,4410.44,4409.48,4409.67,117
2026-08-13 06:32:00,4409.67,4409.99,4409.56,4409.9,89
2026-08-13 06:33:00,4409.79,4410.28,4408.9,4409.75,112
2026-08-13 06:34:00,4409.76,4410.05,4409.51,4409.89,111
2026-08-13 06:35:00,4410.21,4410.5,4409.4,4409.4,141
2026-08-13 06:36:00,4409.4,4409.64,4408.64,4409.13,122
2026-08-13 06:37:00,4409.13,4410.2,4408.85,4409.45,111
2026-08-13 06:38:00,4409.32,4409.85,4409.1,4409.34,100
2026-08-13 06:39:00,4409.2,4409.48,4408.87,4409.29,87
2026-08-13 06:40:00,4409.13,4409.3,4408.4,4408.67,90
2026-08-13 06:41:00,4408.7,4408.73,4407.11,4407.84,139
2026-08-13 06:42:00,4407.82,4407.82,4406.56,4406.94,141
2026-08-13 06:43:00,4406.77,4407.99,4406.06,4406.15,121
2026-08-13 06:44:00,4406.16,4406.44,4405.42,4405.97,116
2026-08-13 06:45:00,4406.23,4407.54,4405.97,4406.46,119
2026-08-13 06:46:00,4406.43,4407.7,4405.18,4406.0,148
2026-08-13 06:47:00,4405.97,4406.27,4405.01,4405.79,152
2026-08-13 06:48:00,4405.79,4406.41,4405.77,4406.28,101
2026-08-13 06:49:00,4406.29,4406.6,4405.38,4405.43,133
2026-08-13 06:50:00,4405.42,4405.67,4403.77,4405.56,148
2026-08-13 06:51:00,4405.47,4405.71,4405.05,4405.51,88
2026-08-13 06:52:00,4405.52,4406.04,4405.23,4405.87,85
2026-08-13 06:53:00,4405.79,4406.0,4403.74,4403.79,146
2026-08-13 06:54:00,4403.79,4403.88,4402.2,4403.45,145
2026-08-13 06:55:00,4403.41,4403.41,4400.82,4400.82,148
2026-08-13 06:56:00,4400.8,4402.58,4400.25,4400.91,150
2026-08-13 06:57:00,4400.82,4401.07,4399.52,4399.88,143
2026-08-13 06:58:00,4399.92,4400.63,4399.55,4399.9,136
2026-08-13 06:59:00,4399.92,4400.52,4398.62,4400.31,146
2026-08-13 07:00:00,4400.31,4400.45,4397.64,4398.52,173
2026-08-13 07:01:00,4398.51,4398.62,4394.85,4395.88,181
2026-08-13 07:02:00,4395.89,4400.15,4395.83,4399.42,182
2026-08-13 07:03:00,4399.47,4399.95,4395.68,4396.08,160
2026-08-13 07:04:00,4396.08,4396.58,4395.22,4395.98,133
2026-08-13 07:05:00,4395.99,4396.69,4395.35,4395.57,135
2026-08-13 07:06:00,4395.71,4397.53,4395.26,4396.3,168
2026-08-13 07:07:00,4396.35,4397.2,4395.36,4396.12,159
2026-08-13 07:08:00,4396.22,4396.5,4395.21,4396.0,159
2026-08-13 07:09:00,4396.01,4396.7,4395.12,4396.11,154
2026-08-13 07:10:00,4395.87,4396.08,4394.16,4394.98,155
2026-08-13 07:11:00,4395.11,4395.13,4391.71,4393.02,173
2026-08-13 07:12:00,4393.06,4393.98,4393.02,4393.29,123
2026-08-13 07:13:00,4393.3,4394.95,4393.3,4394.38,146
2026-08-13 07:14:00,4394.51,4395.68,4393.96,4394.56,139
2026-08-13 07:15:00,4394.59,4395.41,4393.47,4394.94,136
2026-08-13 07:16:00,4394.97,4395.94,4394.02,4395.18,135
2026-08-13 07:17:00,4395.18,4395.2,4394.45,4394.45,142
2026-08-13 07:18:00,4394.69,4395.33,4394.36,4394.77,118
2026-08-13 07:19:00,4394.76,4395.34,4393.18,4394.8,148
2026-08-13 07:20:00,4394.81,4395.19,4394.24,4394.37,149
2026-08-13 07:21:00,4394.35,4394.56,4392.46,4392.74,144
2026-08-13 07:22:00,4392.9,4394.75,4392.71,4394.49,140
2026-08-13 07:23:00,4394.8,4395.14,4393.81,4395.11,138
2026-08-13 07:24:00,4395.09,4397.96,4394.97,4397.55,162
2026-08-13 07:25:00,4397.49,4398.15,4396.91,4397.75,145
2026-08-13 07:26:00,4397.69,4399.1,4397.58,4398.55,152
2026-08-13 07:27:00,4398.58,4398.71,4397.34,4397.44,136
2026-08-13 07:28:00,4397.36,4398.59,4397.29,4398.15,107
2026-08-13 07:29:00,4398.36,4398.85,4398.11,4398.13,124
2026-08-13 07:30:00,4398.12,4398.93,4397.94,4398.32,134
2026-08-13 07:31:00,4398.26,4399.63,4397.7,4399.44,126
2026-08-13 07:32:00,4399.42,4399.52,4398.61,4398.78,106
2026-08-13 07:33:00,4398.68,4399.14,4398.1,4399.09,108
2026-08-13 07:34:00,4399.08,4399.08,4397.5,4398.87,105
2026-08-13 07:35:00,4398.87,4399.0,4397.25,4397.83,103
2026-08-13 07:36:00,4397.83,4399.22,4397.78,4399.2,108
2026-08-13 07:37:00,4399.21,4399.39,4398.51,4399.26,105
2026-08-13 07:38:00,4399.16,4399.19,4397.8,4397.99,102
2026-08-13 07:39:00,4398.06,4398.16,4397.44,4397.67,107
2026-08-13 07:40:00,4397.67,4397.9,4396.87,4397.37,133
2026-08-13 07:41:00,4397.26,4399.3,4397.21,4399.24,111
2026-08-13 07:42:00,4399.24,4399.36,4397.84,4397.91,83
2026-08-13 07:43:00,4398.05,4398.05,4396.52,4396.68,122
2026-08-13 07:44:00,4396.92,4396.92,4395.05,4395.75,116
2026-08-13 07:45:00,4395.79,4398.96,4395.65,4397.26,216
2026-08-13 07:46:00,4396.74,4398.33,4395.82,4397.88,175
2026-08-13 07:47:00,4397.88,4397.88,4396.61,4396.9,140
2026-08-13 07:48:00,4396.9,4397.64,4396.44,4397.17,123
2026-08-13 07:49:00,4397.23,4398.54,4395.77,4395.85,157
2026-08-13 07:50:00,4395.64,4396.45,4395.3,4395.6,140
2026-08-13 07:51:00,4395.59,4396.7,4395.27,4395.99,126
2026-08-13 07:52:00,4396.02,4397.72,4396.0,4397.28,122
2026-08-13 07:53:00,4397.26,4397.61,4396.6,4397.14,127
2026-08-13 07:54:00,4397.14,4397.42,4396.41,4396.62,105
2026-08-13 07:55:00,4396.76,4397.02,4396.12,4396.97,78
2026-08-13 07:56:00,4396.92,4397.88,4396.8,4397.77,122
2026-08-13 07:57:00,4397.67,4398.17,4397.27,4397.38,122
2026-08-13 07:58:00,4397.32,4398.56,4397.25,4398.16,128
2026-08-13 07:59:00,4398.03,4398.46,4397.67,4397.72,156
2026-08-13 08:00:00,4397.8,4397.91,4396.07,4396.56,175
2026-08-13 08:01:00,4396.69,4396.8,4393.01,4394.1,157
2026-08-13 08:02:00,4394.34,4396.42,4394.31,4396.02,147
2026-08-13 08:03:00,4396.02,4397.7,4395.93,4396.5,147
2026-08-13 08:04:00,4396.55,4396.88,4393.67,4394.71,168
2026-08-13 08:05:00,4394.51,4396.14,4394.39,4395.11,153
2026-08-13 08:06:00,4395.13,4397.19,4394.93,4397.06,149
2026-08-13 08:07:00,4397.06,4397.36,4394.66,4396.15,127
2026-08-13 08:08:00,4396.31,4396.52,4395.79,4395.89,108
2026-08-13 08:09:00,4395.89,4397.83,4394.22,4396.78,152
2026-08-13 08:10:00,4396.87,4399.29,4395.05,4398.97,162
2026-08-13 08:11:00,4399.09,4399.48,4397.85,4399.29,171
2026-08-13 08:12:00,4399.15,4400.22,4398.77,4399.92,167
2026-08-13 08:13:00,4399.81,4403.01,4399.72,4403.0,180
2026-08-13 08:14:00,4402.89,4404.92,4402.44,4404.43,185
2026-08-13 08:15:00,4404.57,4405.67,4404.17,4404.65,154
2026-08-13 08:16:00,4404.65,4404.91,4401.29,4401.56,145
2026-08-13 08:17:00,4401.53,4402.24,4400.71,4402.22,153
2026-08-13 08:18:00,4402.19,4403.41,4401.87,4402.07,148
2026-08-13 08:19:00,4402.04,4404.2,4400.86,4401.54,156
2026-08-13 08:20:00,4401.35,4402.58,4401.03,4402.41,150
2026-08-13 08:21:00,4402.4,4403.72,4402.16,4402.64,140
2026-08-13 08:22:00,4402.6,4403.33,4402.35,4402.9,113
2026-08-13 08:23:00,4403.03,4403.07,4402.29,4402.63,96
2026-08-13 08:24:00,4402.63,4403.46,4402.36,4402.87,101
2026-08-13 08:25:00,4403.0,4405.38,4402.62,4405.38,142
2026-08-13 08:26:00,4405.3,4406.92,4404.66,4406.64,162
2026-08-13 08:27:00,4406.84,4407.14,4405.54,4406.11,138
2026-08-13 08:28:00,4406.1,4407.38,4405.84,4407.03,126
2026-08-13 08:29:00,4406.76,4407.15,4406.12,4406.44,114
2026-08-13 08:30:00,4406.45,4407.1,4400.56,4401.38,211
2026-08-13 08:31:00,4401.06,4401.44,4397.73,4398.13,193
2026-08-13 08:32:00,4398.05,4398.85,4394.55,4395.77,191
2026-08-13 08:33:00,4395.76,4397.75,4393.62,4397.34,195
2026-08-13 08:34:00,4397.47,4398.02,4396.47,4397.51,186
2026-08-13 08:35:00,4397.5,4398.6,4397.23,4397.85,185
2026-08-13 08:36:00,4397.88,4399.16,4397.18,4399.01,182
2026-08-13 08:37:00,4398.91,4399.39,4397.19,4398.47,180
2026-08-13 08:38:00,4398.46,4398.83,4396.95,4398.6,173
2026-08-13 08:39:00,4398.5,4399.96,4398.01,4399.7,174
2026-08-13 08:40:00,4399.58,4400.9,4399.48,4399.67,183
2026-08-13 08:41:00,4399.62,4399.64,4392.88,4395.24,200
2026-08-13 08:42:00,4395.09,4395.09,4390.71,4391.51,188
2026-08-13 08:43:00,4391.51,4391.66,4387.91,4388.7,193
2026-08-13 08:44:00,4388.67,4389.22,4386.61,4387.69,194
2026-08-13 08:45:00,4387.69,4389.43,4386.23,4388.2,184
2026-08-13 08:46:00,4388.21,4388.72,4383.47,4384.23,203
2026-08-13 08:47:00,4384.13,4386.56,4383.12,4385.22,204
2026-08-13 08:48:00,4385.32,4387.64,4384.13,4387.36,196
2026-08-13 08:49:00,4387.35,4387.83,4386.06,4387.27,187
2026-08-13 08:50:00,4387.27,4387.63,4384.75,4387.02,198
2026-08-13 08:51:00,4386.95,4389.23,4385.11,4388.98,192
2026-08-13 08:52:00,4389.02,4389.39,4388.2,4389.1,182
2026-08-13 08:53:00,4389.07,4389.36,4384.76,4384.76,187
2026-08-13 08:54:00,4384.88,4385.84,4384.19,4384.61,190
2026-08-13 08:55:00,4384.26,4385.72,4382.97,4385.62,196
2026-08-13 08:56:00,4385.49,4386.11,4383.12,4385.65,189
2026-08-13 08:57:00,4385.64,4386.33,4384.65,4385.31,181
2026-08-13 08:58:00,4385.32,4385.98,4383.41,4384.11,172
2026-08-13 08:59:00,4384.1,4384.45,4380.42,4383.16,194
2026-08-13 09:00:00,4383.12,4384.88,4382.18,4384.79,197
2026-08-13 09:01:00,4384.71,4385.67,4382.78,4382.79,177
2026-08-13 09:02:00,4382.62,4383.78,4382.18,4382.64,192
2026-08-13 09:03:00,4382.49,4384.35,4381.72,4382.0,185
2026-08-13 09:04:00,4381.8,4382.3,4376.05,4378.21,214
2026-08-13 09:05:00,4378.22,4378.71,4375.41,4377.72,199
2026-08-13 09:06:00,4377.67,4379.23,4377.21,4378.63,192
2026-08-13 09:07:00,4378.66,4379.36,4375.81,4376.48,186
2026-08-13 09:08:00,4376.49,4377.1,4375.84,4377.05,178
2026-08-13 09:09:00,4377.03,4379.91,4376.26,4379.23,182
2026-08-13 09:10:00,4379.27,4380.85,4376.9,4377.45,186
2026-08-13 09:11:00,4377.61,4378.68,4376.78,4378.68,171
2026-08-13 09:12:00,4378.94,4379.29,4377.65,4377.95,172
2026-08-13 09:13:00,4377.98,4378.15,4374.92,4375.26,182
2026-08-13 09:14:00,4375.28,4376.43,4375.17,4375.81,183
2026-08-13 09:15:00,4375.7,4376.51,4375.12,4375.29,153
2026-08-13 09:16:00,4375.29,4378.67,4375.21,4378.15,159
2026-08-13 09:17:00,4378.29,4378.43,4376.97,4377.67,138
2026-08-13 09:18:00,4377.67,4378.36,4376.84,4377.6,144
2026-08-13 09:19:00,4377.99,4377.99,4375.15,4375.34,159
2026-08-13 09:20:00,4375.3,4378.15,4374.32,4377.69,162
2026-08-13 09:21:00,4377.66,4377.66,4375.96,4376.39,156
2026-08-13 09:22:00,4375.98,4376.43,4374.5,4375.11,155
2026-08-13 09:23:00,4375.15,4376.3,4374.19,4375.92,173
2026-08-13 09:24:00,4375.83,4378.66,4375.75,4378.66,169
2026-08-13 09:25:00,4378.61,4378.85,4376.37,4376.77,177
2026-08-13 09:26:00,4376.64,4377.92,4375.65,4375.65,175
2026-08-13 09:27:00,4376.0,4376.77,4374.57,4374.84,185
2026-08-13 09:28:00,4374.92,4377.84,4374.38,4376.22,180
2026-08-13 09:29:00,4376.25,4376.83,4375.31,4376.04,164
2026-08-13 09:30:00,4376.04,4377.4,4374.24,4375.52,176
2026-08-13 09:31:00,4375.5,4376.26,4374.15,4375.46,181
2026-08-13 09:32:00,4375.49,4378.95,4375.49,4376.82,186
2026-08-13 09:33:00,4376.84,4376.84,4370.38,4370.84,194
2026-08-13 09:34:00,4370.78,4372.28,4369.97,4371.97,189
2026-08-13 09:35:00,4372.15,4372.7,4371.69,4372.56,179
2026-08-13 09:36:00,4372.52,4372.62,4368.92,4369.7,194
2026-08-13 09:37:00,4369.61,4370.9,4369.32,4370.43,185
2026-08-13 09:38:00,4370.44,4370.65,4369.41,4369.74,171
2026-08-13 09:39:00,4370.32,4372.54,4370.14,4371.37,201
2026-08-13 09:40:00,4371.98,4373.29,4371.37,4373.08,171
2026-08-13 09:41:00,4372.92,4374.0,4372.46,4373.26,172
2026-08-13 09:42:00,4373.34,4373.82,4372.1,4373.63,187
2026-08-13 09:43:00,4373.82,4374.66,4373.26,4374.62,167
2026-08-13 09:44:00,4374.38,4374.42,4372.24,4374.09,180
2026-08-13 09:45:00,4374.07,4376.57,4373.98,4375.89,184
2026-08-13 09:46:00,4375.97,4376.1,4374.32,4374.9,161
2026-08-13 09:47:00,4374.64,4377.52,4374.1,4377.11,182
2026-08-13 09:48:00,4377.01,4378.76,4376.73,4378.52,172
2026-08-13 09:49:00,4378.54,4379.19,4377.51,4378.53,172
2026-08-13 09:50:00,4378.67,4379.78,4378.27,4379.29,167
2026-08-13 09:51:00,4379.16,4380.13,4378.57,4379.97,179
2026-08-13 09:52:00,4380.06,4380.28,4378.45,4379.22,190
2026-08-13 09:53:00,4379.05,4380.17,4378.62,4379.91,169
2026-08-13 09:54:00,4379.79,4380.38,4379.49,4380.13,165
2026-08-13 09:55:00,4380.18,4381.44,4379.62,4380.38,178
2026-08-13 09:56:00,4380.51,4381.57,4380.41,4380.7,180
2026-08-13 09:57:00,4380.85,4381.56,4379.86,4380.58,168
2026-08-13 09:58:00,4380.31,4380.67,4379.5,4380.36,167
2026-08-13 09:59:00,4380.27,4380.99,4379.73,4380.81,179
2026-08-13 10:00:00,4381.15,4381.15,4378.32,4379.68,201
2026-08-13 10:01:00,4379.77,4380.09,4378.55,4379.35,185
2026-08-13 10:02:00,4379.74,4382.13,4379.27,4379.7,197
2026-08-13 10:03:00,4379.64,4381.57,4378.94,4380.94,178
2026-08-13 10:04:00,4380.76,4381.32,4379.31,4379.64,167
2026-08-13 10:05:00,4379.76,4380.77,4378.8,4379.58,168
2026-08-13 10:06:00,4379.49,4379.49,4377.39,4377.81,174
2026-08-13 10:07:00,4378.08,4380.1,4378.05,4379.47,161
2026-08-13 10:08:00,4379.57,4380.0,4379.11,4379.22,148
2026-08-13 10:09:00,4379.51,4379.94,4377.68,4378.22,166
2026-08-13 10:10:00,4378.12,4378.92,4377.41,4377.92,170
2026-08-13 10:11:00,4377.89,4378.77,4377.16,4377.48,153
2026-08-13 10:12:00,4377.61,4378.81,4376.8,4378.05,177
2026-08-13 10:13:00,4378.06,4378.06,4375.0,4376.45,179
2026-08-13 10:14:00,4376.45,4377.48,4376.11,4376.96,152
2026-08-13 10:15:00,4376.9,4377.76,4375.25,4375.46,170
2026-08-13 10:16:00,4375.63,4376.86,4375.08,4376.23,168
2026-08-13 10:17:00,4376.37,4376.63,4374.88,4375.33,155
2026-08-13 10:18:00,4375.32,4376.07,4374.9,4375.54,121
2026-08-13 10:19:00,4375.53,4376.0,4373.91,4373.95,140
2026-08-13 10:20:00,4374.07,4375.84,4373.62,4375.69,140
2026-08-13 10:21:00,4375.81,4376.28,4374.35,4374.94,153
2026-08-13 10:22:00,4374.83,4375.35,4374.46,4374.88,123
2026-08-13 10:23:00,4375.04,4376.76,4374.84,4376.66,134
2026-08-13 10:24:00,4376.67,4376.89,4375.83,4376.53,171
2026-08-13 10:25:00,4376.53,4377.02,4375.66,4376.4,170
2026-08-13 10:26:00,4376.52,4376.64,4374.57,4375.89,149
2026-08-13 10:27:00,4375.92,4376.58,4375.07,4375.44,141
2026-08-13 10:28:00,4375.49,4376.54,4375.23,4376.54,157
2026-08-13 10:29:00,4376.46,4377.33,4375.13,4376.51,161
2026-08-13 10:30:00,4376.32,4376.32,4373.4,4374.05,162
2026-08-13 10:31:00,4374.07,4376.73,4374.07,4376.2,153
2026-08-13 10:32:00,4376.19,4377.38,4373.35,4373.86,165
2026-08-13 10:33:00,4373.97,4374.67,4372.48,4372.72,158
2026-08-13 10:34:00,4373.14,4373.79,4372.15,4373.75,158
2026-08-13 10:35:00,4373.37,4375.3,4372.44,4375.26,153
2026-08-13 10:36:00,4374.85,4376.42,4374.74,4375.38,165
2026-08-13 10:37:00,4375.39,4376.67,4375.01,4375.92,118
2026-08-13 10:38:00,4376.12,4376.3,4373.54,4374.0,150
2026-08-13 10:39:00,4374.0,4374.61,4373.47,4374.53,136
2026-08-13 10:40:00,4374.62,4375.05,4373.98,4374.92,143
2026-08-13 10:41:00,4375.22,4376.9,4373.8,4376.88,162
2026-08-13 10:42:00,4376.91,4377.67,4376.47,4377.47,160
2026-08-13 10:43:00,4377.47,4377.75,4376.39,4376.58,144
2026-08-13 10:44:00,4376.58,4378.72,4376.16,4378.39,158
2026-08-13 10:45:00,4378.47,4378.91,4375.43,4375.43,155
2026-08-13 10:46:00,4375.41,4376.31,4373.7,4376.07,169
2026-08-13 10:47:00,4376.03,4376.84,4374.39,4374.39,187
2026-08-13 10:48:00,4374.88,4376.62,4372.99,4373.47,168
2026-08-13 10:49:00,4373.61,4373.61,4371.18,4371.84,183
2026-08-13 10:50:00,4371.89,4373.63,4369.7,4373.08,165
2026-08-13 10:51:00,4373.29,4373.72,4371.37,4371.68,164
2026-08-13 10:52:00,4372.08,4373.28,4371.86,4373.01,163
2026-08-13 10:53:00,4372.82,4373.43,4372.52,4373.36,138
2026-08-13 10:54:00,4373.36,4373.62,4372.12,4373.11,127
2026-08-13 10:55:00,4373.05,4373.18,4369.89,4370.7,177
2026-08-13 10:56:00,4370.69,4371.19,4369.27,4370.11,172
2026-08-13 10:57:00,4370.09,4370.83,4369.27,4369.85,166
2026-08-13 10:58:00,4369.83,4370.91,4369.53,4370.13,148
2026-08-13 10:59:00,4370.41,4370.95,4369.66,4369.83,138
2026-08-13 11:00:00,4369.96,4369.99,4366.81,4368.49,195
2026-08-13 11:01:00,4368.5,4370.51,4368.3,4370.3,182
2026-08-13 11:02:00,4370.3,4370.6,4367.49,4368.6,184
2026-08-13 11:03:00,4368.58,4368.72,4365.88,4366.31,195
2026-08-13 11:04:00,4366.35,4367.56,4365.92,4367.18,174
2026-08-13 11:05:00,4367.0,4368.52,4366.25,4368.16,159
2026-08-13 11:06:00,4368.25,4369.78,4367.48,4368.22,178
2026-08-13 11:07:00,4368.33,4369.33,4366.85,4367.15,159
2026-08-13 11:08:00,4367.14,4368.08,4365.99,4367.17,150
2026-08-13 11:09:00,4367.33,4367.43,4365.97,4365.97,174
2026-08-13 11:10:00,4365.98,4367.25,4364.17,4366.65,203
2026-08-13 11:11:00,4366.59,4366.76,4364.12,4364.25,195
2026-08-13 11:12:00,4364.17,4366.16,4363.99,4365.33,192
2026-08-13 11:13:00,4365.17,4367.18,4364.88,4367.18,193
2026-08-13 11:14:00,4367.33,4367.95,4365.08,4366.12,182
2026-08-13 11:15:00,4366.09,4366.78,4365.7,4366.62,173
2026-08-13 11:16:00,4366.61,4368.03,4365.94,4367.24,182
2026-08-13 11:17:00,4367.36,4367.52,4365.56,4366.43,165
2026-08-13 11:18:00,4366.36,4367.27,4366.14,4366.75,138
2026-08-13 11:19:00,4366.77,4366.91,4365.3,4365.41,182
2026-08-13 11:20:00,4365.47,4367.01,4364.85,4366.84,162
2026-08-13 11:21:00,4366.76,4368.81,4366.5,4368.38,168
2026-08-13 11:22:00,4368.36,4370.15,4368.3,4369.82,177
2026-08-13 11:23:00,4369.82,4369.82,4368.56,4368.97,169
2026-08-13 11:24:00,4368.97,4370.8,4368.7,4369.87,163
2026-08-13 11:25:00,4369.85,4370.72,4369.56,4370.3,150
2026-08-13 11:26:00,4370.3,4372.5,4369.71,4372.24,182
2026-08-13 11:27:00,4372.38,4372.77,4370.37,4370.55,173
2026-08-13 11:28:00,4370.57,4372.61,4370.38,4372.53,172
2026-08-13 11:29:00,4372.72,4373.66,4372.14,4372.68,184
2026-08-13 11:30:00,4372.87,4373.56,4371.81,4372.99,159
2026-08-13 11:31:00,4372.85,4374.22,4372.39,4373.81,132
2026-08-13 11:32:00,4373.81,4374.37,4372.68,4373.62,143
2026-08-13 11:33:00,4373.34,4373.71,4372.71,4373.45,122
2026-08-13 11:34:00,4373.44,4375.91,4373.44,4374.55,165
2026-08-13 11:35:00,4374.68,4375.75,4374.58,4375.22,140
2026-08-13 11:36:00,4375.0,4375.19,4373.66,4373.84,135
2026-08-13 11:37:00,4373.85,4374.66,4373.42,4374.22,130
2026-08-13 11:38:00,4374.23,4375.7,4373.47,4375.09,165
2026-08-13 11:39:00,4375.11,4375.51,4373.45,4373.52,150
2026-08-13 11:40:00,4373.58,4374.39,4373.29,4374.34,131
2026-08-13 11:41:00,4374.2,4374.88,4373.91,4374.45,141
2026-08-13 11:42:00,4374.44,4375.21,4374.3,4374.82,121
2026-08-13 11:43:00,4374.81,4375.42,4374.28,4374.31,105
2026-08-13 11:44:00,4374.31,4374.81,4373.48,4373.48,110
2026-08-13 11:45:00,4373.47,4374.28,4373.36,4374.15,146
2026-08-13 11:46:00,4374.41,4375.12,4373.72,4374.17,125
2026-08-13 11:47:00,4374.16,4375.96,4373.67,4375.52,123
2026-08-13 11:48:00,4375.52,4378.59,4375.45,4378.41,155
2026-08-13 11:49:00,4378.41,4379.19,4378.23,4378.66,142
2026-08-13 11:50:00,4378.53,4379.29,4376.78,4378.24,141
2026-08-13 11:51:00,4377.59,4378.33,4376.99,4377.83,144
2026-08-13 11:52:00,4377.77,4377.92,4376.83,4377.03,118
2026-08-13 11:53:00,4376.89,4376.9,4375.25,4375.58,121
2026-08-13 11:54:00,4375.53,4376.23,4374.91,4376.23,110
2026-08-13 11:55:00,4376.25,4377.26,4376.06,4376.26,133
2026-08-13 11:56:00,4376.51,4376.54,4375.73,4376.21,133
2026-08-13 11:57:00,4376.14,4376.68,4375.4,4376.47,126
2026-08-13 11:58:00,4376.5,4376.5,4375.16,4375.37,110
2026-08-13 11:59:00,4375.2,4376.17,4374.99,4375.77,112
2026-08-13 12:00:00,4375.82,4377.07,4375.52,4376.42,140
2026-08-13 12:01:00,4376.28,4376.44,4375.29,4376.26,123
2026-08-13 12:02:00,4376.43,4376.43,4374.22,4374.6,138
2026-08-13 12:03:00,4374.64,4374.79,4373.92,4374.27,164
2026-08-13 12:04:00,4374.29,4375.0,4373.49,4374.23,173
2026-08-13 12:05:00,4374.31,4374.66,4372.95,4373.23,186
2026-08-13 12:06:00,4373.1,4374.72,4372.45,4373.71,178
2026-08-13 12:07:00,4373.81,4374.22,4373.62,4373.97,122
2026-08-13 12:08:00,4374.1,4378.27,4373.83,4377.87,173
2026-08-13 12:09:00,4377.76,4377.95,4376.83,4377.11,145
2026-08-13 12:10:00,4377.09,4377.9,4376.52,4377.68,159
2026-08-13 12:11:00,4377.92,4378.0,4376.82,4377.2,163
2026-08-13 12:12:00,4377.06,4378.57,4377.01,4377.57,153
2026-08-13 12:13:00,4377.71,4378.29,4377.0,4377.64,148
2026-08-13 12:14:00,4377.63,4377.95,4376.9,4377.07,171
2026-08-13 12:15:00,4376.79,4377.34,4376.2,4376.84,161
2026-08-13 12:16:00,4376.89,4378.04,4376.41,4377.88,167
2026-08-13 12:17:00,4377.72,4379.23,4377.35,4378.18,157
2026-08-13 12:18:00,4378.13,4379.02,4377.69,4378.7,152
2026-08-13 12:19:00,4378.69,4381.0,4378.63,4380.57,164
2026-08-13 12:20:00,4380.42,4381.95,4380.28,4381.25,157
2026-08-13 12:21:00,4381.15,4382.14,4380.31,4380.56,144
2026-08-13 12:22:00,4380.42,4381.0,4379.84,4380.07,129
2026-08-13 12:23:00,4380.04,4380.36,4379.41,4379.41,153
2026-08-13 12:24:00,4379.42,4379.51,4378.03,4378.62,120
2026-08-13 12:25:00,4378.63,4380.19,4378.63,4379.12,150
2026-08-13 12:26:00,4379.13,4380.85,4379.02,4380.73,171
2026-08-13 12:27:00,4380.65,4382.29,4380.19,4381.03,175
2026-08-13 12:28:00,4380.99,4381.31,4380.05,4381.31,138
2026-08-13 12:29:00,4381.3,4381.59,4379.72,4380.09,155
2026-08-13 12:30:00,4379.97,4381.43,4379.63,4381.17,165
2026-08-13 12:31:00,4381.13,4381.39,4379.74,4380.54,158
2026-08-13 12:32:00,4380.75,4381.02,4379.88,4380.92,128
2026-08-13 12:33:00,4380.96,4381.4,4380.11,4380.5,149
2026-08-13 12:34:00,4380.46,4381.35,4380.21,4380.79,132
2026-08-13 12:35:00,4380.92,4381.68,4380.33,4381.41,149
2026-08-13 12:36:00,4381.54,4381.81,4380.38,4380.92,115
2026-08-13 12:37:00,4380.99,4381.55,4380.08,4380.65,126
2026-08-13 12:38:00,4380.61,4380.97,4380.24,4380.82,99
2026-08-13 12:39:00,4380.61,4381.17,4380.27,4380.95,119
2026-08-13 12:40:00,4380.95,4381.69,4380.6,4380.6,106
2026-08-13 12:41:00,4380.76,4381.23,4378.72,4379.2,157
2026-08-13 12:42:00,4379.22,4380.41,4379.1,4380.26,134
2026-08-13 12:43:00,4380.39,4380.62,4379.96,4380.07,127
2026-08-13 12:44:00,4380.23,4380.47,4379.63,4379.94,112
2026-08-13 12:45:00,4379.85,4380.16,4379.34,4380.03,142
2026-08-13 12:46:00,4379.89,4380.72,4379.55,4380.43,132
2026-08-13 12:47:00,4380.43,4380.59,4378.73,4379.28,132
2026-08-13 12:48:00,4379.28,4379.29,4378.44,4378.54,119
2026-08-13 12:49:00,4378.69,4379.52,4378.41,4379.52,104
2026-08-13 12:50:00,4379.55,4380.21,4379.09,4379.16,121
2026-08-13 12:51:00,4379.24,4380.02,4378.79,4379.48,109
2026-08-13 12:52:00,4379.49,4380.06,4379.21,4379.9,125
2026-08-13 12:53:00,4379.92,4380.89,4379.42,4380.21,110
2026-08-13 12:54:00,4380.22,4381.05,4379.86,4380.34,130
2026-08-13 12:55:00,4380.46,4381.19,4379.92,4381.05,142
2026-08-13 12:56:00,4381.03,4382.81,4380.73,4381.68,156
2026-08-13 12:57:00,4381.69,4383.55,4381.32,4383.28,160
2026-08-13 12:58:00,4383.28,4384.9,4383.28,4383.98,156
2026-08-13 12:59:00,4383.96,4384.63,4383.11,4384.62,140
2026-08-13 13:00:00,4384.63,4385.32,4383.89,4384.98,171
2026-08-13 13:01:00,4384.97,4385.1,4383.88,4384.54,155
2026-08-13 13:02:00,4384.53,4385.35,4383.81,4384.51,144
2026-08-13 13:03:00,4384.41,4385.25,4383.96,4383.97,124
2026-08-13 13:04:00,4383.97,4384.81,4383.36,4384.39,135
2026-08-13 13:05:00,4384.4,4385.22,4383.91,4384.84,129
2026-08-13 13:06:00,4384.88,4385.37,4384.49,4384.86,126
2026-08-13 13:07:00,4384.82,4385.09,4383.82,4384.41,118
2026-08-13 13:08:00,4384.41,4385.0,4384.1,4384.43,125
2026-08-13 13:09:00,4384.41,4385.06,4383.74,4384.16,127
2026-08-13 13:10:00,4384.14,4384.83,4383.39,4383.39,122
2026-08-13 13:11:00,4383.53,4384.39,4383.31,4384.04,97
2026-08-13 13:12:00,4383.89,4383.95,4382.72,4382.72,103
2026-08-13 13:13:00,4382.67,4382.74,4381.45,4382.31,137
2026-08-13 13:14:00,4382.31,4382.44,4381.42,4381.46,126
2026-08-13 13:15:00,4381.66,4382.42,4381.66,4381.87,124
2026-08-13 13:16:00,4381.88,4382.44,4381.68,4382.22,108
2026-08-13 13:17:00,4382.21,4383.46,4382.19,4383.32,101
2026-08-13 13:18:00,4383.33,4385.57,4383.3,4384.95,113
2026-08-13 13:19:00,4384.94,4385.93,4383.92,4385.02,155
2026-08-13 13:20:00,4385.13,4385.47,4384.67,4385.3,140
2026-08-13 13:21:00,4385.37,4385.77,4384.36,4385.63,148
2026-08-13 13:22:00,4385.62,4386.56,4385.24,4385.88,145
2026-08-13 13:23:00,4385.88,4385.88,4383.66,4384.6,135
2026-08-13 13:24:00,4384.59,4385.04,4384.17,4384.67,93
2026-08-13 13:25:00,4384.67,4385.93,4384.55,4385.61,122
2026-08-13 13:26:00,4385.75,4386.55,4385.5,4386.01,120
2026-08-13 13:27:00,4385.87,4387.51,4385.51,4387.34,141
2026-08-13 13:28:00,4387.38,4387.56,4386.31,4386.46,142
2026-08-13 13:29:00,4386.22,4387.19,4385.96,4387.07,107
2026-08-13 13:30:00,4387.01,4387.59,4386.67,4387.25,128
2026-08-13 13:31:00,4387.25,4387.85,4386.9,4387.3,154
2026-08-13 13:32:00,4387.28,4387.28,4385.63,4385.75,146
2026-08-13 13:33:00,4385.7,4386.21,4384.75,4384.75,119
2026-08-13 13:34:00,4384.62,4385.64,4384.55,4385.36,108
2026-08-13 13:35:00,4385.36,4386.21,4385.3,4385.95,103
2026-08-13 13:36:00,4385.98,4386.69,4385.98,4386.31,98
2026-08-13 13:37:00,4386.47,4388.39,4386.4,4388.24,119
2026-08-13 13:38:00,4388.24,4389.02,4388.13,4388.49,112
2026-08-13 13:39:00,4388.47,4389.11,4388.46,4388.54,90
2026-08-13 13:40:00,4388.56,4388.94,4387.94,4388.25,121
2026-08-13 13:41:00,4388.26,4388.96,4387.98,4388.46,103
2026-08-13 13:42:00,4388.45,4388.81,4387.98,4388.0,90
2026-08-13 13:43:00,4387.94,4390.48,4387.9,4390.32,150
2026-08-13 13:44:00,4390.24,4390.69,4389.96,4390.57,122
2026-08-13 13:45:00,4390.72,4390.72,4388.84,4388.84,119
2026-08-13 13:46:00,4388.88,4389.26,4388.26,4388.39,95
2026-08-13 13:47:00,4388.39,4389.14,4388.24,4388.79,109
2026-08-13 13:48:00,4388.72,4389.67,4388.59,4389.33,126
2026-08-13 13:49:00,4389.2,4390.53,4389.12,4390.43,127
2026-08-13 13:50:00,4390.39,4392.61,4390.09,4392.58,142
2026-08-13 13:51:00,4392.63,4393.05,4391.76,4391.98,130
2026-08-13 13:52:00,4392.09,4393.62,4391.78,4393.37,126
2026-08-13 13:53:00,4393.37,4393.86,4393.03,4393.03,125
2026-08-13 13:54:00,4393.1,4393.48,4392.23,4392.55,138
2026-08-13 13:55:00,4392.67,4392.71,4391.88,4392.08,118
2026-08-13 13:56:00,4392.07,4392.4,4391.08,4391.98,130
2026-08-13 13:57:00,4391.79,4392.99,4391.54,4392.58,133
2026-08-13 13:58:00,4392.58,4392.65,4391.73,4391.76,116
2026-08-13 13:59:00,4391.77,4392.61,4391.66,4392.22,134
2026-08-13 14:00:00,4392.21,4393.08,4391.69,4391.98,176
2026-08-13 14:01:00,4391.98,4392.16,4389.97,4390.98,170
2026-08-13 14:02:00,4391.02,4391.49,4389.86,4390.35,155
2026-08-13 14:03:00,4390.33,4390.36,4389.22,4389.51,134
2026-08-13 14:04:00,4389.59,4389.93,4388.44,4389.35,162
2026-08-13 14:05:00,4389.01,4390.58,4388.98,4389.86,119
2026-08-13 14:06:00,4389.86,4391.01,4389.84,4390.36,107
2026-08-13 14:07:00,4390.35,4390.89,4390.18,4390.89,111
2026-08-13 14:08:00,4390.89,4391.76,4390.42,4391.4,141
2026-08-13 14:09:00,4391.47,4391.5,4390.34,4390.62,119
2026-08-13 14:10:00,4390.64,4391.62,4390.15,4391.53,128
2026-08-13 14:11:00,4391.6,4391.84,4391.13,4391.72,143
2026-08-13 14:12:00,4391.68,4392.4,4391.38,4391.82,146
2026-08-13 14:13:00,4391.82,4392.15,4391.56,4392.15,104
2026-08-13 14:14:00,4392.27,4394.39,4392.06,4394.39,142
2026-08-13 14:15:00,4394.17,4396.46,4394.12,4395.37,159
2026-08-13 14:16:00,4395.45,4396.8,4394.15,4394.21,133
2026-08-13 14:17:00,4394.1,4394.41,4392.65,4393.11,145
2026-08-13 14:18:00,4393.09,4394.17,4392.69,4393.99,126
2026-08-13 14:19:00,4393.97,4394.29,4393.28,4393.29,136
2026-08-13 14:20:00,4393.42,4393.84,4392.97,4393.68,145
2026-08-13 14:21:00,4393.68,4394.26,4393.3,4393.76,137
2026-08-13 14:22:00,4393.78,4393.92,4391.18,4392.17,133
2026-08-13 14:23:00,4392.17,4392.26,4391.18,4392.23,135
2026-08-13 14:24:00,4392.38,4392.65,4391.81,4392.59,142
2026-08-13 14:25:00,4392.83,4393.13,4391.57,4391.7,150
2026-08-13 14:26:00,4391.65,4391.84,4391.0,4391.51,168
2026-08-13 14:27:00,4391.64,4391.7,4390.8,4391.01,162
2026-08-13 14:28:00,4391.06,4391.43,4389.77,4390.22,139
2026-08-13 14:29:00,4390.22,4390.33,4388.02,4388.13,138
2026-08-13 14:30:00,4388.14,4389.25,4388.12,4388.42,130
2026-08-13 14:31:00,4388.56,4388.68,4387.63,4388.03,139
2026-08-13 14:32:00,4387.89,4388.4,4387.82,4388.09,125
2026-08-13 14:33:00,4388.48,4389.28,4386.77,4386.92,160
2026-08-13 14:34:00,4386.98,4388.89,4386.71,4388.42,144
2026-08-13 14:35:00,4388.56,4389.92,4387.82,4387.94,148
2026-08-13 14:36:00,4387.93,4388.82,4387.93,4388.82,161
2026-08-13 14:37:00,4388.83,4389.0,4388.08,4388.78,144
2026-08-13 14:38:00,4388.95,4389.15,4388.49,4388.51,112
2026-08-13 14:39:00,4388.7,4389.24,4388.28,4389.07,112
2026-08-13 14:40:00,4389.07,4389.17,4386.2,4386.2,132
2026-08-13 14:41:00,4386.16,4386.4,4384.73,4385.0,168
2026-08-13 14:42:00,4384.92,4385.0,4383.71,4384.15,159
2026-08-13 14:43:00,4384.14,4384.92,4384.0,4384.81,137
2026-08-13 14:44:00,4384.76,4386.91,4384.01,4384.01,165
2026-08-13 14:45:00,4384.01,4385.94,4383.37,4385.7,133
2026-08-13 14:46:00,4385.73,4385.82,4385.01,4385.81,124
2026-08-13 14:47:00,4385.8,4385.8,4383.12,4383.96,133
2026-08-13 14:48:00,4383.97,4384.08,4383.15,4383.59,130
2026-08-13 14:49:00,4383.64,4385.18,4383.43,4384.7,148
2026-08-13 14:50:00,4384.63,4384.74,4383.92,4384.45,115
2026-08-13 14:51:00,4384.47,4385.04,4383.91,4384.37,113
2026-08-13 14:52:00,4384.38,4384.85,4383.91,4384.35,134
2026-08-13 14:53:00,4384.11,4385.39,4384.11,4384.65,154
2026-08-13 14:54:00,4384.63,4384.76,4382.81,4384.38,136
2026-08-13 14:55:00,4384.84,4385.43,4383.08,4384.03,127
2026-08-13 14:56:00,4383.95,4385.01,4383.76,4384.88,132
2026-08-13 14:57:00,4384.89,4386.71,4384.33,4385.82,164
2026-08-13 14:58:00,4385.82,4388.24,4385.7,4387.14,154
2026-08-13 14:59:00,4387.2,4387.81,4386.18,4387.72,132
2026-08-13 15:00:00,4387.87,4388.03,4386.24,4387.05,179
2026-08-13 15:01:00,4387.08,4387.66,4386.29,4387.17,162
2026-08-13 15:02:00,4387.11,4387.11,4385.93,4387.07,154
2026-08-13 15:03:00,4387.05,4387.26,4385.97,4386.06,145
2026-08-13 15:04:00,4386.07,4387.3,4385.67,4387.12,149
2026-08-13 15:05:00,4387.14,4388.4,4385.96,4387.82,168
2026-08-13 15:06:00,4387.83,4389.64,4387.48,4389.64,160
2026-08-13 15:07:00,4389.43,4390.14,4388.2,4388.98,157
2026-08-13 15:08:00,4388.96,4391.59,4388.88,4391.59,167
2026-08-13 15:09:00,4391.37,4391.67,4390.74,4390.74,138
2026-08-13 15:10:00,4390.75,4390.8,4388.18,4388.55,169
2026-08-13 15:11:00,4388.71,4390.58,4388.48,4390.43,172
2026-08-13 15:12:00,4390.35,4390.89,4388.44,4388.81,166
2026-08-13 15:13:00,4388.79,4389.39,4387.97,4388.86,173
2026-08-13 15:14:00,4388.94,4389.76,4388.35,4388.99,150
2026-08-13 15:15:00,4388.92,4389.62,4386.42,4386.67,155
2026-08-13 15:16:00,4386.69,4387.16,4384.83,4387.03,137
2026-08-13 15:17:00,4387.03,4387.12,4386.16,4386.54,149
2026-08-13 15:18:00,4386.54,4386.88,4384.97,4385.01,157
2026-08-13 15:19:00,4384.84,4386.64,4384.62,4386.53,164
2026-08-13 15:20:00,4386.7,4389.96,4386.7,4389.09,193
2026-08-13 15:21:00,4389.08,4389.08,4386.21,4386.39,180
2026-08-13 15:22:00,4386.45,4386.77,4384.41,4384.74,177
2026-08-13 15:23:00,4384.88,4386.7,4384.65,4386.25,161
2026-08-13 15:24:00,4386.21,4386.53,4384.36,4385.67,153
2026-08-13 15:25:00,4385.54,4386.08,4384.58,4384.59,139
2026-08-13 15:26:00,4384.72,4386.85,4384.27,4385.91,156
2026-08-13 15:27:00,4385.92,4386.01,4384.09,4384.67,127
2026-08-13 15:28:00,4384.65,4386.56,4384.35,4386.33,133
2026-08-13 15:29:00,4386.34,4392.88,4385.9,4390.86,172
2026-08-13 15:30:00,4390.92,4401.48,4386.61,4390.01,243
2026-08-13 15:31:00,4389.7,4390.09,4383.01,4383.98,218
2026-08-13 15:32:00,4384.14,4384.19,4380.91,4381.34,204
2026-08-13 15:33:00,4381.15,4389.25,4381.15,4389.25,220
2026-08-13 15:34:00,4389.23,4392.82,4388.02,4392.1,219
2026-08-13 15:35:00,4392.1,4392.77,4390.79,4391.35,199
2026-08-13 15:36:00,4390.98,4391.8,4386.33,4388.58,192
2026-08-13 15:37:00,4388.6,4391.82,4387.3,4389.92,206
2026-08-13 15:38:00,4389.85,4390.53,4387.97,4389.31,201
2026-08-13 15:39:00,4388.96,4390.62,4388.15,4390.07,191
2026-08-13 15:40:00,4389.92,4390.51,4386.46,4386.69,209
2026-08-13 15:41:00,4386.68,4391.38,4386.02,4391.23,192
2026-08-13 15:42:00,4391.17,4394.23,4390.98,4392.5,194
2026-08-13 15:43:00,4392.51,4393.27,4389.8,4391.29,204
2026-08-13 15:44:00,4391.33,4392.73,4391.33,4392.06,184
2026-08-13 15:45:00,4392.04,4393.87,4391.5,4393.7,197
2026-08-13 15:46:00,4393.8,4394.88,4392.57,4394.49,182
2026-08-13 15:47:00,4394.33,4396.37,4393.74,4396.09,190
2026-08-13 15:48:00,4396.03,4397.4,4394.58,4395.48,190
2026-08-13 15:49:00,4395.34,4395.93,4394.17,4394.71,184
2026-08-13 15:50:00,4394.65,4396.45,4393.28,4393.67,185
2026-08-13 15:51:00,4394.08,4394.55,4392.67,4393.2,183
2026-08-13 15:52:00,4393.17,4396.98,4393.17,4395.81,183
2026-08-13 15:53:00,4395.76,4395.98,4394.08,4395.16,169
2026-08-13 15:54:00,4395.13,4395.53,4394.13,4394.85,160
2026-08-13 15:55:00,4394.7,4395.89,4393.99,4394.69,187
2026-08-13 15:56:00,4394.77,4395.55,4392.77,4392.77,171
2026-08-13 15:57:00,4392.76,4397.91,4392.76,4397.09,178
2026-08-13 15:58:00,4397.12,4400.0,4397.12,4399.18,213
2026-08-13 15:59:00,4399.16,4402.01,4399.16,4401.87,204
2026-08-13 16:00:00,4401.87,4402.06,4394.06,4394.06,232
2026-08-13 16:01:00,4394.1,4395.85,4391.47,4394.6,216
2026-08-13 16:02:00,4394.9,4396.76,4392.48,4393.36,216
2026-08-13 16:03:00,4393.35,4395.08,4391.94,4393.48,202
2026-08-13 16:04:00,4393.45,4396.25,4393.45,4394.04,201
2026-08-13 16:05:00,4394.12,4396.0,4393.02,4395.47,206
2026-08-13 16:06:00,4395.46,4396.7,4393.3,4393.36,193
2026-08-13 16:07:00,4393.41,4397.9,4392.01,4397.24,217
2026-08-13 16:08:00,4397.22,4397.89,4395.94,4396.6,196
2026-08-13 16:09:00,4396.54,4396.77,4393.4,4393.46,199
2026-08-13 16:10:00,4393.48,4394.52,4392.19,4392.96,192
2026-08-13 16:11:00,4392.92,4394.8,4392.35,4393.92,195
2026-08-13 16:12:00,4394.05,4394.14,4390.88,4392.75,198
2026-08-13 16:13:00,4392.96,4394.31,4391.64,4393.0,181
2026-08-13 16:14:00,4393.09,4394.5,4392.41,4393.99,199
2026-08-13 16:15:00,4394.06,4394.73,4392.02,4392.02,186
2026-08-13 16:16:00,4392.5,4394.47,4392.12,4392.97,181
2026-08-13 16:17:00,4392.95,4395.46,4392.8,4394.61,179
2026-08-13 16:18:00,4394.76,4395.04,4390.61,4392.18,183
2026-08-13 16:19:00,4392.41,4393.38,4391.62,4392.09,185
2026-08-13 16:20:00,4392.34,4394.68,4391.79,4393.98,196
2026-08-13 16:21:00,4394.04,4395.22,4390.77,4393.72,193
2026-08-13 16:22:00,4394.28,4395.14,4393.37,4393.86,182
2026-08-13 16:23:00,4394.11,4395.05,4392.13,4392.13,180
2026-08-13 16:24:00,4392.1,4392.1,4388.53,4388.69,210
2026-08-13 16:25:00,4388.22,4388.87,4385.9,4386.94,210
2026-08-13 16:26:00,4386.79,4388.6,4386.63,4388.02,193
2026-08-13 16:27:00,4387.96,4390.24,4387.14,4387.44,197
2026-08-13 16:28:00,4387.09,4388.21,4385.85,4387.07,198
2026-08-13 16:29:00,4386.84,4387.05,4384.13,4385.3,203
2026-08-13 16:30:00,4385.3,4390.34,4383.68,4387.5,234
2026-08-13 16:31:00,4387.22,4387.22,4381.17,4383.57,216
2026-08-13 16:32:00,4383.56,4386.0,4382.67,4384.76,215
2026-08-13 16:33:00,4384.69,4386.61,4379.05,4380.25,215
2026-08-13 16:34:00,4380.3,4381.12,4377.0,4379.12,215
2026-08-13 16:35:00,4378.96,4381.37,4378.66,4379.21,215
2026-08-13 16:36:00,4379.32,4381.45,4377.1,4377.52,216
2026-08-13 16:37:00,4378.07,4380.5,4375.1,4379.23,221
2026-08-13 16:38:00,4379.32,4379.68,4376.78,4378.37,214
2026-08-13 16:39:00,4378.24,4382.75,4377.78,4382.51,214
2026-08-13 16:40:00,4382.57,4384.03,4379.99,4380.09,209
2026-08-13 16:41:00,4379.97,4379.97,4376.25,4376.88,207
2026-08-13 16:42:00,4376.86,4381.35,4376.51,4380.18,212
2026-08-13 16:43:00,4380.16,4381.8,4379.11,4380.34,206
2026-08-13 16:44:00,4380.34,4381.34,4379.48,4379.7,210
2026-08-13 16:45:00,4379.37,4382.31,4378.47,4378.72,205
2026-08-13 16:46:00,4378.68,4379.16,4375.73,4377.88,210
2026-08-13 16:47:00,4377.87,4382.8,4377.87,4382.78,209
2026-08-13 16:48:00,4382.7,4382.99,4379.02,4380.34,211
2026-08-13 16:49:00,4380.79,4381.09,4377.48,4377.51,203
2026-08-13 16:50:00,4377.7,4378.51,4375.52,4377.0,220
2026-08-13 16:51:00,4377.22,4378.37,4372.37,4373.18,208
2026-08-13 16:52:00,4373.27,4374.78,4372.28,4372.4,204
2026-08-13 16:53:00,4372.46,4372.57,4370.65,4371.62,220
2026-08-13 16:54:00,4371.98,4376.62,4371.4,4376.37,226
2026-08-13 16:55:00,4376.29,4377.97,4374.13,4376.58,220
2026-08-13 16:56:00,4376.44,4376.98,4374.76,4375.48,215
2026-08-13 16:57:00,4375.49,4378.54,4373.89,4374.85,222
2026-08-13 16:58:00,4374.62,4376.4,4372.81,4374.92,213
2026-08-13 16:59:00,4374.89,4375.97,4371.96,4372.92,214
2026-08-13 17:00:00,4373.07,4375.18,4371.75,4374.19,231
2026-08-13 17:01:00,4374.32,4375.14,4372.38,4375.14,230
2026-08-13 17:02:00,4375.11,4379.1,4373.6,4374.92,220
2026-08-13 17:03:00,4374.89,4375.52,4371.65,4372.62,212
2026-08-13 17:04:00,4372.62,4373.55,4370.04,4373.1,206
2026-08-13 17:05:00,4373.29,4375.92,4372.46,4375.36,219
2026-08-13 17:06:00,4375.36,4378.73,4375.34,4377.11,213
2026-08-13 17:07:00,4377.14,4378.64,4376.36,4377.41,222
2026-08-13 17:08:00,4377.42,4378.34,4369.62,4369.85,214
2026-08-13 17:09:00,4370.02,4372.27,4368.1,4369.45,215
2026-08-13 17:10:00,4369.46,4371.34,4368.41,4370.45,211
2026-08-13 17:11:00,4370.43,4371.13,4367.07,4368.17,227
2026-08-13 17:12:00,4368.21,4370.0,4366.73,4369.51,209
2026-08-13 17:13:00,4369.28,4371.85,4368.71,4370.72,217
2026-08-13 17:14:00,4370.9,4371.7,4368.99,4370.7,221
2026-08-13 17:15:00,4370.9,4376.41,4370.61,4373.28,227
2026-08-13 17:16:00,4373.11,4373.11,4369.08,4372.13,212
2026-08-13 17:17:00,4372.37,4377.92,4371.89,4376.56,200
2026-08-13 17:18:00,4376.32,4378.3,4375.43,4376.81,212
2026-08-13 17:19:00,4376.63,4377.73,4374.82,4375.74,216
2026-08-13 17:20:00,4375.75,4376.36,4372.98,4376.04,217
2026-08-13 17:21:00,4376.02,4378.01,4374.71,4377.76,211
2026-08-13 17:22:00,4378.0,4378.0,4373.37,4373.37,205
2026-08-13 17:23:00,4373.31,4374.19,4370.88,4370.89,207
2026-08-13 17:24:00,4370.85,4374.98,4370.85,4374.87,209
2026-08-13 17:25:00,4374.56,4376.4,4373.09,4373.36,211
2026-08-13 17:26:00,4373.42,4376.68,4373.27,4374.64,212
2026-08-13 17:27:00,4374.63,4374.66,4370.13,4370.61,206
2026-08-13 17:28:00,4370.5,4372.51,4370.06,4372.45,212
2026-08-13 17:29:00,4372.3,4372.58,4367.54,4367.56,211
2026-08-13 17:30:00,4367.56,4368.2,4357.64,4363.2,221
2026-08-13 17:31:00,4363.35,4372.97,4362.81,4372.6,223
2026-08-13 17:32:00,4372.26,4373.18,4370.47,4371.5,209
2026-08-13 17:33:00,4371.46,4375.69,4370.82,4375.23,203
2026-08-13 17:34:00,4375.21,4376.66,4373.2,4374.83,206
2026-08-13 17:35:00,4374.73,4376.63,4374.49,4376.38,206
2026-08-13 17:36:00,4376.25,4377.26,4374.51,4376.32,200
2026-08-13 17:37:00,4376.24,4377.7,4373.16,4373.55,208
2026-08-13 17:38:00,4373.54,4375.19,4372.08,4374.37,206
2026-08-13 17:39:00,4374.35,4378.17,4374.01,4377.72,195
2026-08-13 17:40:00,4377.58,4378.82,4376.69,4378.57,196
2026-08-13 17:41:00,4378.31,4379.16,4376.94,4377.51,188
2026-08-13 17:42:00,4377.64,4379.42,4376.92,4378.34,191
2026-08-13 17:43:00,4378.37,4380.0,4378.37,4379.71,196
2026-08-13 17:44:00,4379.73,4381.74,4379.69,4381.21,193
2026-08-13 17:45:00,4381.26,4383.05,4381.25,4381.38,204
2026-08-13 17:46:00,4381.41,4383.44,4381.21,4382.48,207
2026-08-13 17:47:00,4382.59,4384.15,4382.5,4382.99,194
2026-08-13 17:48:00,4383.46,4387.04,4383.46,4384.98,192
2026-08-13 17:49:00,4385.12,4385.48,4383.57,4384.75,196
2026-08-13 17:50:00,4384.63,4385.81,4382.56,4382.81,200
2026-08-13 17:51:00,4383.02,4386.46,4382.71,4385.81,188
2026-08-13 17:52:00,4385.83,4386.6,4384.65,4386.07,191
2026-08-13 17:53:00,4386.12,4386.98,4384.81,4384.92,199
2026-08-13 17:54:00,4384.87,4384.87,4383.33,4384.12,186
2026-08-13 17:55:00,4384.14,4385.09,4383.2,4383.61,202
2026-08-13 17:56:00,4383.6,4385.44,4383.6,4384.76,191
2026-08-13 17:57:00,4384.73,4386.87,4384.32,4386.81,193
2026-08-13 17:58:00,4386.79,4386.79,4384.69,4384.69,194
2026-08-13 17:59:00,4384.62,4384.63,4383.29,4383.69,188
2026-08-13 18:00:00,4383.75,4385.68,4383.1,4383.53,209
2026-08-13 18:01:00,4383.56,4385.29,4383.48,4383.79,202
2026-08-13 18:02:00,4383.91,4384.21,4381.84,4382.06,207
2026-08-13 18:03:00,4382.08,4382.48,4381.44,4381.67,188
2026-08-13 18:04:00,4381.97,4381.97,4377.94,4378.09,193
2026-08-13 18:05:00,4378.18,4378.27,4374.77,4374.8,196
2026-08-13 18:06:00,4374.83,4375.85,4373.99,4375.02,201
2026-08-13 18:07:00,4375.08,4375.75,4373.96,4374.25,196
2026-08-13 18:08:00,4373.79,4373.91,4371.64,4372.67,204
2026-08-13 18:09:00,4372.68,4372.7,4369.21,4371.43,205
2026-08-13 18:10:00,4371.27,4372.03,4369.86,4370.0,198
2026-08-13 18:11:00,4369.97,4371.23,4368.59,4370.82,203
2026-08-13 18:12:00,4370.35,4370.67,4368.55,4368.72,201
2026-08-13 18:13:00,4368.72,4370.47,4368.18,4368.89,207
2026-08-13 18:14:00,4368.87,4370.62,4368.76,4369.7,204
2026-08-13 18:15:00,4369.8,4370.61,4366.9,4369.26,206
2026-08-13 18:16:00,4369.08,4369.28,4367.44,4367.77,195
2026-08-13 18:17:00,4367.74,4368.39,4366.56,4366.96,199
2026-08-13 18:18:00,4366.96,4366.98,4362.97,4364.6,208
2026-08-13 18:19:00,4364.62,4368.17,4363.71,4368.02,204
2026-08-13 18:20:00,4368.03,4368.77,4366.66,4367.77,201
2026-08-13 18:21:00,4367.83,4368.56,4366.39,4367.89,202
2026-08-13 18:22:00,4367.96,4370.17,4367.79,4370.17,185
2026-08-13 18:23:00,4370.04,4370.45,4367.73,4369.28,195
2026-08-13 18:24:00,4369.31,4372.24,4369.01,4371.07,197
2026-08-13 18:25:00,4371.45,4372.21,4369.63,4369.7,191
2026-08-13 18:26:00,4369.72,4372.56,4369.43,4372.26,185
2026-08-13 18:27:00,4372.39,4374.0,4369.97,4370.24,202
2026-08-13 18:28:00,4370.06,4371.18,4365.23,4365.63,225
2026-08-13 18:29:00,4366.2,4366.61,4363.49,4365.29,230
2026-08-13 18:30:00,4365.28,4365.37,4359.34,4361.89,231
2026-08-13 18:31:00,4361.83,4364.05,4361.83,4363.76,209
2026-08-13 18:32:00,4363.61,4364.83,4360.29,4360.73,203
2026-08-13 18:33:00,4360.51,4360.94,4357.75,4358.41,210
2026-08-13 18:34:00,4358.6,4361.29,4357.63,4360.48,215
2026-08-13 18:35:00,4360.49,4363.33,4360.31,4362.67,200
2026-08-13 18:36:00,4362.61,4366.9,4362.54,4366.2,186
2026-08-13 18:37:00,4366.05,4366.66,4364.7,4365.43,189
2026-08-13 18:38:00,4365.73,4369.09,4365.57,4368.86,200
2026-08-13 18:39:00,4368.84,4371.64,4368.68,4368.97,203
2026-08-13 18:40:00,4368.9,4369.83,4367.94,4369.64,184
2026-08-13 18:41:00,4369.6,4371.56,4369.6,4370.49,183
2026-08-13 18:42:00,4370.29,4371.48,4368.75,4369.36,179
2026-08-13 18:43:00,4369.4,4370.76,4368.65,4370.19,162
2026-08-13 18:44:00,4370.32,4370.66,4368.11,4368.23,183
2026-08-13 18:45:00,4368.32,4369.5,4368.12,4369.18,174
2026-08-13 18:46:00,4369.25,4370.14,4368.57,4369.72,185
2026-08-13 18:47:00,4369.69,4370.86,4369.35,4370.66,183
2026-08-13 18:48:00,4370.76,4370.77,4368.75,4368.93,168
2026-08-13 18:49:00,4368.94,4369.35,4368.09,4369.27,166
2026-08-13 18:50:00,4369.26,4370.33,4367.65,4369.09,185
2026-08-13 18:51:00,4369.3,4369.32,4367.66,4368.4,175
2026-08-13 18:52:00,4368.39,4368.41,4365.85,4366.67,173
2026-08-13 18:53:00,4366.54,4366.94,4365.48,4365.83,171
2026-08-13 18:54:00,4365.88,4366.59,4365.71,4365.82,168
2026-08-13 18:55:00,4365.82,4366.65,4365.28,4366.16,185
2026-08-13 18:56:00,4366.13,4368.07,4365.78,4367.82,188
2026-08-13 18:57:00,4367.83,4368.2,4365.13,4365.3,179
2026-08-13 18:58:00,4365.23,4365.38,4363.47,4363.67,170
2026-08-13 18:59:00,4363.84,4365.27,4363.29,4365.17,181
2026-08-13 19:00:00,4365.15,4367.51,4364.82,4366.95,186
2026-08-13 19:01:00,4366.87,4367.21,4364.22,4365.17,183
2026-08-13 19:02:00,4365.17,4366.07,4364.64,4365.72,161
2026-08-13 19:03:00,4365.73,4366.1,4365.28,4365.6,165
2026-08-13 19:04:00,4365.54,4365.65,4362.69,4363.34,173
2026-08-13 19:05:00,4363.33,4363.33,4360.93,4362.4,173
2026-08-13 19:06:00,4362.53,4363.63,4361.98,4362.02,171
2026-08-13 19:07:00,4362.06,4363.54,4361.62,4361.77,165
2026-08-13 19:08:00,4361.79,4361.9,4360.6,4360.88,166
2026-08-13 19:09:00,4361.0,4361.0,4358.39,4358.61,188
2026-08-13 19:10:00,4358.41,4358.42,4355.38,4356.85,190
2026-08-13 19:11:00,4356.84,4360.32,4356.84,4359.01,184
2026-08-13 19:12:00,4359.19,4359.22,4356.46,4357.33,189
2026-08-13 19:13:00,4357.03,4357.11,4355.56,4356.26,181
2026-08-13 19:14:00,4356.16,4356.37,4353.93,4355.2,193
2026-08-13 19:15:00,4355.41,4355.59,4353.43,4353.46,195
2026-08-13 19:16:00,4353.72,4355.0,4353.14,4354.21,196
2026-08-13 19:17:00,4354.25,4354.56,4351.37,4353.52,201
2026-08-13 19:18:00,4353.57,4353.57,4351.5,4352.07,194
2026-08-13 19:19:00,4352.13,4353.67,4351.51,4351.53,191
2026-08-13 19:20:00,4351.7,4355.87,4351.18,4355.67,193
2026-08-13 19:21:00,4355.7,4357.31,4355.43,4356.45,203
2026-08-13 19:22:00,4356.49,4357.01,4353.95,4355.42,186
2026-08-13 19:23:00,4355.34,4356.2,4354.43,4354.74,190
2026-08-13 19:24:00,4354.85,4358.42,4354.69,4358.25,209
2026-08-13 19:25:00,4358.35,4360.53,4358.12,4358.94,200
2026-08-13 19:26:00,4358.99,4359.1,4357.48,4357.61,180
2026-08-13 19:27:00,4357.73,4358.5,4356.58,4356.58,176
2026-08-13 19:28:00,4356.75,4359.4,4356.75,4358.63,179
2026-08-13 19:29:00,4358.46,4362.98,4357.87,4362.55,193
2026-08-13 19:30:00,4362.5,4366.18,4362.5,4365.27,191
2026-08-13 19:31:00,4365.27,4365.64,4362.68,4362.69,182
2026-08-13 19:32:00,4362.89,4365.35,4362.87,4364.86,167
2026-08-13 19:33:00,4364.88,4365.82,4364.15,4365.54,154
2026-08-13 19:34:00,4365.66,4366.63,4365.18,4366.63,163
2026-08-13 19:35:00,4366.63,4366.74,4365.4,4365.64,165
2026-08-13 19:36:00,4365.63,4366.12,4364.8,4365.62,151
2026-08-13 19:37:00,4365.76,4365.78,4363.49,4363.75,168
2026-08-13 19:38:00,4363.6,4364.79,4363.6,4364.67,152
2026-08-13 19:39:00,4364.62,4364.72,4362.93,4363.79,185
2026-08-13 19:40:00,4363.63,4364.65,4363.55,4364.02,167
2026-08-13 19:41:00,4363.88,4364.64,4363.21,4363.8,161
2026-08-13 19:42:00,4363.83,4364.85,4363.51,4364.48,161
2026-08-13 19:43:00,4364.66,4365.47,4364.6,4365.03,151
2026-08-13 19:44:00,4365.11,4367.24,4364.82,4365.63,163
2026-08-13 19:45:00,4365.7,4367.37,4365.6,4366.76,186
2026-08-13 19:46:00,4366.76,4367.47,4366.15,4367.17,156
2026-08-13 19:47:00,4367.25,4367.6,4366.48,4366.73,144
2026-08-13 19:48:00,4366.72,4367.01,4365.94,4366.75,143
2026-08-13 19:49:00,4366.76,4366.9,4365.64,4365.92,155
2026-08-13 19:50:00,4366.16,4366.7,4365.32,4365.88,168
2026-08-13 19:51:00,4365.85,4366.16,4365.17,4366.02,159
2026-08-13 19:52:00,4366.01,4366.02,4364.44,4364.48,148
2026-08-13 19:53:00,4364.5,4364.97,4364.03,4364.82,158
2026-08-13 19:54:00,4364.82,4365.8,4364.34,4365.28,165
2026-08-13 19:55:00,4365.29,4367.05,4365.22,4366.88,154
2026-08-13 19:56:00,4366.86,4367.33,4366.43,4367.32,157
2026-08-13 19:57:00,4367.35,4368.54,4366.9,4366.95,168
2026-08-13 19:58:00,4366.87,4367.29,4366.16,4366.72,140
2026-08-13 19:59:00,4366.71,4367.15,4366.32,4367.15,131
2026-08-13 20:00:00,4367.1,4369.56,4367.1,4367.98,176
2026-08-13 20:01:00,4368.01,4369.03,4367.85,4367.92,166
2026-08-13 20:02:00,4367.81,4368.62,4366.77,4366.99,163
2026-08-13 20:03:00,4366.71,4367.19,4365.63,4365.93,161
2026-08-13 20:04:00,4365.95,4366.73,4365.06,4366.34,161
2026-08-13 20:05:00,4366.34,4367.66,4366.29,4367.39,161
2026-08-13 20:06:00,4367.49,4370.82,4367.34,4370.03,179
2026-08-13 20:07:00,4370.02,4371.83,4369.9,4371.08,180
2026-08-13 20:08:00,4371.34,4372.68,4370.87,4370.93,183
2026-08-13 20:09:00,4370.92,4372.03,4370.63,4371.98,166
2026-08-13 20:10:00,4371.88,4373.08,4371.34,4372.57,167
2026-08-13 20:11:00,4372.69,4373.11,4372.35,4372.79,175
2026-08-13 20:12:00,4372.74,4373.37,4372.35,4373.28,174
2026-08-13 20:13:00,4373.27,4373.39,4372.54,4372.54,140
2026-08-13 20:14:00,4372.6,4372.94,4370.94,4371.42,159
2026-08-13 20:15:00,4371.36,4372.01,4370.0,4370.33,193
2026-08-13 20:16:00,4370.3,4370.42,4368.89,4369.42,174
2026-08-13 20:17:00,4369.56,4369.66,4366.38,4366.4,173
2026-08-13 20:18:00,4366.4,4367.93,4366.01,4367.9,167
2026-08-13 20:19:00,4367.9,4368.57,4367.19,4367.46,160
2026-08-13 20:20:00,4367.66,4368.05,4367.05,4367.47,156
2026-08-13 20:21:00,4367.64,4369.42,4367.48,4368.75,164
2026-08-13 20:22:00,4368.76,4368.76,4367.75,4368.65,151
2026-08-13 20:23:00,4368.7,4368.81,4367.35,4367.71,173
2026-08-13 20:24:00,4367.52,4369.32,4367.06,4368.06,196
2026-08-13 20:25:00,4367.9,4369.16,4367.13,4367.89,172
2026-08-13 20:26:00,4367.99,4368.37,4366.98,4367.72,156
2026-08-13 20:27:00,4367.74,4368.03,4367.01,4367.49,163
2026-08-13 20:28:00,4367.5,4367.61,4364.74,4365.31,167
2026-08-13 20:29:00,4365.16,4365.16,4362.36,4363.13,200
2026-08-13 20:30:00,4363.07,4364.45,4363.01,4363.57,168
2026-08-13 20:31:00,4363.58,4363.99,4362.14,4362.16,154
2026-08-13 20:32:00,4362.43,4362.83,4360.93,4362.13,169
2026-08-13 20:33:00,4362.29,4362.72,4360.0,4360.14,156
2026-08-13 20:34:00,4360.15,4361.79,4360.04,4361.05,169
2026-08-13 20:35:00,4361.1,4361.65,4359.73,4361.17,177
2026-08-13 20:36:00,4361.15,4361.92,4360.52,4361.88,161
2026-08-13 20:37:00,4361.88,4361.91,4360.54,4360.81,164
2026-08-13 20:38:00,4361.14,4362.45,4360.47,4361.72,164
2026-08-13 20:39:00,4361.48,4361.69,4361.06,4361.52,148
2026-08-13 20:40:00,4361.4,4362.18,4360.84,4361.39,166
2026-08-13 20:41:00,4361.07,4362.14,4359.8,4360.37,151
2026-08-13 20:42:00,4360.36,4360.75,4359.05,4359.3,181
2026-08-13 20:43:00,4359.08,4359.08,4356.9,4356.9,165
2026-08-13 20:44:00,4356.73,4358.02,4355.59,4357.25,178
2026-08-13 20:45:00,4357.26,4359.35,4357.08,4359.05,191
2026-08-13 20:46:00,4359.06,4359.87,4358.88,4359.58,151
2026-08-13 20:47:00,4359.6,4359.76,4358.19,4358.48,154
2026-08-13 20:48:00,4358.43,4359.19,4358.09,4358.77,147
2026-08-13 20:49:00,4358.77,4359.81,4358.44,4359.38,144
2026-08-13 20:50:00,4359.36,4360.05,4358.83,4360.03,158
2026-08-13 20:51:00,4359.92,4359.95,4358.27,4359.28,157
2026-08-13 20:52:00,4359.29,4359.54,4358.68,4358.68,144
2026-08-13 20:53:00,4358.67,4358.83,4357.27,4357.68,146
2026-08-13 20:54:00,4357.68,4358.58,4357.52,4357.78,141
2026-08-13 20:55:00,4357.76,4358.27,4357.39,4357.44,165
2026-08-13 20:56:00,4357.42,4357.82,4356.1,4356.7,162
2026-08-13 20:57:00,4356.71,4356.94,4356.2,4356.4,152
2026-08-13 20:58:00,4356.38,4356.82,4356.07,4356.11,129
2026-08-13 20:59:00,4356.11,4356.43,4355.6,4356.03,166
2026-08-13 21:00:00,4356.09,4357.77,4355.94,4357.33,189
2026-08-13 21:01:00,4357.39,4359.8,4356.99,4359.19,177
2026-08-13 21:02:00,4359.15,4360.02,4358.35,4358.81,167
2026-08-13 21:03:00,4358.78,4360.0,4358.45,4358.56,182
2026-08-13 21:04:00,4358.58,4358.66,4356.81,4358.47,167
2026-08-13 21:05:00,4358.56,4359.0,4358.0,4358.96,153
2026-08-13 21:06:00,4358.98,4358.98,4357.22,4357.92,173
2026-08-13 21:07:00,4358.06,4359.47,4357.97,4358.56,166
2026-08-13 21:08:00,4358.53,4358.97,4358.17,4358.6,148
2026-08-13 21:09:00,4358.47,4360.08,4358.41,4359.44,139
2026-08-13 21:10:00,4359.26,4359.54,4358.36,4358.43,144
2026-08-13 21:11:00,4358.44,4359.81,4358.03,4359.71,170
2026-08-13 21:12:00,4359.74,4362.2,4359.52,4361.36,179
2026-08-13 21:13:00,4361.29,4362.76,4361.23,4362.22,167
2026-08-13 21:14:00,4362.23,4362.64,4361.38,4362.04,160
2026-08-13 21:15:00,4362.05,4362.46,4361.39,4361.85,159
2026-08-13 21:16:00,4361.88,4362.22,4361.07,4361.13,175
2026-08-13 21:17:00,4361.25,4362.29,4360.77,4362.15,164
2026-08-13 21:18:00,4362.18,4363.61,4361.61,4363.43,167
2026-08-13 21:19:00,4363.45,4363.67,4362.78,4363.21,144
2026-08-13 21:20:00,4363.16,4363.17,4362.05,4362.26,158
2026-08-13 21:21:00,4362.28,4362.59,4360.58,4360.59,147
2026-08-13 21:22:00,4360.52,4361.41,4360.44,4360.92,139
2026-08-13 21:23:00,4360.82,4360.97,4359.76,4359.99,151
2026-08-13 21:24:00,4359.99,4359.99,4356.02,4357.28,185
2026-08-13 21:25:00,4357.3,4357.3,4354.81,4355.02,191
2026-08-13 21:26:00,4354.94,4356.0,4354.67,4355.88,165
2026-08-13 21:27:00,4355.77,4357.38,4355.43,4357.24,163
2026-08-13 21:28:00,4357.27,4358.23,4356.76,4357.86,158
2026-08-13 21:29:00,4357.85,4358.21,4357.06,4357.62,153
2026-08-13 21:30:00,4357.61,4359.59,4356.71,4357.68,178
2026-08-13 21:31:00,4357.84,4358.95,4357.68,4358.2,159
2026-08-13 21:32:00,4358.21,4358.32,4356.59,4357.11,148
2026-08-13 21:33:00,4357.12,4357.52,4356.36,4356.53,139
2026-08-13 21:34:00,4356.53,4358.65,4356.28,4358.3,143
2026-08-13 21:35:00,4358.32,4358.57,4357.54,4358.37,142
2026-08-13 21:36:00,4358.31,4359.7,4358.21,4358.78,153
2026-08-13 21:37:00,4358.97,4360.09,4358.61,4358.97,157
2026-08-13 21:38:00,4358.99,4359.77,4358.96,4359.77,157
2026-08-13 21:39:00,4359.78,4359.87,4358.98,4359.57,145
2026-08-13 21:40:00,4359.58,4360.43,4359.12,4359.28,148
2026-08-13 21:41:00,4359.3,4359.62,4357.72,4358.21,155
2026-08-13 21:42:00,4358.23,4358.61,4357.49,4358.44,150
2026-08-13 21:43:00,4358.42,4358.64,4357.42,4357.67,144
2026-08-13 21:44:00,4357.45,4358.36,4357.31,4357.81,124
2026-08-13 21:45:00,4357.82,4358.34,4357.23,4357.62,143
2026-08-13 21:46:00,4357.59,4358.26,4357.58,4358.15,134
2026-08-13 21:47:00,4358.14,4358.29,4357.17,4357.69,134
2026-08-13 21:48:00,4357.68,4357.7,4356.46,4356.62,153
2026-08-13 21:49:00,4356.94,4357.29,4356.45,4357.18,138
2026-08-13 21:50:00,4357.3,4357.64,4355.62,4355.62,159
2026-08-13 21:51:00,4355.55,4356.07,4355.09,4355.27,149
2026-08-13 21:52:00,4355.29,4355.94,4354.61,4355.93,168
2026-08-13 21:53:00,4355.98,4356.35,4355.0,4355.59,156
2026-08-13 21:54:00,4355.69,4357.06,4355.69,4356.73,139
2026-08-13 21:55:00,4357.02,4357.87,4356.68,4357.12,158
2026-08-13 21:56:00,4357.11,4357.4,4356.53,4357.27,113
2026-08-13 21:57:00,4357.26,4357.59,4356.73,4357.13,133
2026-08-13 21:58:00,4357.11,4357.62,4357.0,4357.24,113
2026-08-13 21:59:00,4357.14,4357.37,4356.57,4356.9,120
2026-08-13 22:00:00,4357.21,4357.51,4356.41,4357.48,158
2026-08-13 22:01:00,4357.47,4357.97,4356.66,4356.66,130
2026-08-13 22:02:00,4356.64,4358.15,4356.05,4357.59,157
2026-08-13 22:03:00,4357.73,4359.06,4357.64,4358.5,149
2026-08-13 22:04:00,4358.46,4358.62,4357.85,4358.25,146
2026-08-13 22:05:00,4358.28,4358.35,4357.72,4358.0,112
2026-08-13 22:06:00,4357.69,4358.26,4357.21,4357.38,123
2026-08-13 22:07:00,4357.4,4357.56,4355.27,4355.57,154
2026-08-13 22:08:00,4355.61,4355.61,4353.16,4353.61,173
2026-08-13 22:09:00,4353.72,4354.13,4353.02,4353.71,160
2026-08-13 22:10:00,4353.61,4353.81,4352.85,4352.87,142
2026-08-13 22:11:00,4352.86,4352.99,4352.19,4352.76,138
2026-08-13 22:12:00,4352.64,4353.6,4352.54,4352.85,163
2026-08-13 22:13:00,4352.83,4353.02,4347.16,4348.65,169
2026-08-13 22:14:00,4348.49,4348.71,4346.11,4346.68,200
2026-08-13 22:15:00,4346.83,4348.42,4343.67,4347.98,193
2026-08-13 22:16:00,4347.97,4348.29,4345.98,4347.85,175
2026-08-13 22:17:00,4347.78,4348.57,4346.75,4347.88,170
2026-08-13 22:18:00,4347.83,4348.26,4346.0,4348.1,184
2026-08-13 22:19:00,4348.09,4348.35,4345.65,4347.85,158
2026-08-13 22:20:00,4347.86,4348.74,4347.35,4347.47,158
2026-08-13 22:21:00,4347.49,4347.92,4346.43,4346.77,177
2026-08-13 22:22:00,4346.82,4348.94,4346.81,4348.21,144
2026-08-13 22:23:00,4348.23,4348.99,4348.23,4348.95,153
2026-08-13 22:24:00,4348.95,4349.14,4348.38,4348.51,159
2026-08-13 22:25:00,4348.62,4349.14,4348.31,4348.73,174
2026-08-13 22:26:00,4348.63,4351.33,4348.63,4349.81,195
2026-08-13 22:27:00,4349.9,4351.51,4349.53,4350.62,177
2026-08-13 22:28:00,4350.77,4351.46,4350.4,4351.18,184
2026-08-13 22:29:00,4351.11,4351.83,4350.98,4351.5,172
2026-08-13 22:30:00,4351.62,4351.96,4350.94,4351.58,191
2026-08-13 22:31:00,4351.66,4351.83,4349.76,4349.81,174
2026-08-13 22:32:00,4349.83,4350.58,4349.68,4350.09,145
2026-08-13 22:33:00,4350.13,4352.07,4349.99,4351.78,117
2026-08-13 22:34:00,4351.77,4352.0,4350.34,4350.99,151
2026-08-13 22:35:00,4350.98,4351.63,4350.56,4350.94,127
2026-08-13 22:36:00,4351.05,4351.63,4350.62,4351.33,142
2026-08-13 22:37:00,4351.05,4351.43,4350.62,4351.37,159
2026-08-13 22:38:00,4351.3,4353.87,4351.24,4353.54,166
2026-08-13 22:39:00,4353.88,4354.17,4352.46,4353.11,163
2026-08-13 22:40:00,4353.06,4353.35,4352.11,4353.34,151
2026-08-13 22:41:00,4353.3,4353.3,4351.37,4352.0,152
2026-08-13 22:42:00,4352.01,4352.53,4351.53,4351.56,152
2026-08-13 22:43:00,4351.83,4353.17,4351.57,4352.75,144
2026-08-13 22:44:00,4352.76,4352.79,4350.72,4351.43,173
2026-08-13 22:45:00,4351.51,4351.51,4349.03,4349.03,168
2026-08-13 22:46:00,4348.74,4349.34,4347.78,4349.08,158
2026-08-13 22:47:00,4349.07,4349.12,4348.21,4348.35,136
2026-08-13 22:48:00,4348.14,4348.94,4347.62,4348.47,154
2026-08-13 22:49:00,4348.65,4349.63,4348.65,4349.14,152
2026-08-13 22:50:00,4349.03,4350.28,4348.68,4349.08,170
2026-08-13 22:51:00,4349.07,4349.69,4348.83,4349.3,134
2026-08-13 22:52:00,4349.49,4350.51,4349.46,4350.04,140
2026-08-13 22:53:00,4349.91,4350.05,4348.88,4349.74,143
2026-08-13 22:54:00,4349.72,4350.82,4349.31,4350.2,168
2026-08-13 22:55:00,4350.48,4350.59,4348.37,4349.24,181
2026-08-13 22:56:00,4349.39,4350.24,4348.86,4348.86,170
2026-08-13 22:57:00,4348.85,4349.32,4348.0,4349.24,163
2026-08-13 22:58:00,4349.06,4350.01,4347.98,4349.2,177
2026-08-13 22:59:00,4350.04,4350.65,4349.73,4350.17,172
2026-08-13 23:00:00,4350.14,4350.62,4349.45,4350.03,158
2026-08-13 23:01:00,4349.48,4349.68,4346.58,4347.34,125
2026-08-13 23:02:00,4347.38,4347.93,4346.78,4347.68,130
2026-08-13 23:03:00,4347.68,4348.08,4347.11,4347.38,126
2026-08-13 23:04:00,4347.37,4348.26,4346.88,4348.13,96
2026-08-13 23:05:00,4348.11,4348.76,4347.87,4348.76,101
2026-08-13 23:06:00,4348.75,4349.23,4348.48,4348.92,77
2026-08-13 23:07:00,4348.9,4348.9,4347.79,4347.89,97
2026-08-13 23:08:00,4348.12,4349.85,4347.87,4349.23,94
2026-08-13 23:09:00,4349.32,4350.16,4349.04,4349.78,108
2026-08-13 23:10:00,4349.63,4350.2,4349.59,4349.85,76
2026-08-13 23:11:00,4349.82,4350.75,4349.32,4349.86,83
2026-08-13 23:12:00,4349.86,4349.95,4349.45,4349.45,69
2026-08-13 23:13:00,4349.45,4349.95,4349.17,4349.92,72
2026-08-13 23:14:00,4349.94,4350.43,4349.41,4350.41,102
2026-08-13 23:15:00,4350.43,4350.55,4349.85,4350.28,80
2026-08-13 23:16:00,4350.29,4351.43,4350.29,4350.55,116
2026-08-13 23:17:00,4350.87,4351.13,4350.42,4350.52,98
2026-08-13 23:18:00,4350.51,4350.84,4350.05,4350.39,90
2026-08-13 23:19:00,4350.15,4350.64,4350.13,4350.42,60
2026-08-13 23:20:00,4350.55,4350.56,4349.92,4350.27,75
2026-08-13 23:21:00,4350.27,4350.45,4349.78,4350.16,85
2026-08-13 23:22:00,4349.91,4350.26,4349.68,4349.68,56
2026-08-13 23:23:00,4349.68,4350.04,4349.26,4349.65,74
2026-08-13 23:24:00,4349.65,4349.81,4349.3,4349.63,61
2026-08-13 23:25:00,4349.67,4350.76,4349.21,4350.75,88
2026-08-13 23:26:00,4350.76,4351.97,4350.49,4351.96,79
2026-08-13 23:27:00,4351.69,4352.16,4351.44,4352.12,85
2026-08-13 23:28:00,4351.71,4352.32,4351.71,4351.91,62
2026-08-13 23:29:00,4351.81,4352.16,4351.22,4351.72,96
2026-08-13 23:30:00,4351.44,4351.87,4350.47,4350.8,102
2026-08-13 23:31:00,4350.78,4350.78,4349.3,4349.71,69
2026-08-13 23:32:00,4349.7,4349.77,4348.88,4349.22,78
2026-08-13 23:33:00,4348.93,4349.39,4347.85,4348.35,113
2026-08-13 23:34:00,4348.11,4349.21,4348.11,4349.19,68
2026-08-13 23:35:00,4349.04,4349.58,4349.04,4349.45,67
2026-08-13 23:36:00,4349.47,4349.7,4349.09,4349.46,58
2026-08-13 23:37:00,4349.74,4350.02,4349.32,4349.71,62
2026-08-13 23:38:00,4349.75,4349.93,4348.35,4348.83,86
2026-08-13 23:39:00,4349.24,4349.59,4348.98,4349.49,62
2026-08-13 23:40:00,4349.13,4349.29,4348.29,4348.6,88
2026-08-13 23:41:00,4348.68,4349.28,4348.13,4348.91,74
2026-08-13 23:42:00,4349.3,4350.24,4349.07,4350.0,66
2026-08-13 23:43:00,4349.99,4350.67,4349.3,4349.45,70
2026-08-13 23:44:00,4349.2,4349.85,4349.1,4349.61,94
2026-08-13 23:45:00,4349.16,4350.26,4349.12,4349.85,74
2026-08-13 23:46:00,4349.7,4349.91,4349.11,4349.14,68
2026-08-13 23:47:00,4349.45,4350.13,4349.11,4350.11,71
2026-08-13 23:48:00,4350.09,4350.17,4349.44,4349.93,63
2026-08-13 23:49:00,4350.14,4350.24,4349.69,4349.93,74
2026-08-13 23:50:00,4350.01,4350.8,4349.71,4349.73,118
2026-08-13 23:51:00,4349.74,4350.08,4349.3,4349.39,91
2026-08-13 23:52:00,4349.4,4349.82,4348.57,4348.92,110
2026-08-13 23:53:00,4348.91,4349.21,4348.66,4349.08,86
2026-08-13 23:54:00,4349.03,4349.27,4348.46,4348.66,78
2026-08-13 23:55:00,4348.98,4349.25,4348.49,4349.25,111
2026-08-13 23:56:00,4349.23,4350.46,4349.16,4349.76,91
2026-08-13 23:57:00,4349.74,4350.51,4349.5,4350.27,111
2026-08-14 01:00:00,4353.5,4353.65,4352.84,4353.62,24
2026-08-14 01:01:00,4353.24,4354.44,4352.83,4354.44,107
2026-08-14 01:02:00,4354.47,4354.47,4351.86,4352.16,100
2026-08-14 01:03:00,4352.18,4353.47,4352.18,4353.12,93
2026-08-14 01:04:00,4353.12,4353.5,4352.34,4353.01,86
2026-08-14 01:05:00,4353.05,4353.96,4352.72,4353.91,116
2026-08-14 01:06:00,4353.91,4356.6,4353.35,4356.57,147
2026-08-14 01:07:00,4356.63,4356.69,4355.68,4356.09,119
2026-08-14 01:08:00,4356.0,4356.65,4355.47,4356.62,94
2026-08-14 01:09:00,4356.61,4356.98,4356.22,4356.72,88
2026-08-14 01:10:00,4356.96,4357.03,4356.17,4356.54,80
2026-08-14 01:11:00,4356.48,4356.56,4355.32,4355.58,92
2026-08-14 01:12:00,4355.57,4356.14,4355.06,4355.48,73
2026-08-14 01:13:00,4355.16,4355.73,4354.74,4355.58,64
2026-08-14 01:14:00,4355.4,4355.98,4353.63,4353.97,121
2026-08-14 01:15:00,4353.96,4354.44,4353.66,4354.31,84
2026-08-14 01:16:00,4354.27,4354.6,4353.53,4353.94,97
2026-08-14 01:17:00,4353.95,4353.99,4352.82,4353.11,123
2026-08-14 01:18:00,4353.31,4353.51,4352.67,4353.02,76
2026-08-14 01:19:00,4353.08,4353.98,4352.81,4353.39,85
2026-08-14 01:20:00,4353.39,4355.15,4353.11,4354.56,114
2026-08-14 01:21:00,4354.54,4354.83,4353.41,4354.7,121
2026-08-14 01:22:00,4354.71,4355.91,4354.3,4355.09,114
2026-08-14 01:23:00,4354.86,4356.24,4354.56,4356.17,129
2026-08-14 01:24:00,4356.09,4356.77,4355.45,4356.77,99
2026-08-14 01:25:00,4356.6,4357.06,4356.2,4357.04,101
2026-08-14 01:26:00,4356.97,4356.97,4355.99,4356.97,90
2026-08-14 01:27:00,4356.73,4357.29,4356.2,4356.63,94
2026-08-14 01:28:00,4356.74,4358.2,4356.59,4357.72,125
2026-08-14 01:29:00,4357.92,4357.92,4356.67,4356.99,107
2026-08-14 01:30:00,4357.11,4357.35,4356.5,4356.92,105
2026-08-14 01:31:00,4356.8,4357.64,4356.75,4356.75,102
2026-08-14 01:32:00,4356.67,4357.57,4356.33,4357.02,143
2026-08-14 01:33:00,4356.21,4357.99,4355.64,4357.68,139
2026-08-14 01:34:00,4357.67,4358.15,4357.12,4357.28,100
2026-08-14 01:35:00,4357.3,4360.29,4357.2,4359.41,150
2026-08-14 01:36:00,4359.14,4359.78,4358.99,4359.43,85
2026-08-14 01:37:00,4359.43,4360.49,4359.26,4359.92,137
2026-08-14 01:38:00,4360.05,4360.97,4359.57,4360.64,124
2026-08-14 01:39:00,4360.59,4362.5,4360.35,4361.87,140
2026-08-14 01:40:00,4361.88,4362.9,4360.44,4361.29,137
2026-08-14 01:41:00,4361.52,4361.71,4360.83,4361.43,112
2026-08-14 01:42:00,4361.45,4362.15,4360.99,4361.06,103
2026-08-14 01:43:00,4361.06,4361.5,4360.06,4360.28,142
2026-08-14 01:44:00,4360.32,4360.97,4359.66,4360.54,127
2026-08-14 01:45:00,4360.52,4360.71,4358.26,4359.01,127
2026-08-14 01:46:00,4359.01,4360.98,4358.55,4360.98,122
2026-08-14 01:47:00,4360.93,4361.16,4359.02,4359.31,145
2026-08-14 01:48:00,4359.31,4360.24,4356.89,4357.29,146
2026-08-14 01:49:00,4357.29,4357.33,4354.97,4355.71,175
2026-08-14 01:50:00,4355.9,4357.19,4355.58,4356.61,122
2026-08-14 01:51:00,4356.44,4357.11,4354.25,4354.66,154
2026-08-14 01:52:00,4354.71,4356.73,4354.49,4354.86,135
2026-08-14 01:53:00,4354.86,4355.98,4354.62,4355.44,121
2026-08-14 01:54:00,4355.44,4357.52,4355.2,4356.48,120
2026-08-14 01:55:00,4356.12,4356.64,4355.04,4355.82,96
2026-08-14 01:56:00,4355.84,4356.56,4354.76,4354.85,135
2026-08-14 01:57:00,4355.04,4355.88,4354.78,4355.28,113
2026-08-14 01:58:00,4355.17,4355.4,4353.2,4354.9,148
2026-08-14 01:59:00,4354.93,4355.11,4353.36,4354.91,113
2026-08-14 02:00:00,4354.93,4355.31,4353.72,4354.47,124
2026-08-14 02:01:00,4354.68,4354.93,4353.07,4353.55,111
2026-08-14 02:02:00,4353.56,4353.67,4352.4,4353.19,116
2026-08-14 02:03:00,4353.22,4353.29,4350.84,4351.2,149
2026-08-14 02:04:00,4351.16,4351.39,4349.12,4349.12,155
2026-08-14 02:05:00,4349.41,4351.66,4349.41,4350.81,149
2026-08-14 02:06:00,4350.83,4353.84,4350.77,4353.08,141
2026-08-14 02:07:00,4353.1,4353.24,4351.66,4351.99,139
2026-08-14 02:08:00,4351.85,4354.62,4351.23,4354.39,127
2026-08-14 02:09:00,4354.45,4359.62,4354.45,4359.3,159
2026-08-14 02:10:00,4359.26,4359.5,4356.77,4356.9,132
2026-08-14 02:11:00,4356.93,4357.75,4356.75,4357.7,77
2026-08-14 02:12:00,4357.71,4358.67,4354.76,4355.4,133
2026-08-14 02:13:00,4355.38,4357.65,4354.94,4357.6,125
2026-08-14 02:14:00,4357.6,4360.83,4357.23,4360.66,160
2026-08-14 02:15:00,4360.55,4360.83,4358.41,4359.77,172
2026-08-14 02:16:00,4359.99,4360.91,4359.34,4360.2,169
2026-08-14 02:17:00,4359.93,4361.21,4359.51,4360.69,159
2026-08-14 02:18:00,4360.7,4361.35,4358.04,4358.42,123
2026-08-14 02:19:00,4358.4,4358.95,4356.99,4358.46,113
2026-08-14 02:20:00,4358.32,4358.67,4356.98,4358.12,103
2026-08-14 02:21:00,4358.3,4360.18,4357.77,4359.84,121
2026-08-14 02:22:00,4359.83,4359.83,4358.4,4358.4,88
2026-08-14 02:23:00,4358.34,4360.13,4358.08,4359.3,97
2026-08-14 02:24:00,4359.3,4360.94,4358.71,4360.27,118
2026-08-14 02:25:00,4360.27,4362.19,4360.27,4362.01,119
2026-08-14 02:26:00,4361.96,4362.44,4361.19,4361.9,98
2026-08-14 02:27:00,4362.01,4362.26,4359.8,4360.65,115
2026-08-14 02:28:00,4360.52,4363.23,4360.52,4362.6,138
2026-08-14 02:29:00,4362.76,4363.2,4361.08,4363.15,122
2026-08-14 02:30:00,4363.14,4363.57,4362.58,4362.94,137
2026-08-14 02:31:00,4362.93,4363.54,4362.69,4363.37,109
2026-08-14 02:32:00,4363.37,4363.38,4361.46,4361.64,128
2026-08-14 02:33:00,4361.67,4362.12,4360.93,4361.41,107
2026-08-14 02:34:00,4361.53,4361.77,4360.88,4361.5,79
2026-08-14 02:35:00,4361.5,4361.63,4360.99,4361.02,90
2026-08-14 02:36:00,4360.9,4361.34,4360.39,4361.03,96
2026-08-14 02:37:00,4361.02,4361.36,4360.66,4360.89,91
2026-08-14 02:38:00,4360.75,4361.23,4360.13,4360.62,108
2026-08-14 02:39:00,4360.48,4361.8,4360.32,4361.77,138
2026-08-14 02:40:00,4361.8,4362.41,4360.91,4360.92,149
2026-08-14 02:41:00,4360.93,4361.4,4358.64,4359.26,156
2026-08-14 02:42:00,4359.24,4359.62,4358.72,4358.9,110
2026-08-14 02:43:00,4358.97,4360.52,4358.7,4359.85,113
2026-08-14 02:44:00,4360.06,4360.58,4359.7,4360.17,110
2026-08-14 02:45:00,4360.33,4361.7,4359.39,4361.6,141
2026-08-14 02:46:00,4361.61,4362.94,4361.23,4362.68,154
2026-08-14 02:47:00,4362.36,4364.26,4362.36,4364.15,164
2026-08-14 02:48:00,4364.18,4364.18,4361.57,4361.98,149
2026-08-14 02:49:00,4362.14,4362.3,4361.51,4361.65,98
2026-08-14 02:50:00,4361.51,4361.69,4359.83,4360.04,137
2026-08-14 02:51:00,4360.13,4360.78,4359.89,4359.89,88
2026-08-14 02:52:00,4359.98,4360.44,4359.27,4360.09,99
2026-08-14 02:53:00,4360.14,4360.14,4358.16,4358.17,116
2026-08-14 02:54:00,4358.27,4358.64,4357.16,4357.91,144
2026-08-14 02:55:00,4357.77,4359.53,4357.77,4358.73,153
2026-08-14 02:56:00,4358.85,4359.51,4358.12,4359.16,105
2026-08-14 02:57:00,4359.17,4359.37,4358.75,4359.09,92
2026-08-14 02:58:00,4359.13,4359.39,4357.69,4357.7,98
2026-08-14 02:59:00,4357.57,4357.9,4356.34,4356.63,148
2026-08-14 03:00:00,4356.28,4358.08,4355.57,4357.14,184
2026-08-14 03:01:00,4356.94,4358.24,4356.01,4357.91,150
2026-08-14 03:02:00,4357.95,4362.25,4357.77,4360.96,192
2026-08-14 03:03:00,4360.98,4361.82,4359.24,4360.23,155
2026-08-14 03:04:00,4360.21,4360.35,4359.29,4359.94,139
2026-08-14 03:05:00,4359.95,4360.35,4356.26,4356.66,137
2026-08-14 03:06:00,4356.86,4357.28,4354.86,4355.23,183
2026-08-14 03:07:00,4355.23,4356.68,4354.11,4354.32,176
2026-08-14 03:08:00,4354.46,4355.95,4353.98,4355.65,168
2026-08-14 03:09:00,4355.67,4357.88,4355.49,4357.74,175
2026-08-14 03:10:00,4358.0,4358.07,4354.82,4354.82,157
2026-08-14 03:11:00,4354.82,4355.27,4353.57,4354.43,177
2026-08-14 03:12:00,4354.44,4354.83,4350.42,4350.89,173
2026-08-14 03:13:00,4350.9,4352.9,4350.53,4351.75,158
2026-08-14 03:14:00,4351.73,4353.94,4350.45,4352.25,180
2026-08-14 03:15:00,4352.06,4352.25,4349.11,4351.9,180
2026-08-14 03:16:00,4351.97,4352.14,4349.17,4349.27,173
2026-08-14 03:17:00,4349.27,4350.05,4347.94,4349.2,166
2026-08-14 03:18:00,4349.3,4350.36,4348.67,4350.07,162
2026-08-14 03:19:00,4350.06,4350.59,4349.0,4349.59,155
2026-08-14 03:20:00,4349.58,4349.59,4348.4,4349.48,158
2026-08-14 03:21:00,4349.48,4349.97,4348.16,4348.96,153
2026-08-14 03:22:00,4349.02,4349.32,4345.47,4345.58,172
2026-08-14 03:23:00,4345.84,4346.8,4345.61,4346.32,151
2026-08-14 03:24:00,4346.09,4347.8,4346.02,4347.2,151
2026-08-14 03:25:00,4347.22,4347.26,4345.5,4345.52,153
2026-08-14 03:26:00,4345.52,4346.22,4339.73,4341.92,185
2026-08-14 03:27:00,4341.88,4343.81,4340.86,4343.06,156
2026-08-14 03:28:00,4343.02,4343.02,4340.5,4342.29,164
2026-08-14 03:29:00,4342.31,4342.89,4339.52,4339.52,183
2026-08-14 03:30:00,4339.47,4341.0,4336.83,4339.19,196
2026-08-14 03:31:00,4339.27,4341.35,4338.22,4340.15,187
2026-08-14 03:32:00,4340.12,4343.08,4340.01,4342.06,157
2026-08-14 03:33:00,4342.05,4342.69,4339.46,4342.65,174
2026-08-14 03:34:00,4342.54,4347.08,4342.54,4345.84,169
2026-08-14 03:35:00,4346.02,4346.66,4343.58,4344.02,159
2026-08-14 03:36:00,4343.96,4344.05,4342.69,4342.69,158
2026-08-14 03:37:00,4342.64,4343.34,4339.72,4340.05,173
2026-08-14 03:38:00,4339.98,4340.06,4336.35,4336.57,180
2026-08-14 03:39:00,4336.05,4337.21,4334.43,4335.7,187
2026-08-14 03:40:00,4335.72,4337.03,4334.37,4334.77,193
2026-08-14 03:41:00,4334.84,4336.47,4334.64,4335.61,172
2026-08-14 03:42:00,4335.67,4336.59,4334.71,4335.73,168
2026-08-14 03:43:00,4335.68,4338.78,4335.68,4337.73,168
2026-08-14 03:44:00,4337.73,4340.23,4337.15,4339.54,153
2026-08-14 03:45:00,4339.65,4342.81,4339.56,4341.95,184
2026-08-14 03:46:00,4341.95,4342.1,4338.67,4339.74,153
2026-08-14 03:47:00,4339.85,4340.02,4336.61,4337.28,176
2026-08-14 03:48:00,4337.29,4337.37,4329.56,4331.68,189
2026-08-14 03:49:00,4331.65,4336.32,4331.65,4333.81,188
2026-08-14 03:50:00,4334.37,4336.52,4333.49,4336.43,179
2026-08-14 03:51:00,4336.45,4337.39,4334.86,4337.39,164
2026-08-14 03:52:00,4337.35,4338.01,4335.74,4336.7,165
2026-08-14 03:53:00,4336.72,4337.38,4334.41,4335.73,190
2026-08-14 03:54:00,4335.76,4340.07,4335.75,4339.65,189
2026-08-14 03:55:00,4339.29,4341.16,4337.87,4339.27,185
2026-08-14 03:56:00,4339.2,4340.81,4338.54,4340.81,180
2026-08-14 03:57:00,4340.69,4341.74,4339.8,4341.74,186
2026-08-14 03:58:00,4341.58,4342.17,4338.78,4339.02,179
2026-08-14 03:59:00,4338.96,4342.15,4338.96,4340.93,189
2026-08-14 04:00:00,4341.0,4341.58,4337.22,4340.04,216
2026-08-14 04:01:00,4340.27,4340.75,4333.1,4333.41,199
2026-08-14 04:02:00,4333.58,4334.21,4329.51,4331.03,202
2026-08-14 04:03:00,4331.19,4332.32,4330.02,4330.97,202
2026-08-14 04:04:00,4331.04,4332.69,4329.5,4329.54,212
2026-08-14 04:05:00,4329.54,4331.86,4329.3,4331.5,193
2026-08-14 04:06:00,4331.41,4332.96,4329.46,4332.96,202
2026-08-14 04:07:00,4332.8,4333.64,4330.47,4331.29,188
2026-08-14 04:08:00,4331.27,4331.69,4329.64,4329.83,183
2026-08-14 04:09:00,4329.64,4329.9,4328.14,4328.84,182
2026-08-14 04:10:00,4328.9,4328.9,4324.21,4324.24,197
2026-08-14 04:11:00,4324.29,4324.83,4322.2,4324.83,191
2026-08-14 04:12:00,4324.92,4326.07,4322.77,4324.45,200
2026-08-14 04:13:00,4324.62,4326.02,4323.49,4324.52,198
2026-08-14 04:14:00,4324.58,4326.47,4323.05,4324.31,200
2026-08-14 04:15:00,4324.29,4326.19,4322.55,4324.91,193
2026-08-14 04:16:00,4324.94,4324.94,4321.43,4322.82,200
2026-08-14 04:17:00,4322.85,4323.88,4321.91,4322.29,173
2026-08-14 04:18:00,4322.0,4322.27,4319.82,4320.1,176
2026-08-14 04:19:00,4320.11,4323.58,4317.52,4322.88,188
2026-08-14 04:20:00,4322.82,4323.55,4318.92,4323.09,200
2026-08-14 04:21:00,4323.04,4326.01,4323.04,4323.43,203
2026-08-14 04:22:00,4323.6,4323.6,4320.22,4321.12,176
2026-08-14 04:23:00,4321.17,4321.89,4318.27,4319.36,185
2026-08-14 04:24:00,4319.41,4319.57,4315.91,4316.62,190
2026-08-14 04:25:00,4316.78,4318.01,4314.98,4317.92,201
2026-08-14 04:26:00,4317.88,4321.31,4317.75,4319.43,189
2026-08-14 04:27:00,4319.28,4321.27,4318.51,4318.51,178
2026-08-14 04:28:00,4318.51,4320.74,4317.87,4320.64,158
2026-08-14 04:29:00,4320.47,4321.94,4319.42,4319.6,164
2026-08-14 04:30:00,4319.6,4319.71,4314.4,4316.43,202
2026-08-14 04:31:00,4316.45,4317.4,4314.75,4315.78,181
2026-08-14 04:32:00,4315.81,4316.05,4313.38,4313.6,184
2026-08-14 04:33:00,4313.64,4315.01,4313.34,4313.58,173
2026-08-14 04:34:00,4313.72,4314.48,4313.34,4313.45,163
2026-08-14 04:35:00,4313.45,4315.16,4313.32,4314.3,186
2026-08-14 04:36:00,4314.33,4318.72,4313.54,4318.51,178
2026-08-14 04:37:00,4318.49,4319.56,4317.65,4317.98,157
2026-08-14 04:38:00,4317.97,4319.36,4317.19,4318.34,177
2026-08-14 04:39:00,4318.69,4320.11,4318.45,4319.32,159
2026-08-14 04:40:00,4319.41,4320.48,4318.75,4318.86,155
2026-08-14 04:41:00,4318.88,4320.52,4318.7,4319.96,168
2026-08-14 04:42:00,4319.92,4321.36,4319.79,4320.33,173
2026-08-14 04:43:00,4320.48,4321.58,4319.6,4319.79,166
2026-08-14 04:44:00,4319.77,4320.11,4318.72,4319.64,179
2026-08-14 04:45:00,4319.68,4323.33,4319.68,4322.04,180
2026-08-14 04:46:00,4322.12,4322.35,4319.85,4320.78,177
2026-08-14 04:47:00,4320.77,4320.77,4316.75,4317.26,196
2026-08-14 04:48:00,4316.69,4316.87,4313.99,4316.15,186
2026-08-14 04:49:00,4316.18,4316.49,4314.45,4315.71,186
2026-08-14 04:50:00,4315.7,4316.17,4314.56,4315.61,184
2026-08-14 04:51:00,4315.65,4316.21,4314.44,4316.11,144
2026-08-14 04:52:00,4316.11,4316.19,4312.33,4314.91,184
2026-08-14 04:53:00,4314.93,4318.4,4314.93,4318.22,183
2026-08-14 04:54:00,4318.12,4319.37,4317.49,4317.61,183
2026-08-14 04:55:00,4317.58,4320.49,4317.33,4319.45,186
2026-08-14 04:56:00,4319.37,4321.52,4318.94,4320.24,190
2026-08-14 04:57:00,4320.37,4320.37,4316.3,4317.97,192
2026-08-14 04:58:00,4317.68,4321.05,4317.07,4321.05,193
2026-08-14 04:59:00,4321.06,4321.14,4318.01,4318.22,187
2026-08-14 05:00:00,4318.53,4319.36,4317.17,4318.93,171
2026-08-14 05:01:00,4318.97,4320.83,4318.21,4320.16,182
2026-08-14 05:02:00,4320.18,4322.97,4320.14,4321.25,183
2026-08-14 05:03:00,4321.2,4322.48,4319.6,4319.95,170
2026-08-14 05:04:00,4319.69,4320.2,4315.84,4316.87,185
2026-08-14 05:05:00,4316.83,4317.58,4315.93,4317.44,176
2026-08-14 05:06:00,4317.4,4319.57,4316.88,4319.57,153
2026-08-14 05:07:00,4319.61,4319.61,4317.49,4319.24,132
2026-08-14 05:08:00,4319.16,4319.45,4317.04,4317.97,161
2026-08-14 05:09:00,4317.8,4318.41,4316.83,4317.27,153
2026-08-14 05:10:00,4317.15,4317.68,4314.97,4315.26,172
2026-08-14 05:11:00,4315.27,4315.34,4313.15,4313.15,168
2026-08-14 05:12:00,4312.67,4313.93,4312.36,4313.75,182
2026-08-14 05:13:00,4313.91,4314.11,4312.44,4313.39,168
2026-08-14 05:14:00,4313.42,4313.53,4310.85,4312.54,181
2026-08-14 05:15:00,4312.55,4314.82,4312.44,4314.75,157
2026-08-14 05:16:00,4314.65,4315.23,4312.71,4315.04,179
2026-08-14 05:17:00,4315.13,4317.44,4314.8,4314.8,171
2026-08-14 05:18:00,4314.69,4315.98,4313.21,4313.76,148
2026-08-14 05:19:00,4313.76,4315.93,4312.76,4315.68,148
2026-08-14 05:20:00,4315.65,4317.42,4315.0,4316.59,182
2026-08-14 05:21:00,4316.46,4316.87,4316.25,4316.54,113
2026-08-14 05:22:00,4316.4,4316.62,4314.87,4315.92,150
2026-08-14 05:23:00,4315.91,4316.62,4315.36,4316.01,152
2026-08-14 05:24:00,4316.05,4317.04,4315.36,4316.38,151
2026-08-14 05:25:00,4316.32,4316.73,4315.17,4315.85,136
2026-08-14 05:26:00,4315.9,4317.1,4315.24,4316.68,129
2026-08-14 05:27:00,4316.66,4318.35,4313.89,4314.11,146
2026-08-14 05:28:00,4313.99,4314.8,4313.6,4313.83,148
2026-08-14 05:29:00,4314.05,4314.11,4312.8,4312.92,125
2026-08-14 05:30:00,4312.91,4319.16,4312.24,4318.74,192
2026-08-14 05:31:00,4318.75,4319.75,4318.08,4319.09,180
2026-08-14 05:32:00,4319.24,4321.31,4319.14,4320.69,173
2026-08-14 05:33:00,4320.94,4320.94,4311.12,4315.44,194
2026-08-14 05:34:00,4315.7,4321.49,4315.2,4320.87,194
2026-08-14 05:35:00,4320.78,4321.25,4318.12,4321.25,184
2026-08-14 05:36:00,4321.08,4322.68,4320.66,4320.91,178
2026-08-14 05:37:00,4321.05,4322.44,4320.38,4320.56,170
2026-08-14 05:38:00,4320.54,4320.94,4318.97,4318.99,167
2026-08-14 05:39:00,4318.93,4321.1,4318.93,4320.81,153
2026-08-14 05:40:00,4320.8,4321.59,4319.63,4320.33,172
2026-08-14 05:41:00,4320.32,4320.62,4319.51,4319.51,158
2026-08-14 05:42:00,4319.48,4320.22,4318.04,4318.35,164
2026-08-14 05:43:00,4318.29,4320.71,4318.24,4319.98,154
2026-08-14 05:44:00,4319.77,4322.1,4319.76,4321.08,169
2026-08-14 05:45:00,4321.01,4322.0,4320.05,4320.09,163
2026-08-14 05:46:00,4320.09,4321.69,4318.46,4318.88,169
2026-08-14 05:47:00,4318.84,4319.22,4315.07,4315.42,178
2026-08-14 05:48:00,4315.44,4316.81,4314.07,4316.61,164
2026-08-14 05:49:00,4316.62,4317.51,4316.21,4316.88,151
2026-08-14 05:50:00,4316.87,4318.15,4316.37,4317.96,167
2026-08-14 05:51:00,4318.16,4318.47,4316.77,4317.49,146
2026-08-14 05:52:00,4317.48,4318.25,4316.61,4317.48,156
2026-08-14 05:53:00,4317.62,4318.25,4316.64,4316.65,144
2026-08-14 05:54:00,4316.63,4316.7,4315.12,4316.34,149
2026-08-14 05:55:00,4316.33,4316.38,4314.68,4315.04,143
2026-08-14 05:56:00,4315.27,4315.53,4313.73,4313.73,168
2026-08-14 05:57:00,4313.78,4314.11,4312.59,4313.24,173
2026-08-14 05:58:00,4313.55,4315.6,4312.78,4314.71,160
2026-08-14 05:59:00,4314.7,4316.12,4314.18,4315.6,143
2026-08-14 06:00:00,4315.69,4315.85,4314.45,4315.0,155
2026-08-14 06:01:00,4315.0,4316.17,4313.69,4315.47,149
2026-08-14 06:02:00,4315.45,4317.3,4314.79,4317.05,151
2026-08-14 06:03:00,4317.25,4317.27,4315.42,4316.14,157
2026-08-14 06:04:00,4315.98,4319.18,4315.27,4318.6,168
2026-08-14 06:05:00,4318.68,4320.95,4318.68,4319.67,164
2026-08-14 06:06:00,4319.82,4321.32,4319.22,4321.32,162
2026-08-14 06:07:00,4321.35,4321.7,4320.33,4321.69,146
2026-08-14 06:08:00,4321.71,4323.26,4320.39,4320.53,162
2026-08-14 06:09:00,4320.53,4320.89,4319.4,4319.78,143
2026-08-14 06:10:00,4319.55,4320.46,4319.17,4320.05,146
2026-08-14 06:11:00,4320.03,4320.03,4318.91,4319.01,115
2026-08-14 06:12:00,4319.01,4319.88,4318.55,4319.04,139
2026-08-14 06:13:00,4318.98,4323.69,4318.96,4323.69,174
2026-08-14 06:14:00,4323.69,4323.86,4319.81,4320.22,162
2026-08-14 06:15:00,4320.34,4321.19,4319.86,4320.01,139
2026-08-14 06:16:00,4320.11,4321.48,4320.11,4321.3,138
2026-08-14 06:17:00,4321.3,4322.89,4321.06,4322.75,131
2026-08-14 06:18:00,4322.51,4322.92,4321.91,4322.09,121
2026-08-14 06:19:00,4321.95,4323.01,4321.92,4322.68,135
2026-08-14 06:20:00,4322.63,4324.13,4322.28,4323.21,132
2026-08-14 06:21:00,4323.2,4326.13,4323.2,4324.42,155
2026-08-14 06:22:00,4324.42,4325.92,4323.74,4324.58,161
2026-08-14 06:23:00,4324.49,4325.16,4324.04,4324.61,140
2026-08-14 06:24:00,4324.74,4325.28,4324.34,4325.09,110
2026-08-14 06:25:00,4325.1,4325.62,4324.57,4324.94,130
2026-08-14 06:26:00,4324.95,4325.95,4324.32,4325.81,137
2026-08-14 06:27:00,4325.87,4325.96,4325.1,4325.1,102
2026-08-14 06:28:00,4325.3,4326.28,4325.26,4325.37,137
2026-08-14 06:29:00,4325.35,4325.93,4325.1,4325.84,156
2026-08-14 06:30:00,4325.85,4326.22,4325.13,4326.04,168
2026-08-14 06:31:00,4326.18,4326.33,4325.57,4325.98,126
2026-08-14 06:32:00,4326.08,4326.13,4325.5,4325.78,80
2026-08-14 06:33:00,4325.78,4327.32,4325.78,4327.11,109
2026-08-14 06:34:00,4326.91,4327.95,4326.65,4327.28,148
2026-08-14 06:35:00,4327.28,4327.67,4327.03,4327.27,130
2026-08-14 06:36:00,4327.21,4328.22,4327.11,4327.76,137
2026-08-14 06:37:00,4327.76,4327.96,4327.16,4327.61,126
2026-08-14 06:38:00,4327.79,4327.79,4326.06,4326.06,120
2026-08-14 06:39:00,4326.07,4326.86,4325.33,4326.59,134
2026-08-14 06:40:00,4326.59,4326.75,4325.84,4326.29,119
2026-08-14 06:41:00,4326.2,4326.58,4325.83,4325.83,90
2026-08-14 06:42:00,4325.91,4326.11,4325.49,4325.83,92
2026-08-14 06:43:00,4325.81,4326.05,4325.28,4325.55,99
2026-08-14 06:44:00,4325.69,4326.07,4325.32,4325.65,85
2026-08-14 06:45:00,4325.85,4326.03,4325.55,4325.91,92
2026-08-14 06:46:00,4326.0,4326.42,4325.67,4326.15,98
2026-08-14 06:47:00,4326.34,4326.77,4325.89,4326.24,100
2026-08-14 06:48:00,4326.12,4326.83,4326.09,4326.67,73
2026-08-14 06:49:00,4326.53,4326.77,4325.75,4326.49,84
2026-08-14 06:50:00,4326.51,4326.9,4326.11,4326.17,89
2026-08-14 06:51:00,4326.18,4326.33,4324.7,4325.15,127
2026-08-14 06:52:00,4325.26,4326.01,4325.18,4325.2,78
2026-08-14 06:53:00,4325.15,4325.4,4324.31,4324.83,99
2026-08-14 06:54:00,4324.86,4325.1,4324.17,4324.19,104
2026-08-14 06:55:00,4324.38,4324.87,4324.1,4324.47,108
2026-08-14 06:56:00,4324.47,4324.64,4323.55,4323.98,87
2026-08-14 06:57:00,4324.15,4324.67,4323.69,4324.67,82
2026-08-14 06:58:00,4324.67,4324.86,4323.86,4323.98,64
2026-08-14 06:59:00,4324.16,4324.48,4323.5,4323.5,78
2026-08-14 07:00:00,4323.68,4324.23,4323.14,4324.07,125
2026-08-14 07:01:00,4324.13,4324.41,4323.43,4324.41,103
2026-08-14 07:02:00,4324.43,4324.9,4323.65,4323.75,134
2026-08-14 07:03:00,4323.75,4324.27,4323.22,4323.53,105
2026-08-14 07:04:00,4323.56,4323.63,4322.72,4322.91,94
2026-08-14 07:05:00,4322.92,4324.2,4322.76,4323.88,98
2026-08-14 07:06:00,4323.88,4324.17,4323.34,4324.17,84
2026-08-14 07:07:00,4324.18,4324.58,4323.45,4323.81,105
2026-08-14 07:08:00,4323.82,4325.03,4323.59,4324.48,105
2026-08-14 07:09:00,4324.45,4324.63,4323.28,4323.99,121
2026-08-14 07:10:00,4323.98,4324.41,4323.77,4324.23,119
2026-08-14 07:11:00,4324.2,4325.15,4323.35,4325.15,103
2026-08-14 07:12:00,4325.16,4326.34,4324.38,4325.76,144
2026-08-14 07:13:00,4325.76,4327.15,4325.52,4327.07,116
2026-08-14 07:14:00,4326.79,4327.31,4325.98,4326.21,122
2026-08-14 07:15:00,4326.07,4326.34,4325.57,4325.76,95
2026-08-14 07:16:00,4325.76,4327.41,4325.66,4327.0,97
2026-08-14 07:17:00,4326.97,4327.76,4326.59,4327.25,129
2026-08-14 07:18:00,4327.3,4327.41,4326.48,4326.61,105
2026-08-14 07:19:00,4326.48,4326.9,4326.47,4326.74,99
2026-08-14 07:20:00,4326.75,4328.09,4326.47,4327.32,124
2026-08-14 07:21:00,4327.28,4327.5,4326.73,4326.73,70
2026-08-14 07:22:00,4326.72,4326.92,4326.23,4326.32,81
2026-08-14 07:23:00,4326.31,4327.13,4326.16,4327.08,117
2026-08-14 07:24:00,4326.94,4327.2,4326.8,4326.9,53
2026-08-14 07:25:00,4326.89,4327.26,4326.69,4327.07,68
2026-08-14 07:26:00,4327.05,4327.29,4326.49,4327.29,108
2026-08-14 07:27:00,4327.29,4327.4,4326.48,4326.65,104
2026-08-14 07:28:00,4326.68,4326.95,4325.31,4325.43,95
2026-08-14 07:29:00,4325.43,4326.18,4325.04,4325.11,123
2026-08-14 07:30:00,4325.1,4325.85,4324.38,4324.69,120
2026-08-14 07:31:00,4324.71,4325.13,4323.84,4324.58,134
2026-08-14 07:32:00,4324.74,4325.0,4323.43,4324.27,126
2026-08-14 07:33:00,4324.3,4325.4,4323.47,4325.02,136
2026-08-14 07:34:00,4325.0,4325.26,4324.47,4324.8,105
2026-08-14 07:35:00,4324.67,4325.15,4324.17,4324.71,121
2026-08-14 07:36:00,4324.72,4325.74,4324.32,4325.19,128
2026-08-14 07:37:00,4325.14,4325.47,4324.52,4324.97,103
2026-08-14 07:38:00,4324.97,4325.74,4324.97,4325.36,113
2026-08-14 07:39:00,4325.5,4325.7,4324.77,4325.11,125
2026-08-14 07:40:00,4325.04,4325.54,4324.8,4325.17,120
2026-08-14 07:41:00,4325.17,4326.58,4325.17,4325.92,122
2026-08-14 07:42:00,4325.9,4326.04,4325.27,4325.57,114
2026-08-14 07:43:00,4325.58,4325.78,4325.14,4325.5,97
2026-08-14 07:44:00,4325.47,4326.18,4325.22,4325.22,102
2026-08-14 07:45:00,4325.14,4325.15,4324.09,4324.12,82
2026-08-14 07:46:00,4324.58,4325.04,4324.25,4324.25,107
2026-08-14 07:47:00,4324.22,4324.88,4324.16,4324.66,92
2026-08-14 07:48:00,4324.8,4325.29,4324.55,4325.01,99
2026-08-14 07:49:00,4325.01,4325.14,4324.37,4324.57,75
2026-08-14 07:50:00,4324.43,4324.85,4323.93,4324.82,111
2026-08-14 07:51:00,4324.84,4325.09,4324.44,4324.85,90
2026-08-14 07:52:00,4325.0,4325.24,4324.83,4325.16,63
2026-08-14 07:53:00,4325.17,4325.18,4324.63,4325.08,71
2026-08-14 07:54:00,4325.09,4325.41,4324.26,4324.94,90
2026-08-14 07:55:00,4324.94,4325.05,4324.51,4325.04,87
2026-08-14 07:56:00,4324.85,4325.31,4324.64,4325.16,91
2026-08-14 07:57:00,4325.4,4326.16,4325.15,4325.96,114
2026-08-14 07:58:00,4325.79,4325.91,4325.29,4325.45,96
2026-08-14 07:59:00,4325.59,4327.0,4325.2,4327.0,118
2026-08-14 08:00:00,4327.04,4327.04,4324.51,4324.95,141
2026-08-14 08:01:00,4324.94,4325.34,4323.72,4324.07,137
2026-08-14 08:02:00,4324.11,4324.8,4323.72,4324.77,100
2026-08-14 08:03:00,4324.67,4326.31,4324.09,4325.24,120
2026-08-14 08:04:00,4324.98,4325.42,4324.36,4325.06,121
2026-08-14 08:05:00,4325.08,4325.71,4322.87,4323.05,139
2026-08-14 08:06:00,4323.19,4323.32,4322.56,4322.86,135
2026-08-14 08:07:00,4322.9,4323.22,4321.29,4321.83,151
2026-08-14 08:08:00,4321.85,4321.85,4320.86,4320.94,146
2026-08-14 08:09:00,4321.1,4321.41,4319.99,4319.99,118
2026-08-14 08:10:00,4319.92,4321.41,4319.52,4321.2,124
2026-08-14 08:11:00,4321.2,4321.83,4320.66,4321.1,125
2026-08-14 08:12:00,4321.12,4322.3,4320.62,4321.47,152
2026-08-14 08:13:00,4321.65,4322.17,4320.47,4320.59,109
2026-08-14 08:14:00,4320.57,4320.94,4320.1,4320.31,85
2026-08-14 08:15:00,4320.3,4320.39,4318.71,4318.97,128
2026-08-14 08:16:00,4319.0,4319.59,4318.66,4318.96,123
2026-08-14 08:17:00,4318.97,4319.98,4318.38,4319.52,133
2026-08-14 08:18:00,4319.51,4319.53,4318.15,4318.21,130
2026-08-14 08:19:00,4318.18,4319.06,4317.93,4319.06,115
2026-08-14 08:20:00,4319.02,4319.35,4317.66,4319.35,123
2026-08-14 08:21:00,4319.37,4319.48,4318.32,4318.32,123
2026-08-14 08:22:00,4318.45,4318.45,4317.45,4317.75,103
2026-08-14 08:23:00,4317.88,4317.91,4317.12,4317.66,117
2026-08-14 08:24:00,4317.52,4318.63,4317.2,4318.31,132
2026-08-14 08:25:00,4318.34,4318.75,4318.01,4318.18,107
2026-08-14 08:26:00,4318.51,4319.08,4317.5,4318.32,134
2026-08-14 08:27:00,4318.4,4318.9,4318.24,4318.52,104
2026-08-14 08:28:00,4318.54,4319.47,4318.31,4319.45,117
2026-08-14 08:29:00,4319.31,4319.52,4318.43,4318.59,97
2026-08-14 08:30:00,4318.45,4318.45,4311.44,4311.94,208
2026-08-14 08:31:00,4311.78,4314.95,4311.26,4314.62,200
2026-08-14 08:32:00,4314.59,4316.65,4314.2,4315.89,189
2026-08-14 08:33:00,4315.72,4317.66,4314.42,4317.54,178
2026-08-14 08:34:00,4317.52,4318.52,4316.49,4316.92,175
2026-08-14 08:35:00,4316.78,4318.55,4316.71,4318.43,155
2026-08-14 08:36:00,4318.43,4320.61,4317.42,4320.05,174
2026-08-14 08:37:00,4320.16,4321.86,4319.75,4321.12,175
2026-08-14 08:38:00,4321.13,4324.98,4321.13,4323.06,174
2026-08-14 08:39:00,4323.02,4323.02,4321.3,4322.37,162
2026-08-14 08:40:00,4322.31,4324.89,4321.14,4322.4,195
2026-08-14 08:41:00,4322.38,4323.26,4322.16,4322.92,153
2026-08-14 08:42:00,4323.06,4323.46,4321.65,4322.0,147
2026-08-14 08:43:00,4321.84,4322.51,4318.94,4319.26,152
2026-08-14 08:44:00,4319.13,4319.52,4317.5,4317.81,172
2026-08-14 08:45:00,4317.87,4322.26,4317.45,4321.8,170
2026-08-14 08:46:00,4321.82,4322.45,4320.68,4321.18,163
2026-08-14 08:47:00,4321.18,4322.04,4320.64,4321.13,136
2026-08-14 08:48:00,4321.31,4321.86,4320.89,4321.42,120
2026-08-14 08:49:00,4321.29,4324.4,4321.06,4324.06,161
2026-08-14 08:50:00,4324.05,4327.61,4323.85,4327.32,173
2026-08-14 08:51:00,4327.47,4328.49,4327.23,4327.37,167
2026-08-14 08:52:00,4327.48,4328.41,4326.97,4327.87,174
2026-08-14 08:53:00,4327.8,4329.68,4327.04,4329.19,180
2026-08-14 08:54:00,4329.09,4329.95,4328.02,4329.68,186
2026-08-14 08:55:00,4329.66,4331.43,4329.11,4330.81,180
2026-08-14 08:56:00,4330.96,4331.93,4329.79,4330.97,182
2026-08-14 08:57:00,4330.84,4331.04,4329.47,4329.91,179
2026-08-14 08:58:00,4330.03,4332.59,4329.51,4332.2,163
2026-08-14 08:59:00,4332.43,4333.64,4331.59,4333.51,165
2026-08-14 09:00:00,4333.5,4334.02,4331.77,4332.59,194
2026-08-14 09:01:00,4332.37,4334.39,4331.95,4333.04,182
2026-08-14 09:02:00,4333.03,4334.79,4332.54,4334.59,184
2026-08-14 09:03:00,4334.43,4335.11,4333.59,4334.43,159
2026-08-14 09:04:00,4334.43,4336.05,4334.02,4335.93,160
2026-08-14 09:05:00,4335.75,4336.67,4334.47,4334.78,165
2026-08-14 09:06:00,4334.78,4335.58,4332.62,4332.66,169
2026-08-14 09:07:00,4332.67,4333.42,4331.24,4331.43,157
2026-08-14 09:08:00,4331.25,4331.58,4329.69,4330.79,172
2026-08-14 09:09:00,4330.81,4331.65,4330.39,4330.42,136
2026-08-14 09:10:00,4330.42,4330.92,4329.74,4329.75,154
2026-08-14 09:11:00,4329.41,4332.13,4329.41,4332.1,176
2026-08-14 09:12:00,4332.14,4333.82,4331.66,4332.99,200
2026-08-14 09:13:00,4333.03,4333.38,4332.11,4333.37,178
2026-08-14 09:14:00,4333.33,4334.18,4332.24,4332.43,168
2026-08-14 09:15:00,4332.53,4333.65,4331.95,4332.8,178
2026-08-14 09:16:00,4332.95,4333.07,4331.21,4332.96,157
2026-08-14 09:17:00,4332.88,4333.39,4332.09,4333.39,139
2026-08-14 09:18:00,4333.18,4333.29,4331.35,4331.61,147
2026-08-14 09:19:00,4331.65,4332.33,4331.34,4331.67,130
2026-08-14 09:20:00,4331.68,4332.05,4328.64,4329.05,166
2026-08-14 09:21:00,4329.08,4330.84,4328.34,4329.85,143
2026-08-14 09:22:00,4329.97,4330.34,4329.01,4329.1,142
2026-08-14 09:23:00,4329.04,4332.32,4328.89,4332.16,132
2026-08-14 09:24:00,4332.16,4332.37,4330.34,4331.74,135
2026-08-14 09:25:00,4331.73,4332.4,4330.49,4331.19,157
2026-08-14 09:26:00,4331.44,4332.0,4330.5,4331.61,152
2026-08-14 09:27:00,4331.63,4331.86,4330.64,4331.06,158
2026-08-14 09:28:00,4331.06,4332.1,4330.34,4330.64,128
2026-08-14 09:29:00,4330.67,4330.96,4329.04,4329.27,149
2026-08-14 09:30:00,4329.28,4330.52,4328.61,4328.85,176
2026-08-14 09:31:00,4328.84,4330.1,4328.66,4329.72,142
2026-08-14 09:32:00,4329.85,4330.3,4329.19,4329.91,144
2026-08-14 09:33:00,4329.75,4330.49,4329.5,4329.73,122
2026-08-14 09:34:00,4329.59,4330.25,4328.32,4329.04,127
2026-08-14 09:35:00,4329.07,4329.53,4328.08,4329.0,135
2026-08-14 09:36:00,4328.97,4330.18,4328.66,4328.66,159
2026-08-14 09:37:00,4328.7,4329.66,4328.36,4328.52,138
2026-08-14 09:38:00,4328.5,4329.86,4328.18,4329.69,128
2026-08-14 09:39:00,4329.67,4330.48,4328.44,4329.71,148
2026-08-14 09:40:00,4329.69,4330.34,4327.92,4329.43,165
2026-08-14 09:41:00,4329.76,4330.42,4329.11,4330.17,145
2026-08-14 09:42:00,4330.03,4331.04,4329.59,4330.59,132
2026-08-14 09:43:00,4330.55,4331.67,4330.33,4331.38,131
2026-08-14 09:44:00,4331.34,4333.1,4331.21,4333.1,165
2026-08-14 09:45:00,4333.1,4334.16,4332.61,4334.08,172
2026-08-14 09:46:00,4334.16,4334.65,4333.22,4334.1,156
2026-08-14 09:47:00,4334.11,4335.37,4333.83,4334.29,143
2026-08-14 09:48:00,4334.31,4335.42,4332.9,4335.38,159
2026-08-14 09:49:00,4335.19,4335.43,4334.42,4334.93,149
2026-08-14 09:50:00,4334.91,4334.94,4333.42,4334.17,167
2026-08-14 09:51:00,4334.3,4335.0,4334.03,4334.03,133
2026-08-14 09:52:00,4334.06,4334.91,4333.64,4334.91,138
2026-08-14 09:53:00,4334.9,4335.41,4334.45,4334.65,125
2026-08-14 09:54:00,4334.78,4335.11,4334.04,4334.04,149
2026-08-14 09:55:00,4334.05,4334.58,4333.64,4334.34,125
2026-08-14 09:56:00,4334.33,4335.09,4333.73,4334.76,139
2026-08-14 09:57:00,4334.52,4335.0,4334.02,4334.63,124
2026-08-14 09:58:00,4334.54,4335.14,4334.4,4335.03,146
2026-08-14 09:59:00,4334.9,4335.94,4334.88,4335.7,153
2026-08-14 10:00:00,4335.61,4335.63,4332.88,4334.12,182
2026-08-14 10:01:00,4334.26,4335.38,4333.42,4333.9,152
2026-08-14 10:02:00,4334.03,4334.82,4333.5,4334.78,165
2026-08-14 10:03:00,4334.71,4337.34,4334.48,4335.75,164
2026-08-14 10:04:00,4335.76,4336.12,4335.13,4335.13,141
2026-08-14 10:05:00,4335.13,4335.42,4334.31,4334.51,120
2026-08-14 10:06:00,4334.62,4335.01,4334.16,4334.54,113
2026-08-14 10:07:00,4334.68,4334.71,4333.61,4333.82,108
2026-08-14 10:08:00,4334.3,4335.0,4333.73,4333.77,135
2026-08-14 10:09:00,4333.74,4334.98,4333.47,4334.63,137
2026-08-14 10:10:00,4334.75,4334.87,4333.31,4333.53,129
2026-08-14 10:11:00,4333.48,4334.77,4333.2,4334.76,115
2026-08-14 10:12:00,4334.76,4334.9,4333.94,4334.64,130
2026-08-14 10:13:00,4334.29,4334.29,4331.91,4332.42,158
2026-08-14 10:14:00,4332.42,4332.64,4331.03,4331.15,164
2026-08-14 10:15:00,4331.28,4332.89,4331.14,4332.42,144
2026-08-14 10:16:00,4332.39,4332.86,4331.8,4331.94,140
2026-08-14 10:17:00,4331.99,4333.47,4331.79,4333.2,140
2026-08-14 10:18:00,4333.25,4333.48,4332.65,4333.03,92
2026-08-14 10:19:00,4333.14,4333.16,4332.16,4332.49,109
2026-08-14 10:20:00,4332.49,4332.93,4331.3,4331.49,127
2026-08-14 10:21:00,4331.49,4333.38,4329.61,4333.37,156
2026-08-14 10:22:00,4333.39,4334.75,4333.23,4334.45,152
2026-08-14 10:23:00,4334.46,4335.07,4332.76,4332.98,146
2026-08-14 10:24:00,4333.2,4336.6,4332.94,4336.22,159
2026-08-14 10:25:00,4336.32,4336.46,4334.79,4334.81,142
2026-08-14 10:26:00,4334.95,4335.13,4333.15,4333.47,131
2026-08-14 10:27:00,4333.46,4333.58,4332.47,4333.33,130
2026-08-14 10:28:00,4333.35,4334.13,4332.91,4333.27,127
2026-08-14 10:29:00,4333.14,4333.58,4331.74,4331.87,132
2026-08-14 10:30:00,4331.99,4333.15,4331.89,4332.36,124
2026-08-14 10:31:00,4331.79,4332.71,4331.59,4332.52,127
2026-08-14 10:32:00,4332.47,4333.8,4332.22,4333.23,117
2026-08-14 10:33:00,4333.07,4334.11,4332.69,4333.63,109
2026-08-14 10:34:00,4333.64,4334.26,4333.28,4333.78,111
2026-08-14 10:35:00,4333.64,4335.31,4333.38,4335.11,137
2026-08-14 10:36:00,4335.09,4336.1,4334.82,4334.87,151
2026-08-14 10:37:00,4334.87,4336.07,4334.59,4335.44,138
2026-08-14 10:38:00,4335.42,4335.83,4334.59,4335.12,111
2026-08-14 10:39:00,4335.12,4336.77,4335.07,4336.58,133
2026-08-14 10:40:00,4336.54,4337.55,4336.17,4337.47,148
2026-08-14 10:41:00,4337.57,4339.34,4337.48,4339.19,153
2026-08-14 10:42:00,4339.35,4339.87,4338.59,4339.27,150
2026-08-14 10:43:00,4339.23,4339.49,4337.74,4338.57,140
2026-08-14 10:44:00,4338.45,4340.15,4337.96,4339.77,156
2026-08-14 10:45:00,4339.76,4343.33,4339.67,4340.88,181
2026-08-14 10:46:00,4340.91,4341.36,4339.43,4339.79,163
2026-08-14 10:47:00,4339.81,4340.61,4339.37,4340.55,143
2026-08-14 10:48:00,4340.39,4341.94,4339.92,4341.35,156
2026-08-14 10:49:00,4341.41,4342.79,4341.24,4342.47,148
2026-08-14 10:50:00,4342.47,4343.46,4342.38,4342.81,132
2026-08-14 10:51:00,4342.8,4343.19,4341.72,4341.91,136
2026-08-14 10:52:00,4341.92,4343.11,4341.46,4341.83,151
2026-08-14 10:53:00,4341.82,4343.04,4341.78,4342.67,135
2026-08-14 10:54:00,4342.62,4343.57,4342.58,4343.11,132
2026-08-14 10:55:00,4343.18,4343.57,4341.71,4342.52,137
2026-08-14 10:56:00,4342.56,4343.14,4342.45,4342.47,86
2026-08-14 10:57:00,4342.53,4342.82,4341.98,4342.79,121
2026-08-14 10:58:00,4342.65,4344.46,4342.49,4344.24,130
2026-08-14 10:59:00,4344.11,4345.23,4343.56,4343.59,151
2026-08-14 11:00:00,4343.42,4347.97,4343.42,4347.25,195
2026-08-14 11:01:00,4347.46,4347.46,4344.92,4345.74,175
2026-08-14 11:02:00,4345.53,4345.53,4343.37,4343.85,186
2026-08-14 11:03:00,4343.79,4344.02,4342.14,4342.76,171
2026-08-14 11:04:00,4342.88,4343.96,4342.49,4342.66,156
2026-08-14 11:05:00,4342.71,4343.16,4341.8,4342.65,160
2026-08-14 11:06:00,4342.79,4344.31,4342.54,4344.23,151
2026-08-14 11:07:00,4344.13,4344.4,4343.19,4343.27,150
2026-08-14 11:08:00,4343.24,4344.93,4343.24,4344.23,147
2026-08-14 11:09:00,4344.16,4346.15,4344.03,4345.38,159
2026-08-14 11:10:00,4345.22,4345.56,4344.43,4344.62,150
2026-08-14 11:11:00,4344.67,4346.4,4344.41,4345.41,142
2026-08-14 11:12:00,4345.37,4345.58,4344.12,4344.65,121
2026-08-14 11:13:00,4344.64,4346.7,4344.54,4346.21,135
2026-08-14 11:14:00,4346.28,4347.97,4346.19,4347.82,147
2026-08-14 11:15:00,4347.8,4348.71,4347.27,4347.85,138
2026-08-14 11:16:00,4347.83,4348.68,4347.07,4347.5,141
2026-08-14 11:17:00,4347.49,4349.18,4347.1,4348.63,145
2026-08-14 11:18:00,4348.6,4348.65,4346.1,4346.68,151
2026-08-14 11:19:00,4346.85,4347.05,4345.94,4346.43,122
2026-08-14 11:20:00,4346.43,4347.11,4344.95,4345.22,150
2026-08-14 11:21:00,4345.08,4345.57,4344.35,4344.73,156
2026-08-14 11:22:00,4344.73,4344.73,4343.4,4343.85,117
2026-08-14 11:23:00,4344.02,4344.82,4343.6,4344.78,137
2026-08-14 11:24:00,4344.64,4344.79,4343.67,4344.22,127
2026-08-14 11:25:00,4344.22,4344.57,4343.74,4344.19,114
2026-08-14 11:26:00,4344.19,4345.2,4343.78,4343.99,138
2026-08-14 11:27:00,4343.99,4345.36,4343.71,4345.2,143
2026-08-14 11:28:00,4345.13,4345.74,4344.49,4345.43,133
2026-08-14 11:29:00,4345.34,4345.85,4344.33,4345.85,169
2026-08-14 11:30:00,4345.81,4346.43,4344.51,4345.01,159
2026-08-14 11:31:00,4345.01,4346.79,4344.84,4345.47,117
2026-08-14 11:32:00,4345.48,4346.1,4344.67,4344.78,143
2026-08-14 11:33:00,4344.65,4344.99,4344.19,4344.64,129
2026-08-14 11:34:00,4344.65,4344.9,4344.2,4344.27,105
2026-08-14 11:35:00,4344.28,4345.27,4344.28,4345.07,132
2026-08-14 11:36:00,4344.99,4347.04,4344.99,4346.51,134
2026-08-14 11:37:00,4346.56,4349.19,4346.25,4348.97,148
2026-08-14 11:38:00,4348.96,4348.96,4347.08,4347.72,129
2026-08-14 11:39:00,4347.72,4348.45,4347.27,4348.11,135
2026-08-14 11:40:00,4348.24,4349.06,4348.0,4348.09,127
2026-08-14 11:41:00,4348.09,4349.4,4347.81,4347.91,131
2026-08-14 11:42:00,4347.96,4348.32,4345.67,4345.67,143
2026-08-14 11:43:00,4345.76,4346.28,4345.28,4345.48,113
2026-08-14 11:44:00,4345.32,4345.8,4343.48,4343.76,136
2026-08-14 11:45:00,4343.79,4343.82,4342.7,4343.61,134
2026-08-14 11:46:00,4343.62,4344.77,4343.61,4344.06,117
2026-08-14 11:47:00,4344.06,4344.6,4343.62,4344.17,133
2026-08-14 11:48:00,4344.17,4344.51,4343.68,4344.03,102
2026-08-14 11:49:00,4344.01,4344.65,4343.5,4344.34,76
2026-08-14 11:50:00,4344.17,4344.75,4343.87,4344.55,116
2026-08-14 11:51:00,4344.54,4346.15,4344.14,4345.89,118
2026-08-14 11:52:00,4345.89,4346.73,4345.57,4346.38,120
2026-08-14 11:53:00,4346.48,4347.67,4346.1,4347.0,141
2026-08-14 11:54:00,4347.04,4347.36,4346.54,4346.66,112
2026-08-14 11:55:00,4346.76,4348.93,4346.64,4348.61,135
2026-08-14 11:56:00,4348.43,4349.73,4348.43,4349.04,121
2026-08-14 11:57:00,4348.75,4349.04,4347.12,4347.25,112
2026-08-14 11:58:00,4347.44,4348.66,4347.18,4348.45,95
2026-08-14 11:59:00,4348.45,4349.03,4348.31,4348.56,114
2026-08-14 12:00:00,4348.62,4349.06,4347.28,4348.34,163
2026-08-14 12:01:00,4348.46,4348.84,4347.95,4348.63,126
2026-08-14 12:02:00,4348.63,4348.92,4347.73,4347.73,136
2026-08-14 12:03:00,4347.94,4348.02,4347.4,4347.88,118
2026-08-14 12:04:00,4348.05,4348.49,4347.44,4347.45,116
2026-08-14 12:05:00,4347.44,4347.59,4346.57,4347.06,150
2026-08-14 12:06:00,4347.12,4347.74,4346.47,4347.17,132
2026-08-14 12:07:00,4347.3,4347.91,4345.88,4347.84,109
2026-08-14 12:08:00,4347.84,4348.32,4347.46,4347.6,110
2026-08-14 12:09:00,4347.73,4349.33,4347.54,4348.95,146
2026-08-14 12:10:00,4348.95,4349.08,4347.94,4348.91,129
2026-08-14 12:11:00,4348.94,4349.64,4347.89,4349.21,131
2026-08-14 12:12:00,4349.07,4349.35,4348.51,4349.05,114
2026-08-14 12:13:00,4349.2,4349.22,4348.41,4349.2,85
2026-08-14 12:14:00,4349.52,4351.1,4349.21,4350.69,123
2026-08-14 12:15:00,4350.7,4352.01,4350.58,4351.31,143
2026-08-14 12:16:00,4351.45,4351.89,4350.51,4350.77,135
2026-08-14 12:17:00,4350.77,4351.63,4350.46,4350.63,121
2026-08-14 12:18:00,4350.51,4351.02,4349.63,4349.78,124
2026-08-14 12:19:00,4349.97,4350.12,4349.2,4349.59,128
2026-08-14 12:20:00,4349.49,4351.48,4348.68,4351.18,121
2026-08-14 12:21:00,4351.22,4352.32,4350.9,4351.27,141
2026-08-14 12:22:00,4351.25,4351.25,4350.2,4350.54,133
2026-08-14 12:23:00,4350.73,4350.87,4350.0,4350.38,118
2026-08-14 12:24:00,4350.64,4352.41,4349.85,4352.41,119
2026-08-14 12:25:00,4352.4,4354.21,4352.16,4352.95,135
2026-08-14 12:26:00,4352.92,4353.62,4352.8,4352.86,124
2026-08-14 12:27:00,4352.8,4352.87,4350.86,4351.15,138
2026-08-14 12:28:00,4351.17,4351.89,4349.98,4351.25,151
2026-08-14 12:29:00,4351.23,4351.89,4350.59,4351.79,131
2026-08-14 12:30:00,4351.71,4352.15,4350.26,4351.84,154
2026-08-14 12:31:00,4351.82,4352.35,4349.99,4349.99,158
2026-08-14 12:32:00,4350.16,4352.9,4350.11,4352.44,165
2026-08-14 12:33:00,4352.49,4353.24,4352.28,4352.72,151
2026-08-14 12:34:00,4352.73,4354.28,4352.35,4352.63,167
2026-08-14 12:35:00,4352.77,4354.29,4352.53,4353.93,155
2026-08-14 12:36:00,4353.93,4354.63,4353.05,4353.05,149
2026-08-14 12:37:00,4353.04,4353.94,4352.95,4353.82,117
2026-08-14 12:38:00,4353.77,4353.95,4352.32,4352.32,132
2026-08-14 12:39:00,4352.33,4352.82,4352.16,4352.65,89
2026-08-14 12:40:00,4352.64,4353.19,4352.31,4352.33,113
2026-08-14 12:41:00,4352.34,4353.48,4351.75,4353.25,137
2026-08-14 12:42:00,4353.25,4353.55,4352.31,4352.43,119
2026-08-14 12:43:00,4352.43,4353.39,4352.09,4353.13,112
2026-08-14 12:44:00,4353.31,4353.55,4352.56,4353.55,105
2026-08-14 12:45:00,4353.43,4354.67,4353.43,4354.47,139
2026-08-14 12:46:00,4354.46,4354.54,4353.39,4353.55,123
2026-08-14 12:47:00,4353.49,4353.67,4352.8,4353.06,100
2026-08-14 12:48:00,4353.1,4353.44,4352.52,4353.23,115
2026-08-14 12:49:00,4353.43,4354.67,4353.28,4353.61,140
2026-08-14 12:50:00,4353.59,4355.53,4353.15,4354.79,121
2026-08-14 12:51:00,4354.39,4354.61,4353.26,4353.53,110
2026-08-14 12:52:00,4353.54,4354.6,4352.99,4354.49,143
2026-08-14 12:53:00,4354.36,4354.68,4353.97,4354.52,115
2026-08-14 12:54:00,4354.51,4355.1,4354.06,4354.88,104
2026-08-14 12:55:00,4354.86,4355.54,4353.77,4354.87,150
2026-08-14 12:56:00,4354.73,4355.39,4354.42,4354.92,112
2026-08-14 12:57:00,4354.96,4355.36,4354.28,4354.71,115
2026-08-14 12:58:00,4354.72,4355.32,4354.28,4355.27,123
2026-08-14 12:59:00,4355.05,4357.45,4354.98,4357.04,152
2026-08-14 13:00:00,4357.07,4357.55,4355.9,4355.99,151
2026-08-14 13:01:00,4356.12,4356.75,4355.82,4356.22,136
2026-08-14 13:02:00,4356.16,4356.86,4355.99,4356.65,121
2026-08-14 13:03:00,4356.64,4356.97,4356.4,4356.9,96
2026-08-14 13:04:00,4356.91,4357.36,4356.72,4356.79,144
2026-08-14 13:05:00,4356.78,4357.1,4356.41,4356.73,122
2026-08-14 13:06:00,4356.6,4357.37,4356.5,4357.17,126
2026-08-14 13:07:00,4357.0,4358.71,4356.75,4356.75,157
2026-08-14 13:08:00,4356.89,4356.89,4355.99,4356.71,114
2026-08-14 13:09:00,4356.71,4357.62,4355.74,4356.17,133
2026-08-14 13:10:00,4356.17,4356.74,4355.16,4355.65,132
2026-08-14 13:11:00,4355.65,4356.92,4355.64,4356.29,115
2026-08-14 13:12:00,4356.29,4356.54,4355.64,4356.39,135
2026-08-14 13:13:00,4356.41,4356.98,4355.8,4355.85,128
2026-08-14 13:14:00,4355.77,4355.77,4353.75,4354.48,139
2026-08-14 13:15:00,4354.33,4355.24,4354.21,4354.88,134
2026-08-14 13:16:00,4355.25,4355.4,4353.01,4353.28,124
2026-08-14 13:17:00,4353.28,4354.2,4353.22,4353.92,135
2026-08-14 13:18:00,4353.93,4354.07,4353.09,4353.27,113
2026-08-14 13:19:00,4353.18,4353.66,4351.92,4353.41,132
2026-08-14 13:20:00,4353.49,4353.81,4353.0,4353.25,137
2026-08-14 13:21:00,4353.12,4353.43,4352.33,4353.09,120
2026-08-14 13:22:00,4353.08,4354.38,4352.95,4354.1,112
2026-08-14 13:23:00,4354.13,4354.27,4353.72,4353.99,102
2026-08-14 13:24:00,4353.99,4354.34,4353.7,4353.88,88
2026-08-14 13:25:00,4354.06,4354.21,4353.21,4353.23,108
2026-08-14 13:26:00,4353.37,4353.58,4350.96,4351.49,139
2026-08-14 13:27:00,4351.5,4351.92,4351.04,4351.04,123
2026-08-14 13:28:00,4351.07,4351.78,4350.73,4350.84,113
2026-08-14 13:29:00,4350.88,4351.48,4350.22,4351.42,152
2026-08-14 13:30:00,4351.41,4351.56,4350.39,4350.61,120
2026-08-14 13:31:00,4350.61,4350.7,4348.81,4349.42,148
2026-08-14 13:32:00,4349.24,4349.58,4348.8,4348.86,139
2026-08-14 13:33:00,4348.99,4349.62,4348.3,4349.33,109
2026-08-14 13:34:00,4349.33,4350.09,4349.2,4349.45,119
2026-08-14 13:35:00,4349.46,4349.84,4349.2,4349.71,117
2026-08-14 13:36:00,4349.76,4350.13,4349.34,4350.13,95
2026-08-14 13:37:00,4350.23,4350.29,4348.79,4348.89,126
2026-08-14 13:38:00,4349.03,4349.5,4349.03,4349.13,114
2026-08-14 13:39:00,4349.3,4349.57,4348.47,4348.86,111
2026-08-14 13:40:00,4348.86,4349.29,4348.74,4348.95,80
2026-08-14 13:41:00,4348.97,4350.61,4348.55,4350.07,130
2026-08-14 13:42:00,4349.9,4350.46,4349.01,4349.88,120
2026-08-14 13:43:00,4350.02,4351.36,4349.45,4351.36,110
2026-08-14 13:44:00,4351.36,4352.03,4350.62,4351.97,124
2026-08-14 13:45:00,4351.92,4352.44,4351.68,4352.44,111
2026-08-14 13:46:00,4352.35,4352.61,4351.45,4351.6,117
2026-08-14 13:47:00,4351.63,4352.49,4351.25,4352.41,121
2026-08-14 13:48:00,4352.5,4352.61,4351.33,4351.62,105
2026-08-14 13:49:00,4351.81,4351.83,4351.27,4351.36,94
2026-08-14 13:50:00,4351.36,4352.67,4351.2,4352.39,104
2026-08-14 13:51:00,4352.59,4353.03,4352.4,4352.79,107
2026-08-14 13:52:00,4352.88,4353.6,4352.75,4353.16,113
2026-08-14 13:53:00,4353.13,4353.13,4351.08,4351.19,128
2026-08-14 13:54:00,4351.27,4351.42,4350.76,4351.13,109
2026-08-14 13:55:00,4350.99,4351.16,4349.56,4349.92,127
2026-08-14 13:56:00,4349.82,4350.16,4349.32,4349.51,125
2026-08-14 13:57:00,4349.5,4349.88,4348.68,4349.71,134
2026-08-14 13:58:00,4349.71,4349.88,4348.3,4349.26,117
2026-08-14 13:59:00,4349.43,4349.83,4349.26,4349.26,104
2026-08-14 14:00:00,4349.32,4349.99,4348.41,4349.88,150
2026-08-14 14:01:00,4349.93,4350.39,4349.47,4350.09,151
2026-08-14 14:02:00,4349.92,4351.05,4349.92,4350.67,148
2026-08-14 14:03:00,4350.7,4350.74,4349.04,4349.1,124
2026-08-14 14:04:00,4349.09,4349.78,4348.85,4349.23,136
2026-08-14 14:05:00,4349.29,4349.65,4348.95,4349.64,125
2026-08-14 14:06:00,4349.71,4350.28,4349.25,4349.54,109
2026-08-14 14:07:00,4349.54,4350.07,4349.36,4349.93,121
2026-08-14 14:08:00,4349.93,4351.49,4349.93,4351.46,130
2026-08-14 14:09:00,4351.47,4351.47,4350.55,4350.92,102
2026-08-14 14:10:00,4351.03,4351.22,4350.44,4350.8,124
2026-08-14 14:11:00,4350.81,4351.48,4350.8,4351.47,106
2026-08-14 14:12:00,4351.33,4351.52,4350.68,4351.15,104
2026-08-14 14:13:00,4351.29,4351.71,4350.27,4350.65,113
2026-08-14 14:14:00,4350.47,4350.92,4349.94,4350.69,122
2026-08-14 14:15:00,4350.56,4351.59,4350.56,4351.36,132
2026-08-14 14:16:00,4351.48,4353.81,4350.97,4353.81,148
2026-08-14 14:17:00,4353.64,4355.01,4353.48,4354.3,143
2026-08-14 14:18:00,4354.53,4354.72,4353.56,4354.5,118
2026-08-14 14:19:00,4354.47,4355.59,4354.47,4355.56,129
2026-08-14 14:20:00,4355.55,4356.01,4355.21,4355.99,139
2026-08-14 14:21:00,4355.98,4356.84,4355.75,4356.39,128
2026-08-14 14:22:00,4356.21,4356.68,4355.01,4355.24,129
2026-08-14 14:23:00,4355.25,4355.82,4353.38,4354.02,145
2026-08-14 14:24:00,4354.02,4354.4,4353.6,4354.07,128
2026-08-14 14:25:00,4354.07,4354.32,4353.26,4353.66,140
2026-08-14 14:26:00,4353.6,4355.77,4353.08,4355.58,148
2026-08-14 14:27:00,4355.71,4356.67,4355.32,4356.49,135
2026-08-14 14:28:00,4356.63,4357.12,4356.33,4356.89,102
2026-08-14 14:29:00,4356.85,4357.01,4356.1,4356.83,103
2026-08-14 14:30:00,4356.74,4360.81,4356.39,4358.61,162
2026-08-14 14:31:00,4358.65,4359.2,4357.08,4358.28,158
2026-08-14 14:32:00,4358.25,4358.79,4357.78,4358.07,139
2026-08-14 14:33:00,4358.08,4358.9,4357.76,4358.29,130
2026-08-14 14:34:00,4358.29,4361.87,4357.85,4361.59,153
2026-08-14 14:35:00,4361.6,4362.2,4361.2,4361.75,172
2026-08-14 14:36:00,4361.78,4361.78,4360.27,4360.88,155
2026-08-14 14:37:00,4360.94,4361.95,4360.19,4361.76,164
2026-08-14 14:38:00,4361.76,4362.65,4361.46,4362.61,108
2026-08-14 14:39:00,4362.64,4363.76,4361.58,4361.58,124
2026-08-14 14:40:00,4361.59,4362.43,4361.39,4362.42,128
2026-08-14 14:41:00,4362.41,4362.81,4362.01,4362.53,140
2026-08-14 14:42:00,4362.51,4363.46,4362.15,4363.02,153
2026-08-14 14:43:00,4363.07,4363.49,4362.28,4362.98,141
2026-08-14 14:44:00,4363.0,4363.28,4362.24,4362.51,125
2026-08-14 14:45:00,4362.49,4363.19,4361.79,4362.23,154
2026-08-14 14:46:00,4362.19,4362.69,4361.62,4361.83,151
2026-08-14 14:47:00,4361.83,4362.46,4360.89,4361.6,149
2026-08-14 14:48:00,4361.58,4361.68,4361.04,4361.62,118
2026-08-14 14:49:00,4361.53,4362.06,4361.44,4361.72,136
2026-08-14 14:50:00,4361.86,4365.87,4361.74,4364.77,149
2026-08-14 14:51:00,4364.79,4365.98,4364.1,4365.87,165
2026-08-14 14:52:00,4365.87,4367.44,4365.67,4366.98,156
2026-08-14 14:53:00,4366.98,4368.23,4366.93,4367.61,169
2026-08-14 14:54:00,4367.6,4367.6,4365.89,4367.16,152
2026-08-14 14:55:00,4367.18,4367.59,4366.46,4366.67,157
2026-08-14 14:56:00,4366.68,4367.26,4365.78,4366.02,157
2026-08-14 14:57:00,4366.03,4367.05,4365.56,4366.46,156
2026-08-14 14:58:00,4366.47,4367.96,4366.34,4367.75,140
2026-08-14 14:59:00,4367.77,4369.44,4367.58,4369.15,144
2026-08-14 15:00:00,4369.29,4372.82,4369.02,4371.7,199
2026-08-14 15:01:00,4371.23,4371.97,4370.43,4371.79,186
2026-08-14 15:02:00,4371.79,4374.21,4371.52,4373.62,183
2026-08-14 15:03:00,4373.56,4375.41,4372.75,4373.63,183
2026-08-14 15:04:00,4373.58,4375.02,4373.49,4373.75,171
2026-08-14 15:05:00,4373.75,4374.55,4372.89,4374.49,179
2026-08-14 15:06:00,4374.5,4374.99,4373.48,4373.69,161
2026-08-14 15:07:00,4373.83,4374.21,4373.05,4373.46,137
2026-08-14 15:08:00,4373.39,4376.74,4373.06,4373.73,186
2026-08-14 15:09:00,4373.76,4374.13,4371.71,4372.01,177
2026-08-14 15:10:00,4372.16,4372.16,4370.87,4371.7,141
2026-08-14 15:11:00,4371.89,4372.01,4369.99,4370.33,162
2026-08-14 15:12:00,4370.37,4370.92,4369.67,4370.54,145
2026-08-14 15:13:00,4370.55,4371.37,4365.86,4368.62,190
2026-08-14 15:14:00,4368.62,4372.0,4368.62,4371.76,181
2026-08-14 15:15:00,4371.8,4372.32,4370.23,4370.46,153
2026-08-14 15:16:00,4370.31,4370.69,4369.56,4370.24,170
2026-08-14 15:17:00,4370.26,4371.07,4369.81,4370.51,152
2026-08-14 15:18:00,4370.37,4371.54,4369.95,4371.2,141
2026-08-14 15:19:00,4370.89,4372.64,4370.89,4372.19,149
2026-08-14 15:20:00,4372.4,4377.27,4372.4,4376.68,201
2026-08-14 15:21:00,4376.72,4377.46,4375.64,4377.27,194
2026-08-14 15:22:00,4377.3,4379.14,4377.28,4378.07,184
2026-08-14 15:23:00,4378.04,4379.68,4377.16,4379.41,190
2026-08-14 15:24:00,4378.84,4380.45,4378.57,4379.16,194
2026-08-14 15:25:00,4379.03,4380.23,4378.65,4379.92,193
2026-08-14 15:26:00,4380.27,4380.49,4378.25,4378.51,170
2026-08-14 15:27:00,4378.47,4378.97,4377.29,4378.02,171
2026-08-14 15:28:00,4378.04,4379.82,4377.74,4378.7,181
2026-08-14 15:29:00,4378.84,4380.71,4378.52,4380.06,182
2026-08-14 15:30:00,4379.99,4383.78,4377.64,4381.45,245
2026-08-14 15:31:00,4381.69,4387.03,4380.1,4386.65,209
2026-08-14 15:32:00,4386.81,4386.81,4382.13,4383.11,212
2026-08-14 15:33:00,4383.08,4384.48,4382.38,4383.02,214
2026-08-14 15:34:00,4383.01,4383.44,4380.37,4381.4,210
2026-08-14 15:35:00,4381.24,4381.93,4379.97,4380.17,211
2026-08-14 15:36:00,4380.12,4380.14,4378.58,4378.98,198
2026-08-14 15:37:00,4378.81,4379.46,4377.91,4377.94,183
2026-08-14 15:38:00,4377.76,4379.16,4377.0,4377.17,184
2026-08-14 15:39:00,4377.01,4377.96,4375.93,4377.72,190
2026-08-14 15:40:00,4377.86,4377.86,4374.42,4374.68,192
2026-08-14 15:41:00,4374.61,4375.29,4372.94,4373.31,184
2026-08-14 15:42:00,4373.21,4374.36,4373.21,4373.48,171
2026-08-14 15:43:00,4373.72,4374.49,4372.25,4373.07,195
2026-08-14 15:44:00,4373.08,4374.4,4372.05,4372.85,168
2026-08-14 15:45:00,4372.93,4373.32,4371.36,4372.21,172
2026-08-14 15:46:00,4372.19,4373.8,4370.8,4370.85,185
2026-08-14 15:47:00,4370.93,4372.95,4370.9,4372.94,177
2026-08-14 15:48:00,4372.95,4376.47,4372.8,4376.41,177
2026-08-14 15:49:00,4376.41,4376.86,4374.71,4374.86,165
2026-08-14 15:50:00,4374.87,4375.18,4373.66,4373.74,172
2026-08-14 15:51:00,4373.75,4374.62,4373.09,4373.5,167
2026-08-14 15:52:00,4373.53,4374.86,4372.8,4374.64,166
2026-08-14 15:53:00,4374.67,4376.51,4374.34,4375.74,161
2026-08-14 15:54:00,4375.96,4377.85,4375.09,4375.46,178
2026-08-14 15:55:00,4375.38,4375.8,4374.42,4374.65,174
2026-08-14 15:56:00,4374.68,4375.46,4373.41,4373.73,178
2026-08-14 15:57:00,4373.61,4374.47,4372.41,4373.99,165
2026-08-14 15:58:00,4374.01,4374.81,4373.55,4374.32,168
2026-08-14 15:59:00,4374.31,4374.71,4372.9,4373.6,169
2026-08-14 16:00:00,4373.82,4374.01,4370.2,4373.05,220
2026-08-14 16:01:00,4373.33,4375.47,4372.58,4374.21,208
2026-08-14 16:02:00,4373.95,4374.8,4371.61,4373.15,198
2026-08-14 16:03:00,4373.29,4378.77,4373.29,4378.77,201
2026-08-14 16:04:00,4378.7,4379.04,4376.07,4378.01,187
2026-08-14 16:05:00,4378.15,4379.13,4376.69,4377.51,191
2026-08-14 16:06:00,4377.43,4380.26,4377.15,4379.42,196
2026-08-14 16:07:00,4379.41,4379.71,4378.04,4378.66,185
2026-08-14 16:08:00,4378.68,4378.93,4376.18,4377.0,175
2026-08-14 16:09:00,4376.92,4379.81,4376.74,4379.8,188
2026-08-14 16:10:00,4379.88,4381.2,4378.51,4378.51,185
2026-08-14 16:11:00,4378.5,4379.73,4378.26,4378.79,169
2026-08-14 16:12:00,4378.95,4380.56,4378.91,4379.71,174
2026-08-14 16:13:00,4379.57,4380.4,4378.26,4378.58,181
2026-08-14 16:14:00,4378.62,4378.87,4374.94,4375.03,178
2026-08-14 16:15:00,4375.03,4378.15,4375.03,4378.15,174
2026-08-14 16:16:00,4378.16,4379.35,4377.44,4379.33,184
2026-08-14 16:17:00,4378.92,4380.68,4378.4,4379.28,182
2026-08-14 16:18:00,4379.26,4380.51,4378.42,4379.22,190
2026-08-14 16:19:00,4378.99,4381.02,4377.85,4380.84,182
2026-08-14 16:20:00,4380.84,4381.13,4379.77,4380.66,155
2026-08-14 16:21:00,4380.7,4381.3,4379.72,4380.9,163
2026-08-14 16:22:00,4381.01,4382.6,4380.98,4381.66,177
2026-08-14 16:23:00,4381.68,4384.73,4381.11,4384.7,188
2026-08-14 16:24:00,4384.69,4385.45,4383.7,4385.45,193
2026-08-14 16:25:00,4385.55,4386.67,4385.26,4385.59,183
2026-08-14 16:26:00,4385.63,4386.49,4384.26,4385.73,173
2026-08-14 16:27:00,4385.99,4386.38,4384.86,4386.02,186
2026-08-14 16:28:00,4386.09,4386.09,4383.95,4385.0,177
2026-08-14 16:29:00,4384.96,4386.0,4383.91,4384.32,198
2026-08-14 16:30:00,4384.35,4387.97,4383.61,4387.33,243
2026-08-14 16:31:00,4386.93,4389.43,4385.56,4387.57,229
2026-08-14 16:32:00,4387.46,4390.58,4387.19,4389.7,222
2026-08-14 16:33:00,4389.99,4390.15,4387.44,4388.72,216
2026-08-14 16:34:00,4388.87,4391.77,4388.51,4391.0,204
2026-08-14 16:35:00,4391.36,4393.55,4391.02,4392.45,218
2026-08-14 16:36:00,4392.48,4393.78,4391.63,4393.3,222
2026-08-14 16:37:00,4393.16,4395.13,4391.03,4394.77,217
2026-08-14 16:38:00,4394.33,4396.9,4394.08,4396.56,225
2026-08-14 16:39:00,4396.55,4397.02,4393.52,4395.31,220
2026-08-14 16:40:00,4395.5,4395.83,4392.74,4393.84,220
2026-08-14 16:41:00,4393.86,4394.1,4390.44,4391.12,209
2026-08-14 16:42:00,4390.95,4394.78,4390.67,4394.78,198
2026-08-14 16:43:00,4394.88,4396.3,4393.94,4394.21,223
2026-08-14 16:44:00,4394.28,4395.53,4393.36,4393.91,206
2026-08-14 16:45:00,4393.76,4394.75,4393.25,4394.37,218
2026-08-14 16:46:00,4394.4,4394.4,4389.78,4389.85,213
2026-08-14 16:47:00,4389.85,4390.32,4387.3,4389.78,201
2026-08-14 16:48:00,4389.66,4390.61,4388.34,4389.43,202
2026-08-14 16:49:00,4389.5,4389.5,4386.39,4386.63,204
2026-08-14 16:50:00,4387.11,4388.52,4385.95,4387.81,204
2026-08-14 16:51:00,4387.63,4387.93,4384.95,4387.77,214
2026-08-14 16:52:00,4387.79,4388.13,4384.53,4384.85,201
2026-08-14 16:53:00,4384.86,4385.56,4383.43,4384.77,206
2026-08-14 16:54:00,4384.72,4386.24,4382.74,4384.5,202
2026-08-14 16:55:00,4384.48,4385.73,4383.63,4385.6,208
2026-08-14 16:56:00,4385.58,4385.68,4383.2,4383.85,186
2026-08-14 16:57:00,4383.86,4385.11,4383.59,4383.84,189
2026-08-14 16:58:00,4383.54,4384.63,4382.84,4383.92,184
2026-08-14 16:59:00,4383.92,4385.74,4383.92,4384.33,170
2026-08-14 17:00:00,4384.63,4392.82,4384.22,4392.24,214
2026-08-14 17:01:00,4392.32,4392.61,4387.6,4388.27,215
2026-08-14 17:02:00,4388.28,4390.48,4387.82,4389.59,202
2026-08-14 17:03:00,4389.57,4389.83,4387.78,4389.35,207
2026-08-14 17:04:00,4389.27,4392.72,4389.04,4391.38,198
2026-08-14 17:05:00,4391.44,4391.67,4390.37,4391.02,205
2026-08-14 17:06:00,4391.15,4391.98,4389.33,4391.81,193
2026-08-14 17:07:00,4391.82,4391.9,4389.69,4391.27,193
2026-08-14 17:08:00,4391.29,4391.38,4389.65,4390.03,178
2026-08-14 17:09:00,4389.86,4390.76,4388.74,4388.74,199
2026-08-14 17:10:00,4388.6,4389.7,4387.47,4387.98,183
2026-08-14 17:11:00,4387.79,4391.29,4387.05,4389.86,184
2026-08-14 17:12:00,4389.83,4392.97,4389.15,4392.79,189
2026-08-14 17:13:00,4393.04,4393.19,4391.6,4391.97,186
2026-08-14 17:14:00,4391.91,4393.0,4389.4,4390.55,195
2026-08-14 17:15:00,4390.61,4392.38,4389.29,4390.82,201
2026-08-14 17:16:00,4390.43,4390.91,4388.37,4389.28,199
2026-08-14 17:17:00,4389.24,4391.4,4388.77,4390.9,188
2026-08-14 17:18:00,4391.02,4391.44,4387.87,4388.67,202
2026-08-14 17:19:00,4388.77,4388.77,4385.35,4386.24,193
2026-08-14 17:20:00,4386.25,4386.5,4385.14,4385.54,196
2026-08-14 17:21:00,4385.53,4388.25,4385.31,4387.83,204
2026-08-14 17:22:00,4387.62,4388.44,4386.59,4387.47,186
2026-08-14 17:23:00,4387.73,4390.19,4387.25,4389.91,198
2026-08-14 17:24:00,4389.93,4392.42,4389.78,4392.32,201
2026-08-14 17:25:00,4392.11,4394.76,4391.21,4393.01,204
2026-08-14 17:26:00,4392.97,4393.41,4392.21,4392.24,184
2026-08-14 17:27:00,4392.25,4393.85,4391.95,4392.04,202
2026-08-14 17:28:00,4391.9,4392.09,4391.19,4391.38,161
2026-08-14 17:29:00,4391.36,4392.04,4390.41,4390.8,193
2026-08-14 17:30:00,4390.78,4391.66,4388.47,4388.47,200
2026-08-14 17:31:00,4388.37,4391.14,4388.22,4390.37,202
2026-08-14 17:32:00,4390.4,4390.8,4388.8,4389.84,186
2026-08-14 17:33:00,4389.83,4390.15,4388.27,4389.02,191
2026-08-14 17:34:00,4389.09,4389.1,4384.27,4384.62,199
2026-08-14 17:35:00,4384.66,4386.49,4384.5,4385.46,194
2026-08-14 17:36:00,4385.54,4386.81,4385.19,4386.81,199
2026-08-14 17:37:00,4386.87,4387.03,4384.0,4384.15,200
2026-08-14 17:38:00,4384.23,4385.58,4384.23,4385.49,196
2026-08-14 17:39:00,4385.64,4387.21,4385.3,4385.83,176
2026-08-14 17:40:00,4386.07,4386.6,4384.76,4385.6,187
2026-08-14 17:41:00,4385.66,4385.78,4383.36,4383.7,185
2026-08-14 17:42:00,4383.61,4383.67,4381.37,4382.02,182
2026-08-14 17:43:00,4382.02,4383.61,4381.97,4383.04,179
2026-08-14 17:44:00,4383.03,4385.13,4381.86,4384.25,187
2026-08-14 17:45:00,4384.26,4384.54,4381.6,4381.99,200
2026-08-14 17:46:00,4382.05,4382.14,4379.51,4380.52,205
2026-08-14 17:47:00,4380.4,4380.97,4378.82,4380.97,183
2026-08-14 17:48:00,4380.98,4382.58,4380.32,4382.04,174
2026-08-14 17:49:00,4381.86,4382.43,4380.01,4380.57,176
2026-08-14 17:50:00,4380.57,4380.57,4379.55,4379.96,178
2026-08-14 17:51:00,4379.73,4380.84,4379.51,4379.6,185
2026-08-14 17:52:00,4379.61,4381.93,4379.57,4381.19,168
2026-08-14 17:53:00,4381.18,4383.12,4380.89,4382.9,190
2026-08-14 17:54:00,4382.96,4383.09,4381.54,4381.6,178
2026-08-14 17:55:00,4381.68,4382.99,4381.64,4382.53,157
2026-08-14 17:56:00,4382.45,4382.49,4379.83,4380.08,194
2026-08-14 17:57:00,4380.22,4382.71,4379.78,4381.57,203
2026-08-14 17:58:00,4381.57,4382.36,4380.11,4380.93,177
2026-08-14 17:59:00,4380.9,4381.84,4380.03,4381.32,174
2026-08-14 18:00:00,4381.26,4383.68,4380.89,4383.4,201
2026-08-14 18:01:00,4383.29,4385.74,4383.25,4385.74,191
2026-08-14 18:02:00,4385.58,4387.86,4385.58,4386.95,197
2026-08-14 18:03:00,4386.93,4390.95,4386.77,4389.57,206
2026-08-14 18:04:00,4389.48,4390.05,4386.74,4386.74,198
2026-08-14 18:05:00,4386.72,4387.98,4386.12,4386.86,184
2026-08-14 18:06:00,4386.75,4388.5,4386.63,4387.68,183
2026-08-14 18:07:00,4387.63,4388.74,4386.7,4388.12,185
2026-08-14 18:08:00,4388.24,4389.19,4387.34,4387.34,184
2026-08-14 18:09:00,4387.29,4387.29,4385.35,4386.51,175
2026-08-14 18:10:00,4386.57,4387.05,4385.86,4386.54,188
2026-08-14 18:11:00,4386.55,4389.32,4386.55,4387.96,193
2026-08-14 18:12:00,4387.98,4390.67,4387.37,4390.31,202
2026-08-14 18:13:00,4390.17,4393.19,4389.68,4393.01,206
2026-08-14 18:14:00,4393.16,4394.09,4391.84,4392.2,214
2026-08-14 18:15:00,4392.21,4393.77,4389.78,4389.78,208
2026-08-14 18:16:00,4389.66,4390.06,4387.82,4389.06,206
2026-08-14 18:17:00,4389.28,4392.6,4389.28,4390.99,201
2026-08-14 18:18:00,4390.87,4390.87,4387.62,4387.92,181
2026-08-14 18:19:00,4387.64,4387.86,4385.96,4386.26,174
2026-08-14 18:20:00,4386.25,4386.9,4385.75,4386.84,188
2026-08-14 18:21:00,4386.86,4387.18,4385.15,4385.53,190
2026-08-14 18:22:00,4385.47,4385.85,4383.76,4384.45,192
2026-08-14 18:23:00,4384.43,4386.14,4383.68,4385.54,181
2026-08-14 18:24:00,4385.56,4385.84,4382.92,4383.23,177
2026-08-14 18:25:00,4383.16,4384.0,4381.63,4382.11,182
2026-08-14 18:26:00,4382.31,4382.31,4378.87,4380.7,197
2026-08-14 18:27:00,4380.55,4382.84,4380.03,4382.75,201
2026-08-14 18:28:00,4382.66,4383.84,4382.66,4382.87,189
2026-08-14 18:29:00,4382.94,4385.09,4382.78,4384.65,181
2026-08-14 18:30:00,4384.77,4389.16,4383.73,4387.03,204
2026-08-14 18:31:00,4387.01,4387.5,4385.05,4385.56,189
2026-08-14 18:32:00,4385.57,4385.57,4384.6,4385.02,174
2026-08-14 18:33:00,4385.05,4386.83,4384.88,4385.08,173
2026-08-14 18:34:00,4385.22,4387.82,4385.22,4387.53,197
2026-08-14 18:35:00,4387.69,4389.55,4386.84,4388.81,197
2026-08-14 18:36:00,4388.77,4390.04,4388.65,4389.71,178
2026-08-14 18:37:00,4389.74,4389.74,4387.89,4388.62,174
2026-08-14 18:38:00,4388.49,4388.83,4386.75,4386.79,162
2026-08-14 18:39:00,4386.77,4388.63,4386.64,4387.57,179
2026-08-14 18:40:00,4387.56,4388.04,4386.86,4387.7,168
2026-08-14 18:41:00,4387.55,4388.9,4387.27,4388.9,174
2026-08-14 18:42:00,4388.88,4389.51,4386.64,4386.64,189
2026-08-14 18:43:00,4386.7,4388.3,4386.57,4387.89,171
2026-08-14 18:44:00,4387.94,4389.91,4387.76,4389.44,176
2026-08-14 18:45:00,4389.49,4391.54,4389.22,4390.96,186
2026-08-14 18:46:00,4390.89,4393.46,4390.15,4392.18,194
2026-08-14 18:47:00,4392.18,4394.75,4392.0,4393.79,187
2026-08-14 18:48:00,4393.58,4394.77,4393.58,4394.09,199
2026-08-14 18:49:00,4394.19,4394.3,4392.03,4392.03,177
2026-08-14 18:50:00,4392.03,4392.5,4391.63,4392.1,173
2026-08-14 18:51:00,4392.11,4393.04,4391.27,4392.54,158
2026-08-14 18:52:00,4392.6,4393.11,4392.18,4392.28,144
2026-08-14 18:53:00,4392.39,4392.84,4391.72,4392.2,148
2026-08-14 18:54:00,4392.19,4392.49,4389.99,4390.29,165
2026-08-14 18:55:00,4390.29,4392.03,4390.29,4391.86,163
2026-08-14 18:56:00,4391.81,4393.06,4391.6,4392.47,160
2026-08-14 18:57:00,4392.45,4392.47,4391.18,4391.77,175
2026-08-14 18:58:00,4391.79,4392.26,4391.37,4391.37,162
2026-08-14 18:59:00,4391.51,4391.79,4390.66,4391.7,159
2026-08-14 19:00:00,4391.65,4393.93,4391.63,4393.36,191
2026-08-14 19:01:00,4393.38,4396.99,4392.86,4394.42,183
2026-08-14 19:02:00,4394.38,4395.15,4392.0,4392.97,176
2026-08-14 19:03:00,4392.99,4393.39,4391.75,4392.4,176
2026-08-14 19:04:00,4392.44,4392.44,4390.91,4390.95,156
2026-08-14 19:05:00,4390.98,4392.82,4390.83,4392.8,184
2026-08-14 19:06:00,4392.81,4393.25,4391.58,4392.39,161
2026-08-14 19:07:00,4392.5,4392.77,4391.76,4392.11,153
2026-08-14 19:08:00,4391.92,4392.09,4390.88,4390.99,154
2026-08-14 19:09:00,4390.88,4390.99,4389.13,4390.01,193
2026-08-14 19:10:00,4390.02,4390.02,4388.76,4388.96,164
2026-08-14 19:11:00,4388.8,4390.06,4388.78,4389.3,154
2026-08-14 19:12:00,4389.24,4390.4,4389.15,4389.6,143
2026-08-14 19:13:00,4389.59,4390.2,4388.82,4389.57,161
2026-08-14 19:14:00,4389.71,4390.47,4389.29,4389.8,144
2026-08-14 19:15:00,4389.72,4390.74,4389.4,4390.36,158
2026-08-14 19:16:00,4390.34,4391.5,4390.31,4391.43,140
2026-08-14 19:17:00,4391.54,4391.98,4390.68,4391.75,158
2026-08-14 19:18:00,4391.66,4391.79,4390.69,4391.18,158
2026-08-14 19:19:00,4391.17,4391.79,4390.88,4391.58,142
2026-08-14 19:20:00,4391.75,4393.03,4391.65,4392.62,172
2026-08-14 19:21:00,4392.63,4393.03,4392.25,4392.59,151
2026-08-14 19:22:00,4392.78,4392.78,4391.13,4391.19,140
2026-08-14 19:23:00,4391.2,4391.31,4390.4,4390.59,159
2026-08-14 19:24:00,4390.59,4390.82,4389.42,4389.85,143
2026-08-14 19:25:00,4389.72,4389.77,4387.91,4388.24,158
2026-08-14 19:26:00,4387.94,4388.61,4387.58,4387.9,158
2026-08-14 19:27:00,4387.58,4387.81,4387.1,4387.39,158
2026-08-14 19:28:00,4387.37,4388.09,4386.81,4387.06,166
2026-08-14 19:29:00,4387.06,4387.83,4386.9,4387.49,145
2026-08-14 19:30:00,4387.41,4387.66,4385.44,4386.51,182
2026-08-14 19:31:00,4386.43,4387.08,4384.23,4385.17,174
2026-08-14 19:32:00,4385.16,4385.22,4382.71,4382.95,188
2026-08-14 19:33:00,4382.89,4383.46,4380.14,4382.99,192
2026-08-14 19:34:00,4383.01,4384.21,4382.72,4383.78,172
2026-08-14 19:35:00,4383.75,4384.77,4383.32,4384.69,149
2026-08-14 19:36:00,4384.68,4386.92,4384.51,4386.29,173
2026-08-14 19:37:00,4386.12,4387.0,4385.65,4386.82,164
2026-08-14 19:38:00,4386.39,4387.84,4385.98,4387.8,160
2026-08-14 19:39:00,4387.78,4389.05,4387.48,4388.27,162
2026-08-14 19:40:00,4388.04,4388.76,4387.11,4387.39,169
2026-08-14 19:41:00,4387.38,4387.38,4385.62,4386.56,169
2026-08-14 19:42:00,4386.62,4387.57,4386.55,4386.97,126
2026-08-14 19:43:00,4386.82,4387.13,4386.33,4386.5,144
2026-08-14 19:44:00,4386.5,4386.51,4385.64,4385.71,147
2026-08-14 19:45:00,4385.72,4386.56,4385.65,4385.74,146
2026-08-14 19:46:00,4385.77,4386.91,4385.56,4386.86,121
2026-08-14 19:47:00,4386.91,4386.91,4385.25,4386.34,147
2026-08-14 19:48:00,4386.36,4386.96,4386.26,4386.53,131
2026-08-14 19:49:00,4386.53,4387.13,4386.33,4387.04,133
2026-08-14 19:50:00,4386.96,4386.96,4385.39,4386.04,122
2026-08-14 19:51:00,4385.97,4386.7,4385.61,4386.47,125
2026-08-14 19:52:00,4386.46,4386.69,4385.81,4386.25,101
2026-08-14 19:53:00,4386.65,4387.48,4385.96,4385.96,126
2026-08-14 19:54:00,4385.94,4386.56,4385.87,4386.52,118
2026-08-14 19:55:00,4386.54,4386.57,4385.3,4386.16,143
2026-08-14 19:56:00,4386.08,4386.08,4384.91,4385.67,140
2026-08-14 19:57:00,4385.4,4385.72,4385.09,4385.57,127
2026-08-14 19:58:00,4385.55,4385.71,4385.07,4385.42,120
2026-08-14 19:59:00,4385.29,4386.34,4385.29,4385.92,125
2026-08-14 20:00:00,4386.04,4386.5,4385.24,4386.09,148
2026-08-14 20:01:00,4386.07,4386.21,4383.91,4384.12,172
2026-08-14 20:02:00,4384.2,4384.33,4383.04,4383.29,149
2026-08-14 20:03:00,4383.21,4384.33,4382.98,4383.57,151
2026-08-14 20:04:00,4383.5,4384.37,4383.09,4383.26,143
2026-08-14 20:05:00,4383.52,4384.12,4382.69,4382.69,159
2026-08-14 20:06:00,4382.8,4383.06,4381.93,4381.93,124
2026-08-14 20:07:00,4381.93,4382.53,4381.42,4382.24,156
2026-08-14 20:08:00,4382.1,4382.98,4381.35,4382.39,143
2026-08-14 20:09:00,4382.38,4382.6,4381.97,4382.26,142
2026-08-14 20:10:00,4382.31,4382.48,4381.58,4382.18,136
2026-08-14 20:11:00,4382.16,4382.57,4381.48,4381.48,146
2026-08-14 20:12:00,4381.48,4381.49,4380.49,4380.83,148
2026-08-14 20:13:00,4380.77,4381.09,4380.27,4380.8,130
2026-08-14 20:14:00,4380.8,4382.46,4380.65,4382.4,130
2026-08-14 20:15:00,4382.4,4384.24,4382.32,4383.85,152
2026-08-14 20:16:00,4383.82,4384.76,4382.23,4382.4,167
2026-08-14 20:17:00,4382.4,4382.68,4381.35,4381.41,168
2026-08-14 20:18:00,4381.45,4382.56,4381.45,4382.11,163
2026-08-14 20:19:00,4381.98,4382.77,4381.39,4381.65,153
2026-08-14 20:20:00,4381.33,4382.2,4379.46,4382.01,152
2026-08-14 20:21:00,4382.12,4382.57,4381.62,4381.96,160
2026-08-14 20:22:00,4382.11,4382.16,4381.35,4381.9,134
2026-08-14 20:23:00,4381.91,4382.41,4381.64,4382.08,133
2026-08-14 20:24:00,4382.15,4382.42,4381.45,4381.48,156
2026-08-14 20:25:00,4381.43,4382.47,4380.62,4381.71,157
2026-08-14 20:26:00,4381.7,4381.7,4380.26,4381.21,156
2026-08-14 20:27:00,4380.98,4381.22,4379.85,4380.27,136
2026-08-14 20:28:00,4380.46,4381.2,4380.07,4381.09,132
2026-08-14 20:29:00,4381.79,4381.92,4379.19,4379.41,182
2026-08-14 20:30:00,4379.51,4382.21,4379.5,4381.54,171
2026-08-14 20:31:00,4381.72,4382.35,4380.88,4381.6,174
2026-08-14 20:32:00,4381.47,4381.88,4380.68,4381.35,136
2026-08-14 20:33:00,4381.21,4381.87,4380.85,4381.14,125
2026-08-14 20:34:00,4381.16,4382.83,4380.95,4382.53,130
2026-08-14 20:35:00,4382.65,4382.66,4380.43,4380.81,150
2026-08-14 20:36:00,4380.82,4381.54,4380.4,4380.46,137
2026-08-14 20:37:00,4380.43,4380.57,4379.39,4379.97,144
2026-08-14 20:38:00,4380.06,4380.82,4379.84,4380.39,130
2026-08-14 20:39:00,4380.14,4380.51,4379.29,4379.51,127
2026-08-14 20:40:00,4379.5,4380.67,4379.16,4380.46,153
2026-08-14 20:41:00,4380.64,4380.7,4379.83,4380.02,125
2026-08-14 20:42:00,4380.04,4380.33,4378.19,4378.24,135
2026-08-14 20:43:00,4378.18,4378.63,4376.91,4377.44,145
2026-08-14 20:44:00,4377.47,4378.13,4377.39,4377.7,130
2026-08-14 20:45:00,4377.64,4378.04,4376.52,4376.67,146
2026-08-14 20:46:00,4376.66,4377.63,4376.36,4377.07,147
2026-08-14 20:47:00,4376.93,4377.23,4376.34,4376.53,137
2026-08-14 20:48:00,4376.54,4377.02,4376.22,4377.0,127
2026-08-14 20:49:00,4376.89,4377.53,4376.35,4376.94,133
2026-08-14 20:50:00,4376.94,4377.15,4376.31,4376.59,127
2026-08-14 20:51:00,4376.74,4377.3,4376.52,4376.75,120
2026-08-14 20:52:00,4376.68,4379.01,4376.61,4378.97,143
2026-08-14 20:53:00,4378.98,4379.1,4378.14,4378.23,142
2026-08-14 20:54:00,4378.28,4378.76,4377.82,4378.13,115
2026-08-14 20:55:00,4378.1,4378.42,4377.76,4378.33,101
2026-08-14 20:56:00,4378.39,4378.39,4377.37,4377.45,129
2026-08-14 20:57:00,4377.41,4378.02,4377.31,4377.92,106
2026-08-14 20:58:00,4377.63,4377.87,4377.2,4377.35,91
2026-08-14 20:59:00,4377.42,4378.5,4377.07,4378.46,127
2026-08-14 21:00:00,4378.47,4378.87,4377.08,4377.23,159
2026-08-14 21:01:00,4377.24,4377.5,4376.35,4377.07,145
2026-08-14 21:02:00,4376.93,4377.65,4376.73,4376.73,128
2026-08-14 21:03:00,4376.74,4379.46,4376.64,4379.21,161
2026-08-14 21:04:00,4379.22,4381.52,4379.22,4381.23,159
2026-08-14 21:05:00,4381.37,4381.76,4380.49,4381.71,151
2026-08-14 21:06:00,4381.6,4381.73,4380.58,4380.66,133
2026-08-14 21:07:00,4380.56,4380.69,4379.17,4380.07,157
2026-08-14 21:08:00,4379.68,4380.2,4379.4,4379.49,127
2026-08-14 21:09:00,4379.57,4380.57,4379.38,4379.79,144
2026-08-14 21:10:00,4379.78,4380.9,4379.24,4379.68,143
2026-08-14 21:11:00,4379.67,4379.74,4378.39,4378.93,155
2026-08-14 21:12:00,4378.93,4378.96,4377.62,4378.36,137
2026-08-14 21:13:00,4378.35,4378.37,4376.85,4377.73,132
2026-08-14 21:14:00,4377.67,4377.75,4376.89,4377.28,101
2026-08-14 21:15:00,4377.41,4377.99,4376.99,4377.74,138
2026-08-14 21:16:00,4377.74,4377.95,4376.98,4377.49,113
2026-08-14 21:17:00,4377.46,4378.77,4377.46,4378.42,126
2026-08-14 21:18:00,4378.56,4378.56,4377.71,4378.08,91
2026-08-14 21:19:00,4378.12,4379.04,4378.12,4378.44,125
2026-08-14 21:20:00,4378.44,4379.34,4378.14,4378.96,109
2026-08-14 21:21:00,4379.09,4380.31,4379.04,4380.06,136
2026-08-14 21:22:00,4380.0,4380.19,4379.1,4379.27,127
2026-08-14 21:23:00,4379.13,4379.61,4379.1,4379.61,72
2026-08-14 21:24:00,4379.57,4379.83,4379.01,4379.39,105
2026-08-14 21:25:00,4379.49,4380.16,4379.42,4379.62,108
2026-08-14 21:26:00,4379.6,4379.93,4379.38,4379.64,96
2026-08-14 21:27:00,4379.49,4380.47,4379.25,4379.5,114
2026-08-14 21:28:00,4379.55,4379.55,4378.39,4378.39,140
2026-08-14 21:29:00,4378.38,4379.77,4377.88,4379.3,142
2026-08-14 21:30:00,4379.27,4379.83,4378.81,4379.05,134
2026-08-14 21:31:00,4379.05,4379.46,4378.25,4378.4,118
2026-08-14 21:32:00,4377.9,4378.26,4377.29,4378.2,128
2026-08-14 21:33:00,4378.23,4378.32,4377.51,4377.9,95
2026-08-14 21:34:00,4377.89,4378.72,4377.78,4378.04,101
2026-08-14 21:35:00,4378.08,4378.75,4378.08,4378.49,93
2026-08-14 21:36:00,4378.31,4380.06,4378.3,4379.9,95
2026-08-14 21:37:00,4379.79,4380.12,4379.19,4380.12,101
2026-08-14 21:38:00,4380.13,4381.84,4379.92,4381.5,124
2026-08-14 21:39:00,4381.47,4382.71,4381.3,4382.55,121
2026-08-14 21:40:00,4382.51,4382.73,4382.1,4382.31,121
2026-08-14 21:41:00,4382.26,4382.41,4381.42,4381.51,110
2026-08-14 21:42:00,4381.53,4382.23,4380.77,4381.83,118
2026-08-14 21:43:00,4381.96,4382.04,4378.2,4379.3,118
2026-08-14 21:44:00,4379.33,4379.54,4376.27,4376.4,161
2026-08-14 21:45:00,4376.4,4376.95,4370.47,4373.15,154
2026-08-14 21:46:00,4373.33,4374.47,4372.6,4374.35,155
2026-08-14 21:47:00,4374.35,4374.93,4373.62,4373.81,126
2026-08-14 21:48:00,4373.93,4374.86,4373.93,4374.68,115
2026-08-14 21:49:00,4374.69,4375.06,4373.99,4374.18,116
2026-08-14 21:50:00,4374.26,4374.5,4373.49,4373.8,105
2026-08-14 21:51:00,4373.92,4374.28,4373.38,4374.21,130
2026-08-14 21:52:00,4374.23,4375.08,4373.93,4374.95,99
2026-08-14 21:53:00,4374.7,4375.71,4374.13,4374.14,136
2026-08-14 21:54:00,4374.09,4374.19,4372.9,4373.4,124
2026-08-14 21:55:00,4373.27,4374.04,4373.01,4373.58,129
2026-08-14 21:56:00,4373.59,4374.02,4373.34,4373.68,102
2026-08-14 21:57:00,4373.61,4374.35,4372.73,4373.53,105
2026-08-14 21:58:00,4373.64,4373.64,4372.95,4373.16,73
2026-08-14 21:59:00,4373.17,4373.78,4373.0,4373.42,83
2026-08-14 22:00:00,4373.42,4373.62,4372.52,4372.8,139
2026-08-14 22:01:00,4372.79,4373.68,4372.65,4373.28,124
2026-08-14 22:02:00,4373.17,4373.88,4372.92,4373.25,107
2026-08-14 22:03:00,4373.32,4373.62,4372.92,4373.19,103
2026-08-14 22:04:00,4373.19,4373.31,4372.5,4372.78,128
2026-08-14 22:05:00,4372.76,4373.08,4372.09,4373.08,95
2026-08-14 22:06:00,4372.93,4374.43,4372.44,4374.42,112
2026-08-14 22:07:00,4374.46,4374.69,4373.61,4373.61,114
2026-08-14 22:08:00,4373.57,4375.07,4373.37,4374.9,97
2026-08-14 22:09:00,4374.92,4376.76,4374.92,4376.28,138
2026-08-14 22:10:00,4376.28,4376.46,4375.72,4375.92,123
2026-08-14 22:11:00,4376.02,4377.19,4375.9,4376.76,118
2026-08-14 22:12:00,4376.8,4377.24,4376.59,4377.08,107
2026-08-14 22:13:00,4377.07,4377.17,4376.4,4376.6,91
2026-08-14 22:14:00,4376.55,4376.78,4375.84,4375.93,127
2026-08-14 22:15:00,4376.0,4376.59,4375.51,4376.1,116
2026-08-14 22:16:00,4376.2,4376.21,4374.58,4375.59,117
2026-08-14 22:17:00,4375.6,4375.7,4374.88,4375.59,110
2026-08-14 22:18:00,4375.45,4375.83,4374.51,4375.56,111
2026-08-14 22:19:00,4375.53,4375.91,4375.03,4375.07,110
2026-08-14 22:20:00,4375.09,4375.85,4375.09,4375.77,91
2026-08-14 22:21:00,4375.79,4376.97,4375.65,4376.38,106
2026-08-14 22:22:00,4376.37,4376.94,4376.07,4376.54,112
2026-08-14 22:23:00,4376.53,4376.9,4376.1,4376.6,117
2026-08-14 22:24:00,4376.74,4376.74,4375.68,4376.26,112
2026-08-14 22:25:00,4376.36,4377.02,4376.23,4376.67,109
2026-08-14 22:26:00,4376.65,4377.88,4376.6,4377.48,124
2026-08-14 22:27:00,4377.49,4377.67,4376.46,4376.46,102
2026-08-14 22:28:00,4376.49,4377.68,4376.44,4377.65,85
2026-08-14 22:29:00,4377.66,4377.94,4376.8,4377.36,126
2026-08-14 22:30:00,4377.38,4377.85,4376.99,4377.3,149
2026-08-14 22:31:00,4377.22,4377.54,4376.95,4377.45,117
2026-08-14 22:32:00,4377.47,4378.02,4377.04,4377.37,105
2026-08-14 22:33:00,4377.22,4377.47,4376.79,4376.97,101
2026-08-14 22:34:00,4377.0,4377.51,4376.6,4377.19,126
2026-08-14 22:35:00,4377.19,4377.79,4377.06,4377.41,129
2026-08-14 22:36:00,4377.62,4378.23,4376.77,4377.23,128
2026-08-14 22:37:00,4377.27,4377.34,4376.01,4376.29,116
2026-08-14 22:38:00,4376.27,4376.94,4376.21,4376.94,87
2026-08-14 22:39:00,4376.96,4376.97,4376.0,4376.61,100
2026-08-14 22:40:00,4376.6,4377.49,4376.04,4377.16,115
2026-08-14 22:41:00,4377.09,4377.41,4376.64,4377.01,114
2026-08-14 22:42:00,4377.03,4377.16,4376.26,4376.86,89
2026-08-14 22:43:00,4376.82,4376.86,4376.33,4376.86,108
2026-08-14 22:44:00,4376.91,4377.2,4375.43,4375.51,125
2026-08-14 22:45:00,4375.5,4376.07,4375.5,4375.86,130
2026-08-14 22:46:00,4375.71,4375.96,4375.27,4375.29,95
2026-08-14 22:47:00,4375.26,4375.84,4375.18,4375.41,111
2026-08-14 22:48:00,4375.28,4375.88,4375.14,4375.62,118
2026-08-14 22:49:00,4375.6,4375.9,4375.2,4375.69,133
2026-08-14 22:50:00,4375.77,4376.72,4375.77,4376.24,145
2026-08-14 22:51:00,4376.28,4377.08,4375.99,4376.91,141
2026-08-14 22:52:00,4376.87,4378.76,4376.69,4378.44,162
2026-08-14 22:53:00,4378.42,4379.93,4378.31,4379.24,167
2026-08-14 22:54:00,4379.09,4379.39,4377.98,4378.14,120
2026-08-14 22:55:00,4378.29,4378.29,4373.4,4374.69,186
2026-08-14 22:56:00,4375.48,4376.54,4375.48,4375.59,169
2026-08-14 22:57:00,4375.64,4376.09,4374.9,4375.18,159
2026-08-14 22:58:00,4375.2,4375.59,4374.75,4375.59,181
2026-08-14 22:59:00,4375.67,4376.31,4375.15,4376.19,199
2026-08-14 23:00:00,4375.91,4375.91,4373.76,4374.45,141
2026-08-14 23:01:00,4374.22,4375.34,4374.04,4375.24,95
2026-08-14 23:02:00,4375.07,4375.29,4374.44,4374.59,89
2026-08-14 23:03:00,4374.58,4374.96,4373.5,4373.62,90
2026-08-14 23:04:00,4373.66,4374.37,4373.65,4374.03,66
2026-08-14 23:05:00,4373.97,4374.5,4372.71,4372.77,114
2026-08-14 23:06:00,4372.68,4373.34,4372.21,4373.29,109
2026-08-14 23:07:00,4373.37,4373.74,4373.0,4373.09,99
2026-08-14 23:08:00,4373.05,4373.78,4373.05,4373.78,64
2026-08-14 23:09:00,4373.8,4373.99,4371.85,4372.16,121
2026-08-14 23:10:00,4372.19,4372.36,4371.4,4371.45,117
2026-08-14 23:11:00,4371.44,4372.17,4371.43,4372.06,75
2026-08-14 23:12:00,4371.82,4372.32,4371.54,4371.54,58
2026-08-14 23:13:00,4371.54,4372.46,4371.39,4372.16,72
2026-08-14 23:14:00,4372.4,4372.97,4372.1,4372.8,64
2026-08-14 23:15:00,4372.8,4373.86,4372.72,4373.36,67
2026-08-14 23:16:00,4373.27,4373.82,4373.19,4373.71,61
2026-08-14 23:17:00,4373.67,4373.75,4373.29,4373.49,63
2026-08-14 23:18:00,4373.73,4373.77,4373.24,4373.77,49
2026-08-14 23:19:00,4373.77,4373.77,4373.09,4373.09,53
2026-08-14 23:20:00,4373.1,4373.62,4373.06,4373.15,60
2026-08-14 23:21:00,4373.15,4374.03,4373.04,4373.75,60
2026-08-14 23:22:00,4373.71,4373.99,4373.33,4373.54,49
2026-08-14 23:23:00,4373.53,4373.83,4372.37,4372.99,67
2026-08-14 23:24:00,4373.0,4374.17,4372.57,4374.07,82
2026-08-14 23:25:00,4373.6,4374.09,4373.44,4373.85,55
2026-08-14 23:26:00,4374.07,4374.93,4374.07,4374.74,68
2026-08-14 23:27:00,4374.77,4374.77,4374.19,4374.27,62
2026-08-14 23:28:00,4374.25,4374.57,4373.74,4373.75,51
2026-08-14 23:29:00,4373.98,4374.78,4373.95,4374.76,79
2026-08-14 23:30:00,4374.71,4374.8,4373.89,4374.26,80
2026-08-14 23:31:00,4374.25,4374.75,4374.22,4374.4,56
2026-08-14 23:32:00,4374.28,4374.35,4373.75,4374.28,57
2026-08-14 23:33:00,4374.26,4374.37,4373.93,4374.04,43
2026-08-14 23:34:00,4374.33,4374.42,4373.57,4373.99,73
2026-08-14 23:35:00,4374.02,4374.84,4373.49,4374.81,88
2026-08-14 23:36:00,4375.03,4375.04,4373.86,4374.59,99
2026-08-14 23:37:00,4374.57,4376.39,4374.09,4375.81,87
2026-08-14 23:38:00,4375.81,4376.05,4375.27,4375.33,94
2026-08-14 23:39:00,4375.31,4376.05,4375.31,4375.5,60
2026-08-14 23:40:00,4375.71,4376.92,4375.71,4376.16,98
2026-08-14 23:41:00,4376.23,4376.35,4375.72,4376.16,88
2026-08-14 23:42:00,4376.15,4376.27,4375.27,4375.58,49
2026-08-14 23:43:00,4375.53,4375.58,4374.56,4374.93,83
2026-08-14 23:44:00,4374.93,4375.94,4374.93,4375.59,83
2026-08-14 23:45:00,4375.6,4376.02,4375.17,4375.51,101
2026-08-14 23:46:00,4375.35,4375.84,4375.13,4375.14,77
2026-08-14 23:47:00,4375.13,4375.57,4375.05,4375.5,48
2026-08-14 23:48:00,4375.27,4375.88,4375.2,4375.58,53
2026-08-14 23:49:00,4375.53,4375.75,4375.16,4375.21,73
2026-08-14 23:50:00,4375.56,4375.81,4374.66,4375.08,109
2026-08-14 23:51:00,4375.39,4375.79,4375.07,4375.67,104
2026-08-14 23:52:00,4375.67,4375.74,4375.18,4375.3,95
2026-08-14 23:53:00,4375.31,4375.87,4374.92,4375.28,102
2026-08-14 23:54:00,4375.28,4376.15,4375.02,4376.04,82
2026-08-14 23:55:00,4375.99,4376.12,4375.03,4375.74,125
2026-08-14 23:56:00,4375.5,4375.66,4375.04,4375.34,101
2026-08-18 01:00:00,4418.11,4419.05,4415.93,4417.98,235
2026-08-18 01:01:00,4417.93,4418.28,4415.55,4416.45,128
2026-08-18 01:02:00,4416.45,4416.53,4415.64,4415.88,80
2026-08-18 01:03:00,4415.88,4417.07,4415.88,4416.64,89
2026-08-18 01:04:00,4416.64,4416.93,4416.21,4416.25,62
2026-08-18 01:05:00,4416.25,4416.49,4415.88,4416.26,48
2026-08-18 01:06:00,4416.26,4416.5,4415.44,4415.9,64
2026-08-18 01:07:00,4415.81,4416.18,4414.85,4415.39,104
2026-08-18 01:08:00,4415.39,4415.96,4414.72,4415.56,86
2026-08-18 01:09:00,4415.56,4416.12,4415.35,4415.66,73
2026-08-18 01:10:00,4415.71,4416.12,4415.3,4415.92,76
2026-08-18 01:11:00,4415.94,4416.74,4415.37,4416.44,95
2026-08-18 01:12:00,4416.44,4416.64,4416.33,4416.44,71
2026-08-18 01:13:00,4416.44,4416.94,4416.14,4416.52,88
2026-08-18 01:14:00,4416.52,4416.92,4416.37,4416.74,88
2026-08-18 01:15:00,4416.74,4416.77,4416.24,4416.39,122
2026-08-18 01:16:00,4416.38,4417.29,4416.38,4417.24,74
2026-08-18 01:17:00,4417.24,4417.24,4416.05,4416.19,99
2026-08-18 01:18:00,4416.2,4416.75,4415.94,4416.0,98
2026-08-18 01:19:00,4416.0,4416.1,4415.75,4415.87,66
2026-08-18 01:20:00,4415.86,4416.44,4415.68,4416.32,94
2026-08-18 01:21:00,4416.3,4416.31,4415.49,4415.68,69
2026-08-18 01:22:00,4415.7,4415.87,4415.53,4415.78,84
2026-08-18 01:23:00,4415.87,4415.99,4415.31,4415.38,74
2026-08-18 01:24:00,4415.39,4415.62,4415.35,4415.54,68
2026-08-18 01:25:00,4415.55,4415.6,4415.17,4415.39,90
2026-08-18 01:26:00,4415.39,4415.51,4413.55,4413.56,114
2026-08-18 01:27:00,4413.56,4413.7,4412.6,4413.11,141
2026-08-18 01:28:00,4413.03,4413.06,4412.05,4412.26,122
2026-08-18 01:29:00,4412.26,4413.19,4412.12,4412.53,106
2026-08-18 01:30:00,4412.53,4413.48,4412.0,4412.84,188
2026-08-18 01:31:00,4412.84,4412.89,4411.98,4412.52,129
2026-08-18 01:32:00,4412.52,4412.79,4411.73,4412.43,116
2026-08-18 01:33:00,4412.45,4412.77,4411.95,4412.16,115
2026-08-18 01:34:00,4412.14,4413.12,4412.06,4412.63,161
2026-08-18 01:35:00,4412.63,4413.09,4412.52,4412.93,104
2026-08-18 01:36:00,4412.93,4414.37,4412.81,4414.31,142
2026-08-18 01:37:00,4414.3,4414.74,4414.1,4414.57,74
2026-08-18 01:38:00,4414.57,4414.6,4413.46,4413.5,112
2026-08-18 01:39:00,4413.5,4413.75,4413.02,4413.23,89
2026-08-18 01:40:00,4413.23,4413.64,4413.06,4413.06,91
2026-08-18 01:41:00,4413.07,4414.19,4413.07,4413.99,101
2026-08-18 01:42:00,4413.99,4414.53,4413.88,4414.5,77
2026-08-18 01:43:00,4414.53,4415.75,4414.53,4415.44,91
2026-08-18 01:44:00,4415.44,4415.44,4414.41,4414.71,88
2026-08-18 01:45:00,4414.71,4414.82,4414.3,4414.67,83
2026-08-18 01:46:00,4414.59,4414.98,4414.2,4414.88,99
2026-08-18 01:47:00,4414.88,4415.17,4414.65,4414.91,105
2026-08-18 01:48:00,4414.91,4415.07,4414.63,4415.07,90
2026-08-18 01:49:00,4415.07,4416.33,4415.05,4415.14,87
2026-08-18 01:50:00,4415.14,4415.62,4414.97,4415.2,72
2026-08-18 01:51:00,4415.2,4415.44,4415.1,4415.27,65
2026-08-18 01:52:00,4415.27,4415.4,4414.49,4414.49,89
2026-08-18 01:53:00,4414.51,4414.59,4413.96,4413.96,80
2026-08-18 01:54:00,4413.96,4413.98,4411.95,4411.95,128
2026-08-18 01:55:00,4411.97,4413.31,4411.97,4412.88,123
2026-08-18 01:56:00,4412.87,4412.89,4412.15,4412.22,79
2026-08-18 01:57:00,4412.15,4412.27,4410.54,4411.47,178
2026-08-18 01:58:00,4411.5,4411.8,4410.91,4411.25,167
2026-08-18 01:59:00,4411.25,4412.22,4411.08,4411.88,115
2026-08-18 02:00:00,4411.88,4412.63,4409.7,4412.26,225
2026-08-18 02:01:00,4412.26,4412.51,4411.56,4412.27,157
2026-08-18 02:02:00,4412.27,4412.27,4411.49,4411.76,102
2026-08-18 02:03:00,4411.77,4412.71,4411.77,4412.31,108
2026-08-18 02:04:00,4412.31,4413.7,4411.97,4413.53,150
2026-08-18 02:05:00,4413.53,4413.64,4412.76,4413.63,89
2026-08-18 02:06:00,4413.63,4414.36,4413.57,4414.0,109
2026-08-18 02:07:00,4413.5,4413.82,4413.09,4413.7,87
2026-08-18 02:08:00,4413.71,4414.39,4413.62,4414.01,65
2026-08-18 02:09:00,4414.01,4414.42,4413.65,4413.85,71
2026-08-18 02:10:00,4413.85,4414.08,4413.51,4413.58,58
2026-08-18 02:11:00,4413.58,4414.17,4413.55,4414.07,63
2026-08-18 02:12:00,4414.07,4414.11,4413.82,4413.83,55
2026-08-18 02:13:00,4413.83,4414.2,4413.57,4413.57,63
2026-08-18 02:14:00,4413.69,4415.01,4413.56,4414.8,116
2026-08-18 02:15:00,4414.8,4416.12,4414.8,4416.12,133
2026-08-18 02:16:00,4416.12,4418.56,4415.83,4417.98,171
2026-08-18 02:17:00,4418.0,4418.0,4416.59,4416.96,199
2026-08-18 02:18:00,4416.96,4417.91,4416.68,4417.88,118
2026-08-18 02:19:00,4417.91,4418.38,4417.51,4417.74,120
2026-08-18 02:20:00,4417.75,4418.24,4417.63,4417.7,96
2026-08-18 02:21:00,4417.79,4418.25,4417.74,4417.92,99
2026-08-18 02:22:00,4417.92,4417.98,4416.75,4417.03,91
2026-08-18 02:23:00,4417.05,4417.17,4416.56,4417.1,118
2026-08-18 02:24:00,4417.18,4418.01,4416.49,4417.95,98
2026-08-18 02:25:00,4417.95,4419.88,4417.76,4419.81,161
2026-08-18 02:26:00,4419.81,4420.98,4419.66,4420.64,162
2026-08-18 02:27:00,4420.64,4421.95,4420.34,4420.98,158
2026-08-18 02:28:00,4420.98,4420.98,4419.74,4420.25,179
2026-08-18 02:29:00,4420.26,4420.37,4419.74,4420.34,82
2026-08-18 02:30:00,4420.34,4421.64,4420.04,4421.61,133
2026-08-18 02:31:00,4421.61,4422.05,4421.05,4421.96,144
2026-08-18 02:32:00,4421.91,4422.26,4421.65,4421.72,122
2026-08-18 02:33:00,4421.72,4421.74,4421.04,4421.15,114
2026-08-18 02:34:00,4421.15,4422.38,4420.43,4422.16,168
2026-08-18 02:35:00,4422.16,4422.2,4421.3,4421.78,111
2026-08-18 02:36:00,4421.76,4422.43,4421.76,4422.26,101
2026-08-18 02:37:00,4422.26,4422.28,4421.44,4421.6,99
2026-08-18 02:38:00,4421.6,4422.22,4421.4,4422.19,106
2026-08-18 02:39:00,4422.19,4422.19,4420.7,4421.25,121
2026-08-18 02:40:00,4421.25,4421.52,4420.35,4420.65,131
2026-08-18 02:41:00,4420.65,4420.72,4420.22,4420.52,127
2026-08-18 02:42:00,4420.52,4421.66,4420.46,4421.46,120
2026-08-18 02:43:00,4421.45,4422.6,4421.3,4422.37,244
2026-08-18 02:44:00,4422.37,4422.86,4422.24,4422.6,226
2026-08-18 02:45:00,4422.67,4423.0,4421.7,4422.21,253
2026-08-18 02:46:00,4422.21,4423.01,4421.6,4422.25,275
2026-08-18 02:47:00,4422.25,4423.21,4421.94,4422.51,233
2026-08-18 02:48:00,4422.51,4423.25,4422.24,4423.15,147
2026-08-18 02:49:00,4423.12,4423.96,4422.97,4423.93,157
2026-08-18 02:50:00,4423.93,4424.27,4423.23,4423.37,184
2026-08-18 02:51:00,4423.37,4424.09,4423.3,4424.09,223
2026-08-18 02:52:00,4424.08,4424.33,4423.79,4424.22,170
2026-08-18 02:53:00,4424.22,4424.22,4422.56,4423.35,244
2026-08-18 02:54:00,4423.35,4424.25,4422.85,4423.56,265
2026-08-18 02:55:00,4423.55,4424.47,4423.54,4424.29,151
2026-08-18 02:56:00,4424.29,4424.31,4423.1,4423.71,172
2026-08-18 02:57:00,4423.71,4424.56,4423.6,4424.24,147
2026-08-18 02:58:00,4424.25,4424.43,4423.34,4424.3,145
2026-08-18 02:59:00,4424.3,4426.06,4424.21,4425.9,189
2026-08-18 03:00:00,4425.9,4429.83,4422.57,4422.57,453
2026-08-18 03:01:00,4422.64,4423.15,4421.25,4421.83,343
2026-08-18 03:02:00,4421.87,4422.45,4420.17,4420.23,290
2026-08-18 03:03:00,4420.23,4423.94,4419.15,4423.92,330
2026-08-18 03:04:00,4423.92,4425.53,4423.66,4425.53,268
2026-08-18 03:05:00,4425.53,4426.31,4423.95,4424.01,278
2026-08-18 03:06:00,4423.98,4424.32,4423.17,4424.27,277
2026-08-18 03:07:00,4424.4,4424.9,4422.64,4423.71,240
2026-08-18 03:08:00,4423.7,4424.61,4421.91,4421.96,223
2026-08-18 03:09:00,4421.96,4422.41,4420.01,4420.2,204
2026-08-18 03:10:00,4420.11,4420.4,4419.39,4419.56,222
2026-08-18 03:11:00,4419.51,4421.54,4419.28,4420.59,258
2026-08-18 03:12:00,4420.57,4422.22,4420.48,4421.16,229
2026-08-18 03:13:00,4421.14,4421.17,4419.13,4419.64,191
2026-08-18 03:14:00,4419.61,4422.55,4419.24,4421.88,218
2026-08-18 03:15:00,4421.86,4423.89,4421.03,4423.31,260
2026-08-18 03:16:00,4423.31,4424.03,4421.51,4422.73,369
2026-08-18 03:17:00,4422.77,4426.33,4422.55,4425.82,306
2026-08-18 03:18:00,4425.82,4426.46,4423.9,4425.22,323
2026-08-18 03:19:00,4425.22,4428.25,4425.12,4426.88,391
2026-08-18 03:20:00,4426.91,4426.98,4422.91,4423.61,367
2026-08-18 03:21:00,4423.6,4426.89,4423.45,4426.47,264
2026-08-18 03:22:00,4426.47,4427.72,4425.73,4426.44,247
2026-08-18 03:23:00,4426.44,4430.82,4425.73,4430.49,357
2026-08-18 03:24:00,4430.49,4431.45,4427.16,4427.84,459
2026-08-18 03:25:00,4427.87,4428.34,4426.42,4427.51,322
2026-08-18 03:26:00,4427.45,4428.77,4425.14,4427.9,364
2026-08-18 03:27:00,4427.92,4430.66,4427.53,4430.66,437
2026-08-18 03:28:00,4430.65,4430.96,4428.97,4430.29,283
2026-08-18 03:29:00,4430.29,4431.64,4429.92,4431.54,282
2026-08-18 03:30:00,4431.57,4431.8,4428.89,4429.31,329
2026-08-18 03:31:00,4429.32,4429.87,4428.75,4429.04,301
2026-08-18 03:32:00,4429.05,4429.33,4428.44,4429.3,190
2026-08-18 03:33:00,4429.3,4430.9,4429.29,4430.11,267
2026-08-18 03:34:00,4430.19,4431.95,4429.67,4431.25,285
2026-08-18 03:35:00,4431.26,4431.84,4430.37,4431.17,202
2026-08-18 03:36:00,4431.17,4431.51,4430.9,4431.3,141
2026-08-18 03:37:00,4431.3,4433.5,4430.83,4433.2,185
2026-08-18 03:38:00,4433.2,4433.22,4432.47,4432.64,209
2026-08-18 03:39:00,4432.64,4433.46,4432.38,4433.01,206
2026-08-18 03:40:00,4433.01,4433.05,4430.77,4430.91,260
2026-08-18 03:41:00,4430.7,4430.7,4428.9,4429.51,298
2026-08-18 03:42:00,4429.48,4429.5,4428.52,4428.86,210
2026-08-18 03:43:00,4428.84,4429.87,4428.84,4429.75,170
2026-08-18 03:44:00,4429.75,4429.92,4429.1,4429.5,191
2026-08-18 03:45:00,4429.5,4430.17,4428.99,4429.31,246
2026-08-18 03:46:00,4429.32,4429.33,4428.54,4429.13,206
2026-08-18 03:47:00,4429.14,4429.65,4428.6,4428.98,199
2026-08-18 03:48:00,4428.97,4429.54,4428.56,4429.48,178
2026-08-18 03:49:00,4429.47,4430.01,4429.0,4429.09,164
2026-08-18 03:50:00,4429.08,4429.77,4429.08,4429.53,203
2026-08-18 03:51:00,4429.59,4430.11,4429.09,4429.65,250
2026-08-18 03:52:00,4429.65,4430.16,4429.46,4429.93,232
2026-08-18 03:53:00,4429.93,4430.52,4429.05,4429.37,253
2026-08-18 03:54:00,4429.4,4429.49,4428.56,4429.2,219
2026-08-18 03:55:00,4429.2,4430.37,4429.2,4429.93,229
2026-08-18 03:56:00,4429.93,4430.6,4429.53,4430.09,213
2026-08-18 03:57:00,4430.1,4430.35,4428.85,4428.86,249
2026-08-18 03:58:00,4428.86,4431.62,4428.86,4431.1,293
2026-08-18 03:59:00,4431.1,4434.98,4430.53,4434.73,348
2026-08-18 04:00:00,4434.6,4436.07,4429.21,4431.92,761
2026-08-18 04:01:00,4431.92,4436.13,4430.51,4432.88,601
2026-08-18 04:02:00,4432.89,4435.68,4431.55,4433.76,488
2026-08-18 04:03:00,4433.75,4435.05,4432.46,4434.74,422
2026-08-18 04:04:00,4434.72,4434.79,4430.97,4431.34,457
2026-08-18 04:05:00,4431.33,4434.77,4430.07,4434.7,445
2026-08-18 04:06:00,4434.74,4436.19,4432.02,4432.28,468
2026-08-18 04:07:00,4432.28,4433.42,4432.16,4433.31,352
2026-08-18 04:08:00,4433.3,4433.58,4430.57,4430.68,364
2026-08-18 04:09:00,4430.87,4430.9,4428.95,4430.58,376
2026-08-18 04:10:00,4430.65,4431.16,4429.01,4430.9,299
2026-08-18 04:11:00,4430.92,4431.94,4428.97,4430.13,300
2026-08-18 04:12:00,4430.14,4430.76,4429.06,4429.63,335
2026-08-18 04:13:00,4429.61,4430.39,4428.65,4428.81,324
2026-08-18 04:14:00,4428.81,4429.58,4428.55,4429.2,260
2026-08-18 04:15:00,4429.19,4430.75,4428.7,4430.67,409
2026-08-18 04:16:00,4430.67,4430.67,4425.53,4426.36,444
2026-08-18 04:17:00,4426.36,4427.06,4425.3,4425.35,351
2026-08-18 04:18:00,4425.32,4425.34,4422.9,4423.16,436
2026-08-18 04:19:00,4423.08,4425.33,4422.65,4425.33,330
2026-08-18 04:20:00,4425.3,4426.62,4424.96,4425.06,359
2026-08-18 04:21:00,4425.05,4425.12,4422.31,4422.67,366
2026-08-18 04:22:00,4422.67,4424.01,4422.37,4423.02,315
2026-08-18 04:23:00,4423.04,4424.24,4422.11,4424.22,316
2026-08-18 04:24:00,4424.23,4424.74,4423.67,4423.78,309
2026-08-18 04:25:00,4423.78,4423.78,4420.29,4421.75,414
2026-08-18 04:26:00,4421.75,4423.78,4421.57,4423.75,305
2026-08-18 04:27:00,4423.7,4425.65,4423.54,4424.87,303
2026-08-18 04:28:00,4424.87,4425.62,4424.48,4424.78,277
2026-08-18 04:29:00,4424.78,4425.9,4424.28,4425.01,241
2026-08-18 04:30:00,4425.02,4425.35,4423.66,4423.92,319
2026-08-18 04:31:00,4423.93,4426.29,4423.92,4425.01,331
2026-08-18 04:32:00,4425.03,4425.16,4422.45,4423.09,318
2026-08-18 04:33:00,4423.1,4423.77,4421.51,4422.13,293
2026-08-18 04:34:00,4422.14,4422.68,4421.34,4422.59,282
2026-08-18 04:35:00,4422.59,4422.61,4421.8,4422.48,235
2026-08-18 04:36:00,4422.44,4423.19,4421.86,4422.81,258
2026-08-18 04:37:00,4422.81,4423.56,4422.26,4422.48,218
2026-08-18 04:38:00,4422.48,4422.5,4421.39,4421.54,243
2026-08-18 04:39:00,4421.54,4421.77,4420.46,4420.51,239
2026-08-18 04:40:00,4420.51,4421.86,4420.43,4420.83,333
2026-08-18 04:41:00,4420.85,4421.05,4418.39,4418.49,394
2026-08-18 04:42:00,4418.48,4419.49,4417.61,4417.64,391
2026-08-18 04:43:00,4417.65,4418.01,4415.7,4415.77,360
2026-08-18 04:44:00,4415.77,4415.77,4411.9,4411.98,467
2026-08-18 04:45:00,4411.86,4412.29,4409.6,4411.54,517
2026-08-18 04:46:00,4411.54,4412.02,4409.76,4412.02,502
2026-08-18 04:47:00,4412.03,4412.21,4404.98,4409.24,657
2026-08-18 04:48:00,4409.24,4409.4,4404.3,4406.11,652
2026-08-18 04:49:00,4406.14,4408.38,4405.23,4407.76,487
2026-08-18 04:50:00,4407.75,4407.75,4405.71,4407.11,521
2026-08-18 04:51:00,4407.08,4408.12,4405.32,4406.48,423
2026-08-18 04:52:00,4406.49,4408.62,4406.18,4406.62,422
2026-08-18 04:53:00,4406.6,4406.63,4404.4,4405.79,566
2026-08-18 04:54:00,4405.85,4408.61,4405.09,4408.27,510
2026-08-18 04:55:00,4408.26,4409.3,4408.09,4408.63,445
2026-08-18 04:56:00,4408.63,4409.41,4407.92,4408.4,388
2026-08-18 04:57:00,4408.36,4409.18,4407.55,4408.52,381
2026-08-18 04:58:00,4408.59,4408.81,4407.7,4407.81,325
2026-08-18 04:59:00,4407.81,4408.18,4407.45,4407.98,294
2026-08-18 05:00:00,4408.01,4408.29,4407.24,4407.67,366
2026-08-18 05:01:00,4407.67,4407.78,4403.03,4403.03,494
2026-08-18 05:02:00,4403.0,4403.19,4401.06,4401.65,461
2026-08-18 05:03:00,4401.63,4403.16,4401.38,4402.58,350
2026-08-18 05:04:00,4402.58,4402.76,4400.94,4402.12,456
2026-08-18 05:05:00,4402.12,4404.08,4401.04,4401.85,362
2026-08-18 05:06:00,4401.85,4402.3,4400.16,4400.88,353
2026-08-18 05:07:00,4400.85,4402.9,4400.35,4400.88,378
2026-08-18 05:08:00,4400.82,4401.12,4399.73,4400.53,325
2026-08-18 05:09:00,4400.51,4401.33,4399.76,4399.86,277
2026-08-18 05:10:00,4399.88,4401.74,4398.62,4401.54,312
2026-08-18 05:11:00,4401.54,4401.54,4398.59,4398.83,338
2026-08-18 05:12:00,4398.86,4401.33,4398.86,4399.89,336
2026-08-18 05:13:00,4399.9,4402.54,4399.37,4402.54,357
2026-08-18 05:14:00,4402.64,4402.96,4400.83,4401.19,304
2026-08-18 05:15:00,4401.18,4402.34,4400.47,4402.16,299
2026-08-18 05:16:00,4402.15,4403.29,4401.06,4402.81,398
2026-08-18 05:17:00,4402.88,4404.63,4401.76,4402.38,384
2026-08-18 05:18:00,4402.38,4405.01,4402.27,4404.7,293
2026-08-18 05:19:00,4404.7,4405.59,4403.85,4403.93,260
2026-08-18 05:20:00,4403.89,4404.49,4403.51,4403.51,225
2026-08-18 05:21:00,4403.48,4404.08,4402.44,4402.71,142
2026-08-18 05:22:00,4402.63,4402.72,4401.56,4402.08,240
2026-08-18 05:23:00,4402.12,4404.18,4402.1,4404.13,231
2026-08-18 05:24:00,4404.06,4404.59,4403.83,4404.1,175
2026-08-18 05:25:00,4404.17,4405.39,4404.16,4404.65,304
2026-08-18 05:26:00,4404.65,4404.66,4403.85,4404.34,210
2026-08-18 05:27:00,4404.33,4404.53,4403.54,4403.91,199
2026-08-18 05:28:00,4403.87,4404.03,4402.44,4402.46,203
2026-08-18 05:29:00,4402.45,4403.12,4402.26,4402.44,166
2026-08-18 05:30:00,4402.45,4402.78,4400.08,4400.56,426
2026-08-18 05:31:00,4400.53,4401.28,4399.02,4400.83,441
2026-08-18 05:32:00,4400.82,4401.86,4399.9,4400.74,303
2026-08-18 05:33:00,4400.74,4401.03,4397.52,4397.59,474
2026-08-18 05:34:00,4397.58,4397.67,4396.14,4396.36,457
2026-08-18 05:35:00,4396.4,4396.87,4395.34,4396.74,356
2026-08-18 05:36:00,4396.73,4398.46,4396.71,4397.38,357
2026-08-18 05:37:00,4397.37,4398.91,4396.91,4398.75,253
2026-08-18 05:38:00,4398.75,4399.81,4398.2,4399.03,348
2026-08-18 05:39:00,4399.09,4399.73,4396.65,4396.65,312
2026-08-18 05:40:00,4396.64,4397.02,4394.3,4394.72,388
2026-08-18 05:41:00,4394.74,4395.12,4394.31,4394.57,406
2026-08-18 05:42:00,4394.57,4395.04,4394.33,4394.79,350
2026-08-18 05:43:00,4394.79,4394.79,4394.28,4394.55,285
2026-08-18 05:44:00,4394.56,4395.0,4394.19,4394.96,232
2026-08-18 05:45:00,4394.98,4395.11,4394.34,4394.64,262
2026-08-18 05:46:00,4394.65,4395.56,4394.65,4394.99,305
2026-08-18 05:47:00,4394.94,4395.81,4394.85,4395.3,319
2026-08-18 05:48:00,4395.3,4396.73,4394.43,4396.22,288
2026-08-18 05:49:00,4396.21,4398.17,4396.03,4397.28,258
2026-08-18 05:50:00,4397.28,4397.28,4395.68,4396.37,321
2026-08-18 05:51:00,4396.37,4397.3,4395.66,4397.2,286
2026-08-18 05:52:00,4397.2,4398.15,4396.7,4398.11,222
2026-08-18 05:53:00,4398.11,4398.36,4397.24,4398.19,231
2026-08-18 05:54:00,4398.21,4398.43,4397.18,4398.0,242
2026-08-18 05:55:00,4397.92,4399.58,4397.44,4399.35,375
2026-08-18 05:56:00,4399.35,4400.5,4398.89,4399.02,379
2026-08-18 05:57:00,4399.02,4399.2,4398.12,4398.22,273
2026-08-18 05:58:00,4398.22,4399.83,4397.92,4399.53,293
2026-08-18 05:59:00,4399.54,4400.37,4399.49,4400.01,232
2026-08-18 06:00:00,4400.0,4402.14,4399.98,4402.13,354
2026-08-18 06:01:00,4402.1,4403.93,4401.91,4403.26,361
2026-08-18 06:02:00,4403.31,4404.12,4402.87,4403.35,321
2026-08-18 06:03:00,4403.36,4403.42,4401.23,4401.47,298
2026-08-18 06:04:00,4401.45,4404.12,4401.44,4403.18,300
2026-08-18 06:05:00,4403.15,4403.63,4402.17,4402.75,264
2026-08-18 06:06:00,4402.69,4402.69,4401.17,4402.11,333
2026-08-18 06:07:00,4402.07,4402.43,4401.33,4402.06,291
2026-08-18 06:08:00,4402.05,4402.08,4399.97,4399.99,280
2026-08-18 06:09:00,4400.04,4401.79,4399.62,4401.62,321
2026-08-18 06:10:00,4401.64,4402.64,4401.18,4401.22,270
2026-08-18 06:11:00,4401.2,4401.41,4398.91,4399.83,276
2026-08-18 06:12:00,4399.85,4400.62,4399.13,4399.57,287
2026-08-18 06:13:00,4399.6,4400.63,4399.59,4400.58,192
2026-08-18 06:14:00,4400.61,4401.59,4400.3,4401.59,204
2026-08-18 06:15:00,4401.59,4402.15,4401.0,4401.69,206
2026-08-18 06:16:00,4401.7,4401.93,4398.08,4398.67,298
2026-08-18 06:17:00,4398.68,4398.85,4396.82,4396.82,307
2026-08-18 06:18:00,4396.82,4397.27,4395.69,4397.18,321
2026-08-18 06:19:00,4397.18,4398.67,4396.11,4396.65,361
2026-08-18 06:20:00,4396.65,4397.19,4396.03,4397.14,205
2026-08-18 06:21:00,4397.14,4397.39,4395.81,4395.97,253
2026-08-18 06:22:00,4396.03,4396.59,4395.88,4396.47,199
2026-08-18 06:23:00,4396.47,4396.65,4394.47,4394.57,333
2026-08-18 06:24:00,4394.58,4395.58,4394.39,4395.31,290
2026-08-18 06:25:00,4395.3,4395.86,4395.04,4395.73,193
2026-08-18 06:26:00,4395.73,4396.62,4395.2,4396.53,207
2026-08-18 06:27:00,4396.5,4397.3,4395.76,4397.07,259
2026-08-18 06:28:00,4397.1,4397.5,4396.77,4397.39,281
2026-08-18 06:29:00,4397.39,4397.73,4397.18,4397.27,285
2026-08-18 06:30:00,4397.28,4397.37,4395.98,4396.57,363
2026-08-18 06:31:00,4396.56,4397.03,4395.7,4396.55,255
2026-08-18 06:32:00,4396.55,4397.0,4396.07,4396.3,286
2026-08-18 06:33:00,4396.3,4397.03,4396.15,4396.5,180
2026-08-18 06:34:00,4396.5,4397.04,4396.1,4396.62,200
2026-08-18 06:35:00,4396.62,4396.88,4396.32,4396.61,124
2026-08-18 06:36:00,4396.61,4397.03,4396.2,4396.62,175
2026-08-18 06:37:00,4396.63,4397.04,4395.46,4396.68,293
2026-08-18 06:38:00,4396.67,4396.75,4395.29,4395.78,245
2026-08-18 06:39:00,4395.74,4395.78,4395.01,4395.06,159
2026-08-18 06:40:00,4395.06,4395.19,4394.73,4394.98,153
2026-08-18 06:41:00,4394.98,4395.44,4394.7,4395.2,194
2026-08-18 06:42:00,4395.22,4395.9,4394.84,4395.48,150
2026-08-18 06:43:00,4395.48,4395.94,4394.69,4395.04,206
2026-08-18 06:44:00,4395.04,4395.22,4394.64,4394.87,125
2026-08-18 06:45:00,4394.87,4395.14,4394.65,4394.9,159
2026-08-18 06:46:00,4394.91,4395.08,4394.63,4394.77,187
2026-08-18 06:47:00,4394.67,4395.07,4394.44,4395.07,203
2026-08-18 06:48:00,4395.07,4395.08,4394.63,4394.78,170
2026-08-18 06:49:00,4394.78,4394.88,4393.59,4393.85,235
2026-08-18 06:50:00,4393.85,4393.85,4392.36,4393.05,346
2026-08-18 06:51:00,4393.04,4393.69,4391.75,4391.76,233
2026-08-18 06:52:00,4391.76,4393.78,4391.76,4393.71,186
2026-08-18 06:53:00,4393.71,4393.84,4392.82,4393.64,160
2026-08-18 06:54:00,4393.63,4393.63,4392.11,4392.13,178
2026-08-18 06:55:00,4392.12,4392.59,4391.32,4391.74,204
2026-08-18 06:56:00,4391.75,4391.77,4390.78,4391.08,198
2026-08-18 06:57:00,4391.08,4391.83,4390.94,4390.95,137
2026-08-18 06:58:00,4390.94,4392.41,4390.68,4392.27,168
2026-08-18 06:59:00,4392.27,4392.42,4391.48,4391.92,140
2026-08-18 07:00:00,4391.92,4391.95,4390.13,4391.18,236
2026-08-18 07:01:00,4391.18,4391.95,4390.77,4390.86,198
2026-08-18 07:02:00,4390.86,4392.11,4390.5,4392.07,169
2026-08-18 07:03:00,4392.08,4392.08,4390.45,4391.29,176
2026-08-18 07:04:00,4391.31,4391.63,4390.65,4390.85,210
2026-08-18 07:05:00,4390.85,4391.73,4390.65,4391.27,180
2026-08-18 07:06:00,4391.27,4392.25,4391.27,4391.44,215
2026-08-18 07:07:00,4391.49,4391.68,4390.11,4390.35,154
2026-08-18 07:08:00,4390.34,4390.5,4390.03,4390.28,150
2026-08-18 07:09:00,4390.28,4391.37,4390.26,4391.3,158
2026-08-18 07:10:00,4391.13,4391.88,4390.99,4391.79,163
2026-08-18 07:11:00,4391.81,4392.71,4391.67,4391.78,169
2026-08-18 07:12:00,4391.85,4392.71,4391.31,4392.71,209
2026-08-18 07:13:00,4392.71,4392.8,4392.27,4392.61,148
2026-08-18 07:14:00,4392.61,4392.88,4392.19,4392.41,135
2026-08-18 07:15:00,4392.41,4393.23,4392.41,4392.98,87
2026-08-18 07:16:00,4393.02,4393.76,4392.88,4393.21,200
2026-08-18 07:17:00,4393.21,4393.4,4392.07,4392.15,198
2026-08-18 07:18:00,4392.15,4393.07,4391.58,4391.75,170
2026-08-18 07:19:00,4391.75,4392.5,4390.94,4391.54,192
2026-08-18 07:20:00,4391.53,4391.68,4391.18,4391.18,132
2026-08-18 07:21:00,4391.18,4391.45,4390.81,4391.24,144
2026-08-18 07:22:00,4391.24,4392.24,4391.13,4392.24,142
2026-08-18 07:23:00,4392.24,4392.51,4391.24,4391.57,127
2026-08-18 07:24:00,4391.56,4392.56,4391.47,4392.56,148
2026-08-18 07:25:00,4392.56,4392.84,4392.15,4392.63,147
2026-08-18 07:26:00,4392.65,4392.84,4392.13,4392.23,175
2026-08-18 07:27:00,4392.23,4392.84,4392.18,4392.67,132
2026-08-18 07:28:00,4392.66,4392.75,4391.66,4392.75,168
2026-08-18 07:29:00,4392.75,4392.89,4392.48,4392.54,104
2026-08-18 07:30:00,4392.53,4394.1,4392.46,4393.53,209
2026-08-18 07:31:00,4393.53,4393.53,4392.61,4393.14,178
2026-08-18 07:32:00,4393.14,4393.26,4392.11,4392.28,123
2026-08-18 07:33:00,4392.28,4392.44,4392.02,4392.09,145
2026-08-18 07:34:00,4392.1,4392.51,4391.54,4392.07,185
2026-08-18 07:35:00,4392.09,4393.12,4392.09,4392.85,154
2026-08-18 07:36:00,4392.86,4392.86,4390.86,4391.01,211
2026-08-18 07:37:00,4391.01,4391.57,4390.01,4390.19,264
2026-08-18 07:38:00,4390.19,4390.28,4389.81,4390.23,146
2026-08-18 07:39:00,4390.23,4391.8,4389.01,4391.61,286
2026-08-18 07:40:00,4391.59,4391.98,4390.51,4391.74,204
2026-08-18 07:41:00,4391.71,4392.83,4391.14,4392.62,152
2026-08-18 07:42:00,4392.6,4393.85,4392.59,4393.52,181
2026-08-18 07:43:00,4393.53,4394.41,4393.37,4394.07,186
2026-08-18 07:44:00,4394.05,4394.06,4393.47,4393.64,122
2026-08-18 07:45:00,4393.64,4393.84,4392.99,4393.82,182
2026-08-18 07:46:00,4393.82,4393.82,4393.32,4393.41,154
2026-08-18 07:47:00,4393.4,4393.41,4392.29,4392.97,147
2026-08-18 07:48:00,4392.95,4393.57,4392.71,4393.53,141
2026-08-18 07:49:00,4393.53,4395.08,4393.24,4394.89,115
2026-08-18 07:50:00,4394.87,4395.06,4394.1,4394.9,196
2026-08-18 07:51:00,4394.84,4394.84,4393.72,4393.78,135
2026-08-18 07:52:00,4393.79,4394.7,4393.79,4394.63,117
2026-08-18 07:53:00,4394.63,4394.95,4394.22,4394.9,118
2026-08-18 07:54:00,4394.9,4395.55,4394.74,4395.49,109
2026-08-18 07:55:00,4395.49,4395.55,4394.33,4394.87,159
2026-08-18 07:56:00,4394.87,4395.41,4394.87,4395.41,126
2026-08-18 07:57:00,4395.38,4395.47,4394.39,4394.5,124
2026-08-18 07:58:00,4394.5,4394.57,4394.11,4394.31,123
2026-08-18 07:59:00,4394.28,4394.28,4393.12,4393.73,175
2026-08-18 08:00:00,4393.73,4393.81,4393.24,4393.81,196
2026-08-18 08:01:00,4393.8,4393.8,4392.43,4392.46,204
2026-08-18 08:02:00,4392.43,4392.87,4391.26,4391.33,195
2026-08-18 08:03:00,4391.3,4392.32,4391.29,4392.25,198
2026-08-18 08:04:00,4392.25,4393.01,4391.24,4391.49,219
2026-08-18 08:05:00,4391.49,4393.41,4391.49,4393.03,201
2026-08-18 08:06:00,4393.02,4393.02,4392.19,4392.43,143
2026-08-18 08:07:00,4392.43,4394.16,4392.43,4392.89,189
2026-08-18 08:08:00,4392.88,4394.21,4392.69,4394.06,180
2026-08-18 08:09:00,4394.06,4394.23,4393.73,4393.92,140
2026-08-18 08:10:00,4393.92,4394.07,4391.39,4391.97,243
2026-08-18 08:11:00,4391.98,4392.02,4391.14,4391.48,170
2026-08-18 08:12:00,4391.48,4392.06,4391.45,4391.71,119
2026-08-18 08:13:00,4391.71,4391.98,4391.01,4391.24,189
2026-08-18 08:14:00,4391.24,4391.89,4391.06,4391.44,129
2026-08-18 08:15:00,4391.45,4392.08,4391.29,4392.05,140
2026-08-18 08:16:00,4392.06,4393.2,4391.94,4392.97,129
2026-08-18 08:17:00,4392.97,4393.85,4392.87,4393.77,139
2026-08-18 08:18:00,4393.72,4394.23,4393.31,4393.66,180
2026-08-18 08:19:00,4393.66,4394.57,4393.66,4394.51,132
2026-08-18 08:20:00,4394.56,4395.44,4394.56,4395.18,154
2026-08-18 08:21:00,4395.21,4395.92,4394.54,4394.66,194
2026-08-18 08:22:00,4394.67,4395.29,4394.52,4395.01,139
2026-08-18 08:23:00,4395.01,4395.94,4394.79,4395.57,136
2026-08-18 08:24:00,4395.57,4395.78,4395.24,4395.73,134
2026-08-18 08:25:00,4395.73,4396.07,4395.48,4395.81,187
2026-08-18 08:26:00,4395.81,4395.91,4394.53,4394.71,160
2026-08-18 08:27:00,4394.71,4394.85,4394.54,4394.79,115
2026-08-18 08:28:00,4394.79,4395.07,4393.37,4393.4,149
2026-08-18 08:29:00,4393.41,4393.43,4391.45,4391.49,221
2026-08-18 08:30:00,4391.47,4391.7,4387.71,4388.13,559
2026-08-18 08:31:00,4388.18,4388.57,4386.08,4387.26,541
2026-08-18 08:32:00,4387.19,4389.02,4386.97,4388.96,394
2026-08-18 08:33:00,4388.94,4390.36,4388.2,4390.32,332
2026-08-18 08:34:00,4390.34,4390.85,4386.91,4386.91,380
2026-08-18 08:35:00,4386.92,4389.65,4386.83,4389.28,356
2026-08-18 08:36:00,4389.27,4390.17,4389.04,4389.71,323
2026-08-18 08:37:00,4389.7,4390.4,4389.51,4389.82,247
2026-08-18 08:38:00,4389.8,4390.92,4389.0,4389.88,304
2026-08-18 08:39:00,4389.85,4390.06,4388.73,4389.98,335
2026-08-18 08:40:00,4390.0,4391.14,4389.88,4390.77,278
2026-08-18 08:41:00,4390.72,4390.87,4388.61,4390.4,268
2026-08-18 08:42:00,4390.39,4390.53,4389.74,4389.75,219
2026-08-18 08:43:00,4389.82,4391.01,4389.6,4391.01,180
2026-08-18 08:44:00,4391.03,4394.1,4390.84,4393.74,369
2026-08-18 08:45:00,4393.74,4394.38,4393.25,4393.59,287
2026-08-18 08:46:00,4393.53,4394.91,4393.04,4394.62,285
2026-08-18 08:47:00,4394.62,4394.84,4393.83,4394.65,292
2026-08-18 08:48:00,4394.66,4395.18,4394.26,4394.5,236
2026-08-18 08:49:00,4394.5,4395.91,4394.14,4395.9,256
2026-08-18 08:50:00,4395.9,4397.56,4395.81,4396.25,320
2026-08-18 08:51:00,4396.25,4396.28,4394.11,4394.18,291
2026-08-18 08:52:00,4394.17,4396.09,4394.04,4395.98,242
2026-08-18 08:53:00,4396.05,4396.53,4395.93,4396.38,235
2026-08-18 08:54:00,4396.37,4396.66,4395.32,4395.63,231
2026-08-18 08:55:00,4395.63,4396.38,4395.3,4395.9,236
2026-08-18 08:56:00,4395.89,4396.26,4395.7,4396.16,218
2026-08-18 08:57:00,4396.16,4396.83,4396.16,4396.17,184
2026-08-18 08:58:00,4396.17,4396.47,4395.3,4395.32,285
2026-08-18 08:59:00,4395.31,4395.35,4393.93,4394.37,260
2026-08-18 09:00:00,4394.34,4394.35,4390.42,4391.38,522
2026-08-18 09:01:00,4391.52,4393.0,4390.61,4392.64,343
2026-08-18 09:02:00,4392.62,4393.08,4391.65,4392.71,257
2026-08-18 09:03:00,4392.68,4392.71,4390.58,4390.74,331
2026-08-18 09:04:00,4390.75,4390.88,4389.01,4390.73,394
2026-08-18 09:05:00,4390.73,4390.91,4389.33,4389.72,352
2026-08-18 09:06:00,4389.77,4389.93,4387.67,4389.07,383
2026-08-18 09:07:00,4389.08,4389.21,4388.08,4389.21,305
2026-08-18 09:08:00,4389.21,4391.32,4389.21,4391.26,325
2026-08-18 09:09:00,4391.26,4393.95,4391.22,4392.97,257
2026-08-18 09:10:00,4392.97,4394.24,4392.5,4394.16,272
2026-08-18 09:11:00,4394.16,4394.83,4393.66,4394.58,273
2026-08-18 09:12:00,4394.57,4395.18,4394.18,4394.76,251
2026-08-18 09:13:00,4394.75,4394.95,4394.04,4394.35,308
2026-08-18 09:14:00,4394.35,4395.31,4394.35,4395.26,231
2026-08-18 09:15:00,4395.26,4395.39,4394.23,4395.38,225
2026-08-18 09:16:00,4395.38,4396.39,4393.59,4394.05,244
2026-08-18 09:17:00,4394.04,4395.05,4393.87,4394.83,310
2026-08-18 09:18:00,4394.83,4395.96,4394.78,4395.14,270
2026-08-18 09:19:00,4395.15,4395.86,4395.09,4395.34,245
2026-08-18 09:20:00,4395.34,4397.1,4395.04,4397.09,264
2026-08-18 09:21:00,4397.05,4397.65,4395.73,4396.4,181
2026-08-18 09:22:00,4396.39,4396.68,4394.44,4395.77,232
2026-08-18 09:23:00,4395.73,4397.08,4395.69,4396.78,177
2026-08-18 09:24:00,4396.78,4398.05,4396.78,4397.85,246
2026-08-18 09:25:00,4397.84,4398.64,4397.3,4397.76,258
2026-08-18 09:26:00,4397.76,4398.35,4396.79,4398.28,260
2026-08-18 09:27:00,4398.27,4399.76,4398.22,4399.34,257
2026-08-18 09:28:00,4399.36,4399.61,4398.95,4399.15,227
2026-08-18 09:29:00,4399.15,4399.85,4398.77,4399.52,225
2026-08-18 09:30:00,4399.51,4400.23,4398.78,4399.2,286
2026-08-18 09:31:00,4399.24,4399.77,4398.49,4398.88,211
2026-08-18 09:32:00,4398.88,4398.88,4398.01,4398.64,208
2026-08-18 09:33:00,4398.64,4398.92,4397.01,4397.18,196
2026-08-18 09:34:00,4397.18,4397.23,4395.33,4395.43,196
2026-08-18 09:35:00,4395.41,4396.32,4395.24,4395.77,278
2026-08-18 09:36:00,4395.76,4397.29,4395.63,4396.91,237
2026-08-18 09:37:00,4396.88,4397.54,4396.71,4397.09,216
2026-08-18 09:38:00,4397.08,4397.1,4396.18,4396.75,173
2026-08-18 09:39:00,4396.75,4397.62,4396.4,4397.16,195
2026-08-18 09:40:00,4397.16,4397.49,4396.89,4397.33,146
2026-08-18 09:41:00,4397.34,4397.83,4397.18,4397.58,151
2026-08-18 09:42:00,4397.55,4397.88,4397.1,4397.65,187
2026-08-18 09:43:00,4397.56,4398.25,4397.44,4398.11,123
2026-08-18 09:44:00,4398.11,4398.83,4396.83,4397.16,213
2026-08-18 09:45:00,4397.16,4398.61,4397.16,4398.61,211
2026-08-18 09:46:00,4398.64,4398.74,4398.09,4398.19,124
2026-08-18 09:47:00,4398.19,4399.37,4397.54,4399.25,157
2026-08-18 09:48:00,4399.25,4399.3,4397.66,4397.9,166
2026-08-18 09:49:00,4397.91,4398.24,4397.46,4398.07,117
2026-08-18 09:50:00,4398.07,4398.25,4397.5,4397.75,147
2026-08-18 09:51:00,4397.8,4398.45,4397.8,4398.07,128
2026-08-18 09:52:00,4398.24,4398.89,4397.86,4398.62,177
2026-08-18 09:53:00,4398.62,4398.68,4397.67,4398.38,255
2026-08-18 09:54:00,4398.38,4398.97,4398.0,4398.41,184
2026-08-18 09:55:00,4398.42,4399.04,4398.12,4398.22,252
2026-08-18 09:56:00,4398.22,4398.39,4397.38,4398.22,223
2026-08-18 09:57:00,4398.23,4398.82,4397.83,4397.92,200
2026-08-18 09:58:00,4397.93,4398.3,4397.37,4397.63,241
2026-08-18 09:59:00,4397.64,4398.87,4397.6,4398.87,250
2026-08-18 10:00:00,4398.88,4398.98,4396.85,4398.25,423
2026-08-18 10:01:00,4398.25,4399.79,4397.51,4397.51,231
2026-08-18 10:02:00,4397.39,4399.63,4397.03,4399.1,280
2026-08-18 10:03:00,4399.15,4399.5,4398.92,4399.17,141
2026-08-18 10:04:00,4399.4,4400.31,4399.3,4399.8,216
2026-08-18 10:05:00,4399.8,4400.75,4399.63,4399.99,261
2026-08-18 10:06:00,4399.99,4400.16,4398.79,4398.79,220
2026-08-18 10:07:00,4398.79,4399.05,4397.71,4397.92,236
2026-08-18 10:08:00,4397.92,4398.21,4397.61,4397.95,184
2026-08-18 10:09:00,4397.96,4398.26,4397.25,4397.61,207
2026-08-18 10:10:00,4397.61,4399.07,4397.03,4397.9,267
2026-08-18 10:11:00,4397.9,4399.23,4397.9,4398.54,265
2026-08-18 10:12:00,4398.5,4399.33,4398.49,4398.99,183
2026-08-18 10:13:00,4398.99,4398.99,4397.06,4397.52,191
2026-08-18 10:14:00,4397.52,4397.84,4397.05,4397.69,148
2026-08-18 10:15:00,4397.66,4400.74,4397.5,4400.41,165
2026-08-18 10:16:00,4400.41,4400.41,4398.88,4398.88,231
2026-08-18 10:17:00,4398.85,4399.55,4398.84,4399.1,151
2026-08-18 10:18:00,4399.18,4399.93,4399.03,4399.83,204
2026-08-18 10:19:00,4399.87,4400.03,4399.29,4399.64,162
2026-08-18 10:20:00,4399.64,4400.87,4399.35,4400.83,213
2026-08-18 10:21:00,4400.6,4400.84,4399.81,4400.3,192
2026-08-18 10:22:00,4400.3,4400.71,4400.0,4400.48,132
2026-08-18 10:23:00,4400.48,4400.98,4400.3,4400.68,164
2026-08-18 10:24:00,4400.68,4401.52,4400.68,4401.43,195
2026-08-18 10:25:00,4401.43,4402.55,4401.2,4402.21,209
2026-08-18 10:26:00,4402.22,4403.31,4401.17,4402.41,230
2026-08-18 10:27:00,4402.4,4402.8,4401.68,4401.87,170
2026-08-18 10:28:00,4401.87,4402.63,4401.37,4401.99,213
2026-08-18 10:29:00,4402.0,4403.49,4401.73,4403.17,229
2026-08-18 10:30:00,4403.17,4403.57,4402.66,4403.38,260
2026-08-18 10:31:00,4403.38,4403.73,4401.91,4402.05,160
2026-08-18 10:32:00,4401.97,4401.97,4400.34,4400.85,218
2026-08-18 10:33:00,4400.85,4400.86,4399.86,4400.45,241
2026-08-18 10:34:00,4400.51,4400.51,4396.4,4397.07,310
2026-08-18 10:35:00,4397.07,4399.15,4396.69,4398.98,262
2026-08-18 10:36:00,4398.98,4399.95,4398.95,4399.85,207
2026-08-18 10:37:00,4399.84,4400.63,4399.84,4400.41,149
2026-08-18 10:38:00,4400.5,4402.68,4400.37,4402.53,193
2026-08-18 10:39:00,4402.52,4402.59,4401.77,4402.0,185
2026-08-18 10:40:00,4402.03,4403.59,4402.03,4402.69,207
2026-08-18 10:41:00,4402.6,4402.95,4401.58,4402.95,218
2026-08-18 10:42:00,4402.95,4403.03,4401.54,4401.64,176
2026-08-18 10:43:00,4401.64,4401.64,4400.25,4401.07,166
2026-08-18 10:44:00,4401.07,4401.74,4401.03,4401.54,188
2026-08-18 10:45:00,4401.54,4402.69,4401.54,4402.41,150
2026-08-18 10:46:00,4402.54,4402.66,4401.7,4402.18,201
2026-08-18 10:47:00,4402.18,4402.45,4401.63,4401.78,160
2026-08-18 10:48:00,4401.77,4401.77,4399.99,4400.42,187
2026-08-18 10:49:00,4400.42,4400.52,4399.7,4400.01,225
2026-08-18 10:50:00,4400.02,4400.21,4399.54,4399.81,188
2026-08-18 10:51:00,4399.73,4400.45,4398.9,4398.9,190
2026-08-18 10:52:00,4398.9,4399.34,4398.45,4399.16,152
2026-08-18 10:53:00,4399.16,4399.37,4398.31,4398.44,184
2026-08-18 10:54:00,4398.44,4398.91,4397.97,4398.37,228
2026-08-18 10:55:00,4398.38,4398.74,4397.84,4397.96,230
2026-08-18 10:56:00,4397.89,4398.09,4397.03,4397.21,243
2026-08-18 10:57:00,4397.21,4397.25,4396.01,4397.04,208
2026-08-18 10:58:00,4397.06,4397.46,4396.27,4396.27,145
2026-08-18 10:59:00,4396.24,4396.38,4395.54,4395.74,174
2026-08-18 11:00:00,4395.76,4396.21,4394.63,4395.0,460
2026-08-18 11:01:00,4395.0,4395.86,4394.3,4395.79,275
2026-08-18 11:02:00,4395.8,4395.99,4394.8,4395.09,279
2026-08-18 11:03:00,4395.1,4395.36,4394.49,4394.92,296
2026-08-18 11:04:00,4394.91,4395.01,4394.19,4394.49,279
2026-08-18 11:05:00,4394.48,4394.57,4392.71,4393.02,354
2026-08-18 11:06:00,4392.9,4393.3,4390.59,4391.29,351
2026-08-18 11:07:00,4391.29,4391.48,4390.07,4390.55,265
2026-08-18 11:08:00,4390.55,4391.69,4390.42,4391.52,270
2026-08-18 11:09:00,4391.52,4391.73,4390.46,4391.13,226
2026-08-18 11:10:00,4391.0,4391.0,4388.01,4389.2,406
2026-08-18 11:11:00,4389.15,4390.72,4389.14,4390.23,258
2026-08-18 11:12:00,4390.23,4394.47,4389.98,4394.47,272
2026-08-18 11:13:00,4394.54,4394.73,4393.51,4393.67,241
2026-08-18 11:14:00,4393.63,4394.16,4392.55,4392.72,285
2026-08-18 11:15:00,4392.7,4392.95,4392.02,4392.41,230
2026-08-18 11:16:00,4392.41,4393.55,4392.16,4392.16,279
2026-08-18 11:17:00,4392.22,4393.14,4391.61,4393.02,323
2026-08-18 11:18:00,4393.03,4393.35,4392.57,4393.2,258
2026-08-18 11:19:00,4393.2,4393.41,4392.04,4392.15,241
2026-08-18 11:20:00,4392.17,4392.17,4391.46,4391.99,180
2026-08-18 11:21:00,4392.11,4392.56,4390.54,4390.62,299
2026-08-18 11:22:00,4390.55,4391.07,4389.25,4389.45,239
2026-08-18 11:23:00,4389.45,4389.5,4386.87,4388.19,311
2026-08-18 11:24:00,4388.21,4388.93,4387.69,4388.72,207
2026-08-18 11:25:00,4388.71,4388.87,4387.58,4388.18,238
2026-08-18 11:26:00,4388.18,4388.47,4387.42,4388.34,227
2026-08-18 11:27:00,4388.39,4389.21,4387.97,4389.21,244
2026-08-18 11:28:00,4389.21,4389.21,4387.95,4388.05,181
2026-08-18 11:29:00,4388.05,4389.64,4387.54,4389.51,283
2026-08-18 11:30:00,4389.53,4390.74,4389.26,4390.3,251
2026-08-18 11:31:00,4390.36,4390.47,4389.74,4389.99,197
2026-08-18 11:32:00,4390.0,4392.82,4390.0,4392.48,235
2026-08-18 11:33:00,4392.49,4393.75,4392.32,4393.25,208
2026-08-18 11:34:00,4393.25,4394.09,4392.6,4393.65,211
2026-08-18 11:35:00,4393.65,4397.79,4393.65,4397.65,266
2026-08-18 11:36:00,4397.57,4398.09,4395.91,4395.91,249
2026-08-18 11:37:00,4395.9,4396.98,4395.8,4396.27,190
2026-08-18 11:38:00,4396.27,4396.47,4395.81,4396.22,162
2026-08-18 11:39:00,4396.29,4398.72,4396.25,4398.38,225
2026-08-18 11:40:00,4398.37,4398.37,4396.82,4396.96,263
2026-08-18 11:41:00,4396.99,4398.66,4396.99,4398.14,249
2026-08-18 11:42:00,4398.17,4398.47,4397.01,4397.22,294
2026-08-18 11:43:00,4397.23,4398.12,4397.05,4397.11,236
2026-08-18 11:44:00,4397.11,4397.26,4396.58,4396.72,199
2026-08-18 11:45:00,4396.69,4396.9,4396.28,4396.3,196
2026-08-18 11:46:00,4396.31,4396.52,4395.97,4396.23,200
2026-08-18 11:47:00,4396.23,4396.53,4395.45,4395.46,174
2026-08-18 11:48:00,4395.47,4395.76,4394.1,4394.38,226
2026-08-18 11:49:00,4394.38,4394.38,4391.77,4393.26,256
2026-08-18 11:50:00,4393.26,4393.38,4392.07,4392.51,182
2026-08-18 11:51:00,4392.51,4392.74,4391.55,4392.58,194
2026-08-18 11:52:00,4392.64,4393.03,4392.22,4392.95,175
2026-08-18 11:53:00,4392.95,4393.55,4392.84,4393.06,198
2026-08-18 11:54:00,4393.06,4393.59,4392.41,4393.59,158
2026-08-18 11:55:00,4393.7,4394.01,4393.03,4393.03,305
2026-08-18 11:56:00,4393.03,4394.68,4393.01,4393.08,220
2026-08-18 11:57:00,4393.06,4393.75,4392.41,4393.22,155
2026-08-18 11:58:00,4393.22,4393.36,4392.67,4392.68,107
2026-08-18 11:59:00,4392.67,4393.39,4392.64,4393.36,146
2026-08-18 12:00:00,4393.34,4393.7,4392.15,4393.22,382
2026-08-18 12:01:00,4393.22,4393.93,4392.62,4393.51,247
2026-08-18 12:02:00,4393.51,4393.79,4392.37,4393.12,235
2026-08-18 12:03:00,4393.12,4393.36,4392.4,4393.08,306
2026-08-18 12:04:00,4393.1,4393.19,4392.11,4392.32,221
2026-08-18 12:05:00,4392.39,4393.06,4391.93,4391.99,218
2026-08-18 12:06:00,4391.99,4392.46,4391.57,4391.98,230
2026-08-18 12:07:00,4391.9,4392.12,4391.18,4391.97,228
2026-08-18 12:08:00,4391.96,4392.22,4391.39,4391.94,193
2026-08-18 12:09:00,4391.93,4391.99,4391.17,4391.72,172
2026-08-18 12:10:00,4391.72,4392.31,4391.39,4392.02,198
2026-08-18 12:11:00,4392.06,4392.62,4391.76,4392.62,138
2026-08-18 12:12:00,4392.62,4392.83,4391.83,4391.89,133
2026-08-18 12:13:00,4391.89,4392.78,4391.75,4392.43,140
2026-08-18 12:14:00,4392.43,4393.58,4392.43,4392.8,159
2026-08-18 12:15:00,4392.79,4392.82,4391.49,4392.08,206
2026-08-18 12:16:00,4392.08,4392.19,4390.89,4392.05,114
2026-08-18 12:17:00,4392.05,4392.05,4391.42,4391.42,175
2026-08-18 12:18:00,4391.3,4391.85,4390.8,4391.3,225
2026-08-18 12:19:00,4391.3,4391.76,4391.12,4391.18,138
2026-08-18 12:20:00,4391.19,4391.43,4390.57,4390.68,207
2026-08-18 12:21:00,4390.68,4391.16,4390.2,4390.54,214
2026-08-18 12:22:00,4390.54,4390.54,4388.97,4389.9,254
2026-08-18 12:23:00,4389.92,4390.87,4389.78,4390.78,216
2026-08-18 12:24:00,4390.78,4390.78,4389.9,4390.2,453
2026-08-18 12:25:00,4390.23,4390.32,4389.02,4389.06,235
2026-08-18 12:26:00,4389.09,4389.84,4388.78,4389.82,202
2026-08-18 12:27:00,4389.82,4391.45,4389.34,4390.88,213
2026-08-18 12:28:00,4390.88,4391.47,4389.64,4389.74,235
2026-08-18 12:29:00,4389.74,4389.92,4388.6,4389.34,255
2026-08-18 12:30:00,4389.3,4391.04,4389.2,4390.47,310
2026-08-18 12:31:00,4390.47,4391.63,4389.67,4390.79,367
2026-08-18 12:32:00,4390.78,4391.14,4389.73,4391.01,250
2026-08-18 12:33:00,4391.01,4393.35,4390.81,4392.82,238
2026-08-18 12:34:00,4392.82,4393.71,4391.48,4393.7,294
2026-08-18 12:35:00,4393.67,4394.99,4393.19,4393.97,288
2026-08-18 12:36:00,4393.97,4394.07,4391.87,4392.14,226
2026-08-18 12:37:00,4392.13,4394.36,4391.91,4394.28,215
2026-08-18 12:38:00,4394.28,4394.4,4391.84,4391.89,237
2026-08-18 12:39:00,4391.74,4391.76,4390.48,4391.24,209
2026-08-18 12:40:00,4391.24,4391.72,4389.06,4389.08,220
2026-08-18 12:41:00,4389.07,4389.34,4388.28,4389.14,194
2026-08-18 12:42:00,4389.15,4389.25,4388.17,4389.13,193
2026-08-18 12:43:00,4389.13,4389.23,4387.63,4387.64,221
2026-08-18 12:44:00,4387.68,4388.6,4387.36,4388.59,227
2026-08-18 12:45:00,4388.59,4388.91,4387.11,4387.13,206
2026-08-18 12:46:00,4387.11,4389.58,4387.11,4389.58,270
2026-08-18 12:47:00,4389.57,4390.16,4389.35,4389.87,190
2026-08-18 12:48:00,4389.87,4391.62,4388.96,4391.28,221
2026-08-18 12:49:00,4391.27,4392.39,4391.14,4392.17,250
2026-08-18 12:50:00,4392.16,4393.77,4392.15,4393.26,263
2026-08-18 12:51:00,4393.25,4394.06,4393.25,4394.05,197
2026-08-18 12:52:00,4394.06,4394.21,4393.3,4393.36,171
2026-08-18 12:53:00,4393.36,4393.62,4393.14,4393.43,202
2026-08-18 12:54:00,4393.43,4394.23,4393.33,4393.77,162
2026-08-18 12:55:00,4393.9,4394.15,4393.51,4393.63,160
2026-08-18 12:56:00,4393.63,4394.96,4392.85,4394.05,221
2026-08-18 12:57:00,4394.05,4394.2,4393.3,4393.37,191
2026-08-18 12:58:00,4393.37,4394.26,4393.35,4394.04,159
2026-08-18 12:59:00,4394.04,4394.27,4393.29,4393.34,106
2026-08-18 13:00:00,4393.34,4393.58,4392.29,4393.01,260
2026-08-18 13:01:00,4392.99,4393.71,4392.83,4392.98,212
2026-08-18 13:02:00,4392.98,4395.06,4392.92,4394.87,184
2026-08-18 13:03:00,4394.92,4395.81,4394.84,4395.08,170
2026-08-18 13:04:00,4395.06,4395.08,4393.64,4394.03,151
2026-08-18 13:05:00,4394.03,4394.77,4394.01,4394.08,182
2026-08-18 13:06:00,4394.07,4394.07,4393.63,4393.76,167
2026-08-18 13:07:00,4393.77,4394.49,4393.6,4394.11,168
2026-08-18 13:08:00,4394.11,4394.11,4392.53,4392.8,217
2026-08-18 13:09:00,4392.8,4393.48,4392.65,4393.42,163
2026-08-18 13:10:00,4393.42,4393.84,4392.73,4392.95,182
2026-08-18 13:11:00,4392.93,4393.54,4392.73,4393.34,196
2026-08-18 13:12:00,4393.34,4394.18,4393.07,4393.1,197
2026-08-18 13:13:00,4393.11,4393.57,4393.05,4393.24,151
2026-08-18 13:14:00,4393.25,4394.84,4393.25,4394.55,154
2026-08-18 13:15:00,4394.6,4395.2,4394.47,4394.5,120
2026-08-18 13:16:00,4394.53,4395.29,4394.41,4394.77,152
2026-08-18 13:17:00,4394.84,4395.17,4394.19,4394.6,135
2026-08-18 13:18:00,4394.6,4396.29,4394.25,4396.1,235
2026-08-18 13:19:00,4396.1,4396.13,4395.05,4395.57,158
2026-08-18 13:20:00,4395.57,4395.66,4394.94,4395.24,196
2026-08-18 13:21:00,4395.27,4395.31,4392.61,4392.99,162
2026-08-18 13:22:00,4393.01,4393.08,4392.07,4392.39,131
2026-08-18 13:23:00,4392.39,4392.39,4391.79,4391.93,138
2026-08-18 13:24:00,4391.94,4392.05,4391.41,4391.63,178
2026-08-18 13:25:00,4391.63,4392.11,4389.92,4390.08,130
2026-08-18 13:26:00,4390.08,4391.08,4389.81,4390.97,234
2026-08-18 13:27:00,4390.95,4391.43,4390.65,4390.83,174
2026-08-18 13:28:00,4390.8,4391.86,4390.8,4391.53,130
2026-08-18 13:29:00,4391.53,4392.27,4391.24,4392.08,108
2026-08-18 13:30:00,4392.08,4392.46,4391.72,4392.37,180
2026-08-18 13:31:00,4392.37,4394.13,4392.37,4393.92,175
2026-08-18 13:32:00,4393.94,4393.96,4393.1,4393.25,147
2026-08-18 13:33:00,4393.27,4394.0,4393.12,4393.7,101
2026-08-18 13:34:00,4393.68,4394.24,4393.52,4393.65,92
2026-08-18 13:35:00,4393.65,4394.32,4393.58,4394.18,92
2026-08-18 13:36:00,4394.18,4395.06,4393.68,4394.88,137
2026-08-18 13:37:00,4394.88,4397.16,4394.75,4396.94,162
2026-08-18 13:38:00,4397.01,4397.34,4396.11,4396.18,186
2026-08-18 13:39:00,4396.18,4397.71,4396.14,4397.58,152
2026-08-18 13:40:00,4397.58,4398.22,4397.11,4397.97,176
2026-08-18 13:41:00,4397.99,4398.02,4397.3,4397.58,174
2026-08-18 13:42:00,4397.58,4398.3,4397.23,4398.2,134
2026-08-18 13:43:00,4398.2,4398.61,4397.84,4398.07,155
2026-08-18 13:44:00,4398.06,4398.7,4397.93,4398.69,127
2026-08-18 13:45:00,4398.69,4398.92,4398.47,4398.77,135
2026-08-18 13:46:00,4398.79,4399.62,4398.79,4399.18,154
2026-08-18 13:47:00,4399.18,4399.59,4399.0,4399.02,135
2026-08-18 13:48:00,4399.03,4399.31,4398.19,4398.93,213
2026-08-18 13:49:00,4398.94,4399.53,4398.72,4398.85,169
2026-08-18 13:50:00,4398.9,4399.33,4398.77,4399.31,153
2026-08-18 13:51:00,4399.31,4399.31,4398.06,4398.19,163
2026-08-18 13:52:00,4398.19,4398.24,4397.78,4397.86,105
2026-08-18 13:53:00,4397.88,4397.89,4396.78,4397.24,137
2026-08-18 13:54:00,4397.31,4397.43,4396.49,4397.03,132
2026-08-18 13:55:00,4397.01,4397.19,4396.51,4397.02,209
2026-08-18 13:56:00,4396.99,4397.53,4396.73,4397.04,172
2026-08-18 13:57:00,4396.97,4397.23,4396.83,4397.0,161
2026-08-18 13:58:00,4396.99,4397.66,4396.98,4397.39,141
2026-08-18 13:59:00,4397.38,4397.75,4397.04,4397.65,158
2026-08-18 14:00:00,4397.65,4398.24,4396.71,4397.54,318
2026-08-18 14:01:00,4397.55,4398.46,4397.45,4398.2,218
2026-08-18 14:02:00,4398.2,4399.12,4397.97,4398.17,197
2026-08-18 14:03:00,4398.17,4398.17,4395.59,4395.7,205
2026-08-18 14:04:00,4395.7,4395.77,4393.68,4394.01,246
2026-08-18 14:05:00,4394.02,4394.63,4393.67,4394.45,187
2026-08-18 14:06:00,4394.45,4394.74,4393.75,4393.86,181
2026-08-18 14:07:00,4393.86,4393.93,4392.58,4393.67,163
2026-08-18 14:08:00,4393.65,4394.6,4393.65,4394.6,115
2026-08-18 14:09:00,4394.6,4394.61,4393.63,4393.7,135
2026-08-18 14:10:00,4393.7,4394.17,4393.07,4393.81,147
2026-08-18 14:11:00,4393.85,4393.87,4392.05,4392.26,148
2026-08-18 14:12:00,4392.27,4393.52,4392.27,4392.92,137
2026-08-18 14:13:00,4392.92,4394.08,4392.79,4393.85,175
2026-08-18 14:14:00,4393.85,4393.97,4393.57,4393.61,93
2026-08-18 14:15:00,4393.61,4394.75,4393.19,4393.87,156
2026-08-18 14:16:00,4393.87,4394.22,4393.54,4393.68,150
2026-08-18 14:17:00,4393.72,4393.75,4392.45,4392.59,148
2026-08-18 14:18:00,4392.56,4392.98,4392.29,4392.86,147
2026-08-18 14:19:00,4392.74,4393.28,4392.17,4393.12,200
2026-08-18 14:20:00,4393.19,4393.97,4392.53,4392.79,216
2026-08-18 14:21:00,4392.69,4393.21,4392.25,4392.87,152
2026-08-18 14:22:00,4392.83,4392.98,4392.24,4392.24,169
2026-08-18 14:23:00,4392.29,4392.42,4391.18,4391.38,211
2026-08-18 14:24:00,4391.38,4391.38,4390.34,4390.35,132
2026-08-18 14:25:00,4390.36,4391.08,4390.17,4390.8,189
2026-08-18 14:26:00,4390.8,4391.63,4390.45,4391.32,159
2026-08-18 14:27:00,4391.35,4391.83,4390.44,4390.44,152
2026-08-18 14:28:00,4390.55,4391.36,4390.46,4390.9,219
2026-08-18 14:29:00,4390.9,4391.16,4389.66,4390.1,168
2026-08-18 14:30:00,4390.11,4391.89,4389.83,4390.59,250
2026-08-18 14:31:00,4390.63,4390.81,4390.01,4390.1,197
2026-08-18 14:32:00,4390.1,4390.53,4389.81,4390.19,157
2026-08-18 14:33:00,4390.21,4390.44,4389.54,4390.09,185
2026-08-18 14:34:00,4390.09,4390.09,4389.39,4389.58,113
2026-08-18 14:35:00,4389.58,4390.41,4388.68,4390.31,172
2026-08-18 14:36:00,4390.31,4391.42,4389.68,4391.42,191
2026-08-18 14:37:00,4391.43,4391.46,4389.39,4389.48,232
2026-08-18 14:38:00,4389.51,4391.02,4389.51,4390.63,148
2026-08-18 14:39:00,4390.62,4391.74,4390.54,4390.6,178
2026-08-18 14:40:00,4390.69,4392.13,4389.65,4392.05,244
2026-08-18 14:41:00,4392.07,4392.54,4391.23,4391.56,291
2026-08-18 14:42:00,4391.55,4392.23,4390.96,4392.15,178
2026-08-18 14:43:00,4392.15,4392.47,4391.3,4391.44,187
2026-08-18 14:44:00,4391.44,4391.73,4390.74,4391.02,154
2026-08-18 14:45:00,4391.02,4393.03,4390.81,4392.93,172
2026-08-18 14:46:00,4392.93,4393.74,4392.23,4392.68,230
2026-08-18 14:47:00,4392.69,4393.48,4392.47,4393.46,156
2026-08-18 14:48:00,4393.45,4393.63,4392.94,4393.31,217
2026-08-18 14:49:00,4393.28,4393.3,4391.98,4392.22,126
2026-08-18 14:50:00,4392.22,4392.79,4391.93,4392.6,180
2026-08-18 14:51:00,4392.6,4393.03,4391.77,4391.85,196
2026-08-18 14:52:00,4391.84,4391.95,4391.19,4391.39,147
2026-08-18 14:53:00,4391.39,4391.39,4389.87,4390.77,169
2026-08-18 14:54:00,4390.79,4390.91,4390.46,4390.85,124
2026-08-18 14:55:00,4390.85,4392.1,4390.72,4391.62,143
2026-08-18 14:56:00,4391.62,4392.57,4390.67,4392.52,168
2026-08-18 14:57:00,4392.52,4395.21,4392.52,4394.89,208
2026-08-18 14:58:00,4394.88,4395.97,4394.81,4395.86,278
2026-08-18 14:59:00,4395.87,4396.77,4395.78,4395.94,244
2026-08-18 15:00:00,4395.94,4396.2,4393.26,4393.5,351
2026-08-18 15:01:00,4393.43,4393.55,4391.5,4393.12,312
2026-08-18 15:02:00,4393.13,4393.29,4392.68,4392.74,152
2026-08-18 15:03:00,4392.74,4393.85,4392.46,4393.49,203
2026-08-18 15:04:00,4393.49,4396.94,4393.42,4396.46,395
2026-08-18 15:05:00,4396.57,4396.98,4395.47,4396.94,350
2026-08-18 15:06:00,4396.94,4397.07,4394.61,4394.73,299
2026-08-18 15:07:00,4394.73,4395.0,4392.26,4392.61,284
2026-08-18 15:08:00,4392.61,4393.24,4391.45,4391.66,287
2026-08-18 15:09:00,4391.66,4392.18,4390.51,4391.27,305
2026-08-18 15:10:00,4391.27,4391.92,4390.62,4391.72,312
2026-08-18 15:11:00,4391.66,4391.8,4389.6,4391.29,339
2026-08-18 15:12:00,4391.28,4391.91,4391.03,4391.77,217
2026-08-18 15:13:00,4391.76,4392.36,4390.53,4390.71,232
2026-08-18 15:14:00,4390.7,4393.48,4390.29,4393.25,187
2026-08-18 15:15:00,4393.24,4393.78,4391.55,4392.05,208
2026-08-18 15:16:00,4392.08,4393.64,4392.08,4392.61,219
2026-08-18 15:17:00,4392.6,4392.9,4391.64,4392.08,294
2026-08-18 15:18:00,4392.06,4392.33,4391.85,4392.27,189
2026-08-18 15:19:00,4392.25,4392.95,4391.69,4392.95,227
2026-08-18 15:20:00,4392.98,4399.06,4392.95,4398.65,573
2026-08-18 15:21:00,4398.84,4400.89,4397.98,4398.91,358
2026-08-18 15:22:00,4398.92,4399.65,4398.43,4398.61,279
2026-08-18 15:23:00,4398.57,4398.99,4397.15,4397.7,240
2026-08-18 15:24:00,4397.78,4399.06,4394.99,4395.8,341
2026-08-18 15:25:00,4395.8,4396.09,4393.36,4395.05,390
2026-08-18 15:26:00,4395.05,4395.56,4393.6,4394.35,278
2026-08-18 15:27:00,4394.35,4394.72,4392.14,4392.7,253
2026-08-18 15:28:00,4392.7,4394.52,4391.9,4394.52,255
2026-08-18 15:29:00,4394.52,4396.03,4394.52,4395.3,231
2026-08-18 15:30:00,4395.31,4398.08,4393.41,4393.49,328
2026-08-18 15:31:00,4393.31,4395.14,4392.37,4395.03,255
2026-08-18 15:32:00,4395.03,4396.05,4393.91,4396.01,217
2026-08-18 15:33:00,4396.01,4396.91,4395.5,4396.79,211
2026-08-18 15:34:00,4396.84,4397.25,4396.39,4396.62,212
2026-08-18 15:35:00,4396.61,4397.78,4396.57,4397.33,268
2026-08-18 15:36:00,4397.33,4397.61,4394.34,4394.41,345
2026-08-18 15:37:00,4394.46,4395.26,4392.85,4392.99,258
2026-08-18 15:38:00,4393.0,4395.02,4392.85,4393.94,318
2026-08-18 15:39:00,4393.94,4394.98,4393.66,4394.33,329
2026-08-18 15:40:00,4394.33,4394.33,4391.13,4392.23,303
2026-08-18 15:41:00,4392.23,4392.32,4391.35,4392.12,213
2026-08-18 15:42:00,4392.13,4392.94,4391.6,4392.94,205
2026-08-18 15:43:00,4392.95,4393.22,4392.02,4392.73,274
2026-08-18 15:44:00,4392.73,4393.05,4391.85,4392.28,209
2026-08-18 15:45:00,4392.27,4394.57,4392.27,4394.21,289
2026-08-18 15:46:00,4394.21,4395.29,4393.47,4393.85,229
2026-08-18 15:47:00,4393.73,4396.64,4393.29,4395.58,270
2026-08-18 15:48:00,4395.58,4395.74,4394.59,4395.28,186
2026-08-18 15:49:00,4395.28,4396.22,4395.27,4396.02,221
2026-08-18 15:50:00,4396.05,4397.01,4395.88,4395.92,216
2026-08-18 15:51:00,4395.92,4396.66,4395.35,4396.25,282
2026-08-18 15:52:00,4396.25,4396.51,4394.18,4396.42,235
2026-08-18 15:53:00,4396.42,4396.57,4394.98,4394.98,184
2026-08-18 15:54:00,4394.98,4394.98,4392.35,4393.12,314
2026-08-18 15:55:00,4393.12,4393.6,4392.16,4392.18,287
2026-08-18 15:56:00,4392.18,4393.13,4390.76,4392.75,268
2026-08-18 15:57:00,4392.71,4393.96,4392.55,4393.96,254
2026-08-18 15:58:00,4393.97,4394.69,4393.74,4394.04,241
2026-08-18 15:59:00,4394.04,4395.81,4394.04,4394.49,260
2026-08-18 16:00:00,4394.45,4396.12,4390.79,4391.04,638
2026-08-18 16:01:00,4391.08,4394.24,4390.34,4393.29,527
2026-08-18 16:02:00,4393.28,4393.29,4390.58,4391.16,435
2026-08-18 16:03:00,4391.17,4396.38,4390.92,4395.08,420
2026-08-18 16:04:00,4395.09,4397.43,4394.88,4395.79,340
2026-08-18 16:05:00,4395.79,4396.62,4395.36,4395.79,416
2026-08-18 16:06:00,4395.79,4395.98,4393.35,4393.7,358
2026-08-18 16:07:00,4393.7,4393.75,4389.98,4390.16,348
2026-08-18 16:08:00,4390.4,4391.26,4388.95,4389.84,378
2026-08-18 16:09:00,4389.76,4390.88,4389.1,4389.22,315
2026-08-18 16:10:00,4389.18,4391.39,4388.4,4391.38,373
2026-08-18 16:11:00,4391.38,4391.38,4390.34,4390.93,253
2026-08-18 16:12:00,4390.93,4395.1,4390.37,4394.42,423
2026-08-18 16:13:00,4394.42,4394.42,4392.59,4393.09,189
2026-08-18 16:14:00,4393.11,4396.0,4393.0,4395.82,255
2026-08-18 16:15:00,4395.82,4396.12,4393.28,4394.42,296
2026-08-18 16:16:00,4394.46,4394.95,4388.99,4389.12,381
2026-08-18 16:17:00,4389.12,4391.69,4388.54,4390.41,394
2026-08-18 16:18:00,4390.58,4391.69,4390.12,4391.02,319
2026-08-18 16:19:00,4391.02,4393.31,4390.65,4391.01,297
2026-08-18 16:20:00,4391.01,4392.83,4390.4,4392.68,299
2026-08-18 16:21:00,4392.64,4393.45,4390.79,4392.23,290
2026-08-18 16:22:00,4392.23,4392.32,4389.22,4389.28,341
2026-08-18 16:23:00,4389.25,4389.93,4388.28,4389.33,346
2026-08-18 16:24:00,4389.32,4390.26,4388.97,4389.68,319
2026-08-18 16:25:00,4389.77,4391.25,4388.28,4391.01,366
2026-08-18 16:26:00,4391.01,4391.01,4388.57,4389.35,346
2026-08-18 16:27:00,4389.31,4390.42,4388.42,4390.35,347
2026-08-18 16:28:00,4390.33,4392.31,4390.18,4391.36,324
2026-08-18 16:29:00,4391.22,4391.9,4388.59,4388.81,397
2026-08-18 16:30:00,4389.07,4390.24,4376.47,4384.16,984
2026-08-18 16:31:00,4384.13,4393.63,4384.08,4393.13,830
2026-08-18 16:32:00,4393.11,4396.0,4391.9,4394.65,842
2026-08-18 16:33:00,4394.66,4397.08,4391.53,4393.81,838
2026-08-18 16:34:00,4393.85,4398.83,4393.13,4396.88,778
2026-08-18 16:35:00,4396.91,4400.21,4395.44,4397.63,867
2026-08-18 16:36:00,4397.49,4402.62,4396.76,4399.39,890
2026-08-18 16:37:00,4399.38,4401.51,4398.96,4400.41,821
2026-08-18 16:38:00,4400.37,4403.22,4399.43,4402.15,820
2026-08-18 16:39:00,4402.23,4403.38,4400.55,4402.95,776
2026-08-18 16:40:00,4402.89,4403.03,4400.98,4401.48,707
2026-08-18 16:41:00,4401.47,4406.66,4400.77,4403.29,866
2026-08-18 16:42:00,4403.31,4404.81,4401.67,4403.14,786
2026-08-18 16:43:00,4402.99,4403.56,4399.73,4403.13,739
2026-08-18 16:44:00,4403.08,4403.64,4400.06,4401.19,699
2026-08-18 16:45:00,4401.18,4402.3,4399.74,4400.88,687
2026-08-18 16:46:00,4400.87,4401.12,4393.14,4393.51,794
2026-08-18 16:47:00,4393.56,4397.02,4391.61,4396.48,741
2026-08-18 16:48:00,4396.49,4396.5,4394.41,4394.75,623
2026-08-18 16:49:00,4394.74,4397.12,4393.87,4395.3,671
2026-08-18 16:50:00,4395.28,4398.2,4394.57,4397.48,729
2026-08-18 16:51:00,4397.51,4397.86,4390.45,4390.57,784
2026-08-18 16:52:00,4390.6,4394.2,4389.99,4393.26,709
2026-08-18 16:53:00,4393.19,4393.47,4391.11,4391.22,659
2026-08-18 16:54:00,4391.25,4391.97,4389.48,4390.93,639
2026-08-18 16:55:00,4390.92,4391.59,4389.84,4390.6,657
2026-08-18 16:56:00,4390.49,4393.02,4390.13,4392.98,577
2026-08-18 16:57:00,4392.95,4394.41,4392.57,4393.55,653
2026-08-18 16:58:00,4393.53,4393.84,4391.68,4393.55,620
2026-08-18 16:59:00,4393.51,4395.17,4392.81,4394.71,609
2026-08-18 17:00:00,4394.7,4400.44,4393.42,4399.64,763
2026-08-18 17:01:00,4399.63,4401.44,4397.86,4401.19,667
2026-08-18 17:02:00,4401.21,4403.41,4399.21,4402.75,784
2026-08-18 17:03:00,4402.78,4406.55,4402.72,4405.27,669
2026-08-18 17:04:00,4405.28,4405.41,4402.18,4404.17,666
2026-08-18 17:05:00,4404.16,4404.61,4402.84,4403.6,732
2026-08-18 17:06:00,4403.61,4404.38,4397.98,4400.13,629
2026-08-18 17:07:00,4400.14,4401.94,4399.33,4401.25,573
2026-08-18 17:08:00,4401.32,4401.68,4397.85,4400.68,595
2026-08-18 17:09:00,4400.65,4401.41,4398.37,4398.39,493
2026-08-18 17:10:00,4398.38,4399.1,4397.01,4398.67,560
2026-08-18 17:11:00,4398.67,4398.67,4392.05,4393.52,598
2026-08-18 17:12:00,4393.52,4394.56,4392.63,4393.95,499
2026-08-18 17:13:00,4393.95,4394.28,4391.26,4393.82,580
2026-08-18 17:14:00,4393.82,4396.0,4393.17,4393.25,560
2026-08-18 17:15:00,4393.26,4398.07,4393.05,4398.0,569
2026-08-18 17:16:00,4398.0,4401.26,4398.0,4398.65,546
2026-08-18 17:17:00,4398.65,4398.84,4397.59,4398.51,398
2026-08-18 17:18:00,4398.51,4403.18,4397.38,4402.86,595
2026-08-18 17:19:00,4402.81,4405.11,4401.85,4401.89,600
2026-08-18 17:20:00,4401.87,4402.84,4398.5,4399.05,547
2026-08-18 17:21:00,4398.97,4399.39,4396.69,4396.99,545
2026-08-18 17:22:00,4397.01,4399.28,4396.65,4398.73,487
2026-08-18 17:23:00,4398.72,4398.79,4396.2,4397.51,519
2026-08-18 17:24:00,4397.53,4397.77,4395.71,4397.77,611
2026-08-18 17:25:00,4397.75,4398.91,4396.56,4397.86,525
2026-08-18 17:26:00,4397.86,4397.99,4395.99,4396.75,485
2026-08-18 17:27:00,4396.69,4397.14,4393.2,4394.58,517
2026-08-18 17:28:00,4394.61,4396.07,4394.0,4394.2,485
2026-08-18 17:29:00,4394.29,4394.91,4392.3,4394.24,507
2026-08-18 17:30:00,4394.25,4394.36,4390.84,4392.16,653
2026-08-18 17:31:00,4392.09,4392.25,4390.01,4390.81,519
2026-08-18 17:32:00,4390.84,4394.01,4385.39,4393.92,659
2026-08-18 17:33:00,4393.9,4396.36,4393.84,4394.85,457
2026-08-18 17:34:00,4394.86,4395.12,4389.93,4389.94,572
2026-08-18 17:35:00,4389.93,4390.16,4387.75,4388.23,592
2026-08-18 17:36:00,4388.21,4389.95,4386.23,4389.89,572
2026-08-18 17:37:00,4389.87,4390.15,4386.75,4388.38,521
2026-08-18 17:38:00,4388.34,4388.34,4386.04,4387.51,652
2026-08-18 17:39:00,4387.41,4387.98,4382.05,4382.99,787
2026-08-18 17:40:00,4382.95,4383.88,4379.41,4382.3,770
2026-08-18 17:41:00,4382.28,4385.02,4381.67,4384.69,670
2026-08-18 17:42:00,4384.62,4385.08,4383.11,4383.8,670
2026-08-18 17:43:00,4383.76,4384.12,4377.98,4378.77,758
2026-08-18 17:44:00,4378.77,4380.09,4377.76,4379.77,623
2026-08-18 17:45:00,4379.72,4381.43,4378.02,4380.65,614
2026-08-18 17:46:00,4380.6,4383.11,4379.32,4382.95,669
2026-08-18 17:47:00,4382.97,4385.41,4382.25,4385.37,559
2026-08-18 17:48:00,4385.35,4388.29,4384.54,4388.0,544
2026-08-18 17:49:00,4388.0,4388.54,4386.88,4386.91,498
2026-08-18 17:50:00,4386.9,4389.02,4384.84,4387.25,623
2026-08-18 17:51:00,4387.26,4388.34,4383.62,4383.62,497
2026-08-18 17:52:00,4383.63,4384.0,4381.41,4381.41,623
2026-08-18 17:53:00,4381.38,4381.71,4372.71,4378.12,751
2026-08-18 17:54:00,4378.14,4382.42,4377.28,4378.82,678
2026-08-18 17:55:00,4378.81,4383.13,4378.7,4383.02,592
2026-08-18 17:56:00,4383.01,4383.01,4375.23,4377.68,726
2026-08-18 17:57:00,4377.57,4377.94,4375.77,4376.49,683
2026-08-18 17:58:00,4376.68,4376.68,4369.54,4369.54,684
2026-08-18 17:59:00,4369.52,4370.25,4363.86,4366.63,888
2026-08-18 18:00:00,4366.67,4372.06,4365.91,4370.33,848
2026-08-18 18:01:00,4370.38,4371.29,4367.45,4368.49,942
2026-08-18 18:02:00,4368.6,4370.66,4367.57,4368.41,955
2026-08-18 18:03:00,4368.31,4373.18,4367.24,4373.14,951
2026-08-18 18:04:00,4373.15,4376.68,4372.17,4375.63,750
2026-08-18 18:05:00,4375.63,4377.62,4374.28,4375.72,725
2026-08-18 18:06:00,4375.71,4376.43,4374.22,4376.13,616
2026-08-18 18:07:00,4376.11,4376.28,4371.43,4372.11,611
2026-08-18 18:08:00,4372.04,4372.05,4368.87,4370.11,628
2026-08-18 18:09:00,4370.03,4370.1,4365.08,4365.89,712
2026-08-18 18:10:00,4365.79,4367.21,4364.22,4367.18,668
2026-08-18 18:11:00,4367.17,4367.84,4364.63,4365.55,639
2026-08-18 18:12:00,4365.59,4368.4,4364.66,4367.06,621
2026-08-18 18:13:00,4367.06,4367.06,4363.18,4364.07,606
2026-08-18 18:14:00,4364.0,4364.0,4358.68,4360.05,822
2026-08-18 18:15:00,4360.04,4363.61,4359.08,4362.94,730
2026-08-18 18:16:00,4362.89,4365.26,4362.53,4364.53,600
2026-08-18 18:17:00,4364.52,4365.07,4363.09,4363.57,553
2026-08-18 18:18:00,4363.63,4364.04,4358.84,4358.84,677
2026-08-18 18:19:00,4358.81,4359.23,4355.21,4355.21,686
2026-08-18 18:20:00,4355.2,4356.34,4352.79,4354.85,806
2026-08-18 18:21:00,4354.9,4356.86,4352.03,4354.91,769
2026-08-18 18:22:00,4354.9,4357.14,4353.34,4356.64,811
2026-08-18 18:23:00,4356.64,4356.64,4353.11,4355.83,639
2026-08-18 18:24:00,4355.73,4356.25,4351.68,4354.54,691
2026-08-18 18:25:00,4354.58,4357.69,4353.16,4357.02,756
2026-08-18 18:26:00,4356.99,4357.52,4354.09,4356.44,690
2026-08-18 18:27:00,4356.37,4356.78,4353.94,4356.57,488
2026-08-18 18:28:00,4356.56,4359.03,4355.78,4358.02,579
2026-08-18 18:29:00,4357.96,4360.7,4354.73,4354.95,699
2026-08-18 18:30:00,4354.96,4357.07,4354.58,4357.03,767
2026-08-18 18:31:00,4357.02,4361.97,4356.31,4357.61,825
2026-08-18 18:32:00,4357.62,4361.03,4356.41,4356.72,695
2026-08-18 18:33:00,4356.91,4358.97,4356.64,4358.12,572
2026-08-18 18:34:00,4358.09,4362.08,4357.54,4360.04,623
2026-08-18 18:35:00,4360.02,4360.58,4359.05,4360.18,629
2026-08-18 18:36:00,4360.19,4360.73,4356.77,4358.5,671
2026-08-18 18:37:00,4358.49,4359.87,4356.73,4358.2,601
2026-08-18 18:38:00,4358.19,4361.88,4358.14,4361.11,575
2026-08-18 18:39:00,4361.36,4362.42,4360.67,4361.31,537
2026-08-18 18:40:00,4361.32,4361.96,4359.48,4360.95,518
2026-08-18 18:41:00,4361.02,4361.81,4359.51,4361.0,525
2026-08-18 18:42:00,4361.0,4361.68,4358.84,4358.9,482
2026-08-18 18:43:00,4358.88,4359.16,4357.34,4357.5,447
2026-08-18 18:44:00,4357.5,4359.66,4356.67,4358.72,510
2026-08-18 18:45:00,4358.72,4361.69,4358.72,4361.06,549
2026-08-18 18:46:00,4361.22,4362.58,4360.89,4361.28,505
2026-08-18 18:47:00,4361.27,4362.65,4359.79,4361.09,541
2026-08-18 18:48:00,4361.03,4365.1,4360.51,4363.15,435
2026-08-18 18:49:00,4363.11,4364.66,4363.11,4364.16,319
2026-08-18 18:50:00,4364.09,4364.6,4361.28,4362.55,349
2026-08-18 18:51:00,4362.55,4365.83,4362.07,4365.41,341
2026-08-18 18:52:00,4365.39,4365.74,4364.47,4364.5,343
2026-08-18 18:53:00,4364.53,4366.72,4364.53,4365.23,429
2026-08-18 18:54:00,4365.23,4365.33,4363.96,4364.61,321
2026-08-18 18:55:00,4364.61,4365.91,4364.08,4364.27,306
2026-08-18 18:56:00,4364.39,4364.65,4363.37,4363.72,313
2026-08-18 18:57:00,4363.68,4365.1,4363.62,4364.42,345
2026-08-18 18:58:00,4364.41,4364.63,4363.73,4364.2,338
2026-08-18 18:59:00,4364.2,4365.15,4364.12,4364.98,340
2026-08-18 19:00:00,4365.0,4367.49,4364.95,4367.37,441
2026-08-18 19:01:00,4367.36,4368.72,4366.65,4367.65,364
2026-08-18 19:02:00,4367.63,4368.45,4367.21,4367.57,331
2026-08-18 19:03:00,4367.42,4369.29,4367.34,4368.28,335
2026-08-18 19:04:00,4368.28,4369.37,4367.75,4367.97,352
2026-08-18 19:05:00,4368.15,4369.14,4367.2,4369.0,346
2026-08-18 19:06:00,4369.0,4369.67,4367.62,4367.62,371
2026-08-18 19:07:00,4367.66,4367.93,4366.86,4367.92,407
2026-08-18 19:08:00,4367.9,4370.94,4367.62,4370.88,391
2026-08-18 19:09:00,4370.96,4371.66,4370.49,4371.45,357
2026-08-18 19:10:00,4371.43,4371.66,4369.35,4369.55,345
2026-08-18 19:11:00,4369.56,4370.73,4368.88,4370.51,341
2026-08-18 19:12:00,4370.51,4370.51,4368.97,4369.55,387
2026-08-18 19:13:00,4369.6,4370.3,4368.65,4368.76,294
2026-08-18 19:14:00,4368.83,4368.91,4367.49,4367.71,308
2026-08-18 19:15:00,4367.72,4368.4,4366.15,4366.35,360
2026-08-18 19:16:00,4366.36,4367.3,4366.28,4366.71,426
2026-08-18 19:17:00,4366.7,4366.96,4364.53,4366.1,354
2026-08-18 19:18:00,4366.09,4366.2,4364.78,4365.02,341
2026-08-18 19:19:00,4365.03,4367.19,4364.68,4367.19,370
2026-08-18 19:20:00,4367.19,4369.76,4367.19,4369.48,361
2026-08-18 19:21:00,4369.46,4369.67,4368.48,4369.4,290
2026-08-18 19:22:00,4369.39,4369.43,4367.73,4367.82,262
2026-08-18 19:23:00,4367.82,4368.3,4366.65,4367.8,302
2026-08-18 19:24:00,4367.81,4368.69,4367.53,4368.3,208
2026-08-18 19:25:00,4368.3,4369.16,4368.01,4368.65,231
2026-08-18 19:26:00,4368.65,4369.15,4366.47,4366.57,289
2026-08-18 19:27:00,4366.59,4366.77,4364.34,4364.47,340
2026-08-18 19:28:00,4364.49,4364.71,4363.63,4364.1,367
2026-08-18 19:29:00,4364.09,4364.52,4363.51,4364.22,372
2026-08-18 19:30:00,4364.2,4366.69,4364.14,4366.08,440
2026-08-18 19:31:00,4366.08,4366.78,4363.84,4363.92,400
2026-08-18 19:32:00,4363.91,4364.67,4363.3,4364.59,341
2026-08-18 19:33:00,4364.63,4365.01,4363.46,4363.98,324
2026-08-18 19:34:00,4364.06,4365.8,4363.89,4365.8,410
2026-08-18 19:35:00,4365.79,4367.04,4364.81,4365.2,375
2026-08-18 19:36:00,4365.2,4365.9,4363.95,4364.0,282
2026-08-18 19:37:00,4364.01,4365.29,4363.06,4364.94,333
2026-08-18 19:38:00,4364.94,4366.86,4364.94,4366.58,290
2026-08-18 19:39:00,4366.49,4366.49,4365.09,4365.21,254
2026-08-18 19:40:00,4365.19,4367.24,4365.1,4367.23,321
2026-08-18 19:41:00,4367.23,4368.67,4367.03,4367.82,264
2026-08-18 19:42:00,4367.83,4368.2,4367.07,4367.55,260
2026-08-18 19:43:00,4367.55,4367.75,4365.5,4365.73,301
2026-08-18 19:44:00,4365.73,4367.79,4365.73,4367.45,244
2026-08-18 19:45:00,4367.45,4367.8,4365.76,4365.97,281
2026-08-18 19:46:00,4365.97,4367.16,4365.05,4366.96,282
2026-08-18 19:47:00,4366.96,4367.62,4364.54,4364.79,270
2026-08-18 19:48:00,4364.77,4365.18,4363.37,4363.68,293
2026-08-18 19:49:00,4363.63,4364.22,4363.26,4363.5,251
2026-08-18 19:50:00,4363.53,4364.13,4363.08,4364.02,275
2026-08-18 19:51:00,4364.02,4366.14,4363.67,4366.03,241
2026-08-18 19:52:00,4365.99,4367.51,4365.92,4367.31,323
2026-08-18 19:53:00,4367.29,4367.45,4366.46,4366.94,247
2026-08-18 19:54:00,4366.93,4368.82,4366.84,4368.66,263
2026-08-18 19:55:00,4368.69,4368.69,4365.95,4365.98,292
2026-08-18 19:56:00,4366.01,4366.44,4365.29,4365.65,242
2026-08-18 19:57:00,4365.65,4365.76,4363.62,4363.78,330
2026-08-18 19:58:00,4363.86,4364.38,4363.15,4364.02,351
2026-08-18 19:59:00,4364.03,4364.77,4363.88,4363.88,344
2026-08-18 20:00:00,4363.94,4365.34,4363.67,4364.87,445
2026-08-18 20:01:00,4364.87,4365.49,4363.87,4364.32,397
2026-08-18 20:02:00,4364.31,4365.77,4363.81,4364.65,324
2026-08-18 20:03:00,4364.66,4365.01,4363.64,4363.8,391
2026-08-18 20:04:00,4363.81,4364.97,4363.76,4364.56,319
2026-08-18 20:05:00,4364.55,4366.02,4364.38,4365.52,337
2026-08-18 20:06:00,4365.53,4366.28,4365.24,4365.73,330
2026-08-18 20:07:00,4365.73,4365.95,4364.9,4365.55,254
2026-08-18 20:08:00,4365.55,4366.22,4365.34,4365.93,240
2026-08-18 20:09:00,4365.9,4366.06,4365.62,4365.79,228
2026-08-18 20:10:00,4365.79,4366.5,4365.63,4365.81,296
2026-08-18 20:11:00,4365.81,4366.51,4365.12,4365.23,295
2026-08-18 20:12:00,4365.21,4366.32,4364.96,4365.86,296
2026-08-18 20:13:00,4365.88,4366.46,4364.74,4366.4,229
2026-08-18 20:14:00,4366.43,4367.18,4366.2,4366.96,346
2026-08-18 20:15:00,4366.95,4368.24,4366.91,4367.84,325
2026-08-18 20:16:00,4367.86,4367.92,4366.29,4366.85,311
2026-08-18 20:17:00,4367.01,4367.17,4365.22,4365.42,221
2026-08-18 20:18:00,4365.45,4365.83,4364.19,4364.43,290
2026-08-18 20:19:00,4364.45,4365.98,4363.15,4364.19,333
2026-08-18 20:20:00,4364.2,4366.22,4364.2,4365.25,251
2026-08-18 20:21:00,4365.26,4366.33,4364.41,4366.24,323
2026-08-18 20:22:00,4366.26,4367.18,4365.96,4367.05,274
2026-08-18 20:23:00,4367.04,4367.1,4365.98,4366.83,270
2026-08-18 20:24:00,4366.83,4367.48,4365.57,4367.47,399
2026-08-18 20:25:00,4367.51,4368.29,4364.59,4365.69,355
2026-08-18 20:26:00,4365.55,4366.01,4365.2,4365.62,273
2026-08-18 20:27:00,4365.62,4366.27,4365.57,4365.71,291
2026-08-18 20:28:00,4365.69,4366.31,4364.71,4366.19,283
2026-08-18 20:29:00,4366.19,4366.19,4363.78,4365.4,500
2026-08-18 20:30:00,4365.42,4365.48,4361.46,4361.49,458
2026-08-18 20:31:00,4361.66,4364.12,4361.36,4363.93,310
2026-08-18 20:32:00,4363.92,4365.22,4363.17,4365.21,291
2026-08-18 20:33:00,4365.24,4366.21,4364.94,4365.62,298
2026-08-18 20:34:00,4365.61,4365.85,4364.42,4364.44,217
2026-08-18 20:35:00,4364.44,4365.27,4364.14,4364.47,244
2026-08-18 20:36:00,4364.54,4365.04,4363.72,4364.72,256
2026-08-18 20:37:00,4364.72,4364.72,4361.51,4361.51,367
2026-08-18 20:38:00,4361.5,4363.05,4360.92,4362.88,435
2026-08-18 20:39:00,4362.83,4363.43,4362.54,4362.71,337
2026-08-18 20:40:00,4362.7,4365.15,4362.63,4364.83,360
2026-08-18 20:41:00,4364.83,4364.96,4362.59,4363.42,311
2026-08-18 20:42:00,4363.42,4363.44,4361.08,4361.08,236
2026-08-18 20:43:00,4361.1,4361.39,4360.58,4360.58,240
2026-08-18 20:44:00,4360.59,4361.19,4358.63,4358.7,273
2026-08-18 20:45:00,4358.67,4360.45,4358.38,4360.3,387
2026-08-18 20:46:00,4360.3,4360.49,4359.2,4359.2,231
2026-08-18 20:47:00,4359.2,4359.48,4358.63,4358.7,316
2026-08-18 20:48:00,4358.7,4358.73,4356.97,4357.27,334
2026-08-18 20:49:00,4357.27,4358.26,4357.04,4357.92,241
2026-08-18 20:50:00,4357.89,4359.79,4357.84,4359.61,248
2026-08-18 20:51:00,4359.63,4359.72,4358.82,4358.96,196
2026-08-18 20:52:00,4358.95,4359.38,4358.69,4358.75,216
2026-08-18 20:53:00,4358.88,4359.08,4358.25,4358.71,231
2026-08-18 20:54:00,4358.71,4358.92,4358.16,4358.63,213
2026-08-18 20:55:00,4358.65,4359.16,4358.18,4358.59,233
2026-08-18 20:56:00,4358.6,4358.6,4357.28,4357.82,243
2026-08-18 20:57:00,4357.82,4358.35,4357.5,4357.78,286
2026-08-18 20:58:00,4357.79,4357.88,4356.7,4357.74,226
2026-08-18 20:59:00,4357.72,4358.14,4357.49,4357.77,282
2026-08-18 21:00:00,4357.77,4357.96,4355.46,4356.27,349
2026-08-18 21:01:00,4356.27,4357.26,4356.26,4356.75,210
2026-08-18 21:02:00,4356.73,4357.39,4355.77,4355.81,243
2026-08-18 21:03:00,4355.78,4356.1,4354.29,4354.32,328
2026-08-18 21:04:00,4354.28,4354.42,4352.71,4353.59,287
2026-08-18 21:05:00,4353.57,4354.53,4353.47,4354.01,333
2026-08-18 21:06:00,4353.95,4354.32,4352.84,4354.31,291
2026-08-18 21:07:00,4354.36,4355.79,4354.2,4355.21,212
2026-08-18 21:08:00,4355.21,4355.41,4353.87,4353.94,244
2026-08-18 21:09:00,4354.01,4355.88,4352.97,4355.88,238
2026-08-18 21:10:00,4355.92,4356.13,4354.49,4355.48,311
2026-08-18 21:11:00,4355.48,4355.52,4353.64,4353.72,241
2026-08-18 21:12:00,4353.72,4353.89,4352.92,4353.87,199
2026-08-18 21:13:00,4353.87,4357.73,4353.75,4357.56,282
2026-08-18 21:14:00,4357.55,4358.16,4357.23,4357.77,208
2026-08-18 21:15:00,4357.81,4358.27,4357.26,4357.88,278
2026-08-18 21:16:00,4357.94,4358.26,4356.99,4356.99,253
2026-08-18 21:17:00,4357.02,4358.12,4356.72,4357.89,278
2026-08-18 21:18:00,4357.88,4358.77,4357.76,4358.56,316
2026-08-18 21:19:00,4358.54,4359.07,4358.47,4358.94,264
2026-08-18 21:20:00,4358.94,4359.4,4358.56,4359.06,242
2026-08-18 21:21:00,4359.07,4359.34,4358.66,4358.95,230
2026-08-18 21:22:00,4358.95,4358.95,4356.71,4356.71,266
2026-08-18 21:23:00,4356.71,4356.83,4355.71,4355.98,211
2026-08-18 21:24:00,4355.98,4357.45,4355.74,4356.94,223
2026-08-18 21:25:00,4356.97,4357.74,4356.46,4357.69,250
2026-08-18 21:26:00,4357.69,4358.4,4357.46,4358.26,189
2026-08-18 21:27:00,4358.27,4358.64,4357.68,4358.24,194
2026-08-18 21:28:00,4358.26,4361.03,4358.26,4360.66,284
2026-08-18 21:29:00,4360.7,4360.96,4360.23,4360.28,262
2026-08-18 21:30:00,4360.28,4360.64,4359.52,4359.61,223
2026-08-18 21:31:00,4359.62,4360.2,4358.9,4359.88,217
2026-08-18 21:32:00,4359.88,4359.88,4359.02,4359.16,206
2026-08-18 21:33:00,4359.16,4359.48,4358.02,4358.25,179
2026-08-18 21:34:00,4358.25,4359.77,4358.05,4359.77,190
2026-08-18 21:35:00,4359.77,4360.21,4359.19,4359.75,203
2026-08-18 21:36:00,4359.75,4360.3,4358.63,4358.8,174
2026-08-18 21:37:00,4358.81,4359.62,4358.78,4358.91,167
2026-08-18 21:38:00,4358.91,4359.62,4358.44,4359.18,205
2026-08-18 21:39:00,4359.18,4360.08,4358.87,4359.75,172
2026-08-18 21:40:00,4359.74,4359.86,4357.07,4357.66,201
2026-08-18 21:41:00,4357.67,4357.68,4356.17,4356.32,183
2026-08-18 21:42:00,4356.32,4356.72,4355.71,4355.95,254
2026-08-18 21:43:00,4355.95,4356.27,4355.17,4355.46,178
2026-08-18 21:44:00,4355.46,4355.48,4353.54,4354.3,257
2026-08-18 21:45:00,4354.26,4355.12,4354.08,4354.85,211
2026-08-18 21:46:00,4354.87,4355.01,4354.4,4354.82,199
2026-08-18 21:47:00,4354.82,4355.63,4354.8,4355.09,213
2026-08-18 21:48:00,4355.1,4355.23,4352.87,4353.74,269
2026-08-18 21:49:00,4353.78,4354.06,4353.49,4353.92,147
2026-08-18 21:50:00,4353.92,4354.7,4353.88,4354.55,128
2026-08-18 21:51:00,4354.55,4354.8,4354.15,4354.6,153
2026-08-18 21:52:00,4354.75,4354.77,4354.26,4354.36,155
2026-08-18 21:53:00,4354.36,4355.23,4354.35,4354.66,182
2026-08-18 21:54:00,4354.66,4355.11,4354.61,4354.68,151
2026-08-18 21:55:00,4354.68,4356.11,4354.58,4355.53,228
2026-08-18 21:56:00,4355.53,4355.65,4353.99,4354.3,214
2026-08-18 21:57:00,4354.29,4354.88,4354.03,4354.71,177
2026-08-18 21:58:00,4354.71,4354.81,4354.04,4354.31,121
2026-08-18 21:59:00,4354.31,4354.85,4354.04,4354.31,162
2026-08-18 22:00:00,4354.31,4355.67,4354.11,4354.93,234
2026-08-18 22:01:00,4354.92,4357.15,4354.56,4357.11,204
2026-08-18 22:02:00,4357.06,4358.01,4355.96,4357.5,146
2026-08-18 22:03:00,4357.5,4358.13,4357.13,4357.61,147
2026-08-18 22:04:00,4357.61,4357.72,4354.62,4354.84,169
2026-08-18 22:05:00,4354.85,4356.53,4354.85,4356.36,155
2026-08-18 22:06:00,4356.36,4356.44,4355.44,4355.99,128
2026-08-18 22:07:00,4355.99,4356.44,4355.81,4356.15,158
2026-08-18 22:08:00,4356.15,4357.01,4355.63,4356.82,137
2026-08-18 22:09:00,4356.82,4356.98,4354.9,4355.37,150
2026-08-18 22:10:00,4355.27,4355.81,4354.71,4355.63,183
2026-08-18 22:11:00,4355.63,4358.4,4355.01,4357.11,270
2026-08-18 22:12:00,4357.12,4357.12,4355.47,4355.95,259
2026-08-18 22:13:00,4355.95,4356.64,4355.74,4356.31,143
2026-08-18 22:14:00,4356.32,4357.51,4356.32,4357.01,136
2026-08-18 22:15:00,4357.04,4358.2,4356.95,4358.13,147
2026-08-18 22:16:00,4358.13,4358.72,4356.92,4357.39,198
2026-08-18 22:17:00,4357.22,4358.41,4356.96,4357.03,172
2026-08-18 22:18:00,4357.09,4357.33,4355.44,4356.08,194
2026-08-18 22:19:00,4356.08,4356.34,4354.05,4354.65,196
2026-08-18 22:20:00,4354.65,4354.88,4353.9,4354.03,162
2026-08-18 22:21:00,4354.03,4354.92,4352.68,4354.75,208
2026-08-18 22:22:00,4354.74,4356.42,4353.74,4356.04,220
2026-08-18 22:23:00,4356.04,4356.42,4353.79,4353.81,194
2026-08-18 22:24:00,4353.92,4353.94,4353.0,4353.08,179
2026-08-18 22:25:00,4353.24,4353.72,4352.49,4353.17,222
2026-08-18 22:26:00,4353.17,4354.54,4352.85,4354.15,173
2026-08-18 22:27:00,4354.16,4354.44,4353.64,4354.32,134
2026-08-18 22:28:00,4354.28,4355.95,4354.24,4355.67,137
2026-08-18 22:29:00,4355.67,4355.89,4354.75,4354.89,177
2026-08-18 22:30:00,4354.89,4355.58,4353.95,4355.28,223
2026-08-18 22:31:00,4355.31,4356.17,4354.97,4355.45,212
2026-08-18 22:32:00,4355.52,4356.8,4355.37,4356.06,212
2026-08-18 22:33:00,4356.06,4356.41,4355.05,4355.29,201
2026-08-18 22:34:00,4355.28,4355.48,4353.68,4354.11,241
2026-08-18 22:35:00,4354.11,4354.6,4353.99,4354.05,154
2026-08-18 22:36:00,4354.05,4355.42,4353.82,4353.9,208
2026-08-18 22:37:00,4353.9,4354.77,4353.57,4354.54,246
2026-08-18 22:38:00,4354.54,4355.21,4354.09,4355.2,240
2026-08-18 22:39:00,4355.23,4355.52,4354.8,4354.99,177
2026-08-18 22:40:00,4354.99,4356.35,4354.92,4356.19,274
2026-08-18 22:41:00,4356.19,4357.78,4355.96,4357.45,299
2026-08-18 22:42:00,4357.66,4357.74,4357.35,4357.6,225
2026-08-18 22:43:00,4357.6,4357.69,4354.8,4354.86,324
2026-08-18 22:44:00,4354.86,4354.86,4349.7,4349.7,474
2026-08-18 22:45:00,4349.77,4352.88,4348.69,4352.88,509
2026-08-18 22:46:00,4352.8,4353.4,4351.75,4352.17,307
2026-08-18 22:47:00,4352.17,4352.27,4350.38,4350.38,338
2026-08-18 22:48:00,4350.34,4350.34,4346.1,4346.4,512
2026-08-18 22:49:00,4346.46,4346.66,4343.72,4345.99,553
2026-08-18 22:50:00,4346.0,4346.74,4343.96,4345.69,440
2026-08-18 22:51:00,4345.69,4345.73,4342.15,4342.63,536
2026-08-18 22:52:00,4342.68,4344.79,4342.62,4344.79,523
2026-08-18 22:53:00,4344.73,4345.51,4344.05,4344.21,391
2026-08-18 22:54:00,4344.16,4345.49,4343.01,4345.4,552
2026-08-18 22:55:00,4345.4,4346.47,4343.81,4345.21,538
2026-08-18 22:56:00,4345.22,4345.35,4342.09,4342.7,494
2026-08-18 22:57:00,4342.7,4343.79,4338.3,4340.95,593
2026-08-18 22:58:00,4340.95,4344.08,4339.54,4344.08,590
2026-08-18 22:59:00,4344.04,4346.21,4344.03,4345.45,490
2026-08-18 23:00:00,4345.43,4345.78,4343.77,4343.84,339
2026-08-18 23:01:00,4343.88,4345.49,4343.29,4345.46,283
2026-08-18 23:02:00,4345.45,4346.46,4344.67,4345.76,224
2026-08-18 23:03:00,4345.77,4345.83,4343.54,4343.57,156
2026-08-18 23:04:00,4343.52,4343.95,4342.7,4343.87,181
2026-08-18 23:05:00,4343.88,4344.35,4343.61,4343.93,160
2026-08-18 23:06:00,4343.93,4344.29,4343.31,4343.35,109
2026-08-18 23:07:00,4343.34,4344.07,4342.78,4342.98,121
2026-08-18 23:08:00,4342.97,4343.41,4342.63,4342.82,110
2026-08-18 23:09:00,4342.82,4343.17,4342.73,4343.06,89
2026-08-18 23:10:00,4343.05,4343.6,4342.61,4342.61,150
2026-08-18 23:11:00,4342.61,4342.61,4341.99,4342.29,154
2026-08-18 23:12:00,4342.28,4342.76,4342.18,4342.45,128
2026-08-18 23:13:00,4342.43,4343.42,4340.7,4340.86,231
2026-08-18 23:14:00,4340.86,4341.98,4340.86,4341.98,204
2026-08-18 23:15:00,4341.99,4342.28,4339.76,4340.48,185
2026-08-18 23:16:00,4340.48,4341.72,4340.48,4341.7,148
2026-08-18 23:17:00,4341.71,4342.05,4341.28,4341.82,121
2026-08-18 23:18:00,4341.81,4341.88,4341.33,4341.69,81
2026-08-18 23:19:00,4341.69,4342.14,4341.19,4341.81,93
2026-08-18 23:20:00,4341.81,4341.9,4338.5,4338.72,201
2026-08-18 23:21:00,4338.72,4338.96,4333.52,4336.37,374
2026-08-18 23:22:00,4336.37,4338.56,4336.07,4338.52,172
2026-08-18 23:23:00,4338.56,4338.84,4337.92,4337.95,133
2026-08-18 23:24:00,4337.96,4338.81,4337.83,4337.89,113
2026-08-18 23:25:00,4337.89,4338.16,4337.27,4337.7,108
2026-08-18 23:26:00,4337.7,4338.11,4336.96,4337.26,119
2026-08-18 23:27:00,4337.26,4337.4,4336.62,4337.26,105
2026-08-18 23:28:00,4337.26,4337.86,4336.81,4337.86,81
2026-08-18 23:29:00,4337.86,4338.48,4337.26,4337.83,121
2026-08-18 23:30:00,4337.83,4337.97,4336.56,4336.74,167
2026-08-18 23:31:00,4336.74,4337.27,4336.63,4336.83,63
2026-08-18 23:32:00,4336.84,4338.99,4336.84,4338.53,127
2026-08-18 23:33:00,4338.52,4339.57,4338.51,4338.99,121
2026-08-18 23:34:00,4338.99,4339.49,4338.8,4339.27,111
2026-08-18 23:35:00,4339.27,4339.41,4339.01,4339.01,76
2026-08-18 23:36:00,4339.01,4339.01,4337.68,4338.08,95
2026-08-18 23:37:00,4338.06,4338.67,4337.5,4337.5,83
2026-08-18 23:38:00,4337.48,4338.87,4337.46,4338.44,115
2026-08-18 23:39:00,4338.43,4338.7,4337.81,4337.86,80
2026-08-18 23:40:00,4337.86,4338.53,4337.55,4338.45,94
2026-08-18 23:41:00,4338.45,4338.46,4336.54,4336.65,106
2026-08-18 23:42:00,4336.63,4337.12,4334.87,4336.18,147
2026-08-18 23:43:00,4336.15,4336.27,4332.86,4332.94,138
2026-08-18 23:44:00,4332.94,4333.16,4331.71,4332.36,195
2026-08-18 23:45:00,4332.35,4333.36,4331.96,4332.57,245
2026-08-18 23:46:00,4332.57,4332.79,4331.53,4332.11,225
2026-08-18 23:47:00,4332.1,4332.46,4329.24,4329.42,238
2026-08-18 23:48:00,4329.4,4332.83,4329.34,4332.58,302
2026-08-18 23:49:00,4332.57,4333.13,4331.88,4333.13,148
2026-08-18 23:50:00,4333.16,4333.22,4331.41,4331.81,160
2026-08-18 23:51:00,4331.81,4332.27,4330.14,4330.71,216
2026-08-18 23:52:00,4330.7,4332.22,4330.67,4331.93,136
2026-08-18 23:53:00,4331.93,4333.38,4331.86,4333.15,144
2026-08-18 23:54:00,4333.13,4334.31,4333.08,4334.3,198
2026-08-18 23:55:00,4334.42,4335.19,4333.49,4334.3,180
2026-08-18 23:56:00,4334.29,4334.3,4332.51,4333.5,133
2026-08-18 23:57:00,4333.48,4335.33,4333.46,4334.86,183
2026-08-18 23:58:00,4334.84,4335.39,4334.31,4334.31,275
2026-08-19 01:00:00,4334.2,4340.29,4333.57,4336.15,141
2026-08-19 01:01:00,4336.15,4339.08,4336.03,4337.39,77
2026-08-19 01:02:00,4337.39,4339.48,4337.36,4338.51,63
2026-08-19 01:03:00,4338.51,4340.96,4337.27,4340.03,75
2026-08-19 01:04:00,4340.03,4342.05,4340.03,4341.7,45
2026-08-19 01:05:00,4341.7,4343.25,4340.82,4340.84,91
2026-08-19 01:06:00,4340.87,4343.05,4340.87,4342.29,176
2026-08-19 01:07:00,4342.29,4342.41,4341.62,4341.87,116
2026-08-19 01:08:00,4341.87,4342.13,4341.17,4342.03,93
2026-08-19 01:09:00,4342.05,4342.63,4341.45,4342.46,71
2026-08-19 01:10:00,4342.46,4343.21,4341.39,4341.71,71
2026-08-19 01:11:00,4341.71,4343.45,4341.52,4342.01,108
2026-08-19 01:12:00,4342.01,4343.14,4341.28,4341.91,92
2026-08-19 01:13:00,4341.91,4342.09,4340.65,4340.72,91
2026-08-19 01:14:00,4340.72,4342.17,4339.43,4339.97,182
2026-08-19 01:15:00,4339.99,4342.31,4339.45,4340.76,189
2026-08-19 01:16:00,4340.76,4341.24,4338.98,4339.39,157
2026-08-19 01:17:00,4339.41,4340.12,4338.85,4339.82,161
2026-08-19 01:18:00,4339.79,4340.16,4338.33,4339.8,215
2026-08-19 01:19:00,4339.78,4340.44,4338.68,4338.84,191
2026-08-19 01:20:00,4338.43,4340.35,4337.45,4339.12,297
2026-08-19 01:21:00,4339.15,4339.65,4334.85,4335.54,267
2026-08-19 01:22:00,4335.47,4335.47,4333.73,4334.9,163
2026-08-19 01:23:00,4334.49,4335.07,4333.92,4334.8,131
2026-08-19 01:24:00,4334.84,4336.31,4333.84,4335.04,189
2026-08-19 01:25:00,4335.05,4337.71,4334.73,4337.45,158
2026-08-19 01:26:00,4337.45,4338.7,4334.98,4335.43,218
2026-08-19 01:27:00,4335.43,4336.48,4334.28,4334.74,221
2026-08-19 01:28:00,4334.71,4336.09,4334.65,4335.89,183
2026-08-19 01:29:00,4335.89,4336.52,4334.94,4336.26,164
2026-08-19 01:30:00,4336.26,4336.45,4335.3,4335.78,157
2026-08-19 01:31:00,4335.76,4336.22,4335.14,4335.73,123
2026-08-19 01:32:00,4335.73,4335.79,4335.29,4335.42,95
2026-08-19 01:33:00,4335.42,4336.11,4334.72,4336.11,83
2026-08-19 01:34:00,4336.12,4336.23,4335.18,4335.69,126
2026-08-19 01:35:00,4335.67,4336.38,4335.33,4335.9,89
2026-08-19 01:36:00,4335.9,4336.33,4335.01,4335.01,55
2026-08-19 01:37:00,4335.01,4335.15,4333.91,4334.18,132
2026-08-19 01:38:00,4334.18,4335.36,4333.8,4334.62,141
2026-08-19 01:39:00,4334.62,4334.91,4333.43,4333.8,159
2026-08-19 01:40:00,4333.81,4334.35,4332.46,4333.05,213
2026-08-19 01:41:00,4333.05,4334.08,4332.8,4333.65,158
2026-08-19 01:42:00,4333.65,4334.57,4333.05,4333.39,199
2026-08-19 01:43:00,4333.39,4334.39,4333.21,4333.43,120
2026-08-19 01:44:00,4333.42,4334.23,4333.13,4333.8,129
2026-08-19 01:45:00,4333.8,4334.1,4333.32,4333.78,107
2026-08-19 01:46:00,4333.64,4334.67,4333.12,4334.25,132
2026-08-19 01:47:00,4334.24,4334.79,4333.68,4333.9,144
2026-08-19 01:48:00,4333.91,4334.16,4333.41,4333.69,58
2026-08-19 01:49:00,4333.69,4334.78,4333.69,4334.78,80
2026-08-19 01:50:00,4334.78,4334.78,4334.37,4334.45,66
2026-08-19 01:51:00,4334.47,4334.56,4333.85,4334.14,107
2026-08-19 01:52:00,4334.14,4334.86,4333.81,4334.11,124
2026-08-19 01:53:00,4334.11,4335.07,4333.94,4334.87,204
2026-08-19 01:54:00,4334.87,4335.6,4334.84,4335.01,107
2026-08-19 01:55:00,4335.01,4335.11,4334.01,4334.28,67
2026-08-19 01:56:00,4334.28,4335.05,4334.23,4334.61,60
2026-08-19 01:57:00,4334.61,4334.66,4333.37,4333.41,103
2026-08-19 01:58:00,4333.4,4333.76,4333.22,4333.39,118
2026-08-19 01:59:00,4333.39,4334.1,4333.26,4333.86,85
2026-08-19 02:00:00,4333.86,4334.48,4332.98,4334.3,122
2026-08-19 02:01:00,4334.35,4336.29,4334.25,4335.73,151
2026-08-19 02:02:00,4335.73,4336.19,4334.69,4336.17,110
2026-08-19 02:03:00,4336.17,4336.24,4335.68,4336.02,77
2026-08-19 02:04:00,4336.01,4336.16,4335.53,4336.01,107
2026-08-19 02:05:00,4336.01,4337.46,4335.96,4337.46,130
2026-08-19 02:06:00,4337.46,4337.85,4336.93,4337.79,159
2026-08-19 02:07:00,4337.79,4338.39,4337.66,4337.67,133
2026-08-19 02:08:00,4337.68,4337.71,4335.32,4335.32,140
2026-08-19 02:09:00,4335.31,4335.52,4334.68,4335.29,128
2026-08-19 02:10:00,4335.29,4335.48,4334.05,4334.4,136
2026-08-19 02:11:00,4334.4,4334.86,4333.3,4333.82,170
2026-08-19 02:12:00,4333.82,4334.28,4333.24,4334.15,148
2026-08-19 02:13:00,4334.15,4334.69,4333.03,4333.74,156
2026-08-19 02:14:00,4333.74,4334.57,4332.74,4334.15,133
2026-08-19 02:15:00,4334.15,4334.15,4332.65,4333.1,115
2026-08-19 02:16:00,4333.06,4333.65,4332.61,4332.87,139
2026-08-19 02:17:00,4332.9,4334.96,4332.74,4333.79,120
2026-08-19 02:18:00,4333.79,4333.89,4333.16,4333.29,106
2026-08-19 02:19:00,4333.29,4333.82,4332.22,4332.44,135
2026-08-19 02:20:00,4332.44,4333.68,4332.43,4333.32,72
2026-08-19 02:21:00,4333.32,4334.29,4333.32,4333.77,78
2026-08-19 02:22:00,4333.75,4337.38,4333.75,4334.95,220
2026-08-19 02:23:00,4334.95,4334.95,4332.55,4332.95,209
2026-08-19 02:24:00,4332.95,4334.2,4330.93,4332.73,230
2026-08-19 02:25:00,4332.75,4333.62,4331.74,4332.63,271
2026-08-19 02:26:00,4332.63,4332.79,4331.83,4332.02,168
2026-08-19 02:27:00,4332.01,4332.6,4331.93,4332.02,275
2026-08-19 02:28:00,4332.04,4332.18,4330.25,4330.42,275
2026-08-19 02:29:00,4330.41,4331.26,4330.09,4330.52,217
2026-08-19 02:30:00,4330.5,4330.8,4329.99,4330.77,236
2026-08-19 02:31:00,4330.77,4332.26,4330.48,4332.1,148
2026-08-19 02:32:00,4332.1,4332.73,4330.49,4330.53,192
2026-08-19 02:33:00,4330.48,4330.56,4327.23,4328.33,359
2026-08-19 02:34:00,4328.31,4330.94,4328.31,4330.93,185
2026-08-19 02:35:00,4330.99,4331.82,4329.87,4330.61,196
2026-08-19 02:36:00,4330.61,4330.8,4329.47,4330.77,167
2026-08-19 02:37:00,4330.77,4331.08,4329.42,4329.44,129
2026-08-19 02:38:00,4329.44,4329.86,4328.86,4329.01,130
2026-08-19 02:39:00,4329.01,4329.1,4327.3,4328.92,212
2026-08-19 02:40:00,4328.92,4329.43,4328.28,4328.81,141
2026-08-19 02:41:00,4328.83,4329.88,4328.16,4328.27,174
2026-08-19 02:42:00,4328.28,4329.2,4328.16,4328.34,182
2026-08-19 02:43:00,4328.34,4329.64,4328.34,4328.64,242
2026-08-19 02:44:00,4328.64,4330.37,4328.54,4329.92,400
2026-08-19 02:45:00,4329.86,4331.61,4329.56,4331.61,435
2026-08-19 02:46:00,4331.64,4332.04,4330.9,4331.03,382
2026-08-19 02:47:00,4330.98,4331.08,4329.78,4330.27,199
2026-08-19 02:48:00,4330.28,4331.4,4330.21,4330.94,180
2026-08-19 02:49:00,4330.96,4331.33,4329.93,4331.04,279
2026-08-19 02:50:00,4331.04,4331.15,4330.18,4330.39,100
2026-08-19 02:51:00,4330.39,4331.27,4329.96,4331.01,112
2026-08-19 02:52:00,4331.01,4333.8,4330.69,4333.67,153
2026-08-19 02:53:00,4333.67,4333.9,4331.78,4333.5,195
2026-08-19 02:54:00,4333.46,4334.32,4333.38,4334.02,276
2026-08-19 02:55:00,4334.01,4334.01,4332.04,4332.04,233
2026-08-19 02:56:00,4332.04,4332.3,4331.44,4332.01,249
2026-08-19 02:57:00,4332.02,4332.69,4331.97,4332.6,164
2026-08-19 02:58:00,4332.6,4333.26,4332.22,4332.8,260
2026-08-19 02:59:00,4332.8,4333.17,4332.43,4333.01,202
2026-08-19 03:00:00,4333.01,4335.43,4331.52,4335.42,530
2026-08-19 03:01:00,4335.41,4336.76,4334.58,4336.51,424
2026-08-19 03:02:00,4336.51,4339.21,4336.43,4337.92,504
2026-08-19 03:03:00,4338.0,4340.71,4337.26,4339.8,422
2026-08-19 03:04:00,4339.82,4339.82,4335.36,4336.86,333
2026-08-19 03:05:00,4336.86,4337.69,4335.99,4336.22,295
2026-08-19 03:06:00,4336.4,4340.63,4336.4,4339.36,445
2026-08-19 03:07:00,4339.36,4340.6,4339.09,4339.11,367
2026-08-19 03:08:00,4339.12,4340.3,4337.94,4340.3,372
2026-08-19 03:09:00,4340.3,4341.28,4339.2,4340.07,340
2026-08-19 03:10:00,4340.07,4340.46,4338.71,4339.2,320
2026-08-19 03:11:00,4339.21,4341.3,4338.23,4340.33,302
2026-08-19 03:12:00,4340.33,4342.01,4340.06,4341.18,211
2026-08-19 03:13:00,4341.1,4344.71,4341.05,4344.59,379
2026-08-19 03:14:00,4344.6,4344.89,4342.61,4342.93,380
2026-08-19 03:15:00,4342.91,4344.78,4342.87,4343.34,396
2026-08-19 03:16:00,4343.34,4345.86,4343.08,4345.52,322
2026-08-19 03:17:00,4345.62,4346.0,4344.73,4344.82,307
2026-08-19 03:18:00,4345.08,4346.13,4345.01,4345.76,260
2026-08-19 03:19:00,4345.73,4346.36,4343.54,4343.64,333
2026-08-19 03:20:00,4343.64,4344.04,4342.43,4342.67,309
2026-08-19 03:21:00,4342.61,4343.32,4341.51,4342.51,374
2026-08-19 03:22:00,4342.51,4345.19,4342.51,4344.63,456
2026-08-19 03:23:00,4344.63,4346.12,4344.08,4344.86,366
2026-08-19 03:24:00,4344.87,4344.87,4342.53,4343.17,480
2026-08-19 03:25:00,4343.17,4343.75,4342.12,4342.3,425
2026-08-19 03:26:00,4342.3,4343.02,4341.27,4342.92,383
2026-08-19 03:27:00,4342.93,4343.69,4339.17,4340.78,446
2026-08-19 03:28:00,4340.65,4342.22,4340.02,4342.22,320
2026-08-19 03:29:00,4342.22,4343.04,4341.59,4343.01,228
2026-08-19 03:30:00,4343.04,4344.23,4342.39,4344.23,295
2026-08-19 03:31:00,4344.23,4345.45,4344.06,4344.83,351
2026-08-19 03:32:00,4344.83,4345.79,4343.87,4344.05,297
2026-08-19 03:33:00,4344.05,4344.05,4339.62,4340.17,431
2026-08-19 03:34:00,4340.14,4341.53,4339.79,4340.77,326
2026-08-19 03:35:00,4340.77,4343.48,4340.67,4342.81,327
2026-08-19 03:36:00,4342.81,4343.35,4341.22,4343.21,371
2026-08-19 03:37:00,4343.18,4343.83,4341.73,4343.69,297
2026-08-19 03:38:00,4343.59,4346.96,4343.59,4346.26,403
2026-08-19 03:39:00,4346.28,4346.28,4343.21,4344.82,302
2026-08-19 03:40:00,4344.83,4346.39,4344.37,4345.98,258
2026-08-19 03:41:00,4345.98,4346.72,4345.64,4346.3,272
2026-08-19 03:42:00,4346.3,4347.26,4345.71,4346.22,291
2026-08-19 03:43:00,4346.23,4346.23,4344.16,4344.74,295
2026-08-19 03:44:00,4344.74,4345.29,4343.08,4343.66,315
2026-08-19 03:45:00,4343.66,4344.59,4342.77,4342.82,240
2026-08-19 03:46:00,4342.82,4344.05,4342.52,4343.39,275
2026-08-19 03:47:00,4343.39,4343.9,4342.6,4343.0,219
2026-08-19 03:48:00,4343.0,4344.01,4342.49,4342.99,245
2026-08-19 03:49:00,4342.97,4343.34,4342.28,4342.82,234
2026-08-19 03:50:00,4342.82,4343.67,4342.57,4342.91,291
2026-08-19 03:51:00,4342.91,4343.72,4341.91,4343.46,373
2026-08-19 03:52:00,4343.45,4344.83,4342.64,4344.15,354
2026-08-19 03:53:00,4344.15,4344.56,4343.72,4344.05,343
2026-08-19 03:54:00,4344.05,4344.51,4341.27,4341.5,337
2026-08-19 03:55:00,4341.46,4342.39,4341.2,4341.8,428
2026-08-19 03:56:00,4341.77,4341.87,4337.38,4337.41,452
2026-08-19 03:57:00,4337.41,4339.77,4337.4,4339.11,416
2026-08-19 03:58:00,4339.11,4339.11,4337.1,4337.12,454
2026-08-19 03:59:00,4337.12,4342.12,4337.12,4338.02,486
2026-08-19 04:00:00,4338.0,4339.87,4332.08,4332.08,858
2026-08-19 04:01:00,4332.07,4333.77,4329.09,4330.79,741
2026-08-19 04:02:00,4330.8,4331.38,4324.66,4330.21,829
2026-08-19 04:03:00,4330.17,4331.61,4326.89,4328.96,698
2026-08-19 04:04:00,4328.96,4332.72,4328.53,4332.43,608
2026-08-19 04:05:00,4332.39,4337.57,4331.51,4337.21,695
2026-08-19 04:06:00,4337.23,4341.93,4336.71,4338.34,558
2026-08-19 04:07:00,4338.39,4339.64,4337.41,4337.96,434
2026-08-19 04:08:00,4337.96,4342.66,4336.08,4342.66,495
2026-08-19 04:09:00,4342.63,4342.65,4338.56,4340.57,403
2026-08-19 04:10:00,4340.55,4340.82,4337.13,4338.96,488
2026-08-19 04:11:00,4338.92,4340.35,4338.3,4338.9,511
2026-08-19 04:12:00,4338.91,4340.81,4338.31,4340.65,466
2026-08-19 04:13:00,4340.65,4343.73,4340.43,4343.13,480
2026-08-19 04:14:00,4343.13,4344.06,4341.84,4343.92,353
2026-08-19 04:15:00,4343.92,4346.4,4343.48,4343.5,493
2026-08-19 04:16:00,4343.53,4343.58,4340.7,4340.77,464
2026-08-19 04:17:00,4340.77,4340.83,4337.87,4340.52,478
2026-08-19 04:18:00,4340.52,4341.13,4334.68,4336.48,659
2026-08-19 04:19:00,4336.45,4339.34,4335.99,4338.01,652
2026-08-19 04:20:00,4338.01,4340.11,4337.51,4339.36,566
2026-08-19 04:21:00,4339.36,4339.39,4333.16,4333.17,614
2026-08-19 04:22:00,4333.23,4335.95,4333.16,4335.93,482
2026-08-19 04:23:00,4335.93,4339.32,4335.63,4336.89,421
2026-08-19 04:24:00,4336.89,4338.01,4335.32,4337.57,398
2026-08-19 04:25:00,4337.57,4339.52,4336.93,4337.45,346
2026-08-19 04:26:00,4337.45,4338.32,4335.75,4337.31,376
2026-08-19 04:27:00,4337.31,4339.69,4337.09,4339.54,344
2026-08-19 04:28:00,4339.53,4341.46,4339.07,4340.56,359
2026-08-19 04:29:00,4340.56,4342.58,4340.25,4342.33,323
2026-08-19 04:30:00,4342.33,4345.4,4342.33,4345.02,430
2026-08-19 04:31:00,4345.15,4346.85,4345.15,4346.72,474
2026-08-19 04:32:00,4346.72,4346.92,4344.57,4345.08,439
2026-08-19 04:33:00,4345.08,4348.61,4344.6,4348.61,380
2026-08-19 04:34:00,4348.61,4351.28,4348.59,4350.72,477
2026-08-19 04:35:00,4350.8,4351.82,4350.26,4351.1,419
2026-08-19 04:36:00,4351.1,4351.98,4350.45,4351.29,416
2026-08-19 04:37:00,4351.27,4353.63,4351.23,4353.44,478
2026-08-19 04:38:00,4353.44,4356.37,4353.02,4355.34,449
2026-08-19 04:39:00,4355.35,4356.48,4354.75,4355.43,366
2026-08-19 04:40:00,4355.43,4357.7,4355.35,4355.41,371
2026-08-19 04:41:00,4355.41,4357.31,4355.23,4356.47,385
2026-08-19 04:42:00,4356.47,4357.37,4355.65,4356.87,339
2026-08-19 04:43:00,4356.86,4357.33,4354.24,4354.39,398
2026-08-19 04:44:00,4354.39,4355.97,4354.28,4355.66,324
2026-08-19 04:45:00,4355.63,4356.15,4354.02,4354.31,434
2026-08-19 04:46:00,4354.29,4355.72,4353.04,4353.68,368
2026-08-19 04:47:00,4353.68,4356.8,4353.48,4354.1,366
2026-08-19 04:48:00,4354.1,4354.1,4351.85,4352.9,347
2026-08-19 04:49:00,4352.9,4352.97,4350.96,4351.26,326
2026-08-19 04:50:00,4351.26,4353.94,4350.66,4353.47,354
2026-08-19 04:51:00,4353.47,4354.65,4353.04,4353.88,306
2026-08-19 04:52:00,4353.92,4354.25,4352.08,4352.68,270
2026-08-19 04:53:00,4352.68,4353.73,4352.64,4352.87,276
2026-08-19 04:54:00,4352.87,4355.2,4352.7,4353.44,377
2026-08-19 04:55:00,4353.44,4355.95,4352.88,4355.42,369
2026-08-19 04:56:00,4355.42,4355.65,4353.75,4354.29,305
2026-08-19 04:57:00,4354.29,4354.98,4352.8,4353.36,295
2026-08-19 04:58:00,4353.31,4355.67,4353.29,4355.56,317
2026-08-19 04:59:00,4355.56,4356.81,4354.99,4356.61,325
2026-08-19 05:00:00,4356.61,4357.25,4355.98,4357.03,363
2026-08-19 05:01:00,4357.03,4357.32,4355.78,4355.82,272
2026-08-19 05:02:00,4355.82,4356.11,4352.91,4353.21,292
2026-08-19 05:03:00,4353.13,4354.34,4351.71,4353.36,251
2026-08-19 05:04:00,4353.36,4354.97,4353.05,4354.49,231
2026-08-19 05:05:00,4354.49,4357.28,4353.18,4357.03,289
2026-08-19 05:06:00,4357.04,4357.15,4353.04,4353.41,361
2026-08-19 05:07:00,4353.45,4354.62,4352.96,4354.62,268
2026-08-19 05:08:00,4354.73,4355.65,4354.19,4355.25,217
2026-08-19 05:09:00,4355.25,4356.08,4354.59,4355.94,264
2026-08-19 05:10:00,4355.88,4356.08,4355.06,4355.44,188
2026-08-19 05:11:00,4355.44,4356.05,4354.53,4355.01,335
2026-08-19 05:12:00,4355.01,4355.53,4353.58,4353.58,322
2026-08-19 05:13:00,4353.58,4354.55,4353.52,4353.52,210
2026-08-19 05:14:00,4353.52,4354.15,4352.63,4353.67,256
2026-08-19 05:15:00,4353.67,4354.21,4352.46,4352.91,283
2026-08-19 05:16:00,4352.92,4359.43,4352.9,4357.16,614
2026-08-19 05:17:00,4357.16,4358.96,4356.65,4357.17,481
2026-08-19 05:18:00,4357.09,4360.66,4355.82,4358.99,460
2026-08-19 05:19:00,4358.98,4359.23,4358.48,4358.91,257
2026-08-19 05:20:00,4358.91,4359.7,4358.01,4359.55,320
2026-08-19 05:21:00,4359.56,4361.38,4359.56,4361.09,306
2026-08-19 05:22:00,4361.09,4361.15,4359.86,4360.87,268
2026-08-19 05:23:00,4360.85,4361.69,4360.69,4361.62,229
2026-08-19 05:24:00,4361.62,4362.02,4359.63,4359.84,271
2026-08-19 05:25:00,4359.83,4360.57,4359.8,4360.43,208
2026-08-19 05:26:00,4360.44,4361.3,4360.27,4360.59,195
2026-08-19 05:27:00,4360.65,4360.78,4359.9,4360.3,184
2026-08-19 05:28:00,4360.3,4360.97,4359.67,4360.09,268
2026-08-19 05:29:00,4360.09,4361.13,4359.13,4359.73,232
2026-08-19 05:30:00,4359.73,4360.25,4357.43,4358.03,481
2026-08-19 05:31:00,4358.03,4358.3,4356.64,4356.64,336
2026-08-19 05:32:00,4356.75,4358.34,4356.43,4356.65,395
2026-08-19 05:33:00,4356.63,4358.05,4356.11,4358.04,362
2026-08-19 05:34:00,4357.85,4357.85,4355.78,4356.92,290
2026-08-19 05:35:00,4356.92,4357.43,4356.28,4357.43,285
2026-08-19 05:36:00,4357.43,4357.82,4355.89,4355.99,301
2026-08-19 05:37:00,4355.99,4358.27,4355.38,4355.55,380
2026-08-19 05:38:00,4355.59,4355.83,4354.52,4355.62,332
2026-08-19 05:39:00,4355.62,4356.79,4354.14,4355.41,313
2026-08-19 05:40:00,4355.41,4356.43,4354.96,4355.98,231
2026-08-19 05:41:00,4355.98,4357.41,4355.29,4357.27,277
2026-08-19 05:42:00,4357.27,4358.4,4357.23,4357.87,278
2026-08-19 05:43:00,4357.87,4357.99,4355.85,4356.33,196
2026-08-19 05:44:00,4356.33,4356.7,4355.3,4355.44,340
2026-08-19 05:45:00,4355.41,4357.35,4355.41,4356.4,351
2026-08-19 05:46:00,4356.4,4357.11,4355.83,4356.74,310
2026-08-19 05:47:00,4356.64,4356.72,4354.14,4355.28,300
2026-08-19 05:48:00,4355.31,4356.24,4354.83,4355.45,263
2026-08-19 05:49:00,4355.47,4356.21,4355.28,4355.68,210
2026-08-19 05:50:00,4355.68,4356.47,4354.52,4356.34,272
2026-08-19 05:51:00,4356.34,4356.55,4355.56,4355.6,209
2026-08-19 05:52:00,4355.6,4355.72,4354.12,4354.65,316
2026-08-19 05:53:00,4354.63,4354.79,4353.02,4354.62,305
2026-08-19 05:54:00,4354.6,4354.8,4353.96,4354.08,213
2026-08-19 05:55:00,4354.08,4355.01,4353.52,4353.7,315
2026-08-19 05:56:00,4353.68,4354.02,4351.55,4351.92,331
2026-08-19 05:57:00,4351.92,4354.47,4351.9,4354.37,272
2026-08-19 05:58:00,4354.42,4354.93,4354.16,4354.49,190
2026-08-19 05:59:00,4354.6,4355.19,4353.78,4355.11,199
2026-08-19 06:00:00,4355.11,4355.53,4353.61,4354.8,268
2026-08-19 06:01:00,4354.85,4355.77,4353.34,4353.55,262
2026-08-19 06:02:00,4353.54,4354.37,4352.69,4354.34,289
2026-08-19 06:03:00,4354.34,4355.46,4353.86,4354.66,209
2026-08-19 06:04:00,4354.66,4356.1,4354.59,4355.7,255
2026-08-19 06:05:00,4355.7,4355.7,4353.24,4353.49,268
2026-08-19 06:06:00,4353.49,4354.55,4352.47,4352.63,316
2026-08-19 06:07:00,4352.55,4353.06,4352.22,4352.61,237
2026-08-19 06:08:00,4352.61,4354.03,4352.05,4353.76,214
2026-08-19 06:09:00,4353.76,4354.08,4352.43,4353.8,258
2026-08-19 06:10:00,4353.8,4354.69,4353.56,4354.49,225
2026-08-19 06:11:00,4354.49,4354.89,4353.56,4354.88,244
2026-08-19 06:12:00,4354.88,4355.29,4354.11,4354.96,248
2026-08-19 06:13:00,4354.96,4355.28,4353.68,4354.16,265
2026-08-19 06:14:00,4354.16,4354.57,4353.71,4354.51,257
2026-08-19 06:15:00,4354.51,4354.95,4354.3,4354.76,229
2026-08-19 06:16:00,4354.76,4356.11,4353.39,4354.11,277
2026-08-19 06:17:00,4353.98,4354.31,4352.19,4352.68,344
2026-08-19 06:18:00,4352.68,4352.88,4351.87,4352.77,227
2026-08-19 06:19:00,4352.77,4352.88,4352.41,4352.84,173
2026-08-19 06:20:00,4352.84,4353.6,4351.92,4353.38,236
2026-08-19 06:21:00,4353.38,4353.91,4352.99,4353.68,253
2026-08-19 06:22:00,4353.67,4354.03,4353.42,4353.98,179
2026-08-19 06:23:00,4353.98,4354.78,4353.97,4354.35,166
2026-08-19 06:24:00,4354.35,4355.83,4354.26,4355.73,185
2026-08-19 06:25:00,4355.73,4357.08,4355.73,4356.62,300
2026-08-19 06:26:00,4356.54,4356.85,4355.86,4356.25,184
2026-08-19 06:27:00,4356.26,4357.55,4356.26,4357.41,184
2026-08-19 06:28:00,4357.41,4357.88,4356.96,4357.53,187
2026-08-19 06:29:00,4357.53,4357.85,4356.81,4357.02,207
2026-08-19 06:30:00,4357.02,4358.36,4357.02,4358.19,193
2026-08-19 06:31:00,4358.19,4358.19,4356.65,4356.66,195
2026-08-19 06:32:00,4356.66,4357.48,4356.13,4356.96,163
2026-08-19 06:33:00,4356.96,4357.05,4356.5,4356.61,114
2026-08-19 06:34:00,4356.6,4357.03,4355.89,4356.94,91
2026-08-19 06:35:00,4356.94,4357.99,4356.94,4357.6,98
2026-08-19 06:36:00,4357.6,4357.9,4357.3,4357.51,67
2026-08-19 06:37:00,4357.51,4358.25,4357.44,4358.1,102
2026-08-19 06:38:00,4358.15,4360.31,4358.15,4360.29,120
2026-08-19 06:39:00,4360.29,4360.29,4357.84,4358.16,172
2026-08-19 06:40:00,4358.16,4358.16,4357.17,4357.41,118
2026-08-19 06:41:00,4357.41,4357.84,4357.27,4357.27,127
2026-08-19 06:42:00,4357.27,4357.49,4356.99,4357.09,114
2026-08-19 06:43:00,4357.09,4358.15,4357.0,4357.88,110
2026-08-19 06:44:00,4357.88,4358.77,4357.51,4358.48,110
2026-08-19 06:45:00,4358.56,4358.88,4357.18,4357.38,182
2026-08-19 06:46:00,4357.41,4357.98,4357.38,4357.87,134
2026-08-19 06:47:00,4357.87,4358.28,4357.54,4357.54,105
2026-08-19 06:48:00,4357.54,4357.79,4356.85,4356.95,103
2026-08-19 06:49:00,4356.95,4358.0,4356.45,4357.96,143
2026-08-19 06:50:00,4357.94,4358.59,4357.94,4358.4,148
2026-08-19 06:51:00,4358.4,4358.4,4357.03,4357.98,117
2026-08-19 06:52:00,4357.98,4358.04,4357.34,4357.83,91
2026-08-19 06:53:00,4357.83,4357.93,4356.78,4356.86,87
2026-08-19 06:54:00,4356.86,4356.86,4355.83,4355.87,121
2026-08-19 06:55:00,4355.87,4356.58,4355.79,4356.58,164
2026-08-19 06:56:00,4356.6,4356.68,4355.8,4356.05,111
2026-08-19 06:57:00,4356.05,4356.14,4355.36,4355.51,116
2026-08-19 06:58:00,4355.51,4355.8,4355.24,4355.27,105
2026-08-19 06:59:00,4355.27,4355.37,4354.88,4355.08,102
2026-08-19 07:00:00,4355.08,4356.37,4355.07,4355.47,155
2026-08-19 07:01:00,4355.47,4355.87,4354.98,4355.79,134
2026-08-19 07:02:00,4355.79,4355.9,4355.57,4355.85,112
2026-08-19 07:03:00,4355.85,4355.97,4354.27,4354.38,146
2026-08-19 07:04:00,4354.38,4354.38,4353.54,4353.94,145
2026-08-19 07:05:00,4353.94,4354.73,4353.19,4354.69,120
2026-08-19 07:06:00,4354.69,4355.0,4353.94,4354.0,86
2026-08-19 07:07:00,4354.0,4354.33,4353.87,4354.32,78
2026-08-19 07:08:00,4354.32,4354.38,4354.03,4354.14,88
2026-08-19 07:09:00,4354.14,4354.67,4353.99,4354.54,88
2026-08-19 07:10:00,4354.54,4354.87,4353.68,4354.1,159
2026-08-19 07:11:00,4354.11,4355.03,4354.11,4354.42,156
2026-08-19 07:12:00,4354.42,4354.87,4353.74,4354.48,118
2026-08-19 07:13:00,4354.48,4354.57,4354.13,4354.34,159
2026-08-19 07:14:00,4354.34,4354.82,4354.1,4354.76,105
2026-08-19 07:15:00,4354.76,4355.03,4353.0,4353.2,183
2026-08-19 07:16:00,4353.2,4353.22,4351.94,4352.01,133
2026-08-19 07:17:00,4351.99,4352.13,4350.22,4350.69,242
2026-08-19 07:18:00,4350.67,4352.52,4350.4,4352.33,189
2026-08-19 07:19:00,4352.33,4353.06,4352.31,4352.48,161
2026-08-19 07:20:00,4352.48,4352.62,4351.14,4351.22,206
2026-08-19 07:21:00,4351.22,4352.22,4351.02,4351.44,233
2026-08-19 07:22:00,4351.44,4352.74,4351.35,4352.67,216
2026-08-19 07:23:00,4352.66,4352.91,4352.04,4352.7,206
2026-08-19 07:24:00,4352.69,4352.89,4351.14,4351.69,222
2026-08-19 07:25:00,4351.69,4351.72,4350.6,4350.74,207
2026-08-19 07:26:00,4350.74,4351.16,4350.64,4351.08,151
2026-08-19 07:27:00,4351.1,4351.17,4350.28,4350.76,123
2026-08-19 07:28:00,4350.75,4351.32,4350.75,4351.05,88
2026-08-19 07:29:00,4351.05,4351.3,4350.84,4351.22,111
2026-08-19 07:30:00,4351.22,4352.11,4351.22,4351.44,175
2026-08-19 07:31:00,4351.44,4351.62,4350.42,4350.61,255
2026-08-19 07:32:00,4350.66,4350.83,4350.1,4350.5,234
2026-08-19 07:33:00,4350.5,4350.82,4349.56,4350.56,188
2026-08-19 07:34:00,4350.56,4350.75,4349.65,4349.7,115
2026-08-19 07:35:00,4349.7,4350.7,4349.7,4350.42,113
2026-08-19 07:36:00,4350.42,4350.6,4350.25,4350.54,80
2026-08-19 07:37:00,4350.54,4350.7,4348.92,4348.93,179
2026-08-19 07:38:00,4348.54,4348.86,4347.08,4347.32,221
2026-08-19 07:39:00,4347.32,4347.88,4346.58,4346.68,287
2026-08-19 07:40:00,4346.68,4347.6,4346.61,4346.95,252
2026-08-19 07:41:00,4346.95,4347.48,4346.6,4346.91,184
2026-08-19 07:42:00,4346.91,4347.1,4345.19,4345.87,170
2026-08-19 07:43:00,4345.87,4346.16,4345.09,4346.0,157
2026-08-19 07:44:00,4346.0,4346.73,4345.97,4346.62,143
2026-08-19 07:45:00,4346.61,4346.84,4346.02,4346.65,180
2026-08-19 07:46:00,4346.66,4346.75,4346.32,4346.74,98
2026-08-19 07:47:00,4346.76,4346.96,4346.01,4346.03,99
2026-08-19 07:48:00,4346.03,4346.29,4345.91,4346.29,127
2026-08-19 07:49:00,4346.29,4347.13,4346.27,4346.74,175
2026-08-19 07:50:00,4346.68,4346.71,4345.16,4345.16,120
2026-08-19 07:51:00,4345.16,4345.76,4344.89,4345.4,165
2026-08-19 07:52:00,4345.38,4345.6,4343.99,4345.22,215
2026-08-19 07:53:00,4345.22,4345.22,4344.32,4344.87,129
2026-08-19 07:54:00,4344.87,4345.27,4344.65,4344.9,74
2026-08-19 07:55:00,4344.9,4345.66,4344.75,4345.64,154
2026-08-19 07:56:00,4345.63,4346.66,4344.91,4345.02,273
2026-08-19 07:57:00,4345.02,4347.72,4344.49,4347.7,248
2026-08-19 07:58:00,4347.81,4348.31,4347.39,4347.86,213
2026-08-19 07:59:00,4347.8,4348.47,4347.67,4348.45,258
2026-08-19 08:00:00,4348.45,4349.62,4348.2,4348.74,243
2026-08-19 08:01:00,4348.74,4350.7,4348.71,4349.03,227
2026-08-19 08:02:00,4349.03,4349.04,4347.28,4347.7,264
2026-08-19 08:03:00,4347.77,4347.77,4346.28,4347.66,260
2026-08-19 08:04:00,4347.66,4347.78,4346.45,4347.26,242
2026-08-19 08:05:00,4347.3,4347.89,4346.65,4347.1,225
2026-08-19 08:06:00,4347.1,4347.1,4343.55,4344.08,230
2026-08-19 08:07:00,4344.08,4344.32,4343.02,4343.95,299
2026-08-19 08:08:00,4343.95,4343.96,4343.02,4343.45,227
2026-08-19 08:09:00,4343.45,4343.47,4342.48,4342.6,230
2026-08-19 08:10:00,4342.6,4342.91,4340.41,4340.98,276
2026-08-19 08:11:00,4341.0,4341.07,4339.55,4340.11,272
2026-08-19 08:12:00,4340.07,4340.08,4339.25,4339.71,250
2026-08-19 08:13:00,4339.7,4339.89,4339.06,4339.37,195
2026-08-19 08:14:00,4339.37,4340.09,4338.75,4338.91,243
2026-08-19 08:15:00,4338.91,4339.24,4338.34,4338.7,244
2026-08-19 08:16:00,4338.7,4339.66,4338.33,4339.13,276
2026-08-19 08:17:00,4339.13,4339.13,4336.78,4337.24,278
2026-08-19 08:18:00,4337.2,4337.76,4336.91,4337.21,228
2026-08-19 08:19:00,4337.21,4337.83,4336.67,4337.78,225
2026-08-19 08:20:00,4337.8,4339.27,4337.54,4338.17,228
2026-08-19 08:21:00,4338.17,4340.47,4338.17,4340.28,240
2026-08-19 08:22:00,4340.28,4340.76,4339.11,4339.34,265
2026-08-19 08:23:00,4339.34,4342.21,4339.34,4342.16,248
2026-08-19 08:24:00,4342.16,4342.65,4341.32,4341.5,257
2026-08-19 08:25:00,4341.5,4341.76,4340.56,4340.99,229
2026-08-19 08:26:00,4340.99,4342.38,4340.83,4342.04,200
2026-08-19 08:27:00,4341.85,4342.4,4341.49,4342.08,159
2026-08-19 08:28:00,4342.08,4344.12,4342.08,4344.07,178
2026-08-19 08:29:00,4344.07,4345.32,4344.0,4345.19,239
2026-08-19 08:30:00,4345.19,4345.34,4338.56,4339.98,767
2026-08-19 08:31:00,4340.01,4340.2,4338.51,4340.03,425
2026-08-19 08:32:00,4340.03,4341.62,4338.75,4339.13,531
2026-08-19 08:33:00,4339.13,4341.85,4336.87,4341.69,585
2026-08-19 08:34:00,4341.68,4342.56,4337.98,4338.48,388
2026-08-19 08:35:00,4338.48,4339.09,4336.85,4338.95,375
2026-08-19 08:36:00,4338.95,4340.82,4337.78,4340.81,464
2026-08-19 08:37:00,4340.78,4341.6,4338.26,4338.72,367
2026-08-19 08:38:00,4338.72,4340.22,4337.42,4339.65,340
2026-08-19 08:39:00,4339.66,4343.02,4339.51,4342.95,303
2026-08-19 08:40:00,4342.96,4343.09,4341.51,4341.95,267
2026-08-19 08:41:00,4341.95,4342.02,4341.37,4341.56,251
2026-08-19 08:42:00,4341.56,4343.36,4340.53,4342.78,298
2026-08-19 08:43:00,4342.78,4343.61,4339.96,4340.81,336
2026-08-19 08:44:00,4340.81,4342.88,4340.11,4342.3,295
2026-08-19 08:45:00,4342.3,4342.3,4336.97,4339.03,424
2026-08-19 08:46:00,4339.02,4339.57,4338.28,4338.3,285
2026-08-19 08:47:00,4338.32,4338.64,4335.26,4336.61,381
2026-08-19 08:48:00,4336.61,4338.65,4335.89,4338.24,310
2026-08-19 08:49:00,4338.24,4338.34,4336.34,4337.11,246
2026-08-19 08:50:00,4337.11,4337.39,4335.45,4337.02,293
2026-08-19 08:51:00,4336.99,4337.44,4335.87,4336.43,324
2026-08-19 08:52:00,4336.43,4337.15,4335.12,4335.85,337
2026-08-19 08:53:00,4335.85,4338.19,4335.25,4336.9,370
2026-08-19 08:54:00,4336.9,4337.01,4335.11,4335.41,284
2026-08-19 08:55:00,4335.41,4336.64,4335.3,4336.53,268
2026-08-19 08:56:00,4336.51,4337.27,4335.21,4337.24,288
2026-08-19 08:57:00,4337.25,4338.95,4336.35,4338.76,260
2026-08-19 08:58:00,4338.81,4338.81,4337.15,4337.4,322
2026-08-19 08:59:00,4337.4,4337.4,4335.63,4335.74,127
2026-08-19 09:00:00,4335.74,4340.84,4335.4,4340.39,569
2026-08-19 09:01:00,4340.41,4341.31,4336.61,4336.74,441
2026-08-19 09:02:00,4336.74,4339.51,4336.74,4339.21,290
2026-08-19 09:03:00,4339.21,4339.45,4335.43,4336.79,473
2026-08-19 09:04:00,4336.8,4338.28,4336.53,4337.73,339
2026-08-19 09:05:00,4337.67,4339.52,4337.54,4338.27,325
2026-08-19 09:06:00,4338.24,4338.29,4336.98,4337.68,279
2026-08-19 09:07:00,4337.68,4337.84,4336.39,4336.91,310
2026-08-19 09:08:00,4336.62,4339.59,4335.44,4338.96,301
2026-08-19 09:09:00,4338.96,4340.53,4338.18,4339.07,324
2026-08-19 09:10:00,4339.07,4341.71,4339.07,4341.49,276
2026-08-19 09:11:00,4341.49,4341.9,4339.54,4340.29,278
2026-08-19 09:12:00,4340.26,4340.55,4339.26,4339.62,182
2026-08-19 09:13:00,4339.62,4340.25,4337.13,4337.49,252
2026-08-19 09:14:00,4337.5,4338.71,4337.36,4337.54,207
2026-08-19 09:15:00,4337.54,4340.94,4336.96,4340.9,277
2026-08-19 09:16:00,4340.94,4342.14,4340.39,4341.71,268
2026-08-19 09:17:00,4341.79,4344.68,4341.79,4343.68,335
2026-08-19 09:18:00,4343.68,4345.77,4343.58,4345.22,324
2026-08-19 09:19:00,4345.22,4346.21,4344.41,4345.26,357
2026-08-19 09:20:00,4345.26,4348.3,4344.64,4346.96,353
2026-08-19 09:21:00,4346.96,4348.4,4346.77,4347.29,217
2026-08-19 09:22:00,4347.08,4347.45,4344.95,4346.27,283
2026-08-19 09:23:00,4346.27,4347.29,4345.96,4346.28,253
2026-08-19 09:24:00,4346.28,4347.38,4345.84,4346.08,258
2026-08-19 09:25:00,4346.08,4346.97,4344.87,4345.86,262
2026-08-19 09:26:00,4345.89,4346.09,4343.59,4343.59,265
2026-08-19 09:27:00,4343.59,4343.77,4341.5,4341.97,254
2026-08-19 09:28:00,4341.97,4342.43,4340.52,4341.25,301
2026-08-19 09:29:00,4341.25,4343.28,4341.06,4343.25,249
2026-08-19 09:30:00,4343.27,4343.4,4339.74,4339.84,384
2026-08-19 09:31:00,4339.85,4340.66,4337.77,4338.45,366
2026-08-19 09:32:00,4338.45,4338.86,4337.09,4338.66,293
2026-08-19 09:33:00,4338.58,4340.02,4338.32,4339.81,374
2026-08-19 09:34:00,4339.76,4339.78,4337.61,4338.62,308
2026-08-19 09:35:00,4338.62,4340.26,4338.61,4339.85,337
2026-08-19 09:36:00,4339.85,4342.47,4339.59,4342.32,284
2026-08-19 09:37:00,4342.32,4345.68,4342.1,4344.77,289
2026-08-19 09:38:00,4344.77,4344.99,4342.96,4342.96,281
2026-08-19 09:39:00,4342.94,4344.07,4342.8,4343.94,275
2026-08-19 09:40:00,4343.93,4344.29,4342.57,4343.16,322
2026-08-19 09:41:00,4343.16,4343.46,4341.71,4342.52,255
2026-08-19 09:42:00,4342.53,4343.79,4341.83,4342.49,278
2026-08-19 09:43:00,4342.49,4343.36,4342.32,4343.23,212
2026-08-19 09:44:00,4343.23,4343.3,4341.56,4341.94,233
2026-08-19 09:45:00,4341.94,4342.16,4340.84,4341.71,285
2026-08-19 09:46:00,4341.68,4343.17,4341.63,4342.7,298
2026-08-19 09:47:00,4342.7,4343.98,4342.33,4343.32,319
2026-08-19 09:48:00,4343.26,4343.45,4342.09,4342.97,234
2026-08-19 09:49:00,4342.97,4344.23,4342.47,4343.87,253
2026-08-19 09:50:00,4343.87,4345.46,4343.87,4345.06,337
2026-08-19 09:51:00,4345.13,4346.98,4344.6,4345.32,320
2026-08-19 09:52:00,4345.32,4346.29,4344.94,4346.01,351
2026-08-19 09:53:00,4346.02,4347.1,4345.75,4346.92,376
2026-08-19 09:54:00,4346.93,4347.82,4346.93,4347.61,290
2026-08-19 09:55:00,4347.57,4348.98,4347.57,4348.72,295
2026-08-19 09:56:00,4348.72,4348.97,4347.87,4347.87,280
2026-08-19 09:57:00,4347.87,4348.22,4347.42,4347.85,361
2026-08-19 09:58:00,4347.84,4348.5,4347.41,4348.37,354
2026-08-19 09:59:00,4348.41,4349.36,4348.03,4349.1,420
2026-08-19 10:00:00,4349.03,4350.4,4348.5,4350.18,569
2026-08-19 10:01:00,4350.22,4350.23,4347.55,4349.74,322
2026-08-19 10:02:00,4349.74,4351.29,4349.74,4350.83,267
2026-08-19 10:03:00,4350.83,4351.28,4350.35,4350.78,214
2026-08-19 10:04:00,4350.78,4350.78,4347.72,4348.0,297
2026-08-19 10:05:00,4347.99,4349.7,4347.91,4348.88,318
2026-08-19 10:06:00,4348.88,4349.18,4348.44,4348.62,198
2026-08-19 10:07:00,4348.62,4350.81,4348.43,4350.22,206
2026-08-19 10:08:00,4350.22,4352.2,4349.78,4352.05,238
2026-08-19 10:09:00,4352.05,4353.48,4352.04,4352.86,326
2026-08-19 10:10:00,4352.87,4353.43,4352.29,4352.61,257
2026-08-19 10:11:00,4352.61,4353.03,4351.35,4351.94,239
2026-08-19 10:12:00,4351.94,4351.96,4351.4,4351.45,98
2026-08-19 10:13:00,4351.45,4351.96,4349.8,4349.94,221
2026-08-19 10:14:00,4349.94,4351.29,4349.89,4350.6,246
2026-08-19 10:15:00,4350.6,4350.6,4347.52,4348.01,297
2026-08-19 10:16:00,4348.03,4349.26,4347.94,4347.97,239
2026-08-19 10:17:00,4347.97,4349.36,4347.96,4349.14,202
2026-08-19 10:18:00,4349.14,4350.63,4348.59,4350.17,229
2026-08-19 10:19:00,4350.25,4351.63,4350.06,4351.23,225
2026-08-19 10:20:00,4351.14,4351.84,4350.12,4350.26,281
2026-08-19 10:21:00,4350.23,4351.92,4349.02,4351.86,269
2026-08-19 10:22:00,4351.86,4352.57,4351.29,4352.5,193
2026-08-19 10:23:00,4352.5,4354.8,4351.93,4354.5,281
2026-08-19 10:24:00,4354.49,4355.01,4352.87,4354.35,290
2026-08-19 10:25:00,4354.42,4355.13,4354.08,4354.16,204
2026-08-19 10:26:00,4354.17,4356.79,4354.13,4356.71,309
2026-08-19 10:27:00,4356.75,4357.06,4356.11,4356.16,279
2026-08-19 10:28:00,4356.16,4356.53,4355.06,4355.7,323
2026-08-19 10:29:00,4355.7,4356.76,4355.11,4356.76,241
2026-08-19 10:30:00,4356.75,4357.62,4356.32,4356.89,241
2026-08-19 10:31:00,4356.88,4358.66,4356.73,4358.1,289
2026-08-19 10:32:00,4358.1,4360.88,4358.1,4358.64,272
2026-08-19 10:33:00,4358.68,4360.12,4358.68,4359.98,230
2026-08-19 10:34:00,4360.01,4360.11,4358.48,4359.57,173
2026-08-19 10:35:00,4359.56,4360.81,4358.9,4360.52,232
2026-08-19 10:36:00,4360.49,4363.16,4360.47,4361.75,331
2026-08-19 10:37:00,4361.73,4362.2,4359.31,4359.32,288
2026-08-19 10:38:00,4359.32,4359.53,4357.52,4358.56,278
2026-08-19 10:39:00,4358.55,4358.72,4357.25,4357.56,190
2026-08-19 10:40:00,4357.56,4357.77,4356.91,4356.91,239
2026-08-19 10:41:00,4356.92,4357.43,4356.5,4356.73,220
2026-08-19 10:42:00,4356.74,4356.74,4355.61,4355.75,243
2026-08-19 10:43:00,4355.75,4355.93,4353.03,4353.44,274
2026-08-19 10:44:00,4353.44,4354.74,4352.81,4354.6,307
2026-08-19 10:45:00,4354.6,4355.53,4354.31,4354.91,287
2026-08-19 10:46:00,4354.91,4355.47,4354.48,4355.39,240
2026-08-19 10:47:00,4355.39,4355.81,4354.47,4354.47,148
2026-08-19 10:48:00,4354.47,4357.21,4354.43,4357.21,256
2026-08-19 10:49:00,4357.21,4357.21,4354.92,4356.56,241
2026-08-19 10:50:00,4356.62,4356.68,4354.91,4356.1,249
2026-08-19 10:51:00,4356.1,4356.8,4355.77,4356.39,157
2026-08-19 10:52:00,4356.38,4357.83,4355.64,4356.14,245
2026-08-19 10:53:00,4356.14,4357.06,4355.79,4355.9,272
2026-08-19 10:54:00,4355.9,4355.9,4355.12,4355.71,215
2026-08-19 10:55:00,4355.71,4356.26,4355.01,4355.43,175
2026-08-19 10:56:00,4355.43,4355.85,4355.03,4355.25,203
2026-08-19 10:57:00,4355.26,4356.36,4355.13,4355.22,298
2026-08-19 10:58:00,4355.23,4355.56,4355.05,4355.19,204
2026-08-19 10:59:00,4355.19,4355.65,4354.71,4354.87,229
2026-08-19 11:00:00,4354.87,4357.33,4354.04,4355.9,488
2026-08-19 11:01:00,4355.9,4355.9,4352.87,4353.06,363
2026-08-19 11:02:00,4353.06,4354.06,4351.09,4354.03,288
2026-08-19 11:03:00,4354.08,4354.79,4353.38,4354.2,368
2026-08-19 11:04:00,4354.17,4357.66,4353.77,4357.07,399
2026-08-19 11:05:00,4357.1,4358.02,4356.6,4356.62,308
2026-08-19 11:06:00,4356.62,4359.9,4356.19,4358.17,342
2026-08-19 11:07:00,4358.17,4360.21,4357.89,4358.14,354
2026-08-19 11:08:00,4358.06,4358.55,4356.65,4358.23,288
2026-08-19 11:09:00,4358.23,4360.98,4358.19,4360.84,256
2026-08-19 11:10:00,4360.83,4362.89,4360.82,4361.95,303
2026-08-19 11:11:00,4361.95,4362.13,4361.16,4361.55,217
2026-08-19 11:12:00,4361.56,4361.74,4360.72,4361.24,237
2026-08-19 11:13:00,4361.25,4361.57,4360.82,4360.97,186
2026-08-19 11:14:00,4361.02,4361.73,4360.12,4361.68,258
2026-08-19 11:15:00,4361.68,4362.55,4360.94,4361.07,180
2026-08-19 11:16:00,4361.07,4361.77,4360.51,4360.51,190
2026-08-19 11:17:00,4360.54,4361.57,4360.54,4361.51,180
2026-08-19 11:18:00,4361.51,4361.95,4361.03,4361.06,189
2026-08-19 11:19:00,4361.06,4361.22,4359.93,4359.96,196
2026-08-19 11:20:00,4359.96,4359.96,4358.66,4358.72,166
2026-08-19 11:21:00,4358.72,4358.72,4357.42,4357.96,203
2026-08-19 11:22:00,4357.96,4358.64,4357.76,4358.14,243
2026-08-19 11:23:00,4358.14,4358.3,4357.39,4358.16,174
2026-08-19 11:24:00,4358.16,4360.26,4357.69,4360.11,239
2026-08-19 11:25:00,4360.11,4361.02,4359.25,4359.66,247
2026-08-19 11:26:00,4359.66,4359.86,4359.24,4359.5,202
2026-08-19 11:27:00,4359.49,4359.86,4358.4,4358.83,282
2026-08-19 11:28:00,4358.83,4359.31,4358.28,4358.91,188
2026-08-19 11:29:00,4358.91,4361.23,4358.91,4361.23,250
2026-08-19 11:30:00,4361.13,4361.13,4359.1,4360.2,224
2026-08-19 11:31:00,4360.2,4361.28,4359.71,4360.61,266
2026-08-19 11:32:00,4360.61,4360.61,4357.42,4357.64,303
2026-08-19 11:33:00,4357.66,4357.88,4356.93,4357.13,269
2026-08-19 11:34:00,4357.13,4357.63,4356.99,4357.22,240
2026-08-19 11:35:00,4357.22,4357.73,4356.51,4357.57,184
2026-08-19 11:36:00,4357.57,4359.84,4357.57,4359.64,279
2026-08-19 11:37:00,4359.51,4360.97,4359.51,4360.93,263
2026-08-19 11:38:00,4360.84,4361.05,4360.06,4360.18,193
2026-08-19 11:39:00,4360.17,4360.55,4359.08,4360.1,149
2026-08-19 11:40:00,4360.1,4360.69,4359.41,4360.67,180
2026-08-19 11:41:00,4360.67,4361.63,4360.44,4361.54,224
2026-08-19 11:42:00,4361.54,4361.84,4360.68,4360.88,229
2026-08-19 11:43:00,4360.88,4362.37,4360.44,4362.28,162
2026-08-19 11:44:00,4362.28,4363.08,4362.17,4362.63,190
2026-08-19 11:45:00,4362.63,4363.17,4361.3,4361.84,217
2026-08-19 11:46:00,4361.84,4362.61,4361.72,4362.5,178
2026-08-19 11:47:00,4362.5,4362.5,4360.72,4361.89,153
2026-08-19 11:48:00,4361.89,4362.07,4361.47,4361.91,123
2026-08-19 11:49:00,4361.91,4362.16,4361.38,4361.61,140
2026-08-19 11:50:00,4361.61,4361.85,4360.27,4360.86,217
2026-08-19 11:51:00,4360.86,4360.86,4358.62,4360.25,243
2026-08-19 11:52:00,4360.2,4360.28,4358.75,4359.06,211
2026-08-19 11:53:00,4359.06,4359.68,4358.85,4358.98,141
2026-08-19 11:54:00,4358.94,4358.96,4358.16,4358.26,138
2026-08-19 11:55:00,4358.28,4358.44,4357.07,4357.22,217
2026-08-19 11:56:00,4357.17,4357.48,4355.56,4356.5,267
2026-08-19 11:57:00,4356.5,4356.68,4354.82,4354.89,213
2026-08-19 11:58:00,4354.89,4356.42,4354.87,4356.12,148
2026-08-19 11:59:00,4356.12,4356.42,4355.38,4355.62,173
2026-08-19 12:00:00,4355.62,4356.02,4355.29,4355.97,261
2026-08-19 12:01:00,4355.97,4355.97,4355.04,4355.13,262
2026-08-19 12:02:00,4355.13,4355.91,4355.04,4355.87,238
2026-08-19 12:03:00,4355.83,4358.48,4355.78,4358.45,304
2026-08-19 12:04:00,4358.45,4359.23,4358.27,4359.06,180
2026-08-19 12:05:00,4359.04,4359.78,4357.31,4357.45,300
2026-08-19 12:06:00,4357.47,4357.59,4355.39,4355.53,310
2026-08-19 12:07:00,4355.54,4357.38,4355.54,4356.85,193
2026-08-19 12:08:00,4356.85,4357.01,4356.15,4356.35,146
2026-08-19 12:09:00,4356.35,4356.72,4355.48,4355.86,275
2026-08-19 12:10:00,4355.86,4357.8,4355.75,4357.75,281
2026-08-19 12:11:00,4357.76,4357.86,4355.98,4356.21,269
2026-08-19 12:12:00,4356.21,4356.32,4355.55,4355.64,220
2026-08-19 12:13:00,4355.65,4356.57,4355.65,4355.74,178
2026-08-19 12:14:00,4355.74,4356.59,4355.51,4356.34,160
2026-08-19 12:15:00,4356.34,4356.71,4355.78,4355.86,264
2026-08-19 12:16:00,4355.88,4355.96,4354.36,4354.73,345
2026-08-19 12:17:00,4354.73,4355.35,4354.34,4354.48,264
2026-08-19 12:18:00,4354.48,4355.15,4354.09,4354.11,273
2026-08-19 12:19:00,4354.11,4355.27,4353.47,4355.27,294
2026-08-19 12:20:00,4355.27,4355.28,4353.52,4354.74,221
2026-08-19 12:21:00,4354.78,4355.49,4354.56,4355.29,278
2026-08-19 12:22:00,4355.29,4355.95,4355.25,4355.91,230
2026-08-19 12:23:00,4355.91,4356.61,4355.03,4355.18,249
2026-08-19 12:24:00,4355.09,4357.14,4355.06,4356.04,319
2026-08-19 12:25:00,4356.04,4357.45,4356.0,4357.42,186
2026-08-19 12:26:00,4357.42,4357.43,4355.31,4355.4,153
2026-08-19 12:27:00,4355.4,4355.42,4353.96,4354.87,194
2026-08-19 12:28:00,4354.87,4355.77,4354.17,4355.74,358
2026-08-19 12:29:00,4355.75,4356.65,4355.39,4356.65,234
2026-08-19 12:30:00,4356.65,4357.73,4355.51,4356.59,309
2026-08-19 12:31:00,4356.61,4357.66,4356.43,4356.96,270
2026-08-19 12:32:00,4356.96,4357.08,4356.27,4356.87,255
2026-08-19 12:33:00,4356.84,4356.99,4355.4,4356.05,274
2026-08-19 12:34:00,4356.06,4357.01,4355.89,4356.5,239
2026-08-19 12:35:00,4356.48,4357.28,4356.39,4356.86,195
2026-08-19 12:36:00,4356.86,4357.14,4355.98,4356.71,225
2026-08-19 12:37:00,4356.71,4357.27,4356.49,4356.77,179
2026-08-19 12:38:00,4356.77,4357.0,4356.3,4356.91,188
2026-08-19 12:39:00,4356.91,4357.12,4356.52,4356.87,165
2026-08-19 12:40:00,4356.94,4357.78,4356.64,4357.08,217
2026-08-19 12:41:00,4357.14,4360.15,4357.06,4360.08,351
2026-08-19 12:42:00,4360.08,4361.0,4359.01,4359.07,277
2026-08-19 12:43:00,4359.07,4359.35,4358.71,4358.71,215
2026-08-19 12:44:00,4358.71,4359.8,4358.69,4358.75,216
2026-08-19 12:45:00,4358.75,4359.01,4358.32,4358.52,185
2026-08-19 12:46:00,4358.52,4359.77,4358.46,4359.5,214
2026-08-19 12:47:00,4359.5,4359.5,4358.33,4359.5,218
2026-08-19 12:48:00,4359.5,4359.79,4359.33,4359.69,132
2026-08-19 12:49:00,4359.72,4361.04,4359.55,4360.51,243
2026-08-19 12:50:00,4360.54,4360.93,4359.39,4359.52,307
2026-08-19 12:51:00,4359.51,4359.51,4358.41,4358.45,198
2026-08-19 12:52:00,4358.45,4359.36,4358.37,4358.79,200
2026-08-19 12:53:00,4358.79,4359.39,4358.14,4359.15,206
2026-08-19 12:54:00,4359.15,4359.8,4358.64,4359.8,276
2026-08-19 12:55:00,4359.77,4361.49,4359.77,4361.23,310
2026-08-19 12:56:00,4361.25,4361.27,4359.53,4359.53,311
2026-08-19 12:57:00,4359.52,4360.15,4359.07,4360.08,233
2026-08-19 12:58:00,4360.08,4361.04,4360.08,4360.99,178
2026-08-19 12:59:00,4360.99,4362.05,4360.99,4361.98,190
2026-08-19 13:00:00,4361.98,4363.29,4361.42,4361.42,374
2026-08-19 13:01:00,4361.42,4361.43,4360.28,4361.02,349
2026-08-19 13:02:00,4361.02,4361.28,4360.62,4360.91,269
2026-08-19 13:03:00,4360.93,4361.32,4360.49,4360.68,301
2026-08-19 13:04:00,4360.69,4361.09,4359.85,4360.11,249
2026-08-19 13:05:00,4360.11,4360.64,4359.65,4360.62,215
2026-08-19 13:06:00,4360.61,4361.25,4360.47,4361.01,219
2026-08-19 13:07:00,4361.01,4362.39,4360.85,4362.36,261
2026-08-19 13:08:00,4362.37,4362.77,4361.85,4362.33,250
2026-08-19 13:09:00,4362.29,4362.43,4361.3,4361.49,223
2026-08-19 13:10:00,4361.47,4361.81,4361.16,4361.59,238
2026-08-19 13:11:00,4361.59,4361.99,4360.92,4361.72,173
2026-08-19 13:12:00,4361.72,4363.16,4361.66,4362.52,266
2026-08-19 13:13:00,4362.46,4364.15,4362.26,4364.01,248
2026-08-19 13:14:00,4363.78,4364.19,4363.23,4363.74,291
2026-08-19 13:15:00,4363.73,4364.27,4363.6,4363.93,184
2026-08-19 13:16:00,4363.94,4366.07,4363.7,4365.4,285
2026-08-19 13:17:00,4365.4,4368.02,4364.97,4367.89,304
2026-08-19 13:18:00,4367.89,4368.08,4367.06,4367.5,277
2026-08-19 13:19:00,4367.5,4368.6,4367.18,4368.51,292
2026-08-19 13:20:00,4368.49,4368.84,4367.11,4367.83,343
2026-08-19 13:21:00,4367.79,4368.11,4366.76,4368.01,277
2026-08-19 13:22:00,4368.01,4368.58,4367.9,4368.17,182
2026-08-19 13:23:00,4368.19,4369.11,4367.73,4368.37,235
2026-08-19 13:24:00,4368.38,4368.83,4368.09,4368.48,219
2026-08-19 13:25:00,4368.47,4368.56,4367.25,4367.25,230
2026-08-19 13:26:00,4367.24,4367.9,4367.24,4367.67,165
2026-08-19 13:27:00,4367.67,4367.67,4366.78,4367.44,213
2026-08-19 13:28:00,4367.46,4368.78,4367.45,4368.74,197
2026-08-19 13:29:00,4368.74,4369.07,4368.48,4368.72,193
2026-08-19 13:30:00,4368.72,4369.44,4368.22,4368.29,255
2026-08-19 13:31:00,4368.29,4368.29,4367.28,4367.62,201
2026-08-19 13:32:00,4367.62,4367.63,4366.64,4366.87,204
2026-08-19 13:33:00,4366.92,4367.1,4366.62,4366.71,171
2026-08-19 13:34:00,4366.71,4367.32,4365.86,4366.95,192
2026-08-19 13:35:00,4366.95,4367.52,4366.73,4367.39,166
2026-08-19 13:36:00,4367.39,4367.7,4367.04,4367.34,170
2026-08-19 13:37:00,4367.34,4367.6,4366.94,4367.26,177
2026-08-19 13:38:00,4367.26,4367.43,4366.88,4366.93,161
2026-08-19 13:39:00,4366.93,4367.1,4366.54,4366.96,212
2026-08-19 13:40:00,4366.96,4366.96,4366.46,4366.5,167
2026-08-19 13:41:00,4366.54,4368.41,4366.54,4368.27,179
2026-08-19 13:42:00,4368.28,4368.51,4367.51,4367.63,127
2026-08-19 13:43:00,4367.63,4368.1,4367.26,4368.1,138
2026-08-19 13:44:00,4368.11,4368.32,4367.78,4368.04,200
2026-08-19 13:45:00,4368.04,4368.28,4367.87,4367.9,86
2026-08-19 13:46:00,4367.9,4368.18,4367.37,4368.18,122
2026-08-19 13:47:00,4368.18,4368.5,4368.08,4368.43,149
2026-08-19 13:48:00,4368.43,4369.5,4368.23,4369.44,211
2026-08-19 13:49:00,4369.44,4369.44,4367.86,4368.49,210
2026-08-19 13:50:00,4368.48,4368.79,4367.85,4368.05,190
2026-08-19 13:51:00,4368.05,4368.46,4367.54,4367.62,202
2026-08-19 13:52:00,4367.62,4368.17,4367.14,4367.42,183
2026-08-19 13:53:00,4367.44,4367.62,4367.1,4367.31,128
2026-08-19 13:54:00,4367.32,4367.5,4367.14,4367.42,78
2026-08-19 13:55:00,4367.42,4367.71,4367.07,4367.22,122
2026-08-19 13:56:00,4367.22,4367.26,4366.51,4367.07,132
2026-08-19 13:57:00,4367.06,4367.16,4366.54,4366.55,152
2026-08-19 13:58:00,4366.55,4366.86,4366.26,4366.56,159
2026-08-19 13:59:00,4366.54,4367.88,4366.46,4367.34,133
2026-08-19 14:00:00,4367.36,4369.06,4367.36,4368.74,352
2026-08-19 14:01:00,4368.87,4370.73,4368.87,4369.85,334
2026-08-19 14:02:00,4369.89,4370.74,4369.89,4370.57,215
2026-08-19 14:03:00,4370.57,4371.07,4369.68,4370.01,298
2026-08-19 14:04:00,4370.01,4370.93,4369.6,4370.91,275
2026-08-19 14:05:00,4370.91,4372.93,4370.58,4372.69,287
2026-08-19 14:06:00,4372.69,4373.76,4372.64,4373.09,296
2026-08-19 14:07:00,4373.09,4373.15,4371.87,4371.89,238
2026-08-19 14:08:00,4371.89,4372.85,4371.49,4372.83,202
2026-08-19 14:09:00,4372.83,4372.83,4370.66,4371.24,288
2026-08-19 14:10:00,4371.24,4372.7,4370.83,4372.28,250
2026-08-19 14:11:00,4372.32,4373.01,4372.11,4372.32,232
2026-08-19 14:12:00,4372.32,4374.12,4372.04,4373.83,236
2026-08-19 14:13:00,4373.52,4373.99,4373.24,4373.31,292
2026-08-19 14:14:00,4373.32,4373.9,4373.22,4373.29,186
2026-08-19 14:15:00,4373.29,4374.07,4372.64,4372.64,220
2026-08-19 14:16:00,4372.58,4372.69,4371.14,4371.31,265
2026-08-19 14:17:00,4371.31,4371.33,4369.62,4369.88,270
2026-08-19 14:18:00,4369.98,4370.63,4369.7,4370.27,248
2026-08-19 14:19:00,4370.27,4370.81,4370.14,4370.41,184
2026-08-19 14:20:00,4370.41,4370.8,4369.6,4369.86,143
2026-08-19 14:21:00,4369.89,4369.97,4368.87,4369.67,170
2026-08-19 14:22:00,4369.67,4371.18,4369.4,4371.16,265
2026-08-19 14:23:00,4371.16,4371.16,4370.24,4370.48,206
2026-08-19 14:24:00,4370.48,4371.29,4370.48,4370.88,165
2026-08-19 14:25:00,4370.88,4372.67,4370.5,4372.04,296
2026-08-19 14:26:00,4372.08,4372.99,4371.49,4372.99,188
2026-08-19 14:27:00,4372.99,4373.51,4372.56,4372.63,214
2026-08-19 14:28:00,4372.63,4372.67,4371.21,4371.66,234
2026-08-19 14:29:00,4371.63,4371.72,4370.86,4370.92,152
2026-08-19 14:30:00,4370.89,4371.77,4369.75,4370.41,225
2026-08-19 14:31:00,4370.41,4370.59,4369.64,4370.16,239
2026-08-19 14:32:00,4370.16,4370.3,4368.88,4369.97,286
2026-08-19 14:33:00,4369.95,4370.23,4369.31,4370.12,258
2026-08-19 14:34:00,4370.12,4370.12,4368.63,4369.44,268
2026-08-19 14:35:00,4369.44,4369.89,4368.86,4369.66,211
2026-08-19 14:36:00,4369.68,4369.72,4368.44,4368.49,253
2026-08-19 14:37:00,4368.51,4369.17,4368.4,4368.48,154
2026-08-19 14:38:00,4368.48,4369.18,4367.82,4369.17,225
2026-08-19 14:39:00,4369.17,4369.25,4367.02,4368.03,294
2026-08-19 14:40:00,4368.03,4368.13,4366.39,4366.46,229
2026-08-19 14:41:00,4366.46,4366.58,4364.18,4364.39,210
2026-08-19 14:42:00,4364.32,4365.12,4363.44,4363.69,218
2026-08-19 14:43:00,4363.71,4363.99,4363.27,4363.64,247
2026-08-19 14:44:00,4363.64,4365.01,4363.59,4363.64,240
2026-08-19 14:45:00,4363.64,4365.12,4363.49,4364.76,276
2026-08-19 14:46:00,4364.76,4365.7,4364.71,4365.14,180
2026-08-19 14:47:00,4365.16,4366.61,4365.16,4366.34,216
2026-08-19 14:48:00,4366.34,4366.44,4365.47,4366.44,210
2026-08-19 14:49:00,4366.44,4367.61,4366.36,4367.32,224
2026-08-19 14:50:00,4367.34,4367.34,4365.81,4365.86,193
2026-08-19 14:51:00,4365.86,4365.89,4363.86,4363.94,242
2026-08-19 14:52:00,4363.94,4364.56,4363.76,4363.86,251
2026-08-19 14:53:00,4363.86,4365.28,4363.86,4365.26,244
2026-08-19 14:54:00,4365.25,4366.48,4365.25,4365.78,259
2026-08-19 14:55:00,4365.78,4366.28,4365.4,4365.47,207
2026-08-19 14:56:00,4365.47,4366.09,4365.42,4365.74,187
2026-08-19 14:57:00,4365.74,4366.29,4365.39,4365.7,246
2026-08-19 14:58:00,4365.69,4365.9,4364.63,4365.69,212
2026-08-19 14:59:00,4365.69,4365.94,4364.15,4364.7,158
2026-08-19 15:00:00,4364.7,4365.4,4363.96,4364.73,270
2026-08-19 15:01:00,4364.73,4365.08,4363.49,4364.14,266
2026-08-19 15:02:00,4363.88,4364.35,4362.78,4363.09,321
2026-08-19 15:03:00,4363.09,4363.59,4362.07,4363.38,277
2026-08-19 15:04:00,4363.38,4364.26,4363.15,4364.07,230
2026-08-19 15:05:00,4364.1,4365.81,4363.54,4365.11,314
2026-08-19 15:06:00,4365.08,4365.98,4364.69,4364.83,370
2026-08-19 15:07:00,4364.82,4366.86,4364.62,4366.35,327
2026-08-19 15:08:00,4366.35,4367.65,4365.68,4367.36,256
2026-08-19 15:09:00,4367.31,4368.32,4366.63,4367.86,323
2026-08-19 15:10:00,4367.86,4367.89,4366.79,4367.36,241
2026-08-19 15:11:00,4367.36,4369.87,4367.34,4369.86,260
2026-08-19 15:12:00,4369.87,4370.68,4367.81,4368.3,344
2026-08-19 15:13:00,4368.3,4368.93,4367.9,4368.77,307
2026-08-19 15:14:00,4368.77,4369.19,4368.24,4368.42,301
2026-08-19 15:15:00,4368.41,4370.2,4368.17,4368.88,352
2026-08-19 15:16:00,4368.87,4369.61,4367.06,4369.6,283
2026-08-19 15:17:00,4369.6,4370.28,4367.5,4367.51,243
2026-08-19 15:18:00,4367.51,4367.51,4366.05,4366.52,254
2026-08-19 15:19:00,4366.53,4368.43,4366.51,4368.12,322
2026-08-19 15:20:00,4368.2,4371.66,4367.82,4370.76,515
2026-08-19 15:21:00,4370.76,4373.34,4370.16,4371.81,460
2026-08-19 15:22:00,4371.89,4373.61,4371.35,4372.57,341
2026-08-19 15:23:00,4372.3,4373.02,4369.6,4369.66,413
2026-08-19 15:24:00,4369.67,4371.18,4369.14,4370.36,304
2026-08-19 15:25:00,4370.36,4370.8,4369.63,4369.75,268
2026-08-19 15:26:00,4369.75,4369.77,4368.02,4368.66,237
2026-08-19 15:27:00,4368.66,4369.1,4367.84,4369.1,212
2026-08-19 15:28:00,4369.02,4371.24,4368.83,4370.11,249
2026-08-19 15:29:00,4370.11,4370.36,4368.31,4369.47,351
2026-08-19 15:30:00,4369.43,4371.19,4368.73,4369.36,452
2026-08-19 15:31:00,4369.36,4370.97,4368.85,4370.65,390
2026-08-19 15:32:00,4370.65,4374.27,4370.33,4373.74,453
2026-08-19 15:33:00,4373.7,4379.56,4373.51,4379.52,892
2026-08-19 15:34:00,4379.64,4384.89,4378.71,4384.45,934
2026-08-19 15:35:00,4384.44,4388.36,4382.85,4387.1,939
2026-08-19 15:36:00,4387.21,4396.44,4386.13,4395.87,955
2026-08-19 15:37:00,4395.87,4408.75,4395.08,4406.73,1027
2026-08-19 15:38:00,4406.66,4415.64,4405.07,4415.16,958
2026-08-19 15:39:00,4415.21,4416.63,4411.74,4412.39,962
2026-08-19 15:40:00,4412.4,4417.34,4409.2,4416.46,986
2026-08-19 15:41:00,4416.49,4420.69,4409.64,4409.98,951
2026-08-19 15:42:00,4410.0,4415.83,4408.55,4412.18,820
2026-08-19 15:43:00,4412.18,4412.61,4406.47,4411.04,924
2026-08-19 15:44:00,4411.05,4417.53,4410.34,4417.53,875
2026-08-19 15:45:00,4417.63,4420.05,4414.39,4419.99,919
2026-08-19 15:46:00,4419.9,4421.13,4413.51,4414.37,908
2026-08-19 15:47:00,4414.36,4415.74,4411.53,4412.55,806
2026-08-19 15:48:00,4412.53,4419.42,4412.36,4417.93,793
2026-08-19 15:49:00,4417.82,4420.29,4416.38,4417.52,715
2026-08-19 15:50:00,4417.4,4417.68,4412.09,4413.61,692
2026-08-19 15:51:00,4413.56,4422.11,4411.51,4421.9,713
2026-08-19 15:52:00,4421.92,4423.5,4417.84,4418.25,800
2026-08-19 15:53:00,4418.27,4425.4,4417.26,4424.6,773
2026-08-19 15:54:00,4424.45,4428.63,4421.55,4428.59,759
2026-08-19 15:55:00,4428.42,4431.6,4427.64,4427.69,799
2026-08-19 15:56:00,4427.78,4440.17,4426.68,4437.88,790
2026-08-19 15:57:00,4437.9,4442.29,4436.03,4438.9,803
2026-08-19 15:58:00,4438.95,4442.21,4435.41,4436.2,780
2026-08-19 15:59:00,4436.11,4440.89,4435.98,4438.83,867
2026-08-19 16:00:00,4438.82,4440.32,4433.87,4437.22,915
2026-08-19 16:01:00,4437.24,4442.12,4437.24,4439.59,913
2026-08-19 16:02:00,4439.62,4440.22,4431.0,4431.0,779
2026-08-19 16:03:00,4431.09,4432.85,4428.34,4431.12,831
2026-08-19 16:04:00,4431.12,4431.12,4427.19,4427.71,716
2026-08-19 16:05:00,4427.74,4431.32,4427.4,4427.4,777
2026-08-19 16:06:00,4427.28,4427.77,4424.38,4427.77,768
2026-08-19 16:07:00,4427.84,4432.56,4426.79,4432.34,740
2026-08-19 16:08:00,4432.33,4436.94,4432.04,4436.69,726
2026-08-19 16:09:00,4436.66,4441.48,4436.63,4441.48,795
2026-08-19 16:10:00,4441.63,4445.49,4441.29,4444.17,873
2026-08-19 16:11:00,4444.4,4445.49,4441.35,4443.23,770
2026-08-19 16:12:00,4443.24,4458.76,4443.23,4455.71,784
2026-08-19 16:13:00,4455.71,4460.41,4453.81,4458.91,837
2026-08-19 16:14:00,4458.92,4460.83,4455.23,4456.14,701
2026-08-19 16:15:00,4456.14,4461.23,4455.81,4458.81,698
2026-08-19 16:16:00,4458.82,4461.51,4456.53,4459.81,631
2026-08-19 16:17:00,4459.68,4464.29,4459.13,4463.27,694
2026-08-19 16:18:00,4463.25,4463.25,4456.88,4459.86,655
2026-08-19 16:19:00,4459.89,4463.3,4459.68,4460.36,565
2026-08-19 16:20:00,4460.4,4462.87,4458.48,4458.82,609
2026-08-19 16:21:00,4458.82,4459.23,4456.56,4458.32,549
2026-08-19 16:22:00,4458.32,4459.62,4455.0,4457.11,562
2026-08-19 16:23:00,4457.13,4462.15,4457.13,4459.34,619
2026-08-19 16:24:00,4459.38,4461.08,4458.23,4459.17,624
2026-08-19 16:25:00,4459.17,4460.34,4457.67,4459.83,652
2026-08-19 16:26:00,4459.86,4461.42,4458.65,4459.63,600
2026-08-19 16:27:00,4459.66,4459.8,4455.25,4455.88,560
2026-08-19 16:28:00,4455.85,4460.07,4455.47,4459.07,555
2026-08-19 16:29:00,4459.04,4460.67,4457.19,4458.09,640
2026-08-19 16:30:00,4458.13,4461.04,4455.44,4456.32,949
2026-08-19 16:31:00,4456.46,4465.54,4456.21,4461.86,936
2026-08-19 16:32:00,4461.87,4464.73,4461.65,4463.88,919
2026-08-19 16:33:00,4463.88,4466.27,4463.24,4465.74,864
2026-08-19 16:34:00,4465.81,4465.98,4458.31,4461.87,841
2026-08-19 16:35:00,4461.81,4462.19,4451.71,4452.24,884
2026-08-19 16:36:00,4452.0,4452.26,4442.4,4443.47,1002
2026-08-19 16:37:00,4443.54,4454.29,4442.95,4453.5,902
2026-08-19 16:38:00,4453.31,4456.6,4452.6,4455.74,895
2026-08-19 16:39:00,4455.74,4458.19,4453.56,4455.75,851
2026-08-19 16:40:00,4455.81,4457.65,4453.61,4456.14,868
2026-08-19 16:41:00,4456.2,4460.12,4453.36,4454.66,835
2026-08-19 16:42:00,4454.67,4457.42,4450.01,4456.04,787
2026-08-19 16:43:00,4456.12,4464.07,4456.1,4463.73,851
2026-08-19 16:44:00,4463.61,4464.6,4460.27,4460.89,707
2026-08-19 16:45:00,4460.7,4461.47,4457.94,4457.94,705
2026-08-19 16:46:00,4457.96,4461.99,4456.75,4458.54,722
2026-08-19 16:47:00,4458.57,4459.36,4454.73,4454.99,784
2026-08-19 16:48:00,4454.99,4455.38,4451.81,4453.69,872
2026-08-19 16:49:00,4453.63,4453.97,4449.8,4450.34,773
2026-08-19 16:50:00,4450.33,4451.06,4446.62,4447.11,868
2026-08-19 16:51:00,4447.11,4448.06,4445.13,4447.97,768
2026-08-19 16:52:00,4447.97,4454.37,4446.35,4453.74,838
2026-08-19 16:53:00,4453.74,4456.4,4451.55,4453.68,858
2026-08-19 16:54:00,4453.83,4454.22,4451.48,4453.49,763
2026-08-19 16:55:00,4453.49,4455.29,4451.57,4454.8,885
2026-08-19 16:56:00,4454.76,4456.53,4452.15,4455.11,857
2026-08-19 16:57:00,4455.11,4460.21,4454.58,4458.75,768
2026-08-19 16:58:00,4458.74,4463.31,4457.59,4461.43,869
2026-08-19 16:59:00,4461.45,4462.96,4459.28,4459.8,778
2026-08-19 17:00:00,4459.77,4461.77,4455.16,4456.54,769
2026-08-19 17:01:00,4456.6,4458.17,4456.13,4457.72,749
2026-08-19 17:02:00,4457.78,4460.53,4456.36,4457.08,882
2026-08-19 17:03:00,4457.24,4462.02,4457.03,4461.8,800
2026-08-19 17:04:00,4461.81,4462.67,4460.05,4460.38,723
2026-08-19 17:05:00,4460.41,4464.78,4460.41,4460.78,802
2026-08-19 17:06:00,4460.78,4466.54,4460.75,4465.64,777
2026-08-19 17:07:00,4465.56,4471.25,4465.56,4468.3,893
2026-08-19 17:08:00,4468.12,4470.81,4467.48,4468.25,861
2026-08-19 17:09:00,4468.23,4472.05,4467.13,4471.89,826
2026-08-19 17:10:00,4471.91,4473.79,4470.38,4471.83,928
2026-08-19 17:11:00,4471.84,4473.3,4469.75,4470.5,850
2026-08-19 17:12:00,4470.38,4474.54,4469.2,4473.87,822
2026-08-19 17:13:00,4473.88,4475.51,4472.99,4474.81,854
2026-08-19 17:14:00,4474.81,4474.82,4472.19,4473.77,855
2026-08-19 17:15:00,4473.81,4475.23,4471.62,4474.23,899
2026-08-19 17:16:00,4474.19,4478.33,4472.58,4478.08,913
2026-08-19 17:17:00,4478.1,4478.11,4472.5,4473.4,923
2026-08-19 17:18:00,4473.45,4476.43,4472.69,4473.15,871
2026-08-19 17:19:00,4473.16,4473.7,4471.43,4471.43,814
2026-08-19 17:20:00,4471.44,4474.83,4470.26,4473.43,864
2026-08-19 17:21:00,4473.44,4477.17,4472.77,4477.09,816
2026-08-19 17:22:00,4477.13,4478.21,4472.91,4474.13,871
2026-08-19 17:23:00,4474.07,4478.16,4472.53,4478.12,820
2026-08-19 17:24:00,4478.16,4480.43,4476.86,4478.42,785
2026-08-19 17:25:00,4478.52,4482.67,4477.38,4482.1,849
2026-08-19 17:26:00,4482.12,4484.97,4482.12,4484.7,814
2026-08-19 17:27:00,4484.72,4487.8,4484.4,4486.66,765
2026-08-19 17:28:00,4486.53,4487.72,4485.83,4486.73,711
2026-08-19 17:29:00,4486.72,4487.27,4485.2,4485.97,737
2026-08-19 17:30:00,4485.98,4489.51,4485.0,4488.0,809
2026-08-19 17:31:00,4488.0,4490.88,4487.76,4490.44,811
2026-08-19 17:32:00,4490.46,4491.33,4487.41,4488.7,774
2026-08-19 17:33:00,4488.71,4489.24,4486.97,4487.47,729
2026-08-19 17:34:00,4487.4,4487.93,4483.95,4487.4,727
2026-08-19 17:35:00,4487.48,4491.15,4486.77,4490.55,676
2026-08-19 17:36:00,4490.56,4491.5,4488.59,4488.68,662
2026-08-19 17:37:00,4488.63,4489.78,4486.63,4488.48,702
2026-08-19 17:38:00,4488.47,4491.03,4487.82,4489.75,489
2026-08-19 17:39:00,4489.75,4490.9,4487.41,4489.21,539
2026-08-19 17:40:00,4489.22,4491.32,4487.31,4489.19,740
2026-08-19 17:41:00,4489.28,4494.46,4489.28,4492.86,659
2026-08-19 17:42:00,4492.86,4495.39,4492.35,4493.84,651
2026-08-19 17:43:00,4493.88,4498.64,4491.29,4491.63,698
2026-08-19 17:44:00,4491.64,4492.09,4488.81,4489.61,848
2026-08-19 17:45:00,4489.59,4489.65,4485.65,4486.46,712
2026-08-19 17:46:00,4486.44,4486.47,4482.83,4483.53,649
2026-08-19 17:47:00,4483.53,4483.85,4479.29,4480.34,643
2026-08-19 17:48:00,4480.34,4482.27,4479.67,4480.88,716
2026-08-19 17:49:00,4480.9,4481.04,4478.22,4479.23,628
2026-08-19 17:50:00,4479.27,4481.04,4478.57,4480.17,645
2026-08-19 17:51:00,4480.17,4484.5,4480.17,4483.93,630
2026-08-19 17:52:00,4484.06,4486.84,4484.06,4485.08,566
2026-08-19 17:53:00,4485.08,4486.91,4483.15,4483.29,588
2026-08-19 17:54:00,4483.28,4486.14,4482.39,4485.72,649
2026-08-19 17:55:00,4485.72,4488.51,4485.37,4486.77,653
2026-08-19 17:56:00,4486.77,4489.58,4486.66,4489.03,548
2026-08-19 17:57:00,4489.06,4489.27,4486.69,4488.06,700
2026-08-19 17:58:00,4488.06,4489.64,4487.53,4489.34,512
2026-08-19 17:59:00,4489.34,4489.43,4487.97,4488.26,531
2026-08-19 18:00:00,4488.25,4488.44,4482.83,4483.81,788
2026-08-19 18:01:00,4483.81,4487.09,4483.72,4484.77,690
2026-08-19 18:02:00,4484.76,4485.33,4481.11,4481.65,592
2026-08-19 18:03:00,4481.61,4486.15,4481.61,4484.26,579
2026-08-19 18:04:00,4484.26,4485.5,4482.61,4484.86,633
2026-08-19 18:05:00,4484.86,4486.06,4484.27,4484.79,616
2026-08-19 18:06:00,4484.79,4487.1,4484.01,4486.43,586
2026-08-19 18:07:00,4486.43,4487.19,4485.07,4487.02,606
2026-08-19 18:08:00,4487.02,4487.02,4484.3,4484.41,513
2026-08-19 18:09:00,4484.41,4484.47,4482.0,4482.05,575
2026-08-19 18:10:00,4482.08,4484.06,4481.23,4482.11,571
2026-08-19 18:11:00,4482.11,4482.37,4479.8,4481.21,581
2026-08-19 18:12:00,4481.15,4484.9,4480.94,4484.69,534
2026-08-19 18:13:00,4484.7,4487.8,4484.61,4485.53,488
2026-08-19 18:14:00,4485.53,4487.55,4484.76,4485.01,520
2026-08-19 18:15:00,4485.24,4487.57,4484.71,4486.93,539
2026-08-19 18:16:00,4486.93,4487.15,4484.37,4484.94,530
2026-08-19 18:17:00,4484.94,4486.3,4483.87,4485.26,628
2026-08-19 18:18:00,4485.3,4487.01,4484.01,4485.73,586
2026-08-19 18:19:00,4485.73,4486.67,4485.09,4486.41,542
2026-08-19 18:20:00,4486.16,4488.04,4485.28,4485.84,617
2026-08-19 18:21:00,4485.85,4486.74,4485.24,4485.37,623
2026-08-19 18:22:00,4485.37,4485.95,4484.54,4485.32,521
2026-08-19 18:23:00,4485.32,4485.43,4483.57,4484.03,501
2026-08-19 18:24:00,4484.21,4484.36,4481.08,4481.08,578
2026-08-19 18:25:00,4480.97,4481.06,4478.25,4480.97,729
2026-08-19 18:26:00,4480.92,4482.19,4480.85,4481.23,605
2026-08-19 18:27:00,4481.24,4483.1,4479.46,4481.96,675
2026-08-19 18:28:00,4482.02,4483.46,4481.79,4482.19,570
2026-08-19 18:29:00,4482.19,4484.61,4481.89,4483.72,680
2026-08-19 18:30:00,4483.75,4483.85,4480.63,4480.92,775
2026-08-19 18:31:00,4480.94,4483.67,4480.28,4483.23,624
2026-08-19 18:32:00,4483.23,4484.3,4482.72,4482.93,549
2026-08-19 18:33:00,4483.2,4486.2,4483.17,4485.44,482
2026-08-19 18:34:00,4485.48,4485.83,4484.6,4484.8,536
2026-08-19 18:35:00,4484.8,4486.2,4484.76,4485.58,375
2026-08-19 18:36:00,4485.69,4488.4,4485.63,4486.24,380
2026-08-19 18:37:00,4486.25,4487.56,4486.16,4486.37,488
2026-08-19 18:38:00,4486.32,4487.56,4486.0,4486.49,450
2026-08-19 18:39:00,4486.5,4487.86,4486.18,4487.15,341
2026-08-19 18:40:00,4487.14,4487.18,4485.27,4486.17,461
2026-08-19 18:41:00,4486.25,4487.09,4484.93,4486.55,504
2026-08-19 18:42:00,4486.55,4488.24,4486.51,4487.67,451
2026-08-19 18:43:00,4487.69,4492.53,4487.63,4491.69,516
2026-08-19 18:44:00,4491.69,4492.57,4490.1,4490.32,604
2026-08-19 18:45:00,4490.32,4493.26,4489.85,4491.97,547
2026-08-19 18:46:00,4491.97,4492.99,4491.69,4492.17,546
2026-08-19 18:47:00,4492.17,4494.06,4491.78,4491.92,512
2026-08-19 18:48:00,4491.92,4494.12,4491.52,4493.88,529
2026-08-19 18:49:00,4493.88,4494.04,4490.71,4490.72,499
2026-08-19 18:50:00,4490.72,4490.73,4488.94,4489.15,590
2026-08-19 18:51:00,4489.16,4490.63,4488.66,4489.85,508
2026-08-19 18:52:00,4489.89,4491.94,4489.72,4491.79,463
2026-08-19 18:53:00,4491.65,4492.87,4491.16,4491.7,433
2026-08-19 18:54:00,4491.71,4491.88,4490.8,4491.2,350
2026-08-19 18:55:00,4491.19,4493.35,4490.79,4492.5,397
2026-08-19 18:56:00,4492.5,4493.25,4492.04,4493.22,335
2026-08-19 18:57:00,4493.24,4493.25,4491.65,4492.15,329
2026-08-19 18:58:00,4492.15,4493.41,4491.04,4491.51,472
2026-08-19 18:59:00,4491.53,4493.93,4491.46,4493.89,343
2026-08-19 19:00:00,4493.91,4496.41,4493.3,4496.18,503
2026-08-19 19:01:00,4496.18,4497.45,4495.2,4495.63,547
2026-08-19 19:02:00,4495.64,4496.28,4494.72,4495.93,503
2026-08-19 19:03:00,4495.78,4496.27,4495.25,4496.02,187
2026-08-19 19:04:00,4494.82,4495.74,4493.28,4493.36,448
2026-08-19 19:05:00,4493.37,4494.34,4492.62,4493.22,412
2026-08-19 19:06:00,4493.22,4493.94,4491.16,4492.22,534
2026-08-19 19:07:00,4492.22,4496.1,4491.78,4495.58,452
2026-08-19 19:08:00,4495.61,4496.92,4495.48,4496.83,364
2026-08-19 19:09:00,4496.72,4497.6,4496.32,4497.38,303
2026-08-19 19:10:00,4497.38,4498.7,4496.75,4497.69,385
2026-08-19 19:11:00,4497.7,4498.65,4497.4,4498.38,376
2026-08-19 19:12:00,4498.38,4498.38,4496.78,4498.09,416
2026-08-19 19:13:00,4498.09,4498.86,4497.27,4497.91,399
2026-08-19 19:14:00,4497.87,4499.16,4496.99,4497.76,445
2026-08-19 19:15:00,4497.76,4498.27,4497.21,4498.19,355
2026-08-19 19:16:00,4498.18,4499.42,4497.04,4497.78,417
2026-08-19 19:17:00,4497.75,4498.28,4497.09,4497.66,450
2026-08-19 19:18:00,4497.63,4498.67,4495.17,4496.68,524
2026-08-19 19:19:00,4496.55,4497.3,4495.08,4495.13,383
2026-08-19 19:20:00,4495.13,4495.86,4494.43,4494.67,413
2026-08-19 19:21:00,4494.59,4495.85,4493.78,4494.03,336
2026-08-19 19:22:00,4494.02,4494.91,4493.69,4494.08,299
2026-08-19 19:23:00,4494.02,4495.98,4493.53,4495.61,317
2026-08-19 19:24:00,4495.71,4496.79,4494.75,4494.95,330
2026-08-19 19:25:00,4494.95,4495.63,4493.8,4493.85,305
2026-08-19 19:26:00,4493.85,4494.08,4491.65,4492.89,389
2026-08-19 19:27:00,4492.84,4493.62,4492.15,4492.88,369
2026-08-19 19:28:00,4492.88,4493.37,4491.5,4491.61,309
2026-08-19 19:29:00,4491.61,4491.84,4490.76,4491.24,314
2026-08-19 19:30:00,4491.24,4492.32,4490.69,4492.01,400
2026-08-19 19:31:00,4492.01,4494.41,4491.06,4493.98,382
2026-08-19 19:32:00,4493.94,4494.76,4492.7,4494.75,416
2026-08-19 19:33:00,4494.75,4495.06,4493.86,4494.28,370
2026-08-19 19:34:00,4494.28,4495.86,4493.73,4495.66,410
2026-08-19 19:35:00,4495.7,4495.82,4493.63,4494.65,437
2026-08-19 19:36:00,4494.65,4494.65,4492.71,4493.04,399
2026-08-19 19:37:00,4493.04,4495.46,4492.14,4495.06,409
2026-08-19 19:38:00,4495.06,4495.91,4494.95,4495.63,392
2026-08-19 19:39:00,4495.63,4496.25,4494.81,4495.55,371
2026-08-19 19:40:00,4495.55,4496.17,4495.37,4495.38,399
2026-08-19 19:41:00,4495.38,4496.44,4493.82,4494.85,421
2026-08-19 19:42:00,4494.85,4495.36,4494.11,4494.61,478
2026-08-19 19:43:00,4494.66,4496.36,4494.52,4495.51,534
2026-08-19 19:44:00,4495.51,4496.12,4494.61,4495.12,395
2026-08-19 19:45:00,4495.15,4495.35,4493.97,4494.82,433
2026-08-19 19:46:00,4494.82,4496.89,4494.43,4494.99,315
2026-08-19 19:47:00,4494.99,4495.37,4493.89,4494.24,317
2026-08-19 19:48:00,4494.24,4495.61,4494.08,4494.69,505
2026-08-19 19:49:00,4494.66,4495.09,4493.61,4494.7,475
2026-08-19 19:50:00,4494.7,4495.26,4494.24,4494.92,421
2026-08-19 19:51:00,4494.92,4495.9,4494.42,4495.9,456
2026-08-19 19:52:00,4495.91,4497.67,4495.79,4497.41,406
2026-08-19 19:53:00,4497.46,4497.88,4494.87,4495.01,467
2026-08-19 19:54:00,4495.03,4495.2,4494.28,4494.62,447
2026-08-19 19:55:00,4494.67,4494.68,4493.6,4493.88,450
2026-08-19 19:56:00,4493.88,4494.76,4493.54,4494.33,444
2026-08-19 19:57:00,4494.33,4495.39,4494.09,4495.0,453
2026-08-19 19:58:00,4495.0,4495.16,4494.07,4494.76,458
2026-08-19 19:59:00,4494.76,4495.05,4493.34,4493.35,435
2026-08-19 20:00:00,4493.38,4497.62,4493.38,4497.15,558
2026-08-19 20:01:00,4497.15,4499.17,4497.0,4498.23,474
2026-08-19 20:02:00,4498.32,4499.04,4496.61,4497.24,543
2026-08-19 20:03:00,4497.21,4497.7,4495.34,4495.64,581
2026-08-19 20:04:00,4495.66,4497.29,4495.46,4496.87,514
2026-08-19 20:05:00,4496.87,4497.39,4496.12,4496.3,425
2026-08-19 20:06:00,4496.3,4497.2,4495.39,4497.08,500
2026-08-19 20:07:00,4497.0,4497.0,4492.29,4493.48,579
2026-08-19 20:08:00,4493.48,4493.51,4491.4,4492.63,509
2026-08-19 20:09:00,4492.66,4494.63,4492.36,4493.2,471
2026-08-19 20:10:00,4493.2,4494.05,4492.87,4492.91,497
2026-08-19 20:11:00,4492.99,4493.23,4489.26,4490.28,508
2026-08-19 20:12:00,4490.22,4492.29,4489.04,4492.22,516
2026-08-19 20:13:00,4492.19,4492.89,4491.46,4491.57,369
2026-08-19 20:14:00,4491.57,4493.32,4491.02,4492.61,487
2026-08-19 20:15:00,4492.47,4492.78,4490.55,4491.15,439
2026-08-19 20:16:00,4491.16,4491.18,4489.71,4490.44,418
2026-08-19 20:17:00,4490.45,4490.53,4489.55,4490.05,414
2026-08-19 20:18:00,4490.04,4490.06,4487.1,4487.78,520
2026-08-19 20:19:00,4487.78,4489.38,4487.7,4489.21,436
2026-08-19 20:20:00,4489.28,4490.44,4488.29,4488.29,531
2026-08-19 20:21:00,4488.3,4490.27,4487.89,4488.55,520
2026-08-19 20:22:00,4488.51,4489.79,4488.51,4488.97,343
2026-08-19 20:23:00,4488.97,4490.5,4487.9,4489.44,415
2026-08-19 20:24:00,4489.45,4490.37,4488.71,4489.44,472
2026-08-19 20:25:00,4489.42,4489.63,4488.71,4489.35,395
2026-08-19 20:26:00,4489.25,4489.3,4487.77,4488.07,379
2026-08-19 20:27:00,4488.08,4488.38,4486.24,4486.78,389
2026-08-19 20:28:00,4486.79,4487.81,4486.4,4487.36,369
2026-08-19 20:29:00,4487.36,4488.24,4486.22,4487.99,625
2026-08-19 20:30:00,4488.0,4488.97,4486.53,4486.63,499
2026-08-19 20:31:00,4486.63,4486.71,4484.42,4485.44,392
2026-08-19 20:32:00,4485.44,4486.9,4485.4,4486.71,258
2026-08-19 20:33:00,4486.72,4488.67,4486.31,4488.06,370
2026-08-19 20:34:00,4488.14,4489.24,4487.76,4488.25,322
2026-08-19 20:35:00,4488.24,4488.95,4487.05,4487.14,360
2026-08-19 20:36:00,4487.16,4489.74,4486.68,4489.74,556
2026-08-19 20:37:00,4489.75,4490.04,4488.5,4489.36,409
2026-08-19 20:38:00,4489.36,4489.36,4488.43,4488.92,327
2026-08-19 20:39:00,4488.89,4489.83,4488.46,4488.52,379
2026-08-19 20:40:00,4488.6,4489.96,4488.51,4488.57,422
2026-08-19 20:41:00,4488.57,4490.89,4487.14,4490.8,366
2026-08-19 20:42:00,4490.8,4491.65,4490.39,4490.92,480
2026-08-19 20:43:00,4490.91,4491.41,4489.78,4490.42,451
2026-08-19 20:44:00,4490.43,4490.46,4488.69,4488.69,368
2026-08-19 20:45:00,4488.67,4489.08,4488.15,4488.33,369
2026-08-19 20:46:00,4488.35,4489.53,4488.22,4488.24,372
2026-08-19 20:47:00,4488.22,4488.98,4487.81,4488.21,354
2026-08-19 20:48:00,4488.22,4488.74,4488.02,4488.61,240
2026-08-19 20:49:00,4488.61,4489.02,4487.68,4488.33,368
2026-08-19 20:50:00,4488.34,4489.11,4488.14,4488.34,358
2026-08-19 20:51:00,4488.34,4488.78,4487.79,4488.57,330
2026-08-19 20:52:00,4488.57,4488.57,4486.96,4487.33,391
2026-08-19 20:53:00,4487.33,4487.37,4485.68,4486.55,394
2026-08-19 20:54:00,4486.55,4486.98,4486.2,4486.49,279
2026-08-19 20:55:00,4486.51,4486.57,4484.66,4485.63,294
2026-08-19 20:56:00,4485.67,4485.71,4485.22,4485.56,215
2026-08-19 20:57:00,4485.53,4486.14,4484.45,4484.58,241
2026-08-19 20:58:00,4484.58,4485.57,4484.58,4485.24,203
2026-08-19 20:59:00,4485.26,4487.06,4485.26,4486.66,236
2026-08-19 21:00:00,4486.67,4490.31,4485.67,4489.81,464
2026-08-19 21:01:00,4489.82,4491.41,4489.5,4490.75,509
2026-08-19 21:02:00,4490.76,4493.97,4489.91,4493.28,620
2026-08-19 21:03:00,4493.28,4495.63,4493.03,4494.1,524
2026-08-19 21:04:00,4494.19,4495.8,4492.77,4495.58,522
2026-08-19 21:05:00,4495.68,4496.5,4487.57,4489.48,647
2026-08-19 21:06:00,4489.3,4489.94,4487.9,4488.68,551
2026-08-19 21:07:00,4488.68,4490.66,4486.21,4489.88,580
2026-08-19 21:08:00,4489.86,4490.56,4488.74,4489.9,401
2026-08-19 21:09:00,4489.95,4489.95,4487.71,4488.95,363
2026-08-19 21:10:00,4488.95,4489.85,4486.97,4488.75,428
2026-08-19 21:11:00,4488.75,4488.8,4486.17,4487.52,425
2026-08-19 21:12:00,4487.52,4489.34,4487.47,4488.56,323
2026-08-19 21:13:00,4488.56,4490.35,4488.17,4489.33,339
2026-08-19 21:14:00,4489.45,4490.01,4487.46,4488.0,277
2026-08-19 21:15:00,4488.01,4488.01,4484.04,4484.55,363
2026-08-19 21:16:00,4484.65,4485.33,4484.1,4484.57,336
2026-08-19 21:17:00,4484.57,4485.16,4482.42,4482.43,327
2026-08-19 21:18:00,4482.43,4483.98,4482.35,4483.89,471
2026-08-19 21:19:00,4483.89,4486.05,4483.74,4484.84,385
2026-08-19 21:20:00,4484.91,4485.11,4482.93,4483.44,347
2026-08-19 21:21:00,4483.44,4484.67,4482.67,4483.23,408
2026-08-19 21:22:00,4483.23,4483.81,4482.46,4482.47,419
2026-08-19 21:23:00,4482.47,4483.76,4481.38,4481.76,452
2026-08-19 21:24:00,4481.77,4482.47,4481.05,4481.4,332
2026-08-19 21:25:00,4481.4,4481.88,4480.92,4481.58,373
2026-08-19 21:26:00,4481.57,4481.83,4477.53,4478.6,395
2026-08-19 21:27:00,4478.6,4479.51,4476.32,4476.38,476
2026-08-19 21:28:00,4476.36,4476.52,4472.81,4473.78,559
2026-08-19 21:29:00,4473.81,4476.95,4473.74,4475.47,604
2026-08-19 21:30:00,4475.48,4476.87,4473.08,4474.29,656
2026-08-19 21:31:00,4474.24,4475.67,4472.14,4472.74,593
2026-08-19 21:32:00,4472.75,4476.86,4472.75,4476.57,587
2026-08-19 21:33:00,4476.59,4479.12,4476.34,4477.01,453
2026-08-19 21:34:00,4477.01,4481.39,4476.72,4480.73,553
2026-08-19 21:35:00,4480.73,4482.57,4480.62,4481.36,546
2026-08-19 21:36:00,4481.37,4481.55,4479.62,4479.9,375
2026-08-19 21:37:00,4479.9,4480.5,4478.81,4480.33,364
2026-08-19 21:38:00,4480.32,4482.42,4479.89,4480.94,438
2026-08-19 21:39:00,4480.95,4484.67,4480.91,4484.17,485
2026-08-19 21:40:00,4484.17,4488.36,4483.68,4487.55,511
2026-08-19 21:41:00,4487.55,4491.76,4487.18,4489.77,530
2026-08-19 21:42:00,4489.81,4491.71,4489.18,4490.96,405
2026-08-19 21:43:00,4490.96,4491.67,4490.23,4490.5,359
2026-08-19 21:44:00,4490.51,4490.83,4490.07,4490.41,377
2026-08-19 21:45:00,4490.39,4491.0,4490.15,4490.38,322
2026-08-19 21:46:00,4490.3,4491.15,4490.0,4490.44,334
2026-08-19 21:47:00,4490.4,4490.69,4489.47,4489.92,308
2026-08-19 21:48:00,4489.95,4490.93,4489.95,4490.45,264
2026-08-19 21:49:00,4490.45,4492.09,4490.04,4491.57,324
2026-08-19 21:50:00,4491.55,4492.45,4490.76,4492.24,308
2026-08-19 21:51:00,4492.24,4493.36,4491.62,4491.85,293
2026-08-19 21:52:00,4491.86,4493.47,4491.63,4491.65,248
2026-08-19 21:53:00,4491.68,4495.91,4491.68,4495.68,327
2026-08-19 21:54:00,4495.67,4496.8,4493.83,4494.37,369
2026-08-19 21:55:00,4494.37,4495.46,4494.37,4494.84,306
2026-08-19 21:56:00,4494.84,4495.78,4494.19,4494.86,403
2026-08-19 21:57:00,4494.8,4495.87,4494.27,4495.73,378
2026-08-19 21:58:00,4495.73,4495.95,4495.01,4495.59,401
2026-08-19 21:59:00,4495.6,4495.66,4494.59,4495.19,425
2026-08-19 22:00:00,4495.19,4497.0,4494.48,4497.0,513
2026-08-19 22:01:00,4497.0,4498.4,4495.04,4495.52,562
2026-08-19 22:02:00,4495.52,4496.17,4494.55,4495.24,464
2026-08-19 22:03:00,4495.24,4497.94,4494.61,4497.4,486
2026-08-19 22:04:00,4497.43,4498.54,4496.06,4497.07,408
2026-08-19 22:05:00,4497.09,4498.06,4495.79,4497.59,436
2026-08-19 22:06:00,4497.63,4497.72,4495.79,4495.8,356
2026-08-19 22:07:00,4495.82,4497.61,4495.33,4497.47,442
2026-08-19 22:08:00,4497.47,4503.35,4497.06,4503.13,574
2026-08-19 22:09:00,4503.1,4505.59,4502.63,4505.12,637
2026-08-19 22:10:00,4505.12,4505.24,4502.75,4502.86,584
2026-08-19 22:11:00,4502.86,4504.41,4502.22,4503.93,537
2026-08-19 22:12:00,4503.97,4505.44,4503.8,4505.06,445
2026-08-19 22:13:00,4504.9,4505.24,4503.53,4503.57,460
2026-08-19 22:14:00,4503.57,4503.9,4502.48,4503.3,352
2026-08-19 22:15:00,4503.3,4505.65,4503.05,4505.38,443
2026-08-19 22:16:00,4505.38,4505.38,4503.56,4504.17,385
2026-08-19 22:17:00,4504.17,4505.93,4503.18,4504.28,453
2026-08-19 22:18:00,4504.29,4506.23,4504.18,4505.67,445
2026-08-19 22:19:00,4505.67,4505.67,4504.51,4504.51,416
2026-08-19 22:20:00,4504.4,4504.46,4503.25,4503.75,359
2026-08-19 22:21:00,4503.7,4503.91,4502.72,4503.4,330
2026-08-19 22:22:00,4503.4,4504.25,4502.98,4503.78,430
2026-08-19 22:23:00,4503.83,4504.56,4503.46,4504.45,292
2026-08-19 22:24:00,4504.55,4505.39,4503.79,4505.36,352
2026-08-19 22:25:00,4505.37,4505.46,4504.54,4505.35,360
2026-08-19 22:26:00,4505.34,4506.36,4504.47,4505.03,443
2026-08-19 22:27:00,4505.03,4506.09,4503.3,4505.86,478
2026-08-19 22:28:00,4505.6,4507.75,4505.09,4506.4,588
2026-08-19 22:29:00,4506.39,4507.52,4506.15,4507.52,538
2026-08-19 22:30:00,4507.06,4508.27,4505.93,4506.6,544
2026-08-19 22:31:00,4506.52,4507.89,4506.5,4507.58,458
2026-08-19 22:32:00,4507.59,4509.18,4507.53,4508.66,372
2026-08-19 22:33:00,4508.66,4509.55,4508.55,4509.4,463
2026-08-19 22:34:00,4509.51,4510.81,4509.06,4509.55,420
2026-08-19 22:35:00,4509.63,4510.05,4509.2,4509.97,407
2026-08-19 22:36:00,4509.97,4510.39,4507.29,4507.29,427
2026-08-19 22:37:00,4507.3,4507.53,4503.73,4504.79,575
2026-08-19 22:38:00,4504.73,4506.32,4504.73,4505.62,381
2026-08-19 22:39:00,4505.63,4506.36,4505.01,4505.87,464
2026-08-19 22:40:00,4505.91,4507.79,4504.99,4506.0,502
2026-08-19 22:41:00,4505.98,4506.24,4504.26,4504.7,489
2026-08-19 22:42:00,4504.71,4505.12,4502.69,4504.9,448
2026-08-19 22:43:00,4504.9,4506.54,4504.89,4506.35,492
2026-08-19 22:44:00,4506.35,4507.08,4505.85,4507.05,436
2026-08-19 22:45:00,4507.05,4508.01,4506.12,4506.12,575
2026-08-19 22:46:00,4506.17,4506.72,4505.33,4506.13,554
2026-08-19 22:47:00,4506.08,4507.22,4505.28,4507.13,419
2026-08-19 22:48:00,4507.12,4510.35,4506.81,4510.35,565
2026-08-19 22:49:00,4510.36,4511.29,4510.15,4511.04,500
2026-08-19 22:50:00,4511.05,4511.98,4510.55,4511.11,688
2026-08-19 22:51:00,4511.08,4511.22,4510.04,4510.63,662
2026-08-19 22:52:00,4510.68,4512.02,4510.61,4511.91,500
2026-08-19 22:53:00,4511.9,4511.9,4508.83,4508.86,494
2026-08-19 22:54:00,4508.86,4511.61,4508.33,4511.46,587
2026-08-19 22:55:00,4511.46,4512.29,4510.16,4511.31,544
2026-08-19 22:56:00,4511.33,4511.57,4510.65,4511.37,330
2026-08-19 22:57:00,4511.37,4511.66,4508.69,4509.38,528
2026-08-19 22:58:00,4509.42,4511.25,4508.65,4511.1,713
2026-08-19 22:59:00,4511.09,4512.07,4510.66,4511.35,576
2026-08-19 23:00:00,4511.27,4511.81,4509.4,4509.61,348
2026-08-19 23:01:00,4509.61,4510.19,4509.52,4510.19,177
2026-08-19 23:02:00,4510.19,4510.9,4509.26,4509.28,159
2026-08-19 23:03:00,4509.28,4510.49,4509.15,4509.7,117
2026-08-19 23:04:00,4509.7,4509.88,4508.95,4509.49,118
2026-08-19 23:05:00,4509.49,4509.49,4508.48,4508.48,167
2026-08-19 23:06:00,4508.36,4508.96,4507.95,4508.86,168
2026-08-19 23:07:00,4508.86,4510.08,4508.83,4509.3,119
2026-08-19 23:08:00,4509.3,4510.3,4509.05,4509.75,108
2026-08-19 23:09:00,4509.75,4510.55,4509.14,4510.52,102
2026-08-19 23:10:00,4510.52,4511.83,4509.8,4511.83,156
2026-08-19 23:11:00,4511.93,4512.03,4509.83,4510.14,161
2026-08-19 23:12:00,4510.14,4510.33,4507.56,4507.57,231
2026-08-19 23:13:00,4507.56,4507.71,4506.47,4506.97,177
2026-08-19 23:14:00,4506.96,4506.99,4505.17,4506.91,226
2026-08-19 23:15:00,4506.92,4507.41,4506.47,4506.75,123
2026-08-19 23:16:00,4506.75,4508.18,4506.65,4508.18,122
2026-08-19 23:17:00,4508.17,4509.12,4508.04,4508.59,104
2026-08-19 23:18:00,4508.59,4510.09,4508.13,4509.89,126
2026-08-19 23:19:00,4509.89,4511.19,4509.89,4510.24,159
2026-08-19 23:20:00,4510.3,4512.26,4510.03,4511.94,168
2026-08-19 23:21:00,4511.95,4512.2,4510.97,4511.48,139
2026-08-19 23:22:00,4511.46,4512.61,4510.86,4512.57,97
2026-08-19 23:23:00,4512.57,4512.83,4511.78,4512.27,184
2026-08-19 23:24:00,4512.27,4517.32,4512.11,4517.32,194
2026-08-19 23:25:00,4517.65,4521.18,4517.65,4520.56,405
2026-08-19 23:26:00,4520.56,4522.08,4519.36,4521.18,319
2026-08-19 23:27:00,4521.18,4521.48,4518.68,4520.69,266
2026-08-19 23:28:00,4520.69,4520.76,4518.31,4518.54,191
2026-08-19 23:29:00,4518.37,4519.11,4517.35,4518.78,218
2026-08-19 23:30:00,4518.41,4520.35,4518.04,4520.32,193
2026-08-19 23:31:00,4520.32,4521.63,4520.0,4521.13,180
2026-08-19 23:32:00,4521.13,4521.74,4520.46,4521.04,187
2026-08-19 23:33:00,4521.04,4522.29,4520.59,4522.11,196
2026-08-19 23:34:00,4522.09,4523.61,4521.14,4521.42,227
2026-08-19 23:35:00,4521.42,4521.45,4520.48,4521.19,136
2026-08-19 23:36:00,4521.2,4521.45,4519.92,4520.2,166
2026-08-19 23:37:00,4520.07,4520.07,4519.01,4519.12,182
2026-08-19 23:38:00,4519.12,4519.17,4518.7,4519.15,87
2026-08-19 23:39:00,4519.15,4519.88,4518.77,4519.72,144
2026-08-19 23:40:00,4519.72,4520.57,4519.67,4519.71,122
2026-08-19 23:41:00,4519.7,4520.01,4519.19,4519.78,150
2026-08-19 23:42:00,4519.78,4520.04,4519.36,4519.76,116
2026-08-19 23:43:00,4519.76,4520.73,4519.11,4520.15,136
2026-08-19 23:44:00,4520.16,4520.21,4518.93,4519.5,106
2026-08-19 23:45:00,4519.51,4520.6,4519.46,4520.43,159
2026-08-19 23:46:00,4520.43,4521.46,4520.42,4521.4,154
2026-08-19 23:47:00,4521.4,4522.04,4521.34,4521.47,162
2026-08-19 23:48:00,4521.46,4521.57,4520.8,4521.03,122
2026-08-19 23:49:00,4521.03,4521.31,4520.39,4520.92,97
2026-08-19 23:50:00,4520.95,4523.17,4520.82,4522.28,222
2026-08-19 23:51:00,4522.28,4522.71,4521.98,4522.45,189
2026-08-19 23:52:00,4522.45,4522.46,4521.91,4522.16,126
2026-08-19 23:53:00,4522.16,4523.12,4522.02,4522.34,99
2026-08-19 23:54:00,4522.34,4524.12,4521.8,4523.89,182
2026-08-19 23:55:00,4523.89,4524.31,4523.51,4523.55,164
2026-08-19 23:56:00,4523.52,4523.63,4522.36,4523.39,148
2026-08-19 23:57:00,4523.39,4523.63,4522.44,4523.09,219
2026-08-19 23:58:00,4523.09,4523.44,4522.87,4522.98,142
2026-08-20 01:00:00,4522.29,4525.54,4521.54,4525.21,320
2026-08-20 01:01:00,4525.19,4527.51,4525.19,4525.73,226
2026-08-20 01:02:00,4525.67,4525.7,4520.76,4521.69,182
2026-08-20 01:03:00,4521.64,4522.49,4519.59,4522.41,248
2026-08-20 01:04:00,4522.55,4524.51,4520.76,4521.31,208
2026-08-20 01:05:00,4521.31,4522.63,4520.66,4521.97,251
2026-08-20 01:06:00,4521.96,4523.76,4521.74,4522.64,281
2026-08-20 01:07:00,4522.63,4523.3,4521.84,4522.57,292
2026-08-20 01:08:00,4522.56,4522.66,4520.56,4521.17,256
2026-08-20 01:09:00,4521.14,4521.17,4520.44,4520.88,169
2026-08-20 01:10:00,4520.86,4521.12,4518.94,4519.0,195
2026-08-20 01:11:00,4519.0,4520.1,4518.95,4519.61,189
2026-08-20 01:12:00,4519.68,4520.7,4519.39,4520.52,191
2026-08-20 01:13:00,4520.54,4521.49,4519.76,4521.24,153
2026-08-20 01:14:00,4521.24,4521.77,4520.02,4520.02,259
2026-08-20 01:15:00,4520.01,4520.97,4519.72,4520.39,177
2026-08-20 01:16:00,4520.39,4520.89,4519.87,4519.87,125
2026-08-20 01:17:00,4519.87,4520.24,4519.49,4519.49,139
2026-08-20 01:18:00,4519.5,4520.42,4519.32,4519.86,114
2026-08-20 01:19:00,4519.89,4520.62,4519.84,4520.08,165
2026-08-20 01:20:00,4520.12,4520.12,4519.17,4519.52,106
2026-08-20 01:21:00,4519.52,4519.78,4519.15,4519.66,83
2026-08-20 01:22:00,4519.69,4520.67,4519.69,4520.6,162
2026-08-20 01:23:00,4520.65,4521.29,4519.95,4520.27,167
2026-08-20 01:24:00,4520.27,4521.39,4520.15,4521.37,141
2026-08-20 01:25:00,4521.36,4521.53,4520.18,4520.86,155
2026-08-20 01:26:00,4520.86,4520.86,4519.91,4520.02,115
2026-08-20 01:27:00,4520.02,4520.26,4519.59,4520.03,148
2026-08-20 01:28:00,4520.03,4520.64,4520.01,4520.44,68
2026-08-20 01:29:00,4520.44,4521.03,4520.04,4520.92,105
2026-08-20 01:30:00,4520.92,4521.48,4519.82,4521.18,132
2026-08-20 01:31:00,4521.18,4521.84,4520.81,4521.31,157
2026-08-20 01:32:00,4521.28,4522.02,4518.33,4518.68,192
2026-08-20 01:33:00,4518.68,4519.6,4518.32,4518.46,266
2026-08-20 01:34:00,4518.46,4519.07,4518.14,4519.07,135
2026-08-20 01:35:00,4519.07,4519.97,4518.65,4519.16,146
2026-08-20 01:36:00,4519.18,4519.45,4518.34,4519.32,150
2026-08-20 01:37:00,4519.32,4519.39,4518.35,4518.9,181
2026-08-20 01:38:00,4518.9,4519.47,4518.27,4518.6,122
2026-08-20 01:39:00,4518.6,4518.6,4517.66,4518.01,99
2026-08-20 01:40:00,4518.01,4519.07,4517.95,4518.95,153
2026-08-20 01:41:00,4518.95,4519.52,4518.49,4518.59,123
2026-08-20 01:42:00,4518.59,4519.24,4518.1,4518.27,133
2026-08-20 01:43:00,4518.27,4518.61,4517.95,4518.59,100
2026-08-20 01:44:00,4518.61,4519.1,4518.47,4518.58,126
2026-08-20 01:45:00,4518.58,4518.82,4517.83,4518.79,129
2026-08-20 01:46:00,4518.79,4519.43,4518.38,4519.27,153
2026-08-20 01:47:00,4519.28,4520.12,4519.25,4519.98,146
2026-08-20 01:48:00,4519.99,4521.1,4519.94,4520.99,126
2026-08-20 01:49:00,4521.0,4521.22,4519.58,4519.58,116
2026-08-20 01:50:00,4519.58,4520.98,4519.58,4520.88,76
2026-08-20 01:51:00,4520.88,4521.82,4520.85,4521.16,96
2026-08-20 01:52:00,4521.16,4521.41,4519.87,4520.06,132
2026-08-20 01:53:00,4520.06,4520.39,4519.01,4519.06,120
2026-08-20 01:54:00,4519.06,4519.7,4518.83,4519.7,148
2026-08-20 01:55:00,4519.7,4519.97,4519.38,4519.92,111
2026-08-20 01:56:00,4519.93,4520.08,4518.9,4519.32,223
2026-08-20 01:57:00,4519.32,4519.49,4519.11,4519.36,72
2026-08-20 01:58:00,4519.36,4519.72,4519.36,4519.6,94
2026-08-20 01:59:00,4519.6,4519.61,4516.37,4518.96,323
2026-08-20 02:00:00,4518.93,4520.88,4517.3,4520.38,257
2026-08-20 02:01:00,4520.51,4523.63,4520.45,4523.18,340
2026-08-20 02:02:00,4523.18,4523.62,4517.81,4518.11,304
2026-08-20 02:03:00,4518.1,4520.78,4517.66,4520.68,263
2026-08-20 02:04:00,4520.68,4521.14,4519.45,4521.14,162
2026-08-20 02:05:00,4521.12,4523.0,4521.1,4522.66,128
2026-08-20 02:06:00,4522.66,4523.69,4522.13,4523.48,179
2026-08-20 02:07:00,4523.55,4523.58,4521.89,4523.2,188
2026-08-20 02:08:00,4523.23,4523.24,4521.25,4521.25,173
2026-08-20 02:09:00,4521.25,4522.1,4521.15,4521.78,196
2026-08-20 02:10:00,4521.78,4521.87,4519.75,4520.11,183
2026-08-20 02:11:00,4520.11,4520.64,4519.83,4519.98,140
2026-08-20 02:12:00,4519.98,4520.39,4519.75,4520.29,134
2026-08-20 02:13:00,4520.29,4520.47,4519.76,4520.23,144
2026-08-20 02:14:00,4520.23,4520.35,4519.31,4519.34,121
2026-08-20 02:15:00,4519.34,4519.38,4518.11,4518.25,140
2026-08-20 02:16:00,4518.31,4518.79,4518.27,4518.72,79
2026-08-20 02:17:00,4518.72,4520.24,4518.44,4519.74,145
2026-08-20 02:18:00,4519.74,4519.75,4518.5,4519.51,116
2026-08-20 02:19:00,4519.51,4520.14,4519.07,4519.98,104
2026-08-20 02:20:00,4519.98,4520.01,4519.01,4519.35,144
2026-08-20 02:21:00,4519.35,4520.13,4518.32,4518.69,243
2026-08-20 02:22:00,4518.66,4519.16,4518.18,4518.67,130
2026-08-20 02:23:00,4518.67,4518.84,4515.2,4516.97,214
2026-08-20 02:24:00,4516.97,4519.02,4516.95,4518.94,136
2026-08-20 02:25:00,4519.01,4519.1,4517.54,4517.54,117
2026-08-20 02:26:00,4517.54,4517.75,4516.88,4516.91,109
2026-08-20 02:27:00,4516.91,4518.37,4516.15,4517.88,142
2026-08-20 02:28:00,4517.88,4518.02,4517.45,4517.46,136
2026-08-20 02:29:00,4517.46,4517.7,4517.08,4517.58,99
2026-08-20 02:30:00,4517.58,4518.11,4517.04,4517.59,130
2026-08-20 02:31:00,4517.59,4518.21,4517.13,4517.55,179
2026-08-20 02:32:00,4517.55,4517.55,4516.43,4516.93,130
2026-08-20 02:33:00,4516.93,4517.27,4516.45,4516.78,132
2026-08-20 02:34:00,4516.85,4516.85,4514.46,4514.46,161
2026-08-20 02:35:00,4514.16,4515.55,4514.16,4514.33,160
2026-08-20 02:36:00,4514.33,4516.32,4514.17,4515.96,159
2026-08-20 02:37:00,4515.96,4516.16,4513.86,4514.0,145
2026-08-20 02:38:00,4514.0,4514.81,4514.0,4514.33,110
2026-08-20 02:39:00,4514.33,4514.85,4513.96,4514.01,130
2026-08-20 02:40:00,4514.04,4514.84,4513.81,4514.39,84
2026-08-20 02:41:00,4514.34,4514.54,4513.7,4514.25,81
2026-08-20 02:42:00,4514.25,4514.29,4513.74,4514.24,70
2026-08-20 02:43:00,4514.24,4515.13,4513.7,4515.05,147
2026-08-20 02:44:00,4515.04,4515.42,4514.34,4514.34,138
2026-08-20 02:45:00,4514.34,4517.54,4514.34,4517.36,286
2026-08-20 02:46:00,4517.32,4517.34,4514.67,4514.67,208
2026-08-20 02:47:00,4514.67,4515.69,4514.67,4515.69,82
2026-08-20 02:48:00,4515.69,4515.77,4514.88,4515.52,75
2026-08-20 02:49:00,4515.52,4515.84,4514.19,4514.88,114
2026-08-20 02:50:00,4514.88,4515.12,4514.46,4514.46,91
2026-08-20 02:51:00,4514.46,4514.67,4514.12,4514.46,57
2026-08-20 02:52:00,4514.46,4515.11,4513.63,4513.92,133
2026-08-20 02:53:00,4513.9,4514.02,4512.43,4512.63,188
2026-08-20 02:54:00,4512.76,4513.55,4512.14,4512.99,194
2026-08-20 02:55:00,4512.99,4513.27,4512.17,4512.41,145
2026-08-20 02:56:00,4512.41,4512.6,4511.39,4512.12,222
2026-08-20 02:57:00,4512.12,4512.35,4511.43,4512.35,128
2026-08-20 02:58:00,4512.35,4512.64,4511.78,4512.42,229
2026-08-20 02:59:00,4512.42,4512.57,4511.34,4511.72,174
2026-08-20 03:00:00,4511.72,4514.18,4510.33,4513.79,533
2026-08-20 03:01:00,4513.74,4516.89,4513.49,4515.42,446
2026-08-20 03:02:00,4515.42,4516.15,4513.44,4515.51,406
2026-08-20 03:03:00,4515.5,4518.65,4514.74,4516.28,547
2026-08-20 03:04:00,4516.32,4516.39,4514.65,4514.75,410
2026-08-20 03:05:00,4514.74,4516.91,4514.02,4516.85,547
2026-08-20 03:06:00,4516.87,4517.81,4514.43,4514.97,486
2026-08-20 03:07:00,4515.15,4516.61,4514.03,4516.56,348
2026-08-20 03:08:00,4516.56,4517.74,4515.97,4516.99,323
2026-08-20 03:09:00,4517.01,4518.23,4514.39,4515.03,359
2026-08-20 03:10:00,4515.0,4515.1,4512.6,4514.22,335
2026-08-20 03:11:00,4514.19,4515.15,4513.88,4514.56,292
2026-08-20 03:12:00,4514.57,4515.82,4513.66,4513.66,319
2026-08-20 03:13:00,4513.66,4514.44,4513.01,4513.38,295
2026-08-20 03:14:00,4513.38,4516.35,4513.09,4516.18,440
2026-08-20 03:15:00,4516.17,4516.53,4514.2,4514.87,395
2026-08-20 03:16:00,4514.87,4516.29,4514.34,4516.16,387
2026-08-20 03:17:00,4516.19,4520.65,4515.84,4520.32,409
2026-08-20 03:18:00,4520.32,4521.16,4519.5,4520.12,312
2026-08-20 03:19:00,4520.09,4520.69,4517.78,4517.96,361
2026-08-20 03:20:00,4517.96,4518.13,4515.14,4515.34,340
2026-08-20 03:21:00,4515.25,4515.35,4511.13,4511.29,440
2026-08-20 03:22:00,4511.35,4512.45,4510.19,4510.65,387
2026-08-20 03:23:00,4510.55,4511.21,4510.27,4510.57,353
2026-08-20 03:24:00,4510.56,4511.98,4510.05,4511.89,365
2026-08-20 03:25:00,4511.89,4511.89,4510.59,4511.25,368
2026-08-20 03:26:00,4511.23,4511.83,4510.65,4510.8,296
2026-08-20 03:27:00,4510.8,4512.18,4508.54,4509.08,337
2026-08-20 03:28:00,4509.08,4512.51,4509.08,4511.33,299
2026-08-20 03:29:00,4511.32,4512.62,4510.38,4510.41,260
2026-08-20 03:30:00,4510.41,4511.08,4509.48,4510.46,252
2026-08-20 03:31:00,4511.37,4513.28,4510.95,4512.12,328
2026-08-20 03:32:00,4512.12,4512.93,4510.5,4510.93,334
2026-08-20 03:33:00,4511.1,4511.45,4510.7,4510.9,269
2026-08-20 03:34:00,4510.84,4512.05,4510.55,4511.5,189
2026-08-20 03:35:00,4511.5,4511.67,4508.84,4509.18,290
2026-08-20 03:36:00,4509.18,4511.34,4509.18,4511.34,203
2026-08-20 03:37:00,4511.28,4511.57,4510.58,4511.44,144
2026-08-20 03:38:00,4511.44,4511.54,4509.56,4509.92,203
2026-08-20 03:39:00,4509.92,4510.07,4508.81,4509.25,185
2026-08-20 03:40:00,4509.3,4509.44,4508.0,4508.25,152
2026-08-20 03:41:00,4508.26,4508.98,4505.6,4505.61,285
2026-08-20 03:42:00,4505.61,4507.13,4504.21,4504.78,361
2026-08-20 03:43:00,4504.78,4504.85,4503.93,4504.17,283
2026-08-20 03:44:00,4504.2,4507.33,4504.02,4506.14,289
2026-08-20 03:45:00,4506.0,4507.37,4504.64,4507.23,396
2026-08-20 03:46:00,4507.23,4507.74,4505.37,4506.2,267
2026-08-20 03:47:00,4506.1,4507.36,4505.11,4506.77,313
2026-08-20 03:48:00,4506.78,4507.22,4505.85,4506.64,300
2026-08-20 03:49:00,4506.65,4508.01,4506.47,4507.61,301
2026-08-20 03:50:00,4507.61,4510.15,4507.39,4508.2,264
2026-08-20 03:51:00,4508.31,4508.65,4505.02,4505.92,277
2026-08-20 03:52:00,4505.89,4507.15,4505.41,4507.05,342
2026-08-20 03:53:00,4506.96,4507.66,4506.24,4507.66,246
2026-08-20 03:54:00,4507.66,4507.66,4504.8,4506.17,387
2026-08-20 03:55:00,4506.19,4506.92,4505.28,4505.78,261
2026-08-20 03:56:00,4505.78,4506.57,4504.88,4506.09,299
2026-08-20 03:57:00,4506.09,4508.19,4506.06,4508.08,223
2026-08-20 03:58:00,4508.07,4510.41,4507.76,4509.56,380
2026-08-20 03:59:00,4509.56,4509.56,4504.01,4504.7,398
2026-08-20 04:00:00,4504.7,4510.1,4504.22,4507.0,907
2026-08-20 04:01:00,4506.99,4508.01,4500.05,4500.38,621
2026-08-20 04:02:00,4500.38,4501.77,4495.92,4495.94,613
2026-08-20 04:03:00,4495.73,4496.71,4493.66,4494.26,610
2026-08-20 04:04:00,4494.26,4494.37,4492.65,4493.14,614
2026-08-20 04:05:00,4493.14,4495.51,4492.62,4494.28,580
2026-08-20 04:06:00,4494.28,4495.11,4491.62,4491.75,511
2026-08-20 04:07:00,4491.75,4496.0,4491.75,4495.16,554
2026-08-20 04:08:00,4495.18,4499.63,4495.18,4497.19,629
2026-08-20 04:09:00,4497.2,4499.12,4496.73,4498.52,516
2026-08-20 04:10:00,4498.4,4498.4,4494.02,4494.29,609
2026-08-20 04:11:00,4494.26,4495.37,4492.93,4493.17,591
2026-08-20 04:12:00,4493.06,4495.59,4492.98,4495.18,464
2026-08-20 04:13:00,4495.08,4495.55,4492.21,4492.65,489
2026-08-20 04:14:00,4492.65,4493.99,4492.65,4493.29,431
2026-08-20 04:15:00,4493.29,4499.47,4493.16,4496.1,663
2026-08-20 04:16:00,4496.14,4496.67,4493.22,4493.58,473
2026-08-20 04:17:00,4493.6,4496.95,4493.54,4495.89,398
2026-08-20 04:18:00,4496.12,4498.02,4495.76,4496.27,402
2026-08-20 04:19:00,4496.28,4499.47,4495.42,4498.81,484
2026-08-20 04:20:00,4498.77,4502.19,4498.68,4501.42,492
2026-08-20 04:21:00,4501.42,4503.46,4501.13,4501.71,532
2026-08-20 04:22:00,4501.59,4502.88,4500.75,4501.43,450
2026-08-20 04:23:00,4501.4,4502.27,4501.16,4501.23,382
2026-08-20 04:24:00,4501.23,4502.55,4500.73,4502.4,450
2026-08-20 04:25:00,4502.42,4502.43,4499.18,4499.18,402
2026-08-20 04:26:00,4499.18,4499.82,4497.69,4498.29,388
2026-08-20 04:27:00,4498.29,4500.12,4497.91,4499.8,364
2026-08-20 04:28:00,4499.8,4503.2,4499.14,4500.58,443
2026-08-20 04:29:00,4500.58,4501.89,4499.7,4500.49,326
2026-08-20 04:30:00,4500.48,4500.95,4495.53,4500.95,709
2026-08-20 04:31:00,4500.97,4501.16,4497.27,4498.26,542
2026-08-20 04:32:00,4498.19,4499.22,4496.3,4498.94,498
2026-08-20 04:33:00,4498.94,4499.82,4497.04,4499.67,502
2026-08-20 04:34:00,4499.75,4501.13,4497.45,4498.61,639
2026-08-20 04:35:00,4498.6,4500.0,4498.05,4498.52,539
2026-08-20 04:36:00,4498.52,4499.01,4496.14,4497.44,554
2026-08-20 04:37:00,4497.36,4498.02,4496.2,4496.87,472
2026-08-20 04:38:00,4496.84,4498.26,4495.92,4497.97,509
2026-08-20 04:39:00,4497.97,4497.97,4493.63,4495.57,519
2026-08-20 04:40:00,4495.59,4498.46,4495.15,4498.41,464
2026-08-20 04:41:00,4498.32,4499.49,4495.23,4495.99,543
2026-08-20 04:42:00,4496.02,4496.03,4493.49,4494.66,409
2026-08-20 04:43:00,4494.68,4496.15,4494.27,4495.65,337
2026-08-20 04:44:00,4495.65,4496.19,4493.75,4493.89,352
2026-08-20 04:45:00,4493.89,4495.19,4492.8,4492.82,339
2026-08-20 04:46:00,4492.88,4495.55,4492.81,4494.02,335
2026-08-20 04:47:00,4494.02,4494.46,4492.5,4492.52,355
2026-08-20 04:48:00,4492.53,4493.28,4492.37,4492.56,264
2026-08-20 04:49:00,4492.63,4493.3,4489.06,4489.76,398
2026-08-20 04:50:00,4489.76,4490.55,4489.45,4490.35,362
2026-08-20 04:51:00,4490.38,4490.38,4488.59,4488.94,360
2026-08-20 04:52:00,4488.94,4489.55,4488.57,4489.01,293
2026-08-20 04:53:00,4489.02,4489.03,4485.4,4486.02,418
2026-08-20 04:54:00,4486.03,4486.05,4484.44,4485.11,434
2026-08-20 04:55:00,4485.19,4487.31,4484.68,4486.76,342
2026-08-20 04:56:00,4486.8,4487.65,4485.9,4487.34,327
2026-08-20 04:57:00,4487.36,4487.77,4485.55,4486.37,416
2026-08-20 04:58:00,4486.41,4488.45,4485.68,4487.87,419
2026-08-20 04:59:00,4487.87,4490.83,4487.22,4489.84,374
2026-08-20 05:00:00,4489.84,4491.28,4488.65,4490.54,493
2026-08-20 05:01:00,4490.53,4493.58,4490.44,4493.16,387
2026-08-20 05:02:00,4493.13,4495.84,4492.93,4494.87,452
2026-08-20 05:03:00,4494.87,4498.68,4493.91,4496.94,526
2026-08-20 05:04:00,4497.02,4498.0,4495.97,4497.72,438
2026-08-20 05:05:00,4497.8,4499.03,4497.37,4497.84,418
2026-08-20 05:06:00,4497.84,4498.69,4495.91,4495.91,407
2026-08-20 05:07:00,4495.92,4497.57,4494.76,4495.17,386
2026-08-20 05:08:00,4495.17,4496.47,4494.16,4494.77,352
2026-08-20 05:09:00,4494.78,4497.24,4494.7,4495.68,361
2026-08-20 05:10:00,4495.68,4497.69,4495.51,4497.69,305
2026-08-20 05:11:00,4497.69,4498.71,4497.63,4497.71,379
2026-08-20 05:12:00,4497.7,4499.1,4497.31,4498.77,325
2026-08-20 05:13:00,4498.78,4499.78,4498.16,4498.27,306
2026-08-20 05:14:00,4498.27,4498.33,4497.07,4497.75,315
2026-08-20 05:15:00,4497.77,4497.8,4495.28,4496.16,239
2026-08-20 05:16:00,4496.13,4496.59,4495.14,4495.71,215
2026-08-20 05:17:00,4495.76,4496.59,4495.76,4496.14,205
2026-08-20 05:18:00,4496.14,4496.21,4491.29,4491.29,237
2026-08-20 05:19:00,4490.83,4492.17,4489.42,4491.49,247
2026-08-20 05:20:00,4491.49,4491.63,4489.6,4489.74,212
2026-08-20 05:21:00,4489.42,4490.63,4489.42,4490.57,284
2026-08-20 05:22:00,4490.67,4491.85,4490.31,4491.61,241
2026-08-20 05:23:00,4491.61,4493.34,4491.45,4492.87,263
2026-08-20 05:24:00,4492.87,4494.3,4492.64,4493.93,210
2026-08-20 05:25:00,4493.93,4494.94,4492.34,4492.34,250
2026-08-20 05:26:00,4492.42,4493.46,4491.9,4492.32,246
2026-08-20 05:27:00,4492.32,4492.52,4491.76,4491.76,212
2026-08-20 05:28:00,4491.76,4493.41,4491.29,4493.36,199
2026-08-20 05:29:00,4493.32,4493.32,4492.23,4492.93,166
2026-08-20 05:30:00,4492.91,4493.92,4490.82,4492.5,522
2026-08-20 05:31:00,4492.5,4494.7,4492.23,4494.18,296
2026-08-20 05:32:00,4494.18,4494.18,4492.18,4493.87,288
2026-08-20 05:33:00,4493.87,4493.88,4492.41,4492.76,304
2026-08-20 05:34:00,4492.76,4493.52,4491.54,4491.83,294
2026-08-20 05:35:00,4491.83,4492.53,4490.51,4491.47,331
2026-08-20 05:36:00,4491.5,4492.1,4490.47,4490.47,301
2026-08-20 05:37:00,4490.49,4493.27,4490.2,4492.99,333
2026-08-20 05:38:00,4493.0,4493.84,4491.62,4492.32,327
2026-08-20 05:39:00,4492.32,4492.63,4491.48,4492.62,279
2026-08-20 05:40:00,4492.6,4492.6,4490.53,4491.36,300
2026-08-20 05:41:00,4491.36,4493.86,4490.99,4493.77,301
2026-08-20 05:42:00,4493.76,4493.86,4490.59,4490.62,360
2026-08-20 05:43:00,4490.62,4492.32,4490.3,4491.99,236
2026-08-20 05:44:00,4491.99,4491.99,4490.44,4490.6,226
2026-08-20 05:45:00,4490.6,4492.07,4490.4,4491.18,281
2026-08-20 05:46:00,4491.15,4491.84,4490.56,4491.56,219
2026-08-20 05:47:00,4491.56,4491.85,4490.97,4491.34,175
2026-08-20 05:48:00,4491.34,4491.84,4490.52,4490.79,160
2026-08-20 05:49:00,4490.79,4490.79,4488.97,4489.22,298
2026-08-20 05:50:00,4489.22,4493.52,4489.02,4493.52,305
2026-08-20 05:51:00,4493.52,4493.52,4490.7,4490.94,244
2026-08-20 05:52:00,4490.94,4492.43,4490.75,4491.4,238
2026-08-20 05:53:00,4491.4,4491.98,4490.86,4491.61,217
2026-08-20 05:54:00,4491.61,4494.56,4491.61,4493.42,332
2026-08-20 05:55:00,4493.41,4493.45,4492.07,4492.59,306
2026-08-20 05:56:00,4492.53,4492.88,4491.15,4491.35,247
2026-08-20 05:57:00,4491.38,4492.62,4490.95,4491.41,274
2026-08-20 05:58:00,4491.41,4492.22,4491.36,4492.09,247
2026-08-20 05:59:00,4492.08,4492.09,4490.6,4490.83,207
2026-08-20 06:00:00,4490.83,4492.36,4490.81,4492.36,240
2026-08-20 06:01:00,4492.36,4495.28,4492.36,4495.01,394
2026-08-20 06:02:00,4495.02,4496.26,4495.02,4495.1,272
2026-08-20 06:03:00,4495.08,4495.56,4494.13,4494.88,298
2026-08-20 06:04:00,4494.89,4496.02,4494.76,4495.97,217
2026-08-20 06:05:00,4495.97,4496.92,4495.32,4496.79,275
2026-08-20 06:06:00,4496.79,4497.09,4495.82,4497.08,257
2026-08-20 06:07:00,4497.08,4497.1,4495.99,4496.03,223
2026-08-20 06:08:00,4496.03,4496.52,4494.15,4494.84,258
2026-08-20 06:09:00,4494.84,4494.84,4491.47,4492.13,347
2026-08-20 06:10:00,4492.11,4492.11,4488.99,4489.05,329
2026-08-20 06:11:00,4489.03,4489.65,4488.01,4489.47,310
2026-08-20 06:12:00,4489.43,4492.07,4489.03,4492.07,328
2026-08-20 06:13:00,4492.06,4492.57,4491.27,4492.3,365
2026-08-20 06:14:00,4492.3,4492.86,4491.75,4492.82,285
2026-08-20 06:15:00,4492.82,4492.82,4490.59,4491.6,275
2026-08-20 06:16:00,4491.6,4492.63,4491.42,4492.24,253
2026-08-20 06:17:00,4492.24,4493.07,4491.61,4491.68,212
2026-08-20 06:18:00,4491.65,4491.96,4490.39,4491.22,266
2026-08-20 06:19:00,4491.22,4493.66,4491.03,4492.94,298
2026-08-20 06:20:00,4492.94,4493.92,4491.37,4492.7,268
2026-08-20 06:21:00,4492.7,4494.11,4492.55,4492.63,298
2026-08-20 06:22:00,4492.64,4494.42,4492.36,4493.95,308
2026-08-20 06:23:00,4493.95,4495.98,4493.93,4494.63,340
2026-08-20 06:24:00,4494.6,4495.6,4494.55,4495.11,218
2026-08-20 06:25:00,4495.11,4495.36,4493.98,4494.34,178
2026-08-20 06:26:00,4494.38,4496.49,4494.35,4494.59,303
2026-08-20 06:27:00,4494.58,4494.87,4493.49,4494.56,266
2026-08-20 06:28:00,4494.5,4494.52,4493.41,4494.47,181
2026-08-20 06:29:00,4494.47,4494.47,4493.08,4493.45,318
2026-08-20 06:30:00,4493.44,4494.54,4492.55,4493.12,273
2026-08-20 06:31:00,4493.15,4496.32,4492.28,4496.32,275
2026-08-20 06:32:00,4496.35,4496.57,4495.32,4495.37,206
2026-08-20 06:33:00,4495.37,4496.21,4495.22,4496.11,201
2026-08-20 06:34:00,4496.11,4498.43,4495.95,4498.06,197
2026-08-20 06:35:00,4498.06,4498.06,4495.88,4496.19,315
2026-08-20 06:36:00,4496.19,4496.38,4495.41,4496.24,153
2026-08-20 06:37:00,4496.24,4496.36,4495.5,4495.59,126
2026-08-20 06:38:00,4495.59,4496.67,4494.79,4496.34,183
2026-08-20 06:39:00,4496.34,4497.87,4496.22,4497.55,207
2026-08-20 06:40:00,4497.55,4498.59,4497.19,4498.29,145
2026-08-20 06:41:00,4498.29,4498.35,4496.14,4496.93,225
2026-08-20 06:42:00,4496.93,4497.16,4496.4,4496.46,110
2026-08-20 06:43:00,4496.46,4497.37,4496.07,4497.25,149
2026-08-20 06:44:00,4497.25,4498.81,4497.25,4497.85,248
2026-08-20 06:45:00,4497.74,4498.4,4497.02,4497.92,210
2026-08-20 06:46:00,4497.92,4498.33,4497.01,4497.7,235
2026-08-20 06:47:00,4497.7,4498.2,4497.44,4497.47,202
2026-08-20 06:48:00,4497.48,4497.75,4496.95,4497.43,170
2026-08-20 06:49:00,4497.43,4498.46,4497.4,4498.41,139
2026-08-20 06:50:00,4498.38,4498.38,4496.69,4497.14,199
2026-08-20 06:51:00,4497.14,4498.86,4497.09,4498.72,209
2026-08-20 06:52:00,4498.72,4499.56,4498.31,4499.53,307
2026-08-20 06:53:00,4499.55,4500.33,4499.05,4499.32,291
2026-08-20 06:54:00,4499.35,4500.06,4499.26,4499.95,160
2026-08-20 06:55:00,4499.95,4501.14,4499.9,4500.48,288
2026-08-20 06:56:00,4500.48,4500.48,4499.9,4499.98,171
2026-08-20 06:57:00,4499.97,4500.24,4499.35,4500.12,148
2026-08-20 06:58:00,4500.12,4500.17,4498.02,4498.08,175
2026-08-20 06:59:00,4498.06,4499.21,4498.06,4498.89,140
2026-08-20 07:00:00,4498.89,4499.31,4498.46,4498.6,212
2026-08-20 07:01:00,4498.79,4499.21,4497.7,4497.83,206
2026-08-20 07:02:00,4497.83,4498.55,4497.32,4498.52,136
2026-08-20 07:03:00,4498.52,4498.55,4495.82,4496.08,191
2026-08-20 07:04:00,4496.08,4497.14,4494.89,4495.88,241
2026-08-20 07:05:00,4495.84,4496.72,4495.64,4496.42,207
2026-08-20 07:06:00,4496.42,4497.06,4495.84,4496.86,242
2026-08-20 07:07:00,4496.86,4497.48,4496.52,4497.31,193
2026-08-20 07:08:00,4497.32,4497.76,4497.12,4497.7,152
2026-08-20 07:09:00,4497.7,4497.7,4496.51,4496.88,181
2026-08-20 07:10:00,4496.88,4497.47,4496.53,4497.32,234
2026-08-20 07:11:00,4497.31,4497.44,4496.91,4496.91,185
2026-08-20 07:12:00,4496.91,4497.41,4496.67,4497.38,184
2026-08-20 07:13:00,4497.38,4497.53,4497.0,4497.15,122
2026-08-20 07:14:00,4497.15,4497.28,4496.02,4496.44,138
2026-08-20 07:15:00,4496.44,4496.72,4495.36,4495.79,133
2026-08-20 07:16:00,4495.79,4496.5,4495.11,4496.46,190
2026-08-20 07:17:00,4496.46,4497.38,4496.32,4496.77,191
2026-08-20 07:18:00,4496.77,4496.91,4495.64,4495.64,147
2026-08-20 07:19:00,4495.64,4496.84,4495.58,4496.7,127
2026-08-20 07:20:00,4496.69,4497.1,4495.22,4495.67,146
2026-08-20 07:21:00,4495.67,4495.73,4494.33,4495.46,189
2026-08-20 07:22:00,4495.46,4496.82,4495.36,4496.38,212
2026-08-20 07:23:00,4496.38,4496.63,4494.92,4494.92,229
2026-08-20 07:24:00,4494.92,4495.54,4494.92,4495.46,123
2026-08-20 07:25:00,4495.46,4495.46,4494.87,4495.22,118
2026-08-20 07:26:00,4495.22,4495.37,4494.41,4494.8,132
2026-08-20 07:27:00,4494.8,4495.12,4494.62,4494.85,133
2026-08-20 07:28:00,4494.85,4494.94,4492.31,4492.59,282
2026-08-20 07:29:00,4492.6,4492.72,4489.69,4489.9,330
2026-08-20 07:30:00,4489.9,4490.56,4489.53,4489.72,225
2026-08-20 07:31:00,4489.72,4490.94,4489.56,4489.67,162
2026-08-20 07:32:00,4489.67,4489.67,4488.2,4488.54,167
2026-08-20 07:33:00,4488.54,4488.66,4486.76,4487.93,288
2026-08-20 07:34:00,4487.93,4489.08,4487.56,4488.35,225
2026-08-20 07:35:00,4488.35,4488.78,4487.71,4488.19,207
2026-08-20 07:36:00,4488.22,4488.34,4486.63,4487.92,226
2026-08-20 07:37:00,4487.92,4488.23,4486.96,4487.27,228
2026-08-20 07:38:00,4487.25,4487.35,4486.31,4486.76,196
2026-08-20 07:39:00,4486.78,4487.21,4486.49,4487.02,163
2026-08-20 07:40:00,4487.09,4488.8,4486.78,4488.62,237
2026-08-20 07:41:00,4488.62,4488.65,4487.56,4488.06,173
2026-08-20 07:42:00,4488.05,4488.23,4487.62,4487.69,99
2026-08-20 07:43:00,4487.69,4487.82,4487.53,4487.81,85
2026-08-20 07:44:00,4487.81,4487.83,4486.77,4487.18,104
2026-08-20 07:45:00,4487.18,4488.57,4487.02,4488.32,112
2026-08-20 07:46:00,4488.32,4488.85,4487.87,4488.55,175
2026-08-20 07:47:00,4488.59,4489.01,4488.36,4489.01,111
2026-08-20 07:48:00,4489.01,4489.58,4488.56,4489.31,123
2026-08-20 07:49:00,4489.31,4490.6,4489.27,4490.36,146
2026-08-20 07:50:00,4490.36,4490.49,4489.53,4490.05,128
2026-08-20 07:51:00,4490.05,4490.24,4489.63,4489.7,120
2026-08-20 07:52:00,4489.66,4491.46,4489.62,4490.77,183
2026-08-20 07:53:00,4490.77,4491.21,4490.6,4490.69,149
2026-08-20 07:54:00,4490.69,4490.85,4489.81,4489.83,236
2026-08-20 07:55:00,4489.82,4490.5,4488.97,4489.99,213
2026-08-20 07:56:00,4489.99,4491.44,4489.4,4489.97,211
2026-08-20 07:57:00,4489.97,4490.23,4488.82,4488.84,127
2026-08-20 07:58:00,4488.85,4489.59,4488.38,4489.05,159
2026-08-20 07:59:00,4489.05,4489.05,4488.06,4488.49,153
2026-08-20 08:00:00,4488.49,4489.55,4488.23,4489.02,236
2026-08-20 08:01:00,4488.96,4489.47,4488.17,4489.43,189
2026-08-20 08:02:00,4489.43,4490.24,4489.37,4489.94,155
2026-08-20 08:03:00,4489.94,4491.78,4489.81,4491.29,178
2026-08-20 08:04:00,4491.29,4491.8,4491.29,4491.72,135
2026-08-20 08:05:00,4491.72,4492.8,4491.54,4492.54,181
2026-08-20 08:06:00,4492.54,4493.31,4491.84,4492.12,184
2026-08-20 08:07:00,4492.12,4494.05,4491.94,4491.99,216
2026-08-20 08:08:00,4491.99,4492.37,4491.6,4491.94,126
2026-08-20 08:09:00,4491.94,4492.0,4491.0,4491.03,110
2026-08-20 08:10:00,4491.03,4491.79,4490.6,4491.18,185
2026-08-20 08:11:00,4491.17,4491.48,4490.07,4490.19,171
2026-08-20 08:12:00,4490.19,4490.48,4488.67,4488.95,243
2026-08-20 08:13:00,4488.95,4489.22,4486.89,4486.89,260
2026-08-20 08:14:00,4486.82,4486.89,4484.24,4485.55,392
2026-08-20 08:15:00,4485.55,4486.33,4484.68,4486.01,204
2026-08-20 08:16:00,4486.01,4486.51,4485.28,4485.72,231
2026-08-20 08:17:00,4485.72,4486.81,4484.89,4486.39,228
2026-08-20 08:18:00,4486.37,4486.64,4484.86,4485.62,233
2026-08-20 08:19:00,4485.62,4485.67,4484.29,4484.59,184
2026-08-20 08:20:00,4484.59,4485.81,4484.55,4484.66,187
2026-08-20 08:21:00,4484.5,4486.47,4484.46,4486.16,158
2026-08-20 08:22:00,4486.16,4486.16,4484.62,4485.17,111
2026-08-20 08:23:00,4485.17,4486.66,4484.12,4486.66,275
2026-08-20 08:24:00,4486.67,4487.07,4486.36,4486.46,128
2026-08-20 08:25:00,4486.46,4486.48,4485.04,4485.18,148
2026-08-20 08:26:00,4485.18,4485.79,4485.08,4485.15,150
2026-08-20 08:27:00,4485.15,4485.77,4484.34,4484.62,224
2026-08-20 08:28:00,4484.62,4485.15,4482.95,4484.9,239
2026-08-20 08:29:00,4484.92,4485.27,4483.22,4483.28,240
2026-08-20 08:30:00,4483.3,4486.01,4481.49,4484.03,528
2026-08-20 08:31:00,4484.11,4484.71,4482.76,4483.89,391
2026-08-20 08:32:00,4483.86,4484.13,4481.81,4482.63,348
2026-08-20 08:33:00,4482.63,4483.26,4481.73,4481.73,341
2026-08-20 08:34:00,4481.75,4481.96,4479.64,4480.46,371
2026-08-20 08:35:00,4480.46,4481.56,4479.87,4480.63,364
2026-08-20 08:36:00,4480.63,4481.7,4479.84,4481.48,255
2026-08-20 08:37:00,4481.47,4481.59,4479.29,4479.29,321
2026-08-20 08:38:00,4479.29,4479.74,4478.03,4479.5,303
2026-08-20 08:39:00,4479.48,4480.56,4478.34,4480.53,315
2026-08-20 08:40:00,4480.53,4480.82,4479.18,4480.82,265
2026-08-20 08:41:00,4480.84,4480.97,4479.6,4480.38,302
2026-08-20 08:42:00,4480.38,4481.88,4480.38,4481.3,303
2026-08-20 08:43:00,4481.3,4482.3,4480.58,4481.33,333
2026-08-20 08:44:00,4481.31,4481.66,4480.09,4480.8,291
2026-08-20 08:45:00,4480.83,4480.91,4479.24,4479.64,264
2026-08-20 08:46:00,4479.62,4480.06,4479.42,4479.49,238
2026-08-20 08:47:00,4479.49,4481.54,4479.48,4481.18,235
2026-08-20 08:48:00,4481.18,4481.45,4480.49,4480.88,233
2026-08-20 08:49:00,4480.89,4481.49,4480.44,4481.29,183
2026-08-20 08:50:00,4481.29,4481.8,4480.79,4481.22,254
2026-08-20 08:51:00,4481.06,4481.35,4480.0,4480.05,231
2026-08-20 08:52:00,4480.13,4481.1,4479.0,4480.37,310
2026-08-20 08:53:00,4480.36,4480.77,4478.56,4478.88,298
2026-08-20 08:54:00,4478.97,4479.62,4478.61,4478.63,289
2026-08-20 08:55:00,4478.63,4479.38,4477.91,4479.38,270
2026-08-20 08:56:00,4479.38,4480.58,4478.93,4479.03,189
2026-08-20 08:57:00,4479.03,4481.0,4478.87,4480.77,261
2026-08-20 08:58:00,4480.77,4482.06,4480.25,4482.04,260
2026-08-20 08:59:00,4482.02,4483.31,4481.32,4481.39,284
2026-08-20 09:00:00,4481.36,4482.6,4480.07,4480.16,317
2026-08-20 09:01:00,4480.14,4482.51,4480.04,4481.39,262
2026-08-20 09:02:00,4481.39,4484.8,4481.39,4484.42,352
2026-08-20 09:03:00,4484.42,4484.79,4484.24,4484.31,292
2026-08-20 09:04:00,4484.31,4488.86,4483.68,4488.73,341
2026-08-20 09:05:00,4488.69,4490.13,4488.44,4489.95,314
2026-08-20 09:06:00,4489.95,4490.84,4489.66,4489.66,216
2026-08-20 09:07:00,4489.66,4490.28,4487.85,4490.28,296
2026-08-20 09:08:00,4490.28,4490.52,4489.56,4489.86,259
2026-08-20 09:09:00,4489.86,4491.45,4489.78,4490.16,242
2026-08-20 09:10:00,4490.13,4492.0,4489.82,4491.95,291
2026-08-20 09:11:00,4491.96,4492.96,4491.12,4491.13,318
2026-08-20 09:12:00,4491.13,4491.38,4490.26,4491.25,309
2026-08-20 09:13:00,4491.13,4493.09,4490.74,4492.96,285
2026-08-20 09:14:00,4492.96,4493.45,4492.73,4492.79,195
2026-08-20 09:15:00,4492.82,4494.55,4492.04,4493.88,328
2026-08-20 09:16:00,4493.88,4494.62,4493.39,4494.47,255
2026-08-20 09:17:00,4494.47,4495.92,4494.36,4495.75,301
2026-08-20 09:18:00,4495.75,4495.75,4492.04,4493.66,377
2026-08-20 09:19:00,4493.66,4494.5,4491.8,4493.62,277
2026-08-20 09:20:00,4493.62,4494.43,4492.89,4493.55,244
2026-08-20 09:21:00,4493.62,4494.11,4493.0,4493.1,231
2026-08-20 09:22:00,4493.1,4493.91,4492.3,4492.82,195
2026-08-20 09:23:00,4492.84,4493.09,4492.23,4492.96,154
2026-08-20 09:24:00,4492.91,4493.42,4492.4,4493.3,172
2026-08-20 09:25:00,4493.28,4494.47,4493.1,4493.1,280
2026-08-20 09:26:00,4493.1,4494.22,4493.09,4493.85,173
2026-08-20 09:27:00,4493.87,4494.11,4493.32,4493.61,195
2026-08-20 09:28:00,4493.61,4495.42,4493.48,4494.92,199
2026-08-20 09:29:00,4494.97,4495.06,4493.67,4494.08,199
2026-08-20 09:30:00,4494.08,4494.44,4492.22,4494.29,284
2026-08-20 09:31:00,4494.22,4495.06,4493.47,4494.53,180
2026-08-20 09:32:00,4494.53,4495.12,4493.86,4494.11,201
2026-08-20 09:33:00,4494.11,4494.51,4492.94,4493.44,235
2026-08-20 09:34:00,4493.44,4495.22,4493.44,4495.08,175
2026-08-20 09:35:00,4495.08,4495.49,4494.19,4494.89,265
2026-08-20 09:36:00,4494.89,4495.08,4494.36,4494.75,193
2026-08-20 09:37:00,4494.73,4495.33,4494.49,4494.51,263
2026-08-20 09:38:00,4494.59,4494.6,4493.83,4494.35,181
2026-08-20 09:39:00,4494.35,4494.35,4493.3,4493.71,145
2026-08-20 09:40:00,4493.71,4494.33,4492.81,4493.39,191
2026-08-20 09:41:00,4493.39,4493.94,4493.14,4493.47,218
2026-08-20 09:42:00,4493.47,4493.74,4492.72,4492.91,138
2026-08-20 09:43:00,4492.91,4493.61,4492.61,4492.95,214
2026-08-20 09:44:00,4492.95,4493.07,4491.93,4492.54,191
2026-08-20 09:45:00,4492.56,4495.33,4492.56,4494.96,321
2026-08-20 09:46:00,4494.97,4495.2,4494.44,4494.98,175
2026-08-20 09:47:00,4494.98,4495.3,4494.16,4494.16,231
2026-08-20 09:48:00,4494.15,4494.37,4493.57,4494.37,199
2026-08-20 09:49:00,4494.37,4494.46,4492.71,4493.21,258
2026-08-20 09:50:00,4493.21,4493.29,4491.31,4492.46,273
2026-08-20 09:51:00,4492.47,4493.13,4491.77,4492.24,269
2026-08-20 09:52:00,4492.24,4493.34,4492.24,4492.69,207
2026-08-20 09:53:00,4492.69,4493.34,4492.11,4492.22,155
2026-08-20 09:54:00,4492.22,4493.0,4491.64,4492.03,239
2026-08-20 09:55:00,4492.03,4492.42,4491.26,4491.81,211
2026-08-20 09:56:00,4491.81,4492.6,4491.4,4492.05,173
2026-08-20 09:57:00,4492.05,4493.58,4491.64,4493.32,227
2026-08-20 09:58:00,4493.32,4494.18,4492.87,4494.0,222
2026-08-20 09:59:00,4493.98,4494.32,4493.55,4493.86,342
2026-08-20 10:00:00,4493.87,4493.87,4491.88,4492.62,343
2026-08-20 10:01:00,4492.68,4493.34,4491.72,4492.19,301
2026-08-20 10:02:00,4492.19,4492.29,4488.2,4488.8,373
2026-08-20 10:03:00,4488.78,4489.19,4488.43,4488.91,198
2026-08-20 10:04:00,4488.9,4489.03,4487.65,4488.78,207
2026-08-20 10:05:00,4488.79,4488.79,4487.6,4487.85,256
2026-08-20 10:06:00,4487.85,4489.21,4487.55,4489.08,224
2026-08-20 10:07:00,4488.71,4489.08,4487.7,4488.27,246
2026-08-20 10:08:00,4488.27,4490.26,4488.26,4490.0,234
2026-08-20 10:09:00,4490.01,4490.78,4489.11,4489.18,234
2026-08-20 10:10:00,4489.18,4490.28,4489.14,4489.94,200
2026-08-20 10:11:00,4489.94,4490.33,4489.35,4489.82,227
2026-08-20 10:12:00,4489.82,4490.29,4489.22,4489.59,260
2026-08-20 10:13:00,4489.59,4489.63,4488.45,4488.56,216
2026-08-20 10:14:00,4488.56,4488.66,4487.24,4487.91,195
2026-08-20 10:15:00,4487.91,4490.5,4487.8,4489.06,245
2026-08-20 10:16:00,4489.06,4489.26,4487.56,4488.38,279
2026-08-20 10:17:00,4488.38,4488.38,4487.66,4488.18,146
2026-08-20 10:18:00,4488.18,4488.18,4487.24,4487.28,149
2026-08-20 10:19:00,4487.36,4488.08,4486.94,4487.06,176
2026-08-20 10:20:00,4487.06,4487.42,4486.54,4486.91,208
2026-08-20 10:21:00,4486.91,4488.12,4486.89,4487.1,220
2026-08-20 10:22:00,4487.11,4487.87,4487.06,4487.33,153
2026-08-20 10:23:00,4487.33,4487.5,4485.91,4486.51,234
2026-08-20 10:24:00,4486.51,4487.26,4485.58,4485.67,163
2026-08-20 10:25:00,4485.67,4485.97,4485.01,4485.38,185
2026-08-20 10:26:00,4485.38,4486.33,4485.06,4485.06,195
2026-08-20 10:27:00,4485.09,4485.43,4484.05,4484.77,202
2026-08-20 10:28:00,4484.77,4484.98,4483.6,4483.83,200
2026-08-20 10:29:00,4483.85,4484.76,4483.72,4484.09,234
2026-08-20 10:30:00,4484.09,4484.85,4483.51,4484.79,269
2026-08-20 10:31:00,4484.91,4486.21,4484.42,4486.15,298
2026-08-20 10:32:00,4486.14,4486.21,4484.29,4484.92,306
2026-08-20 10:33:00,4484.92,4487.17,4484.54,4487.0,293
2026-08-20 10:34:00,4487.01,4489.84,4486.43,4489.84,310
2026-08-20 10:35:00,4489.83,4491.18,4489.41,4490.22,321
2026-08-20 10:36:00,4490.2,4491.22,4489.97,4490.64,244
2026-08-20 10:37:00,4490.64,4490.89,4489.65,4490.0,255
2026-08-20 10:38:00,4489.99,4491.25,4489.56,4490.64,196
2026-08-20 10:39:00,4490.64,4490.8,4489.04,4490.14,250
2026-08-20 10:40:00,4490.14,4491.99,4489.8,4491.98,274
2026-08-20 10:41:00,4491.96,4493.26,4490.95,4492.44,324
2026-08-20 10:42:00,4492.51,4493.39,4491.34,4491.62,281
2026-08-20 10:43:00,4491.62,4492.18,4489.76,4489.93,298
2026-08-20 10:44:00,4489.91,4491.3,4489.33,4491.27,242
2026-08-20 10:45:00,4491.28,4492.59,4490.02,4492.38,220
2026-08-20 10:46:00,4492.38,4492.63,4491.87,4492.61,200
2026-08-20 10:47:00,4492.61,4494.13,4490.81,4490.84,280
2026-08-20 10:48:00,4490.84,4490.95,4489.45,4489.66,162
2026-08-20 10:49:00,4489.64,4490.55,4489.26,4489.36,202
2026-08-20 10:50:00,4489.36,4489.55,4488.55,4489.24,177
2026-08-20 10:51:00,4489.24,4490.63,4488.38,4490.6,180
2026-08-20 10:52:00,4490.6,4490.64,4488.86,4489.71,222
2026-08-20 10:53:00,4489.71,4489.94,4488.83,4489.66,166
2026-08-20 10:54:00,4489.66,4491.08,4489.53,4491.0,148
2026-08-20 10:55:00,4491.0,4491.85,4490.83,4491.57,274
2026-08-20 10:56:00,4491.57,4492.42,4490.33,4492.08,305
2026-08-20 10:57:00,4492.07,4492.07,4490.21,4490.46,236
2026-08-20 10:58:00,4490.46,4490.79,4489.47,4489.54,195
2026-08-20 10:59:00,4489.54,4491.27,4489.33,4490.96,244
2026-08-20 11:00:00,4490.93,4491.57,4490.71,4491.43,382
2026-08-20 11:01:00,4491.43,4493.76,4491.39,4492.84,437
2026-08-20 11:02:00,4492.85,4493.47,4490.55,4491.32,394
2026-08-20 11:03:00,4491.34,4494.97,4491.34,4493.85,405
2026-08-20 11:04:00,4493.86,4493.87,4491.82,4492.55,234
2026-08-20 11:05:00,4492.55,4492.77,4491.38,4491.42,311
2026-08-20 11:06:00,4491.42,4493.7,4491.23,4493.5,308
2026-08-20 11:07:00,4493.53,4494.46,4492.69,4494.33,346
2026-08-20 11:08:00,4494.33,4494.4,4492.92,4493.1,236
2026-08-20 11:09:00,4493.1,4494.26,4492.29,4494.18,266
2026-08-20 11:10:00,4494.11,4495.41,4493.17,4493.44,269
2026-08-20 11:11:00,4493.46,4493.51,4491.8,4492.31,265
2026-08-20 11:12:00,4492.32,4493.32,4491.91,4492.56,287
2026-08-20 11:13:00,4492.56,4492.72,4491.88,4492.26,207
2026-08-20 11:14:00,4492.29,4494.64,4492.12,4494.37,276
2026-08-20 11:15:00,4494.41,4494.89,4494.08,4494.75,161
2026-08-20 11:16:00,4494.75,4498.07,4494.59,4497.87,362
2026-08-20 11:17:00,4497.87,4498.36,4496.93,4497.31,314
2026-08-20 11:18:00,4497.3,4498.04,4496.76,4497.44,286
2026-08-20 11:19:00,4497.43,4498.66,4495.79,4496.32,410
2026-08-20 11:20:00,4496.26,4496.57,4495.78,4495.92,309
2026-08-20 11:21:00,4495.92,4497.01,4494.98,4496.78,269
2026-08-20 11:22:00,4496.78,4497.47,4496.3,4497.1,242
2026-08-20 11:23:00,4497.09,4497.63,4496.72,4497.45,230
2026-08-20 11:24:00,4497.37,4498.21,4495.43,4495.68,285
2026-08-20 11:25:00,4495.68,4496.32,4494.53,4495.05,244
2026-08-20 11:26:00,4495.05,4495.05,4492.56,4492.56,295
2026-08-20 11:27:00,4492.56,4492.56,4490.03,4490.69,328
2026-08-20 11:28:00,4490.69,4491.05,4490.08,4490.55,289
2026-08-20 11:29:00,4490.51,4491.94,4490.3,4491.44,283
2026-08-20 11:30:00,4491.44,4491.89,4489.82,4490.2,320
2026-08-20 11:31:00,4490.2,4490.45,4487.27,4488.0,421
2026-08-20 11:32:00,4487.82,4488.96,4487.53,4488.11,371
2026-08-20 11:33:00,4488.11,4489.95,4487.91,4489.62,256
2026-08-20 11:34:00,4489.62,4493.28,4489.55,4493.2,320
2026-08-20 11:35:00,4493.2,4495.11,4492.15,4494.11,309
2026-08-20 11:36:00,4494.1,4495.37,4493.73,4494.18,300
2026-08-20 11:37:00,4494.18,4495.11,4494.09,4495.03,166
2026-08-20 11:38:00,4495.03,4495.27,4493.92,4494.16,401
2026-08-20 11:39:00,4494.2,4494.2,4490.13,4491.71,268
2026-08-20 11:40:00,4491.71,4492.21,4491.07,4491.84,199
2026-08-20 11:41:00,4491.97,4492.03,4490.47,4490.49,215
2026-08-20 11:42:00,4490.49,4492.88,4490.29,4492.5,270
2026-08-20 11:43:00,4492.56,4493.04,4491.66,4491.9,283
2026-08-20 11:44:00,4491.91,4492.21,4490.61,4490.63,224
2026-08-20 11:45:00,4490.61,4491.68,4490.22,4491.4,246
2026-08-20 11:46:00,4491.4,4491.4,4488.36,4488.79,314
2026-08-20 11:47:00,4488.78,4489.25,4488.25,4488.61,205
2026-08-20 11:48:00,4488.51,4489.17,4488.31,4488.72,240
2026-08-20 11:49:00,4488.72,4489.24,4488.0,4488.01,193
2026-08-20 11:50:00,4488.03,4489.5,4487.72,4489.39,289
2026-08-20 11:51:00,4489.4,4490.02,4489.1,4489.1,198
2026-08-20 11:52:00,4489.1,4490.41,4488.63,4490.36,227
2026-08-20 11:53:00,4490.36,4490.86,4490.03,4490.74,222
2026-08-20 11:54:00,4490.74,4492.04,4490.4,4491.79,179
2026-08-20 11:55:00,4491.86,4492.16,4489.78,4489.78,233
2026-08-20 11:56:00,4489.78,4490.25,4488.85,4489.24,226
2026-08-20 11:57:00,4489.24,4489.24,4487.74,4487.74,191
2026-08-20 11:58:00,4487.74,4489.86,4487.65,4489.86,152
2026-08-20 11:59:00,4489.86,4489.92,4488.65,4489.41,193
2026-08-20 12:00:00,4489.42,4489.79,4488.57,4488.62,234
2026-08-20 12:01:00,4488.62,4489.71,4488.57,4488.99,237
2026-08-20 12:02:00,4488.99,4489.84,4488.43,4489.3,184
2026-08-20 12:03:00,4489.3,4490.84,4488.9,4490.29,234
2026-08-20 12:04:00,4490.29,4491.2,4489.65,4490.79,247
2026-08-20 12:05:00,4490.79,4491.3,4489.26,4489.28,249
2026-08-20 12:06:00,4489.28,4490.23,4488.92,4490.02,174
2026-08-20 12:07:00,4490.03,4491.85,4490.02,4491.85,230
2026-08-20 12:08:00,4491.8,4493.28,4491.41,4491.95,259
2026-08-20 12:09:00,4491.98,4492.77,4491.23,4491.77,211
2026-08-20 12:10:00,4491.7,4494.25,4491.68,4493.18,274
2026-08-20 12:11:00,4493.18,4493.62,4491.52,4492.29,243
2026-08-20 12:12:00,4492.31,4492.47,4491.45,4492.13,278
2026-08-20 12:13:00,4492.13,4492.68,4491.51,4492.03,211
2026-08-20 12:14:00,4492.04,4492.82,4492.02,4492.4,193
2026-08-20 12:15:00,4492.38,4492.96,4492.06,4492.87,189
2026-08-20 12:16:00,4492.87,4493.89,4492.73,4492.77,205
2026-08-20 12:17:00,4492.77,4493.69,4490.82,4491.23,242
2026-08-20 12:18:00,4491.23,4491.73,4490.6,4490.77,228
2026-08-20 12:19:00,4490.78,4490.88,4489.22,4489.32,194
2026-08-20 12:20:00,4489.32,4489.78,4488.27,4488.9,206
2026-08-20 12:21:00,4488.9,4493.0,4488.9,4492.87,215
2026-08-20 12:22:00,4492.23,4492.27,4491.03,4491.27,246
2026-08-20 12:23:00,4491.27,4491.58,4490.49,4490.72,191
2026-08-20 12:24:00,4490.71,4491.0,4489.82,4489.9,195
2026-08-20 12:25:00,4489.92,4490.72,4489.85,4490.21,170
2026-08-20 12:26:00,4490.21,4490.22,4489.06,4489.06,188
2026-08-20 12:27:00,4489.06,4489.76,4488.2,4489.48,241
2026-08-20 12:28:00,4489.48,4489.7,4488.71,4489.17,200
2026-08-20 12:29:00,4489.17,4490.85,4488.94,4490.03,198
2026-08-20 12:30:00,4489.96,4489.97,4487.59,4489.49,298
2026-08-20 12:31:00,4489.46,4490.62,4489.14,4489.29,311
2026-08-20 12:32:00,4489.28,4490.12,4487.88,4489.31,316
2026-08-20 12:33:00,4489.31,4489.56,4487.7,4487.97,245
2026-08-20 12:34:00,4487.97,4488.01,4486.97,4487.61,241
2026-08-20 12:35:00,4487.61,4488.12,4486.66,4486.69,161
2026-08-20 12:36:00,4486.7,4488.52,4486.27,4487.72,204
2026-08-20 12:37:00,4487.71,4487.75,4485.46,4486.0,187
2026-08-20 12:38:00,4486.0,4486.18,4484.59,4484.75,259
2026-08-20 12:39:00,4484.75,4486.38,4484.62,4486.23,209
2026-08-20 12:40:00,4486.23,4487.9,4486.13,4486.91,249
2026-08-20 12:41:00,4486.91,4487.72,4485.87,4486.34,219
2026-08-20 12:42:00,4486.46,4489.37,4486.42,4488.88,264
2026-08-20 12:43:00,4488.88,4490.35,4488.06,4490.23,217
2026-08-20 12:44:00,4490.23,4490.28,4488.97,4489.23,181
2026-08-20 12:45:00,4489.19,4489.19,4488.33,4488.93,134
2026-08-20 12:46:00,4488.89,4488.89,4487.66,4487.73,145
2026-08-20 12:47:00,4487.73,4488.43,4485.9,4486.14,186
2026-08-20 12:48:00,4486.14,4486.69,4485.54,4486.47,196
2026-08-20 12:49:00,4486.46,4486.53,4485.11,4485.49,241
2026-08-20 12:50:00,4485.49,4486.24,4484.98,4485.41,299
2026-08-20 12:51:00,4485.41,4485.52,4484.21,4485.27,270
2026-08-20 12:52:00,4485.27,4485.6,4483.89,4485.18,323
2026-08-20 12:53:00,4485.21,4485.32,4482.66,4482.99,281
2026-08-20 12:54:00,4482.99,4484.0,4481.94,4484.0,314
2026-08-20 12:55:00,4484.0,4484.04,4482.45,4482.7,278
2026-08-20 12:56:00,4482.72,4482.92,4481.96,4482.7,217
2026-08-20 12:57:00,4482.69,4483.67,4482.18,4483.45,251
2026-08-20 12:58:00,4483.44,4484.84,4483.01,4484.37,230
2026-08-20 12:59:00,4484.37,4484.37,4482.69,4482.69,230
2026-08-20 13:00:00,4482.61,4482.99,4480.83,4482.98,338
2026-08-20 13:01:00,4482.99,4483.09,4480.93,4482.45,267
2026-08-20 13:02:00,4482.45,4483.33,4482.34,4483.17,284
2026-08-20 13:03:00,4483.17,4485.75,4483.17,4485.27,279
2026-08-20 13:04:00,4485.27,4486.22,4485.22,4485.53,191
2026-08-20 13:05:00,4485.53,4486.95,4485.41,4486.36,244
2026-08-20 13:06:00,4486.36,4487.07,4486.2,4486.66,183
2026-08-20 13:07:00,4486.73,4487.18,4486.31,4486.5,201
2026-08-20 13:08:00,4486.5,4487.36,4486.42,4487.08,215
2026-08-20 13:09:00,4487.08,4489.79,4487.08,4489.57,221
2026-08-20 13:10:00,4489.55,4490.05,4488.18,4488.92,233
2026-08-20 13:11:00,4488.92,4489.65,4488.44,4488.97,224
2026-08-20 13:12:00,4488.97,4489.62,4488.64,4489.16,149
2026-08-20 13:13:00,4489.14,4490.3,4488.88,4490.04,228
2026-08-20 13:14:00,4490.04,4491.33,4489.83,4490.46,199
2026-08-20 13:15:00,4490.52,4491.26,4490.17,4490.29,175
2026-08-20 13:16:00,4490.29,4491.65,4490.29,4490.68,218
2026-08-20 13:17:00,4490.63,4491.26,4490.58,4491.23,223
2026-08-20 13:18:00,4491.23,4491.58,4490.87,4491.32,148
2026-08-20 13:19:00,4491.39,4491.77,4490.09,4490.69,217
2026-08-20 13:20:00,4490.69,4490.94,4488.25,4488.83,263
2026-08-20 13:21:00,4488.83,4488.83,4487.06,4487.19,205
2026-08-20 13:22:00,4487.19,4487.45,4486.67,4487.04,191
2026-08-20 13:23:00,4487.04,4487.43,4486.78,4486.89,183
2026-08-20 13:24:00,4486.89,4489.02,4486.5,4489.0,249
2026-08-20 13:25:00,4489.07,4490.96,4488.42,4489.71,278
2026-08-20 13:26:00,4489.71,4490.73,4489.3,4490.73,225
2026-08-20 13:27:00,4490.73,4491.55,4490.67,4490.67,214
2026-08-20 13:28:00,4490.61,4493.19,4490.44,4492.5,178
2026-08-20 13:29:00,4492.5,4494.18,4491.93,4493.82,292
2026-08-20 13:30:00,4493.82,4494.82,4493.57,4494.13,254
2026-08-20 13:31:00,4494.13,4494.25,4493.36,4493.98,165
2026-08-20 13:32:00,4493.98,4494.55,4493.77,4494.17,204
2026-08-20 13:33:00,4494.15,4494.59,4493.21,4493.21,186
2026-08-20 13:34:00,4493.21,4493.34,4492.49,4493.05,176
2026-08-20 13:35:00,4493.05,4493.17,4492.31,4492.42,200
2026-08-20 13:36:00,4492.45,4494.67,4492.2,4493.28,377
2026-08-20 13:37:00,4493.28,4494.07,4492.7,4492.81,226
2026-08-20 13:38:00,4492.81,4493.03,4490.75,4491.22,269
2026-08-20 13:39:00,4491.22,4491.5,4490.08,4490.44,223
2026-08-20 13:40:00,4490.44,4490.93,4490.08,4490.48,203
2026-08-20 13:41:00,4490.47,4490.99,4490.27,4490.38,192
2026-08-20 13:42:00,4490.43,4490.96,4490.27,4490.94,187
2026-08-20 13:43:00,4490.94,4490.94,4490.31,4490.31,189
2026-08-20 13:44:00,4490.31,4491.22,4490.11,4491.14,176
2026-08-20 13:45:00,4491.15,4491.25,4490.59,4490.67,184
2026-08-20 13:46:00,4490.68,4490.68,4488.74,4488.74,161
2026-08-20 13:47:00,4488.79,4490.85,4488.72,4490.68,223
2026-08-20 13:48:00,4490.68,4490.78,4489.59,4489.62,159
2026-08-20 13:49:00,4489.62,4490.41,4489.61,4490.31,130
2026-08-20 13:50:00,4490.3,4490.83,4490.22,4490.4,164
2026-08-20 13:51:00,4490.4,4490.43,4489.25,4490.18,201
2026-08-20 13:52:00,4490.16,4490.16,4489.3,4489.45,191
2026-08-20 13:53:00,4489.45,4489.64,4488.56,4488.94,207
2026-08-20 13:54:00,4488.89,4488.89,4487.59,4488.0,182
2026-08-20 13:55:00,4488.0,4488.52,4487.58,4488.33,127
2026-08-20 13:56:00,4488.31,4488.5,4487.9,4488.03,133
2026-08-20 13:57:00,4488.07,4489.83,4488.07,4488.92,178
2026-08-20 13:58:00,4488.92,4489.79,4488.5,4489.73,256
2026-08-20 13:59:00,4489.73,4490.49,4489.54,4490.1,240
2026-08-20 14:00:00,4490.11,4490.83,4487.67,4488.44,618
2026-08-20 14:01:00,4488.44,4490.93,4487.61,4490.77,327
2026-08-20 14:02:00,4490.77,4491.31,4490.05,4490.39,289
2026-08-20 14:03:00,4490.39,4490.67,4489.78,4490.4,290
2026-08-20 14:04:00,4490.4,4490.4,4488.07,4488.42,299
2026-08-20 14:05:00,4488.42,4488.51,4486.24,4487.37,332
2026-08-20 14:06:00,4487.34,4487.56,4486.75,4487.06,250
2026-08-20 14:07:00,4487.06,4488.14,4486.84,4488.12,193
2026-08-20 14:08:00,4488.07,4488.07,4485.75,4487.33,214
2026-08-20 14:09:00,4487.33,4487.57,4486.64,4487.38,182
2026-08-20 14:10:00,4487.38,4487.58,4486.66,4486.95,178
2026-08-20 14:11:00,4486.95,4487.25,4485.19,4486.26,253
2026-08-20 14:12:00,4486.26,4487.26,4485.24,4486.75,198
2026-08-20 14:13:00,4486.74,4487.0,4484.04,4484.16,166
2026-08-20 14:14:00,4484.1,4485.35,4482.83,4485.35,321
2026-08-20 14:15:00,4485.36,4485.36,4484.27,4484.61,211
2026-08-20 14:16:00,4484.59,4485.87,4484.28,4485.42,187
2026-08-20 14:17:00,4485.42,4485.66,4482.37,4482.43,233
2026-08-20 14:18:00,4482.42,4482.61,4481.18,4481.58,269
2026-08-20 14:19:00,4481.58,4482.74,4481.46,4482.44,254
2026-08-20 14:20:00,4482.44,4483.7,4481.81,4483.69,266
2026-08-20 14:21:00,4483.69,4484.79,4483.09,4483.23,285
2026-08-20 14:22:00,4483.23,4485.13,4482.86,4484.2,254
2026-08-20 14:23:00,4484.2,4485.75,4484.2,4485.55,197
2026-08-20 14:24:00,4485.55,4487.64,4485.18,4487.54,257
2026-08-20 14:25:00,4487.61,4489.24,4487.48,4489.17,255
2026-08-20 14:26:00,4489.17,4489.9,4487.48,4487.55,250
2026-08-20 14:27:00,4487.55,4488.38,4486.92,4486.95,226
2026-08-20 14:28:00,4486.95,4486.95,4484.34,4484.72,288
2026-08-20 14:29:00,4484.73,4485.1,4484.19,4484.25,180
2026-08-20 14:30:00,4484.25,4484.75,4483.72,4483.96,272
2026-08-20 14:31:00,4483.95,4484.9,4483.03,4484.9,224
2026-08-20 14:32:00,4484.91,4485.93,4484.25,4484.77,289
2026-08-20 14:33:00,4484.88,4485.1,4482.64,4483.57,238
2026-08-20 14:34:00,4483.57,4485.03,4483.18,4485.03,239
2026-08-20 14:35:00,4485.03,4486.94,4484.6,4486.66,247
2026-08-20 14:36:00,4486.64,4486.71,4482.64,4482.64,301
2026-08-20 14:37:00,4482.64,4483.11,4480.25,4480.6,349
2026-08-20 14:38:00,4480.6,4481.08,4479.99,4480.48,289
2026-08-20 14:39:00,4480.58,4482.34,4480.28,4481.85,326
2026-08-20 14:40:00,4481.77,4482.54,4478.92,4479.07,412
2026-08-20 14:41:00,4479.09,4479.49,4476.87,4478.8,405
2026-08-20 14:42:00,4478.8,4478.96,4477.08,4477.96,318
2026-08-20 14:43:00,4477.96,4478.8,4476.47,4476.97,307
2026-08-20 14:44:00,4476.98,4477.4,4474.34,4474.76,336
2026-08-20 14:45:00,4474.89,4475.74,4469.68,4471.18,493
2026-08-20 14:46:00,4471.18,4471.34,4468.4,4468.4,358
2026-08-20 14:47:00,4468.52,4471.1,4467.73,4470.12,469
2026-08-20 14:48:00,4470.07,4470.34,4465.89,4468.61,518
2026-08-20 14:49:00,4468.61,4472.41,4468.61,4471.25,447
2026-08-20 14:50:00,4471.23,4473.03,4469.93,4470.68,460
2026-08-20 14:51:00,4470.69,4470.73,4469.13,4469.98,496
2026-08-20 14:52:00,4470.0,4470.05,4467.19,4467.75,457
2026-08-20 14:53:00,4467.73,4471.0,4467.52,4468.59,472
2026-08-20 14:54:00,4468.59,4468.59,4466.3,4467.27,387
2026-08-20 14:55:00,4467.27,4470.44,4467.09,4470.42,482
2026-08-20 14:56:00,4470.46,4471.29,4467.0,4467.95,429
2026-08-20 14:57:00,4467.95,4468.45,4465.44,4467.3,387
2026-08-20 14:58:00,4467.29,4468.01,4466.93,4467.18,343
2026-08-20 14:59:00,4467.18,4467.46,4466.01,4467.01,356
2026-08-20 15:00:00,4467.06,4467.36,4461.97,4462.09,634
2026-08-20 15:01:00,4462.09,4462.34,4459.13,4459.22,657
2026-08-20 15:02:00,4459.21,4461.41,4458.09,4459.39,676
2026-08-20 15:03:00,4459.39,4460.95,4458.16,4459.57,478
2026-08-20 15:04:00,4459.56,4459.89,4457.28,4458.3,566
2026-08-20 15:05:00,4458.26,4459.43,4454.1,4456.21,702
2026-08-20 15:06:00,4456.22,4456.32,4450.92,4451.51,642
2026-08-20 15:07:00,4451.46,4455.3,4450.62,4453.55,713
2026-08-20 15:08:00,4453.8,4458.29,4453.57,4455.98,570
2026-08-20 15:09:00,4455.98,4457.32,4454.91,4457.09,550
2026-08-20 15:10:00,4457.06,4461.23,4456.71,4460.11,529
2026-08-20 15:11:00,4460.11,4461.1,4458.99,4460.66,504
2026-08-20 15:12:00,4460.65,4463.97,4460.07,4463.88,489
2026-08-20 15:13:00,4463.81,4466.2,4463.8,4465.75,455
2026-08-20 15:14:00,4465.75,4466.34,4462.47,4462.47,451
2026-08-20 15:15:00,4462.47,4466.07,4462.25,4463.68,527
2026-08-20 15:16:00,4463.68,4464.01,4462.24,4463.33,504
2026-08-20 15:17:00,4463.33,4466.3,4462.57,4466.23,509
2026-08-20 15:18:00,4466.23,4466.93,4464.9,4465.3,563
2026-08-20 15:19:00,4465.3,4467.44,4464.3,4467.06,517
2026-08-20 15:20:00,4467.06,4467.93,4462.49,4462.49,564
2026-08-20 15:21:00,4462.4,4464.81,4461.83,4463.47,376
2026-08-20 15:22:00,4463.54,4464.59,4462.73,4463.8,365
2026-08-20 15:23:00,4463.8,4465.13,4463.19,4464.64,454
2026-08-20 15:24:00,4464.6,4466.85,4462.76,4463.98,494
2026-08-20 15:25:00,4463.95,4463.95,4458.26,4458.54,538
2026-08-20 15:26:00,4458.54,4458.92,4457.05,4458.79,446
2026-08-20 15:27:00,4458.79,4459.71,4458.09,4459.68,371
2026-08-20 15:28:00,4459.61,4460.7,4458.15,4458.17,400
2026-08-20 15:29:00,4458.17,4459.62,4458.06,4459.54,287
2026-08-20 15:30:00,4459.85,4461.05,4457.11,4458.23,559
2026-08-20 15:31:00,4458.23,4458.23,4454.58,4455.21,481
2026-08-20 15:32:00,4455.09,4455.69,4453.8,4455.31,406
2026-08-20 15:33:00,4455.31,4455.94,4452.77,4455.28,588
2026-08-20 15:34:00,4455.27,4455.89,4451.17,4453.51,472
2026-08-20 15:35:00,4453.49,4456.75,4452.75,4454.36,570
2026-08-20 15:36:00,4454.36,4456.76,4451.87,4456.76,595
2026-08-20 15:37:00,4456.77,4460.39,4456.77,4459.23,466
2026-08-20 15:38:00,4459.29,4459.59,4457.67,4459.33,413
2026-08-20 15:39:00,4459.32,4463.33,4458.73,4463.2,462
2026-08-20 15:40:00,4463.2,4465.64,4462.24,4465.07,464
2026-08-20 15:41:00,4465.07,4465.87,4463.36,4464.17,468
2026-08-20 15:42:00,4464.17,4464.39,4460.1,4460.42,440
2026-08-20 15:43:00,4460.37,4466.29,4460.26,4466.24,448
2026-08-20 15:44:00,4466.23,4467.0,4465.17,4466.65,457
2026-08-20 15:45:00,4466.6,4466.7,4464.05,4465.98,414
2026-08-20 15:46:00,4466.0,4467.71,4466.0,4466.97,346
2026-08-20 15:47:00,4466.98,4469.23,4466.6,4468.37,306
2026-08-20 15:48:00,4468.37,4471.22,4468.18,4471.01,412
2026-08-20 15:49:00,4470.75,4471.51,4469.75,4471.42,419
2026-08-20 15:50:00,4471.42,4471.66,4470.05,4471.37,338
2026-08-20 15:51:00,4471.37,4474.24,4471.37,4473.96,381
2026-08-20 15:52:00,4473.96,4475.35,4472.92,4473.14,360
2026-08-20 15:53:00,4473.14,4473.9,4472.14,4472.31,334
2026-08-20 15:54:00,4472.31,4473.1,4471.82,4472.1,286
2026-08-20 15:55:00,4472.1,4473.16,4471.82,4472.9,335
2026-08-20 15:56:00,4472.87,4474.14,4472.06,4473.99,364
2026-08-20 15:57:00,4473.99,4475.29,4473.31,4473.85,368
2026-08-20 15:58:00,4473.86,4477.13,4473.86,4476.67,389
2026-08-20 15:59:00,4476.67,4476.67,4474.11,4474.79,438
2026-08-20 16:00:00,4474.77,4481.98,4473.96,4481.69,792
2026-08-20 16:01:00,4481.69,4484.61,4480.94,4483.76,582
2026-08-20 16:02:00,4483.78,4483.82,4480.36,4481.92,660
2026-08-20 16:03:00,4481.93,4482.28,4479.51,4479.6,584
2026-08-20 16:04:00,4479.61,4481.82,4477.21,4478.54,609
2026-08-20 16:05:00,4478.55,4480.33,4476.5,4478.26,635
2026-08-20 16:06:00,4478.22,4479.23,4477.13,4477.4,432
2026-08-20 16:07:00,4477.4,4478.31,4476.72,4477.69,493
2026-08-20 16:08:00,4477.69,4477.78,4474.11,4474.7,497
2026-08-20 16:09:00,4474.69,4475.64,4473.14,4473.69,509
2026-08-20 16:10:00,4473.65,4475.9,4473.19,4473.98,449
2026-08-20 16:11:00,4473.99,4474.6,4472.46,4472.99,516
2026-08-20 16:12:00,4472.95,4474.79,4472.31,4473.49,558
2026-08-20 16:13:00,4473.49,4475.56,4472.9,4474.86,555
2026-08-20 16:14:00,4474.86,4474.87,4471.9,4472.93,479
2026-08-20 16:15:00,4472.96,4473.21,4471.2,4472.15,626
2026-08-20 16:16:00,4472.25,4475.26,4471.13,4474.9,571
2026-08-20 16:17:00,4474.81,4475.36,4473.03,4474.83,442
2026-08-20 16:18:00,4474.83,4475.69,4473.9,4474.73,476
2026-08-20 16:19:00,4474.73,4476.64,4474.29,4474.42,462
2026-08-20 16:20:00,4474.44,4476.13,4473.77,4474.18,462
2026-08-20 16:21:00,4474.17,4476.61,4473.94,4474.6,465
2026-08-20 16:22:00,4474.6,4475.34,4472.08,4472.13,420
2026-08-20 16:23:00,4472.13,4474.62,4471.47,4474.22,355
2026-08-20 16:24:00,4474.22,4475.1,4472.86,4474.18,343
2026-08-20 16:25:00,4474.17,4474.43,4471.71,4472.39,428
2026-08-20 16:26:00,4472.33,4473.64,4471.24,4473.13,411
2026-08-20 16:27:00,4473.16,4473.98,4472.45,4473.89,506
2026-08-20 16:28:00,4473.89,4474.32,4471.9,4472.5,480
2026-08-20 16:29:00,4472.5,4472.98,4470.15,4471.84,517
2026-08-20 16:30:00,4471.87,4477.35,4471.87,4472.39,881
2026-08-20 16:31:00,4472.37,4475.32,4469.87,4470.7,751
2026-08-20 16:32:00,4470.71,4474.3,4469.35,4472.94,824
2026-08-20 16:33:00,4472.77,4475.94,4470.09,4475.02,748
2026-08-20 16:34:00,4475.06,4476.15,4473.67,4475.86,666
2026-08-20 16:35:00,4475.89,4485.81,4474.77,4483.64,962
2026-08-20 16:36:00,4483.58,4485.44,4481.79,4482.76,824
2026-08-20 16:37:00,4482.77,4484.32,4478.92,4482.27,794
2026-08-20 16:38:00,4481.98,4485.4,4481.47,4484.22,785
2026-08-20 16:39:00,4484.22,4486.5,4482.51,4483.79,728
2026-08-20 16:40:00,4483.94,4484.0,4479.2,4479.87,765
2026-08-20 16:41:00,4480.01,4485.07,4477.94,4484.83,796
2026-08-20 16:42:00,4484.86,4486.38,4483.49,4485.29,738
2026-08-20 16:43:00,4485.26,4487.92,4484.83,4486.78,689
2026-08-20 16:44:00,4486.72,4486.95,4485.79,4486.6,658
2026-08-20 16:45:00,4486.6,4489.31,4485.15,4485.28,775
2026-08-20 16:46:00,4485.49,4486.81,4483.69,4484.25,778
2026-08-20 16:47:00,4484.21,4484.21,4480.93,4483.37,708
2026-08-20 16:48:00,4483.38,4484.16,4480.94,4482.83,620
2026-08-20 16:49:00,4482.85,4484.26,4480.07,4482.28,677
2026-08-20 16:50:00,4482.27,4483.66,4481.07,4482.96,701
2026-08-20 16:51:00,4482.98,4483.59,4481.52,4482.06,588
2026-08-20 16:52:00,4482.01,4486.11,4481.18,4486.03,636
2026-08-20 16:53:00,4486.02,4486.58,4483.16,4483.25,601
2026-08-20 16:54:00,4483.32,4485.76,4481.96,4485.7,452
2026-08-20 16:55:00,4485.78,4486.78,4482.76,4484.06,629
2026-08-20 16:56:00,4484.08,4484.67,4482.34,4482.43,597
2026-08-20 16:57:00,4482.46,4482.85,4480.86,4480.89,612
2026-08-20 16:58:00,4480.87,4482.87,4479.42,4481.87,553
2026-08-20 16:59:00,4481.87,4482.45,4480.15,4481.66,529
2026-08-20 17:00:00,4481.71,4488.56,4481.65,4488.43,792
2026-08-20 17:01:00,4488.47,4490.01,4487.08,4489.14,721
2026-08-20 17:02:00,4489.17,4490.71,4487.48,4487.5,690
2026-08-20 17:03:00,4487.56,4487.66,4483.57,4484.8,762
2026-08-20 17:04:00,4484.67,4485.77,4482.41,4483.36,690
2026-08-20 17:05:00,4483.4,4483.67,4482.12,4482.42,603
2026-08-20 17:06:00,4482.53,4486.64,4480.88,4483.15,702
2026-08-20 17:07:00,4483.22,4484.41,4481.29,4484.25,699
2026-08-20 17:08:00,4484.21,4485.93,4483.4,4484.69,644
2026-08-20 17:09:00,4484.66,4486.79,4483.39,4485.41,768
2026-08-20 17:10:00,4485.42,4486.99,4483.57,4486.92,767
2026-08-20 17:11:00,4486.97,4488.94,4484.16,4486.86,794
2026-08-20 17:12:00,4486.84,4487.89,4486.22,4487.65,737
2026-08-20 17:13:00,4487.67,4489.06,4484.91,4484.99,665
2026-08-20 17:14:00,4485.0,4485.81,4484.05,4484.77,421
2026-08-20 17:15:00,4484.33,4486.73,4483.78,4486.53,486
2026-08-20 17:16:00,4486.53,4487.62,4485.21,4487.52,655
2026-08-20 17:17:00,4487.52,4489.54,4486.36,4487.56,663
2026-08-20 17:18:00,4487.46,4489.14,4487.09,4487.83,579
2026-08-20 17:19:00,4487.83,4487.83,4481.93,4482.17,698
2026-08-20 17:20:00,4482.17,4487.51,4481.8,4487.35,720
2026-08-20 17:21:00,4487.35,4490.93,4486.67,4489.06,680
2026-08-20 17:22:00,4489.04,4489.12,4486.84,4487.44,814
2026-08-20 17:23:00,4487.51,4491.54,4486.76,4491.47,688
2026-08-20 17:24:00,4491.38,4493.89,4490.83,4490.83,803
2026-08-20 17:25:00,4490.83,4492.27,4489.95,4489.97,714
2026-08-20 17:26:00,4489.98,4490.71,4488.04,4489.09,569
2026-08-20 17:27:00,4489.07,4489.74,4487.48,4487.9,628
2026-08-20 17:28:00,4487.9,4490.89,4486.81,4489.56,650
2026-08-20 17:29:00,4489.53,4493.14,4489.53,4491.7,600
2026-08-20 17:30:00,4491.7,4495.4,4491.7,4493.6,683
2026-08-20 17:31:00,4493.5,4494.4,4492.19,4493.13,528
2026-08-20 17:32:00,4493.26,4495.05,4493.25,4494.83,546
2026-08-20 17:33:00,4494.83,4496.89,4494.01,4496.89,549
2026-08-20 17:34:00,4496.88,4497.08,4493.91,4494.39,625
2026-08-20 17:35:00,4494.41,4498.31,4493.16,4497.78,651
2026-08-20 17:36:00,4497.78,4500.17,4497.1,4499.18,629
2026-08-20 17:37:00,4499.26,4500.75,4496.27,4496.55,646
2026-08-20 17:38:00,4496.54,4497.36,4495.58,4496.51,460
2026-08-20 17:39:00,4496.51,4497.39,4495.21,4495.93,490
2026-08-20 17:40:00,4495.93,4496.85,4494.2,4496.46,527
2026-08-20 17:41:00,4496.51,4496.72,4493.85,4494.02,484
2026-08-20 17:42:00,4494.02,4498.37,4493.88,4498.18,516
2026-08-20 17:43:00,4498.12,4500.04,4498.02,4499.79,423
2026-08-20 17:44:00,4499.79,4501.19,4499.11,4499.24,429
2026-08-20 17:45:00,4499.24,4502.22,4498.7,4502.07,521
2026-08-20 17:46:00,4502.02,4505.82,4501.43,4504.21,587
2026-08-20 17:47:00,4504.21,4505.14,4503.8,4504.07,548
2026-08-20 17:48:00,4504.05,4506.66,4503.88,4506.22,553
2026-08-20 17:49:00,4506.22,4508.84,4505.33,4508.05,589
2026-08-20 17:50:00,4508.04,4509.01,4506.65,4507.32,602
2026-08-20 17:51:00,4507.33,4508.39,4505.86,4505.95,595
2026-08-20 17:52:00,4505.97,4508.41,4504.71,4507.49,621
2026-08-20 17:53:00,4507.49,4510.46,4507.46,4508.78,563
2026-08-20 17:54:00,4508.78,4510.37,4507.86,4510.0,566
2026-08-20 17:55:00,4510.01,4511.33,4509.39,4510.2,677
2026-08-20 17:56:00,4510.2,4512.14,4509.98,4512.08,531
2026-08-20 17:57:00,4512.11,4515.85,4512.02,4514.18,754
2026-08-20 17:58:00,4514.18,4516.34,4513.74,4513.83,540
2026-08-20 17:59:00,4513.83,4516.27,4513.8,4516.0,535
2026-08-20 18:00:00,4516.0,4518.97,4515.16,4518.29,660
2026-08-20 18:01:00,4518.3,4528.58,4516.71,4522.42,866
2026-08-20 18:02:00,4522.42,4536.22,4522.42,4525.64,1055
2026-08-20 18:03:00,4525.57,4536.46,4523.82,4535.62,1002
2026-08-20 18:04:00,4535.58,4536.64,4531.2,4535.78,857
2026-08-20 18:05:00,4535.77,4536.53,4528.95,4529.1,926
2026-08-20 18:06:00,4529.08,4532.57,4524.55,4524.87,944
2026-08-20 18:07:00,4524.86,4532.32,4524.04,4530.25,808
2026-08-20 18:08:00,4530.41,4531.93,4528.64,4529.95,839
2026-08-20 18:09:00,4529.96,4530.11,4522.39,4524.67,865
2026-08-20 18:10:00,4524.67,4529.02,4522.86,4524.07,855
2026-08-20 18:11:00,4524.24,4526.3,4521.83,4525.18,890
2026-08-20 18:12:00,4525.18,4533.02,4524.08,4533.02,853
2026-08-20 18:13:00,4533.02,4536.55,4531.54,4535.8,915
2026-08-20 18:14:00,4535.79,4537.39,4534.12,4534.83,921
2026-08-20 18:15:00,4535.06,4535.86,4530.59,4535.72,885
2026-08-20 18:16:00,4535.7,4537.19,4531.99,4534.92,839
2026-08-20 18:17:00,4534.92,4540.01,4533.98,4539.66,939
2026-08-20 18:18:00,4539.73,4539.99,4536.11,4537.28,825
2026-08-20 18:19:00,4537.28,4540.84,4536.39,4539.72,749
2026-08-20 18:20:00,4539.72,4540.94,4534.04,4534.57,842
2026-08-20 18:21:00,4534.6,4534.61,4527.91,4527.91,854
2026-08-20 18:22:00,4527.88,4528.53,4525.47,4525.47,774
2026-08-20 18:23:00,4525.47,4527.17,4523.76,4524.53,709
2026-08-20 18:24:00,4524.56,4528.26,4523.63,4527.21,722
2026-08-20 18:25:00,4527.22,4528.22,4525.73,4526.26,656
2026-08-20 18:26:00,4526.42,4531.32,4526.33,4530.04,669
2026-08-20 18:27:00,4530.05,4534.23,4528.68,4532.46,752
2026-08-20 18:28:00,4532.46,4533.55,4531.35,4532.78,675
2026-08-20 18:29:00,4532.81,4533.53,4530.89,4532.53,814
2026-08-20 18:30:00,4532.53,4533.86,4526.69,4528.8,885
2026-08-20 18:31:00,4528.83,4530.29,4528.02,4528.38,724
2026-08-20 18:32:00,4528.34,4529.1,4525.6,4528.7,774
2026-08-20 18:33:00,4528.62,4529.18,4523.75,4524.37,737
2026-08-20 18:34:00,4524.37,4525.42,4522.78,4524.09,669
2026-08-20 18:35:00,4524.09,4526.86,4522.15,4522.18,652
2026-08-20 18:36:00,4522.19,4523.44,4520.19,4523.11,689
2026-08-20 18:37:00,4523.11,4523.88,4522.06,4522.35,632
2026-08-20 18:38:00,4522.39,4524.9,4520.22,4521.08,688
2026-08-20 18:39:00,4521.08,4521.13,4517.33,4518.59,581
2026-08-20 18:40:00,4518.63,4519.68,4516.91,4517.55,490
2026-08-20 18:41:00,4517.54,4517.7,4514.12,4515.07,561
2026-08-20 18:42:00,4515.07,4519.6,4515.07,4518.19,557
2026-08-20 18:43:00,4518.19,4518.55,4509.99,4511.61,707
2026-08-20 18:44:00,4511.61,4513.79,4511.03,4511.62,616
2026-08-20 18:45:00,4511.61,4517.02,4510.99,4516.05,598
2026-08-20 18:46:00,4516.06,4519.17,4514.21,4518.48,646
2026-08-20 18:47:00,4518.37,4519.58,4517.28,4519.18,607
2026-08-20 18:48:00,4519.13,4521.1,4519.0,4519.66,631
2026-08-20 18:49:00,4519.66,4521.48,4519.05,4520.29,624
2026-08-20 18:50:00,4520.29,4521.66,4518.23,4519.12,627
2026-08-20 18:51:00,4519.12,4519.65,4517.55,4519.04,596
2026-08-20 18:52:00,4519.05,4519.87,4515.77,4515.96,631
2026-08-20 18:53:00,4515.96,4518.08,4515.79,4518.0,606
2026-08-20 18:54:00,4518.12,4520.34,4517.52,4519.13,643
2026-08-20 18:55:00,4519.12,4520.11,4517.52,4519.42,633
2026-08-20 18:56:00,4519.42,4521.23,4519.34,4521.22,594
2026-08-20 18:57:00,4521.24,4523.17,4520.25,4522.96,507
2026-08-20 18:58:00,4522.96,4523.74,4522.08,4523.53,550
2026-08-20 18:59:00,4523.53,4524.14,4521.47,4521.62,590
2026-08-20 19:00:00,4521.66,4523.63,4521.16,4523.39,697
2026-08-20 19:01:00,4523.38,4524.62,4522.66,4524.27,592
2026-08-20 19:02:00,4524.28,4524.77,4523.68,4523.94,567
2026-08-20 19:03:00,4523.94,4524.24,4520.96,4522.75,641
2026-08-20 19:04:00,4522.8,4522.8,4519.27,4519.62,602
2026-08-20 19:05:00,4519.66,4522.16,4518.94,4519.92,514
2026-08-20 19:06:00,4519.93,4521.33,4518.76,4521.16,473
2026-08-20 19:07:00,4521.16,4521.26,4519.2,4519.77,409
2026-08-20 19:08:00,4519.68,4520.83,4519.19,4520.3,402
2026-08-20 19:09:00,4520.3,4520.56,4519.27,4520.06,460
2026-08-20 19:10:00,4520.06,4520.44,4518.92,4519.38,435
2026-08-20 19:11:00,4519.38,4519.68,4516.05,4516.13,520
2026-08-20 19:12:00,4516.13,4516.26,4513.43,4514.26,427
2026-08-20 19:13:00,4514.26,4514.69,4512.35,4512.78,477
2026-08-20 19:14:00,4512.78,4512.96,4510.47,4511.22,598
2026-08-20 19:15:00,4511.2,4511.2,4508.72,4509.14,556
2026-08-20 19:16:00,4509.14,4510.05,4508.61,4509.57,507
2026-08-20 19:17:00,4509.58,4511.47,4509.1,4510.49,455
2026-08-20 19:18:00,4510.49,4511.53,4509.2,4511.19,372
2026-08-20 19:19:00,4511.19,4513.25,4511.03,4512.09,390
2026-08-20 19:20:00,4512.24,4512.7,4511.16,4511.85,449
2026-08-20 19:21:00,4511.85,4511.88,4510.12,4510.88,373
2026-08-20 19:22:00,4510.88,4512.55,4509.4,4511.67,500
2026-08-20 19:23:00,4511.67,4512.1,4509.39,4509.87,412
2026-08-20 19:24:00,4509.86,4513.0,4509.86,4511.85,383
2026-08-20 19:25:00,4511.85,4511.92,4509.5,4509.67,434
2026-08-20 19:26:00,4509.67,4509.67,4507.88,4508.49,477
2026-08-20 19:27:00,4508.4,4508.93,4505.5,4505.83,477
2026-08-20 19:28:00,4505.83,4508.9,4505.54,4508.5,430
2026-08-20 19:29:00,4508.5,4509.59,4507.73,4509.36,430
2026-08-20 19:30:00,4509.35,4509.71,4506.34,4507.38,514
2026-08-20 19:31:00,4507.38,4507.87,4505.26,4505.51,410
2026-08-20 19:32:00,4505.51,4505.78,4502.8,4504.64,525
2026-08-20 19:33:00,4504.61,4507.79,4504.49,4507.28,456
2026-08-20 19:34:00,4507.28,4509.89,4507.18,4509.29,439
2026-08-20 19:35:00,4509.26,4511.17,4508.65,4510.77,432
2026-08-20 19:36:00,4510.97,4512.78,4510.59,4511.57,510
2026-08-20 19:37:00,4511.57,4511.57,4509.46,4509.46,416
2026-08-20 19:38:00,4509.46,4509.46,4507.51,4508.86,480
2026-08-20 19:39:00,4508.86,4509.03,4507.08,4507.31,488
2026-08-20 19:40:00,4507.31,4509.87,4507.07,4509.37,363
2026-08-20 19:41:00,4509.37,4510.28,4509.13,4509.3,318
2026-08-20 19:42:00,4509.3,4509.99,4507.81,4507.96,344
2026-08-20 19:43:00,4507.99,4508.85,4507.48,4508.54,416
2026-08-20 19:44:00,4508.55,4509.6,4508.04,4509.27,369
2026-08-20 19:45:00,4509.27,4509.97,4507.46,4508.77,334
2026-08-20 19:46:00,4508.77,4512.45,4508.77,4512.23,326
2026-08-20 19:47:00,4512.23,4512.54,4510.85,4511.66,296
2026-08-20 19:48:00,4511.81,4512.08,4510.36,4511.79,395
2026-08-20 19:49:00,4511.79,4512.36,4511.29,4511.97,349
2026-08-20 19:50:00,4512.0,4513.65,4511.46,4511.59,419
2026-08-20 19:51:00,4511.59,4512.19,4511.07,4511.31,335
2026-08-20 19:52:00,4511.34,4511.84,4509.82,4510.23,278
2026-08-20 19:53:00,4510.23,4510.68,4508.81,4510.59,352
2026-08-20 19:54:00,4510.59,4510.81,4509.48,4509.58,299
2026-08-20 19:55:00,4509.58,4510.26,4508.91,4509.98,330
2026-08-20 19:56:00,4509.98,4510.21,4509.12,4509.44,310
2026-08-20 19:57:00,4509.44,4511.22,4508.87,4510.06,476
2026-08-20 19:58:00,4510.05,4511.06,4509.27,4509.27,330
2026-08-20 19:59:00,4509.27,4510.15,4507.91,4510.05,428
2026-08-20 20:00:00,4510.05,4512.26,4510.02,4512.11,353
2026-08-20 20:01:00,4512.11,4512.74,4511.65,4512.14,254
2026-08-20 20:02:00,4512.14,4514.03,4510.99,4511.18,419
2026-08-20 20:03:00,4511.18,4512.52,4510.78,4511.64,310
2026-08-20 20:04:00,4511.64,4512.15,4511.2,4511.63,311
2026-08-20 20:05:00,4511.63,4511.95,4510.48,4511.39,291
2026-08-20 20:06:00,4511.38,4511.81,4510.27,4510.49,293
2026-08-20 20:07:00,4510.49,4511.47,4509.84,4510.9,275
2026-08-20 20:08:00,4510.9,4511.07,4507.91,4508.87,383
2026-08-20 20:09:00,4508.83,4510.72,4508.83,4510.13,272
2026-08-20 20:10:00,4510.13,4510.43,4509.57,4509.67,276
2026-08-20 20:11:00,4509.67,4509.68,4507.86,4508.86,362
2026-08-20 20:12:00,4508.86,4509.28,4508.54,4509.0,260
2026-08-20 20:13:00,4509.0,4509.63,4508.52,4508.57,207
2026-08-20 20:14:00,4508.58,4510.74,4507.97,4509.49,392
2026-08-20 20:15:00,4509.48,4509.65,4508.11,4508.16,356
2026-08-20 20:16:00,4508.16,4511.07,4507.97,4510.87,396
2026-08-20 20:17:00,4510.87,4511.46,4510.26,4511.09,284
2026-08-20 20:18:00,4511.09,4511.34,4510.12,4510.33,326
2026-08-20 20:19:00,4510.33,4510.68,4508.33,4508.83,345
2026-08-20 20:20:00,4508.83,4510.71,4508.45,4510.64,400
2026-08-20 20:21:00,4510.6,4512.21,4510.59,4511.62,350
2026-08-20 20:22:00,4511.62,4514.33,4511.31,4512.34,377
2026-08-20 20:23:00,4512.34,4512.69,4511.85,4512.19,230
2026-08-20 20:24:00,4511.94,4512.4,4510.34,4511.15,442
2026-08-20 20:25:00,4511.16,4511.97,4510.67,4511.41,332
2026-08-20 20:26:00,4511.41,4513.32,4511.17,4512.75,227
2026-08-20 20:27:00,4512.75,4513.17,4509.31,4510.29,379
2026-08-20 20:28:00,4510.29,4512.25,4510.24,4511.99,243
2026-08-20 20:29:00,4511.99,4516.67,4511.99,4513.01,597
2026-08-20 20:30:00,4513.11,4513.57,4510.92,4511.13,441
2026-08-20 20:31:00,4511.13,4516.52,4511.08,4516.4,402
2026-08-20 20:32:00,4516.39,4516.82,4515.72,4516.34,316
2026-08-20 20:33:00,4516.34,4517.75,4515.98,4516.13,365
2026-08-20 20:34:00,4516.13,4518.48,4516.09,4518.24,384
2026-08-20 20:35:00,4518.24,4518.74,4516.79,4516.79,349
2026-08-20 20:36:00,4516.79,4517.08,4516.16,4516.93,256
2026-08-20 20:37:00,4516.95,4517.18,4516.44,4516.75,312
2026-08-20 20:38:00,4516.75,4517.4,4516.13,4517.31,219
2026-08-20 20:39:00,4517.31,4517.76,4516.69,4516.75,247
2026-08-20 20:40:00,4516.75,4518.03,4516.12,4516.87,306
2026-08-20 20:41:00,4516.87,4517.43,4516.62,4516.63,307
2026-08-20 20:42:00,4516.64,4517.69,4516.36,4517.1,272
2026-08-20 20:43:00,4517.1,4517.93,4516.92,4517.79,206
2026-08-20 20:44:00,4517.79,4518.38,4517.67,4518.25,181
2026-08-20 20:45:00,4518.25,4518.34,4517.26,4518.14,265
2026-08-20 20:46:00,4518.14,4519.6,4517.77,4519.38,338
2026-08-20 20:47:00,4519.38,4520.25,4519.01,4519.32,303
2026-08-20 20:48:00,4519.31,4520.31,4519.31,4519.7,310
2026-08-20 20:49:00,4519.7,4519.7,4518.66,4519.21,271
2026-08-20 20:50:00,4519.23,4520.13,4519.04,4519.32,327
2026-08-20 20:51:00,4519.32,4519.51,4518.48,4518.56,272
2026-08-20 20:52:00,4518.55,4518.73,4518.03,4518.18,228
2026-08-20 20:53:00,4518.18,4518.42,4517.22,4517.79,201
2026-08-20 20:54:00,4517.79,4518.77,4517.52,4518.71,237
2026-08-20 20:55:00,4518.71,4519.06,4518.07,4518.77,286
2026-08-20 20:56:00,4518.77,4519.29,4518.45,4519.03,269
2026-08-20 20:57:00,4519.03,4519.91,4518.8,4519.8,299
2026-08-20 20:58:00,4519.8,4520.5,4519.37,4519.55,311
2026-08-20 20:59:00,4519.55,4520.28,4519.15,4519.94,301
2026-08-20 21:00:00,4519.94,4521.05,4519.61,4520.89,356
2026-08-20 21:01:00,4520.92,4520.98,4518.32,4519.56,371
2026-08-20 21:02:00,4519.56,4520.7,4519.56,4520.54,279
2026-08-20 21:03:00,4520.54,4522.28,4520.54,4522.27,236
2026-08-20 21:04:00,4522.27,4522.4,4520.84,4521.87,284
2026-08-20 21:05:00,4521.87,4522.49,4520.55,4521.12,335
2026-08-20 21:06:00,4521.18,4521.52,4519.32,4519.42,362
2026-08-20 21:07:00,4519.35,4519.51,4516.81,4517.3,435
2026-08-20 21:08:00,4517.3,4517.44,4514.83,4515.78,355
2026-08-20 21:09:00,4515.75,4516.76,4515.44,4516.65,297
2026-08-20 21:10:00,4516.65,4516.76,4514.11,4514.35,411
2026-08-20 21:11:00,4514.35,4514.47,4512.71,4513.08,395
2026-08-20 21:12:00,4513.09,4513.36,4509.42,4509.93,478
2026-08-20 21:13:00,4509.92,4511.4,4509.9,4510.55,361
2026-08-20 21:14:00,4510.55,4511.69,4510.28,4510.79,405
2026-08-20 21:15:00,4510.77,4512.27,4510.42,4511.46,476
2026-08-20 21:16:00,4511.46,4512.14,4508.43,4509.17,455
2026-08-20 21:17:00,4509.17,4510.83,4509.06,4510.0,344
2026-08-20 21:18:00,4509.97,4513.86,4508.9,4513.25,434
2026-08-20 21:19:00,4513.27,4516.33,4513.27,4515.89,473
2026-08-20 21:20:00,4515.89,4516.1,4514.99,4515.63,454
2026-08-20 21:21:00,4515.63,4516.85,4515.4,4516.64,374
2026-08-20 21:22:00,4516.64,4518.18,4516.55,4517.23,391
2026-08-20 21:23:00,4517.19,4517.34,4515.61,4515.92,373
2026-08-20 21:24:00,4515.92,4516.94,4515.76,4516.45,260
2026-08-20 21:25:00,4516.45,4518.43,4516.35,4517.97,383
2026-08-20 21:26:00,4517.97,4519.25,4517.92,4518.85,282
2026-08-20 21:27:00,4518.85,4519.63,4518.68,4519.6,232
2026-08-20 21:28:00,4519.6,4519.6,4518.27,4518.64,343
2026-08-20 21:29:00,4518.64,4520.19,4518.64,4519.03,339
2026-08-20 21:30:00,4518.93,4521.08,4518.51,4521.07,423
2026-08-20 21:31:00,4521.07,4521.46,4520.11,4520.35,356
2026-08-20 21:32:00,4520.34,4521.28,4520.1,4521.08,289
2026-08-20 21:33:00,4521.08,4521.08,4519.67,4519.75,246
2026-08-20 21:34:00,4519.74,4520.29,4519.21,4519.44,274
2026-08-20 21:35:00,4519.43,4520.61,4518.89,4519.8,403
2026-08-20 21:36:00,4519.81,4522.38,4519.4,4522.1,393
2026-08-20 21:37:00,4522.1,4522.99,4521.92,4522.99,421
2026-08-20 21:38:00,4522.97,4523.44,4521.73,4521.89,445
2026-08-20 21:39:00,4521.89,4522.01,4520.56,4521.18,330
2026-08-20 21:40:00,4521.2,4521.33,4520.28,4521.24,402
2026-08-20 21:41:00,4521.25,4521.54,4521.06,4521.18,329
2026-08-20 21:42:00,4521.18,4522.0,4521.01,4521.7,355
2026-08-20 21:43:00,4521.7,4521.75,4520.09,4520.94,323
2026-08-20 21:44:00,4520.94,4521.12,4519.81,4520.22,378
2026-08-20 21:45:00,4520.22,4520.74,4519.09,4519.24,417
2026-08-20 21:46:00,4519.24,4519.36,4518.0,4518.8,331
2026-08-20 21:47:00,4518.8,4519.31,4518.24,4519.26,356
2026-08-20 21:48:00,4519.26,4520.09,4518.77,4520.08,353
2026-08-20 21:49:00,4520.08,4521.47,4519.8,4521.4,387
2026-08-20 21:50:00,4521.4,4522.57,4521.04,4522.42,373
2026-08-20 21:51:00,4522.42,4524.63,4522.41,4522.73,396
2026-08-20 21:52:00,4522.73,4525.32,4522.73,4524.17,314
2026-08-20 21:53:00,4524.17,4524.29,4523.33,4523.87,287
2026-08-20 21:54:00,4523.87,4524.68,4523.46,4524.66,323
2026-08-20 21:55:00,4524.66,4524.95,4523.33,4523.5,401
2026-08-20 21:56:00,4523.59,4524.32,4523.34,4523.86,341
2026-08-20 21:57:00,4523.86,4524.13,4523.45,4523.88,321
2026-08-20 21:58:00,4523.88,4523.88,4521.76,4522.06,300
2026-08-20 21:59:00,4522.06,4522.45,4521.3,4522.06,419
2026-08-20 22:00:00,4522.06,4522.09,4518.22,4521.42,488
2026-08-20 22:01:00,4521.42,4522.11,4521.22,4521.25,308
2026-08-20 22:02:00,4521.25,4521.35,4520.47,4521.26,241
2026-08-20 22:03:00,4521.26,4522.62,4520.99,4522.0,251
2026-08-20 22:04:00,4521.99,4522.26,4520.61,4521.65,261
2026-08-20 22:05:00,4521.65,4522.23,4521.39,4521.98,287
2026-08-20 22:06:00,4521.98,4523.27,4521.69,4523.27,223
2026-08-20 22:07:00,4523.27,4524.32,4523.18,4523.95,262
2026-08-20 22:08:00,4523.95,4525.63,4523.62,4525.15,221
2026-08-20 22:09:00,4525.17,4526.23,4524.96,4526.08,281
2026-08-20 22:10:00,4526.08,4526.38,4524.27,4524.81,311
2026-08-20 22:11:00,4524.85,4525.01,4524.45,4524.76,238
2026-08-20 22:12:00,4524.76,4526.2,4524.76,4526.2,231
2026-08-20 22:13:00,4526.2,4528.05,4526.18,4527.95,244
2026-08-20 22:14:00,4527.95,4528.18,4527.43,4527.62,273
2026-08-20 22:15:00,4527.69,4528.45,4527.67,4528.21,297
2026-08-20 22:16:00,4528.21,4529.4,4528.12,4528.74,349
2026-08-20 22:17:00,4528.74,4528.87,4527.5,4527.72,351
2026-08-20 22:18:00,4527.72,4528.29,4527.32,4527.34,288
2026-08-20 22:19:00,4527.36,4527.36,4525.6,4525.92,293
2026-08-20 22:20:00,4525.93,4526.75,4525.06,4525.2,381
2026-08-20 22:21:00,4525.2,4525.33,4523.8,4524.48,321
2026-08-20 22:22:00,4524.49,4526.12,4524.41,4525.96,365
2026-08-20 22:23:00,4525.93,4528.17,4525.93,4528.16,364
2026-08-20 22:24:00,4528.16,4528.2,4527.09,4527.24,265
2026-08-20 22:25:00,4527.2,4527.8,4526.77,4527.04,273
2026-08-20 22:26:00,4527.01,4527.7,4525.57,4525.63,288
2026-08-20 22:27:00,4525.63,4525.9,4524.67,4525.32,237
2026-08-20 22:28:00,4525.32,4525.47,4523.71,4524.03,239
2026-08-20 22:29:00,4524.03,4524.25,4522.77,4522.88,217
2026-08-20 22:30:00,4522.78,4524.01,4522.08,4523.41,409
2026-08-20 22:31:00,4523.41,4523.95,4522.84,4523.61,255
2026-08-20 22:32:00,4523.61,4524.6,4523.03,4524.46,256
2026-08-20 22:33:00,4524.46,4524.65,4523.54,4524.05,273
2026-08-20 22:34:00,4524.05,4524.46,4523.42,4524.03,296
2026-08-20 22:35:00,4524.01,4524.61,4523.12,4524.61,284
2026-08-20 22:36:00,4524.61,4526.05,4523.71,4525.44,330
2026-08-20 22:37:00,4525.44,4527.32,4524.96,4527.18,317
2026-08-20 22:38:00,4527.18,4529.63,4527.18,4528.05,444
2026-08-20 22:39:00,4528.08,4529.23,4527.85,4529.07,331
2026-08-20 22:40:00,4529.07,4529.07,4527.85,4528.05,294
2026-08-20 22:41:00,4528.06,4528.1,4527.33,4527.99,266
2026-08-20 22:42:00,4527.99,4528.24,4526.39,4526.45,305
2026-08-20 22:43:00,4526.45,4528.61,4526.32,4527.08,252
2026-08-20 22:44:00,4527.08,4527.9,4526.22,4526.22,227
2026-08-20 22:45:00,4526.22,4527.87,4525.18,4527.87,324
2026-08-20 22:46:00,4527.87,4528.48,4526.04,4526.09,250
2026-08-20 22:47:00,4526.09,4526.77,4525.0,4525.92,304
2026-08-20 22:48:00,4525.92,4528.56,4525.79,4528.49,372
2026-08-20 22:49:00,4528.46,4530.39,4528.45,4528.84,385
2026-08-20 22:50:00,4528.84,4531.23,4528.61,4530.99,491
2026-08-20 22:51:00,4530.99,4531.44,4528.57,4528.57,435
2026-08-20 22:52:00,4528.57,4529.85,4528.05,4529.58,400
2026-08-20 22:53:00,4529.58,4531.76,4529.05,4531.47,378
2026-08-20 22:54:00,4531.47,4532.18,4530.7,4531.04,466
2026-08-20 22:55:00,4531.04,4531.47,4530.5,4531.2,445
2026-08-20 22:56:00,4531.21,4531.55,4528.1,4529.01,444
2026-08-20 22:57:00,4529.01,4529.01,4527.07,4528.45,519
2026-08-20 22:58:00,4528.45,4529.09,4527.8,4527.9,458
2026-08-20 22:59:00,4527.92,4528.92,4526.98,4528.71,559
2026-08-20 23:00:00,4528.71,4529.13,4528.07,4528.59,317
2026-08-20 23:01:00,4528.59,4529.0,4526.44,4526.52,163
2026-08-20 23:02:00,4526.52,4527.03,4525.97,4527.02,154
2026-08-20 23:03:00,4527.02,4528.1,4527.02,4527.84,137
2026-08-20 23:04:00,4527.84,4528.39,4526.99,4527.1,119
2026-08-20 23:05:00,4527.09,4527.92,4526.86,4527.03,171
2026-08-20 23:06:00,4527.03,4527.11,4525.81,4526.18,164
2026-08-20 23:07:00,4526.19,4526.19,4525.18,4525.23,112
2026-08-20 23:08:00,4525.23,4525.29,4522.66,4523.06,211
2026-08-20 23:09:00,4523.06,4523.65,4522.96,4523.03,144
2026-08-20 23:10:00,4523.03,4524.48,4523.01,4524.26,178
2026-08-20 23:11:00,4524.26,4524.77,4524.25,4524.44,76
2026-08-20 23:12:00,4524.44,4525.05,4524.0,4525.05,100
2026-08-20 23:13:00,4525.06,4525.08,4522.47,4522.65,155
2026-08-20 23:14:00,4522.65,4523.18,4522.47,4522.47,114
2026-08-20 23:15:00,4522.47,4522.83,4521.79,4522.05,125
2026-08-20 23:16:00,4522.06,4522.44,4521.65,4521.65,71
2026-08-20 23:17:00,4521.65,4521.89,4520.97,4521.56,149
2026-08-20 23:18:00,4521.55,4522.18,4521.29,4522.11,117
2026-08-20 23:19:00,4522.06,4522.13,4521.41,4521.97,73
2026-08-20 23:20:00,4521.97,4522.18,4521.79,4521.93,59
2026-08-20 23:21:00,4521.93,4521.93,4521.77,4521.82,63
2026-08-20 23:22:00,4521.82,4522.0,4521.22,4521.37,129
2026-08-20 23:23:00,4521.38,4521.92,4520.7,4521.43,148
2026-08-20 23:24:00,4521.43,4522.36,4521.02,4521.41,92
2026-08-20 23:25:00,4521.41,4521.73,4520.67,4520.97,100
2026-08-20 23:26:00,4520.97,4521.04,4520.49,4520.51,65
2026-08-20 23:27:00,4520.51,4521.72,4520.51,4521.4,130
2026-08-20 23:28:00,4521.4,4521.65,4520.97,4521.2,106
2026-08-20 23:29:00,4521.2,4521.95,4520.74,4520.85,99
2026-08-20 23:30:00,4520.85,4521.0,4520.26,4520.72,130
2026-08-20 23:31:00,4520.73,4520.81,4519.22,4520.04,104
2026-08-20 23:32:00,4520.04,4520.04,4519.24,4519.32,99
2026-08-20 23:33:00,4519.32,4519.32,4518.18,4518.43,195
2026-08-20 23:34:00,4518.43,4518.43,4516.85,4517.98,197
2026-08-20 23:35:00,4517.98,4518.49,4517.47,4517.64,139
2026-08-20 23:36:00,4517.64,4518.24,4517.36,4517.53,100
2026-08-20 23:37:00,4517.53,4518.11,4517.53,4518.02,62
2026-08-20 23:38:00,4518.02,4518.69,4517.81,4518.02,96
2026-08-20 23:39:00,4518.02,4518.12,4517.49,4518.06,86
2026-08-20 23:40:00,4518.06,4518.76,4517.87,4518.44,97
2026-08-20 23:41:00,4518.44,4518.57,4518.26,4518.39,81
2026-08-20 23:42:00,4518.39,4518.58,4518.03,4518.35,83
2026-08-20 23:43:00,4518.35,4518.85,4518.2,4518.85,91
2026-08-20 23:44:00,4518.85,4518.85,4518.13,4518.24,96
2026-08-20 23:45:00,4518.24,4518.72,4518.23,4518.66,126
2026-08-20 23:46:00,4518.66,4519.15,4518.64,4518.97,86
2026-08-20 23:47:00,4518.97,4519.08,4518.39,4518.43,106
2026-08-20 23:48:00,4518.43,4518.45,4518.09,4518.1,77
2026-08-20 23:49:00,4518.1,4518.68,4518.03,4518.64,81
2026-08-20 23:50:00,4518.64,4519.19,4518.18,4518.9,144
2026-08-20 23:51:00,4518.9,4520.93,4518.68,4520.93,108
2026-08-20 23:52:00,4520.93,4521.27,4520.2,4521.27,97
2026-08-20 23:53:00,4521.27,4521.27,4520.68,4520.68,72
2026-08-20 23:54:00,4520.68,4520.83,4519.27,4519.73,219
2026-08-20 23:55:00,4519.75,4520.25,4518.94,4519.42,181
2026-08-20 23:56:00,4519.42,4520.02,4519.14,4519.26,126
2026-08-20 23:57:00,4519.26,4519.44,4518.93,4519.02,91
2026-08-20 23:58:00,4519.02,4519.48,4518.94,4519.28,137
2026-08-21 01:00:00,4522.05,4523.39,4517.5,4520.66,280
2026-08-21 01:01:00,4520.66,4521.13,4519.73,4520.34,150
2026-08-21 01:02:00,4520.32,4520.35,4519.81,4520.07,61
2026-08-21 01:03:00,4520.07,4520.45,4519.68,4520.05,112
2026-08-21 01:04:00,4520.05,4520.78,4519.18,4519.52,138
2026-08-21 01:05:00,4519.57,4520.78,4519.48,4520.75,116
2026-08-21 01:06:00,4520.75,4520.84,4520.28,4520.32,113
2026-08-21 01:07:00,4520.34,4520.71,4519.48,4519.8,117
2026-08-21 01:08:00,4519.8,4519.9,4519.58,4519.61,64
2026-08-21 01:09:00,4519.61,4519.64,4518.25,4518.25,96
2026-08-21 01:10:00,4518.25,4518.64,4517.03,4517.41,82
2026-08-21 01:11:00,4517.41,4519.6,4517.24,4519.56,158
2026-08-21 01:12:00,4519.55,4519.63,4518.25,4518.33,108
2026-08-21 01:13:00,4518.33,4518.8,4518.19,4518.22,106
2026-08-21 01:14:00,4518.22,4519.21,4518.22,4518.48,104
2026-08-21 01:15:00,4518.48,4519.97,4518.45,4519.82,140
2026-08-21 01:16:00,4519.82,4519.94,4519.07,4519.94,100
2026-08-21 01:17:00,4519.94,4520.09,4519.34,4519.97,77
2026-08-21 01:18:00,4519.97,4520.03,4519.49,4519.86,121
2026-08-21 01:19:00,4519.87,4520.15,4519.76,4519.8,99
2026-08-21 01:20:00,4519.8,4520.04,4519.54,4519.85,87
2026-08-21 01:21:00,4519.86,4519.86,4518.55,4518.82,108
2026-08-21 01:22:00,4518.82,4518.96,4518.16,4518.51,120
2026-08-21 01:23:00,4518.51,4518.56,4518.02,4518.18,76
2026-08-21 01:24:00,4518.18,4518.84,4518.14,4518.44,116
2026-08-21 01:25:00,4518.44,4519.48,4518.44,4519.48,142
2026-08-21 01:26:00,4519.48,4519.52,4519.08,4519.18,102
2026-08-21 01:27:00,4519.18,4520.05,4518.98,4519.97,160
2026-08-21 01:28:00,4519.96,4520.81,4518.98,4518.98,191
2026-08-21 01:29:00,4519.0,4519.63,4518.79,4519.63,147
2026-08-21 01:30:00,4519.63,4519.95,4518.29,4519.15,185
2026-08-21 01:31:00,4519.15,4520.12,4519.01,4519.38,94
2026-08-21 01:32:00,4519.38,4519.59,4519.12,4519.38,78
2026-08-21 01:33:00,4519.38,4519.95,4519.22,4519.87,103
2026-08-21 01:34:00,4519.87,4520.42,4519.79,4520.31,79
2026-08-21 01:35:00,4520.31,4520.43,4519.73,4519.97,72
2026-08-21 01:36:00,4519.97,4521.07,4519.97,4520.68,119
2026-08-21 01:37:00,4520.68,4520.99,4520.13,4520.87,108
2026-08-21 01:38:00,4520.87,4522.64,4520.59,4522.2,149
2026-08-21 01:39:00,4522.2,4522.2,4521.62,4521.64,87
2026-08-21 01:40:00,4521.64,4522.06,4521.36,4522.03,132
2026-08-21 01:41:00,4522.03,4522.55,4521.93,4522.41,140
2026-08-21 01:42:00,4522.4,4522.9,4522.15,4522.88,118
2026-08-21 01:43:00,4522.88,4523.55,4522.87,4523.49,140
2026-08-21 01:44:00,4523.49,4523.68,4522.49,4522.82,127
2026-08-21 01:45:00,4522.82,4523.47,4522.53,4523.39,99
2026-08-21 01:46:00,4523.39,4523.62,4522.01,4522.6,125
2026-08-21 01:47:00,4522.6,4522.62,4519.59,4520.27,218
2026-08-21 01:48:00,4520.27,4521.01,4519.77,4520.29,139
2026-08-21 01:49:00,4520.29,4522.26,4520.29,4522.26,152
2026-08-21 01:50:00,4522.26,4522.32,4521.86,4522.32,74
2026-08-21 01:51:00,4522.32,4523.43,4522.19,4523.43,122
2026-08-21 01:52:00,4523.43,4523.98,4522.93,4523.81,140
2026-08-21 01:53:00,4523.81,4524.47,4523.79,4524.34,104
2026-08-21 01:54:00,4524.34,4524.35,4523.32,4523.96,91
2026-08-21 01:55:00,4523.96,4524.29,4523.62,4523.97,101
2026-08-21 01:56:00,4523.97,4524.25,4523.55,4524.17,94
2026-08-21 01:57:00,4524.17,4524.29,4523.75,4524.05,91
2026-08-21 01:58:00,4524.15,4524.48,4523.93,4523.97,87
2026-08-21 01:59:00,4523.97,4524.37,4523.73,4524.3,54
2026-08-21 02:00:00,4524.3,4524.64,4523.82,4523.82,107
2026-08-21 02:01:00,4523.82,4524.78,4523.64,4524.74,101
2026-08-21 02:02:00,4524.74,4527.61,4524.68,4527.42,193
2026-08-21 02:03:00,4527.42,4530.11,4526.98,4529.36,198
2026-08-21 02:04:00,4529.37,4529.69,4528.86,4529.26,154
2026-08-21 02:05:00,4529.27,4530.04,4529.11,4529.98,109
2026-08-21 02:06:00,4529.98,4530.39,4528.96,4529.23,184
2026-08-21 02:07:00,4529.23,4530.04,4528.02,4528.24,192
2026-08-21 02:08:00,4528.24,4528.31,4524.98,4525.07,152
2026-08-21 02:09:00,4525.07,4527.28,4524.92,4527.27,169
2026-08-21 02:10:00,4527.27,4528.32,4527.27,4528.32,91
2026-08-21 02:11:00,4528.32,4529.28,4528.32,4528.88,123
2026-08-21 02:12:00,4528.88,4532.95,4528.78,4531.6,214
2026-08-21 02:13:00,4531.6,4532.04,4530.78,4531.66,168
2026-08-21 02:14:00,4531.66,4532.18,4530.98,4531.91,162
2026-08-21 02:15:00,4531.91,4532.0,4530.83,4531.28,112
2026-08-21 02:16:00,4531.28,4531.61,4529.8,4530.18,181
2026-08-21 02:17:00,4530.17,4530.72,4529.54,4530.72,192
2026-08-21 02:18:00,4530.72,4531.6,4530.43,4531.6,111
2026-08-21 02:19:00,4531.6,4532.4,4531.51,4531.6,132
2026-08-21 02:20:00,4531.6,4531.62,4530.1,4530.13,90
2026-08-21 02:21:00,4530.13,4530.3,4529.71,4529.98,114
2026-08-21 02:22:00,4529.98,4530.0,4528.2,4528.42,123
2026-08-21 02:23:00,4528.42,4529.37,4528.25,4529.1,110
2026-08-21 02:24:00,4529.1,4529.11,4528.47,4528.84,90
2026-08-21 02:25:00,4528.84,4529.89,4528.46,4529.89,101
2026-08-21 02:26:00,4529.89,4530.56,4527.31,4527.51,210
2026-08-21 02:27:00,4527.51,4529.27,4527.5,4529.15,205
2026-08-21 02:28:00,4529.15,4529.26,4522.74,4525.8,261
2026-08-21 02:29:00,4525.93,4527.12,4524.61,4527.05,197
2026-08-21 02:30:00,4527.04,4527.67,4525.9,4527.64,200
2026-08-21 02:31:00,4527.64,4528.75,4524.86,4525.31,170
2026-08-21 02:32:00,4525.31,4525.58,4522.32,4524.34,227
2026-08-21 02:33:00,4524.34,4524.81,4523.58,4524.27,129
2026-08-21 02:34:00,4524.27,4524.68,4523.18,4523.78,213
2026-08-21 02:35:00,4523.78,4523.91,4522.28,4522.69,191
2026-08-21 02:36:00,4522.69,4522.81,4521.08,4521.8,325
2026-08-21 02:37:00,4521.7,4523.12,4521.7,4522.82,169
2026-08-21 02:38:00,4522.82,4524.41,4522.82,4524.26,179
2026-08-21 02:39:00,4524.38,4524.38,4523.15,4523.55,137
2026-08-21 02:40:00,4523.55,4524.66,4523.52,4524.45,175
2026-08-21 02:41:00,4524.42,4524.95,4524.14,4524.68,147
2026-08-21 02:42:00,4524.68,4524.76,4523.62,4523.77,112
2026-08-21 02:43:00,4523.77,4524.52,4523.76,4524.38,88
2026-08-21 02:44:00,4524.38,4524.88,4524.38,4524.55,95
2026-08-21 02:45:00,4524.54,4524.65,4524.03,4524.19,141
2026-08-21 02:46:00,4524.25,4524.38,4523.24,4524.13,157
2026-08-21 02:47:00,4524.13,4525.59,4524.13,4525.43,109
2026-08-21 02:48:00,4525.43,4525.51,4524.97,4525.13,92
2026-08-21 02:49:00,4525.13,4527.53,4525.11,4527.27,165
2026-08-21 02:50:00,4527.27,4527.85,4526.6,4527.36,196
2026-08-21 02:51:00,4527.36,4527.46,4526.07,4526.44,193
2026-08-21 02:52:00,4526.44,4526.73,4526.01,4526.09,167
2026-08-21 02:53:00,4526.09,4527.32,4526.01,4527.27,148
2026-08-21 02:54:00,4527.26,4528.11,4527.18,4527.68,188
2026-08-21 02:55:00,4527.68,4527.68,4526.24,4526.4,187
2026-08-21 02:56:00,4526.4,4526.73,4526.09,4526.73,184
2026-08-21 02:57:00,4526.73,4527.26,4526.43,4526.51,163
2026-08-21 02:58:00,4526.49,4527.68,4526.14,4527.43,232
2026-08-21 02:59:00,4527.43,4527.68,4525.96,4526.34,178
2026-08-21 03:00:00,4526.34,4527.51,4525.62,4525.67,421
2026-08-21 03:01:00,4525.64,4527.41,4525.11,4525.2,366
2026-08-21 03:02:00,4525.2,4527.25,4524.6,4526.12,437
2026-08-21 03:03:00,4526.16,4526.45,4523.8,4523.8,271
2026-08-21 03:04:00,4523.93,4524.03,4522.28,4522.86,264
2026-08-21 03:05:00,4522.86,4523.07,4520.82,4520.96,268
2026-08-21 03:06:00,4520.91,4522.03,4520.09,4520.54,267
2026-08-21 03:07:00,4520.54,4523.08,4520.54,4522.25,318
2026-08-21 03:08:00,4522.25,4522.81,4520.91,4520.91,277
2026-08-21 03:09:00,4520.87,4521.01,4519.75,4520.07,255
2026-08-21 03:10:00,4520.03,4523.05,4519.97,4522.78,335
2026-08-21 03:11:00,4522.8,4522.85,4520.76,4521.06,251
2026-08-21 03:12:00,4521.06,4521.94,4519.74,4519.91,307
2026-08-21 03:13:00,4519.91,4520.46,4517.94,4519.79,392
2026-08-21 03:14:00,4519.83,4519.91,4517.42,4518.6,276
2026-08-21 03:15:00,4518.6,4519.0,4516.78,4516.8,301
2026-08-21 03:16:00,4516.79,4517.86,4514.7,4514.96,368
2026-08-21 03:17:00,4514.95,4517.81,4514.95,4517.58,374
2026-08-21 03:18:00,4517.58,4518.79,4517.3,4518.66,230
2026-08-21 03:19:00,4518.66,4519.55,4517.53,4517.73,294
2026-08-21 03:20:00,4517.73,4518.65,4516.46,4518.39,375
2026-08-21 03:21:00,4518.39,4518.63,4516.49,4516.58,340
2026-08-21 03:22:00,4516.58,4518.43,4516.58,4518.23,276
2026-08-21 03:23:00,4518.21,4519.16,4518.1,4518.69,251
2026-08-21 03:24:00,4518.69,4519.01,4517.16,4517.6,293
2026-08-21 03:25:00,4517.6,4520.22,4517.32,4520.09,309
2026-08-21 03:26:00,4520.09,4520.6,4519.78,4520.51,270
2026-08-21 03:27:00,4520.51,4520.62,4518.1,4518.37,311
2026-08-21 03:28:00,4518.35,4519.04,4517.78,4518.97,337
2026-08-21 03:29:00,4518.99,4519.02,4513.82,4514.97,404
2026-08-21 03:30:00,4514.82,4515.51,4513.46,4514.04,155
2026-08-21 03:31:00,4514.38,4515.95,4513.1,4515.95,309
2026-08-21 03:32:00,4515.98,4517.21,4514.38,4514.43,252
2026-08-21 03:33:00,4514.43,4515.95,4514.01,4515.75,243
2026-08-21 03:34:00,4515.75,4515.92,4514.31,4514.39,232
2026-08-21 03:35:00,4514.39,4515.85,4513.87,4515.24,291
2026-08-21 03:36:00,4515.24,4515.58,4512.8,4512.94,378
2026-08-21 03:37:00,4512.94,4513.91,4512.69,4513.7,299
2026-08-21 03:38:00,4513.7,4513.87,4511.43,4513.47,321
2026-08-21 03:39:00,4513.47,4514.04,4512.67,4512.81,230
2026-08-21 03:40:00,4512.81,4513.18,4512.41,4512.51,268
2026-08-21 03:41:00,4512.53,4512.58,4510.79,4510.92,239
2026-08-21 03:42:00,4510.92,4511.54,4510.92,4511.54,165
2026-08-21 03:43:00,4511.54,4512.31,4510.88,4512.23,230
2026-08-21 03:44:00,4512.23,4514.42,4511.61,4513.73,341
2026-08-21 03:45:00,4513.73,4514.09,4512.66,4513.44,320
2026-08-21 03:46:00,4513.44,4513.5,4511.39,4511.83,213
2026-08-21 03:47:00,4511.83,4512.03,4510.02,4510.84,254
2026-08-21 03:48:00,4510.84,4511.38,4510.22,4510.56,248
2026-08-21 03:49:00,4510.56,4512.82,4510.37,4511.67,261
2026-08-21 03:50:00,4511.67,4512.11,4511.21,4511.37,172
2026-08-21 03:51:00,4511.37,4511.39,4510.37,4511.04,225
2026-08-21 03:52:00,4511.04,4512.88,4511.04,4512.39,297
2026-08-21 03:53:00,4512.39,4512.39,4510.13,4510.89,325
2026-08-21 03:54:00,4510.9,4511.72,4510.58,4511.1,338
2026-08-21 03:55:00,4511.07,4511.48,4510.28,4510.37,345
2026-08-21 03:56:00,4510.37,4511.16,4510.32,4510.36,235
2026-08-21 03:57:00,4510.36,4511.65,4509.93,4511.64,267
2026-08-21 03:58:00,4511.64,4511.69,4510.43,4511.53,206
2026-08-21 03:59:00,4511.47,4511.49,4509.94,4510.64,348
2026-08-21 04:00:00,4510.64,4513.89,4508.9,4513.1,805
2026-08-21 04:01:00,4513.09,4513.43,4509.04,4512.44,643
2026-08-21 04:02:00,4512.44,4516.85,4512.37,4516.1,581
2026-08-21 04:03:00,4516.13,4517.44,4512.62,4516.16,572
2026-08-21 04:04:00,4516.08,4517.05,4513.22,4513.22,526
2026-08-21 04:05:00,4513.22,4515.13,4512.49,4514.29,596
2026-08-21 04:06:00,4514.29,4516.27,4512.33,4515.65,627
2026-08-21 04:07:00,4515.66,4516.25,4513.17,4515.2,503
2026-08-21 04:08:00,4515.24,4516.17,4513.89,4513.95,587
2026-08-21 04:09:00,4514.14,4515.92,4513.05,4513.96,620
2026-08-21 04:10:00,4513.96,4514.6,4512.66,4512.66,550
2026-08-21 04:11:00,4512.66,4513.69,4512.08,4512.84,501
2026-08-21 04:12:00,4512.84,4518.67,4512.72,4518.25,590
2026-08-21 04:13:00,4518.25,4520.21,4518.1,4518.98,500
2026-08-21 04:14:00,4519.03,4521.22,4518.71,4520.76,350
2026-08-21 04:15:00,4520.74,4524.14,4520.36,4524.06,467
2026-08-21 04:16:00,4524.05,4525.1,4523.28,4525.08,405
2026-08-21 04:17:00,4525.08,4526.77,4524.05,4524.14,414
2026-08-21 04:18:00,4524.14,4524.67,4523.09,4524.1,311
2026-08-21 04:19:00,4524.1,4524.78,4522.73,4524.09,376
2026-08-21 04:20:00,4524.11,4525.61,4522.49,4525.39,503
2026-08-21 04:21:00,4525.39,4527.4,4525.28,4525.32,451
2026-08-21 04:22:00,4525.32,4526.49,4524.57,4526.07,292
2026-08-21 04:23:00,4526.06,4527.93,4525.55,4527.81,317
2026-08-21 04:24:00,4527.81,4529.94,4526.37,4526.47,402
2026-08-21 04:25:00,4526.46,4527.86,4526.44,4526.44,316
2026-08-21 04:26:00,4526.44,4527.45,4525.5,4527.45,376
2026-08-21 04:27:00,4527.43,4530.65,4527.09,4530.02,423
2026-08-21 04:28:00,4530.02,4530.4,4528.45,4530.04,377
2026-08-21 04:29:00,4530.04,4530.37,4529.34,4529.43,347
2026-08-21 04:30:00,4529.43,4530.39,4528.45,4530.12,465
2026-08-21 04:31:00,4530.12,4534.28,4530.12,4532.22,469
2026-08-21 04:32:00,4532.22,4535.35,4532.06,4535.15,370
2026-08-21 04:33:00,4535.15,4536.73,4534.65,4535.68,424
2026-08-21 04:34:00,4535.68,4539.05,4535.49,4537.43,463
2026-08-21 04:35:00,4537.43,4543.79,4536.49,4541.34,528
2026-08-21 04:36:00,4541.37,4541.42,4534.9,4535.49,659
2026-08-21 04:37:00,4535.42,4536.41,4534.38,4535.31,541
2026-08-21 04:38:00,4535.22,4535.28,4529.89,4530.76,519
2026-08-21 04:39:00,4530.76,4531.01,4527.15,4528.91,462
2026-08-21 04:40:00,4528.91,4529.17,4524.86,4525.12,498
2026-08-21 04:41:00,4525.12,4526.85,4523.82,4526.8,432
2026-08-21 04:42:00,4526.82,4526.91,4524.83,4526.45,295
2026-08-21 04:43:00,4526.45,4526.58,4525.01,4525.72,358
2026-08-21 04:44:00,4525.72,4527.53,4525.44,4526.1,326
2026-08-21 04:45:00,4526.1,4527.41,4525.84,4527.02,323
2026-08-21 04:46:00,4527.02,4528.52,4526.43,4528.36,295
2026-08-21 04:47:00,4528.32,4531.48,4528.26,4531.08,347
2026-08-21 04:48:00,4531.08,4532.53,4530.11,4532.29,312
2026-08-21 04:49:00,4532.29,4533.47,4530.51,4531.41,323
2026-08-21 04:50:00,4531.41,4532.22,4527.39,4528.12,343
2026-08-21 04:51:00,4528.12,4529.41,4525.79,4525.79,304
2026-08-21 04:52:00,4525.79,4527.38,4525.51,4527.33,329
2026-08-21 04:53:00,4527.33,4528.02,4526.89,4527.13,327
2026-08-21 04:54:00,4527.13,4527.61,4526.17,4526.17,385
2026-08-21 04:55:00,4526.17,4527.91,4526.06,4527.24,413
2026-08-21 04:56:00,4527.24,4528.45,4527.06,4527.85,393
2026-08-21 04:57:00,4527.85,4530.07,4527.43,4529.82,433
2026-08-21 04:58:00,4529.7,4530.31,4529.25,4529.6,415
2026-08-21 04:59:00,4529.6,4530.95,4529.38,4530.69,388
2026-08-21 05:00:00,4530.69,4531.13,4529.09,4530.32,463
2026-08-21 05:01:00,4530.32,4531.29,4528.56,4528.64,380
2026-08-21 05:02:00,4528.64,4530.35,4526.73,4526.83,370
2026-08-21 05:03:00,4526.85,4527.48,4524.99,4525.4,384
2026-08-21 05:04:00,4525.56,4526.87,4521.4,4522.65,441
2026-08-21 05:05:00,4522.63,4523.26,4521.58,4521.89,380
2026-08-21 05:06:00,4521.91,4524.51,4521.14,4524.51,451
2026-08-21 05:07:00,4524.51,4524.54,4521.21,4522.76,363
2026-08-21 05:08:00,4522.76,4523.93,4522.76,4523.93,273
2026-08-21 05:09:00,4523.93,4525.38,4522.8,4523.1,298
2026-08-21 05:10:00,4523.11,4523.65,4520.46,4520.74,393
2026-08-21 05:11:00,4520.74,4521.42,4520.11,4521.27,328
2026-08-21 05:12:00,4521.27,4521.8,4518.3,4518.51,388
2026-08-21 05:13:00,4518.61,4522.23,4518.45,4522.02,286
2026-08-21 05:14:00,4522.02,4522.19,4520.29,4521.07,386
2026-08-21 05:15:00,4521.07,4521.81,4520.58,4521.04,259
2026-08-21 05:16:00,4521.04,4522.37,4520.6,4522.16,213
2026-08-21 05:17:00,4522.16,4522.45,4521.11,4521.39,197
2026-08-21 05:18:00,4521.39,4522.1,4520.21,4521.33,199
2026-08-21 05:19:00,4521.31,4522.5,4521.26,4522.43,110
2026-08-21 05:20:00,4522.43,4523.33,4522.43,4523.0,137
2026-08-21 05:21:00,4523.0,4523.2,4522.29,4523.2,190
2026-08-21 05:22:00,4523.2,4524.67,4523.02,4524.53,228
2026-08-21 05:23:00,4524.53,4527.11,4524.53,4526.7,299
2026-08-21 05:24:00,4526.7,4527.4,4526.67,4527.35,240
2026-08-21 05:25:00,4527.35,4529.34,4527.29,4529.04,286
2026-08-21 05:26:00,4529.04,4529.25,4528.27,4529.17,190
2026-08-21 05:27:00,4529.15,4529.38,4527.91,4528.1,269
2026-08-21 05:28:00,4528.1,4528.1,4526.62,4526.88,223
2026-08-21 05:29:00,4526.9,4527.39,4526.1,4527.33,250
2026-08-21 05:30:00,4527.33,4529.83,4525.3,4527.8,573
2026-08-21 05:31:00,4527.8,4530.59,4527.32,4529.95,440
2026-08-21 05:32:00,4529.95,4530.8,4527.55,4528.1,431
2026-08-21 05:33:00,4528.1,4528.36,4525.49,4525.57,333
2026-08-21 05:34:00,4525.57,4527.04,4525.57,4526.35,335
2026-08-21 05:35:00,4526.36,4528.67,4526.33,4527.78,385
2026-08-21 05:36:00,4527.78,4528.57,4526.65,4526.75,291
2026-08-21 05:37:00,4526.75,4528.47,4526.42,4527.79,259
2026-08-21 05:38:00,4527.79,4529.77,4527.2,4529.68,230
2026-08-21 05:39:00,4529.68,4531.9,4529.57,4531.36,251
2026-08-21 05:40:00,4531.36,4533.45,4531.21,4532.85,284
2026-08-21 05:41:00,4532.85,4534.4,4532.17,4534.4,300
2026-08-21 05:42:00,4534.4,4534.7,4533.06,4534.27,244
2026-08-21 05:43:00,4534.27,4536.11,4534.04,4535.96,293
2026-08-21 05:44:00,4536.01,4538.29,4535.07,4538.25,361
2026-08-21 05:45:00,4538.25,4539.45,4535.3,4536.55,415
2026-08-21 05:46:00,4536.59,4537.51,4535.9,4536.19,263
2026-08-21 05:47:00,4536.19,4536.99,4535.83,4536.39,264
2026-08-21 05:48:00,4536.39,4538.81,4536.39,4537.85,291
2026-08-21 05:49:00,4537.83,4539.54,4537.44,4538.98,319
2026-08-21 05:50:00,4538.98,4539.19,4537.05,4537.21,338
2026-08-21 05:51:00,4537.21,4539.15,4534.95,4538.77,329
2026-08-21 05:52:00,4538.77,4543.06,4538.77,4541.52,468
2026-08-21 05:53:00,4541.52,4541.73,4539.35,4539.7,341
2026-08-21 05:54:00,4539.7,4541.04,4539.33,4540.82,288
2026-08-21 05:55:00,4540.82,4541.15,4538.93,4539.21,338
2026-08-21 05:56:00,4539.21,4539.46,4537.47,4537.98,322
2026-08-21 05:57:00,4537.95,4538.97,4537.45,4537.56,253
2026-08-21 05:58:00,4537.56,4537.56,4534.31,4534.35,323
2026-08-21 05:59:00,4534.35,4534.72,4532.38,4533.75,354
2026-08-21 06:00:00,4533.76,4535.3,4533.04,4534.01,386
2026-08-21 06:01:00,4534.0,4535.34,4533.92,4534.19,294
2026-08-21 06:02:00,4534.19,4538.0,4534.18,4536.8,287
2026-08-21 06:03:00,4536.8,4538.63,4536.0,4536.47,288
2026-08-21 06:04:00,4536.54,4536.56,4532.95,4533.33,332
2026-08-21 06:05:00,4533.29,4534.69,4533.26,4533.82,197
2026-08-21 06:06:00,4533.82,4533.85,4531.84,4533.58,264
2026-08-21 06:07:00,4533.71,4534.49,4533.49,4533.64,230
2026-08-21 06:08:00,4533.64,4535.43,4532.81,4535.43,291
2026-08-21 06:09:00,4535.43,4535.83,4534.33,4534.33,278
2026-08-21 06:10:00,4534.33,4535.23,4533.62,4534.98,273
2026-08-21 06:11:00,4534.98,4536.49,4534.71,4535.44,247
2026-08-21 06:12:00,4535.45,4536.2,4535.32,4535.74,178
2026-08-21 06:13:00,4535.74,4535.91,4534.09,4534.99,325
2026-08-21 06:14:00,4535.0,4535.0,4532.35,4532.55,334
2026-08-21 06:15:00,4532.55,4533.27,4532.02,4533.03,294
2026-08-21 06:16:00,4533.03,4534.12,4533.01,4534.01,226
2026-08-21 06:17:00,4534.01,4534.01,4532.4,4532.94,215
2026-08-21 06:18:00,4532.94,4534.62,4532.83,4534.01,253
2026-08-21 06:19:00,4534.01,4534.6,4532.46,4532.82,280
2026-08-21 06:20:00,4532.82,4534.28,4532.47,4533.86,247
2026-08-21 06:21:00,4533.86,4534.27,4532.64,4533.47,149
2026-08-21 06:22:00,4533.47,4534.38,4532.54,4533.75,172
2026-08-21 06:23:00,4533.75,4534.45,4533.58,4533.92,183
2026-08-21 06:24:00,4533.92,4534.83,4533.32,4533.6,301
2026-08-21 06:25:00,4533.6,4534.81,4533.1,4533.83,228
2026-08-21 06:26:00,4533.83,4533.83,4532.51,4532.56,250
2026-08-21 06:27:00,4532.56,4532.65,4531.43,4532.42,246
2026-08-21 06:28:00,4532.42,4532.43,4531.29,4531.67,270
2026-08-21 06:29:00,4531.67,4532.0,4529.63,4529.7,340
2026-08-21 06:30:00,4529.71,4531.25,4529.25,4530.09,246
2026-08-21 06:31:00,4530.09,4533.13,4530.07,4531.94,246
2026-08-21 06:32:00,4531.94,4535.7,4531.94,4535.18,223
2026-08-21 06:33:00,4535.18,4535.3,4534.29,4534.34,221
2026-08-21 06:34:00,4534.33,4535.84,4534.27,4535.56,169
2026-08-21 06:35:00,4535.55,4535.73,4532.76,4532.77,173
2026-08-21 06:36:00,4532.77,4532.77,4530.66,4531.3,209
2026-08-21 06:37:00,4531.3,4531.8,4530.61,4531.64,156
2026-08-21 06:38:00,4531.64,4531.68,4529.37,4530.93,211
2026-08-21 06:39:00,4530.93,4531.03,4529.31,4529.34,229
2026-08-21 06:40:00,4529.34,4529.57,4527.37,4528.55,288
2026-08-21 06:41:00,4528.55,4528.62,4526.69,4528.01,305
2026-08-21 06:42:00,4528.01,4529.09,4527.13,4528.94,194
2026-08-21 06:43:00,4528.94,4529.16,4528.57,4529.16,170
2026-08-21 06:44:00,4529.16,4529.49,4528.66,4529.29,158
2026-08-21 06:45:00,4529.29,4529.62,4528.28,4528.5,133
2026-08-21 06:46:00,4528.5,4530.81,4528.47,4530.32,156
2026-08-21 06:47:00,4530.32,4531.47,4529.64,4530.83,189
2026-08-21 06:48:00,4530.83,4533.96,4530.58,4533.42,262
2026-08-21 06:49:00,4533.4,4533.4,4531.7,4531.71,149
2026-08-21 06:50:00,4531.71,4532.36,4531.7,4532.17,180
2026-08-21 06:51:00,4532.17,4533.33,4532.15,4533.33,118
2026-08-21 06:52:00,4533.33,4533.55,4532.04,4532.05,154
2026-08-21 06:53:00,4532.05,4533.04,4531.67,4532.65,160
2026-08-21 06:54:00,4532.65,4533.35,4532.62,4533.21,96
2026-08-21 06:55:00,4533.21,4534.08,4533.16,4533.77,147
2026-08-21 06:56:00,4533.8,4533.81,4533.05,4533.13,104
2026-08-21 06:57:00,4533.13,4533.58,4532.51,4533.21,161
2026-08-21 06:58:00,4533.21,4535.35,4533.21,4535.35,179
2026-08-21 06:59:00,4535.35,4535.84,4534.91,4535.55,160
2026-08-21 07:00:00,4535.55,4536.86,4535.55,4536.71,215
2026-08-21 07:01:00,4536.71,4537.53,4536.55,4536.98,259
2026-08-21 07:02:00,4536.98,4538.86,4536.95,4538.03,204
2026-08-21 07:03:00,4538.01,4539.23,4537.36,4537.75,210
2026-08-21 07:04:00,4537.76,4538.92,4537.64,4538.7,157
2026-08-21 07:05:00,4538.7,4539.13,4538.03,4539.12,142
2026-08-21 07:06:00,4539.12,4539.79,4536.57,4537.14,239
2026-08-21 07:07:00,4537.1,4537.6,4536.45,4536.45,194
2026-08-21 07:08:00,4536.45,4537.03,4536.13,4537.03,128
2026-08-21 07:09:00,4537.07,4538.76,4537.06,4538.25,225
2026-08-21 07:10:00,4538.25,4539.9,4538.21,4539.2,245
2026-08-21 07:11:00,4539.23,4539.32,4537.67,4537.67,192
2026-08-21 07:12:00,4537.67,4538.01,4537.17,4537.92,141
2026-08-21 07:13:00,4537.92,4540.4,4537.81,4539.88,166
2026-08-21 07:14:00,4539.88,4541.35,4539.36,4540.09,338
2026-08-21 07:15:00,4540.09,4540.62,4537.72,4538.67,310
2026-08-21 07:16:00,4538.67,4538.92,4537.4,4538.0,219
2026-08-21 07:17:00,4538.0,4538.99,4537.94,4538.52,195
2026-08-21 07:18:00,4538.52,4540.68,4537.92,4540.31,228
2026-08-21 07:19:00,4540.31,4541.36,4539.99,4541.36,150
2026-08-21 07:20:00,4541.36,4543.0,4541.02,4542.59,243
2026-08-21 07:21:00,4542.59,4545.99,4541.91,4543.4,287
2026-08-21 07:22:00,4543.42,4543.52,4541.34,4542.98,236
2026-08-21 07:23:00,4542.98,4543.89,4542.14,4543.75,201
2026-08-21 07:24:00,4543.75,4543.96,4542.51,4543.2,157
2026-08-21 07:25:00,4543.27,4544.2,4542.7,4544.1,164
2026-08-21 07:26:00,4544.12,4545.67,4543.91,4545.55,238
2026-08-21 07:27:00,4545.55,4546.82,4545.31,4546.06,225
2026-08-21 07:28:00,4546.06,4547.18,4545.46,4546.65,279
2026-08-21 07:29:00,4546.67,4547.31,4545.18,4546.8,207
2026-08-21 07:30:00,4546.8,4547.58,4545.37,4547.51,303
2026-08-21 07:31:00,4547.39,4547.56,4546.86,4547.24,164
2026-08-21 07:32:00,4547.24,4548.11,4544.07,4544.07,203
2026-08-21 07:33:00,4544.06,4544.71,4543.32,4543.95,225
2026-08-21 07:34:00,4543.95,4545.04,4543.71,4544.13,190
2026-08-21 07:35:00,4544.13,4544.68,4543.53,4544.21,149
2026-08-21 07:36:00,4544.21,4544.43,4542.7,4543.11,171
2026-08-21 07:37:00,4543.11,4543.31,4542.6,4543.22,130
2026-08-21 07:38:00,4543.22,4543.25,4540.82,4542.0,162
2026-08-21 07:39:00,4542.0,4542.83,4541.95,4541.95,145
2026-08-21 07:40:00,4541.95,4543.3,4541.69,4542.84,156
2026-08-21 07:41:00,4542.84,4542.95,4541.07,4541.5,145
2026-08-21 07:42:00,4541.5,4541.63,4540.86,4541.44,146
2026-08-21 07:43:00,4541.44,4542.69,4541.42,4541.56,171
2026-08-21 07:44:00,4541.56,4542.0,4540.96,4541.75,154
2026-08-21 07:45:00,4541.75,4541.76,4540.19,4540.65,122
2026-08-21 07:46:00,4540.65,4541.86,4540.44,4541.5,206
2026-08-21 07:47:00,4541.5,4541.62,4541.1,4541.57,86
2026-08-21 07:48:00,4541.57,4542.04,4540.41,4541.65,135
2026-08-21 07:49:00,4541.65,4542.11,4540.63,4540.96,167
2026-08-21 07:50:00,4540.97,4541.83,4540.87,4541.4,161
2026-08-21 07:51:00,4541.4,4541.81,4541.24,4541.81,111
2026-08-21 07:52:00,4541.81,4542.43,4541.17,4542.43,170
2026-08-21 07:53:00,4542.43,4542.5,4541.34,4541.96,111
2026-08-21 07:54:00,4541.96,4541.96,4540.94,4541.5,100
2026-08-21 07:55:00,4541.5,4541.7,4541.0,4541.61,151
2026-08-21 07:56:00,4541.61,4541.64,4540.95,4541.45,136
2026-08-21 07:57:00,4541.45,4542.32,4540.88,4540.91,142
2026-08-21 07:58:00,4540.91,4541.48,4540.79,4541.23,119
2026-08-21 07:59:00,4541.28,4541.5,4540.34,4540.68,129
2026-08-21 08:00:00,4540.68,4540.79,4539.72,4539.77,256
2026-08-21 08:01:00,4539.77,4539.78,4537.32,4537.75,195
2026-08-21 08:02:00,4537.75,4537.95,4536.68,4537.24,199
2026-08-21 08:03:00,4537.24,4537.93,4536.92,4537.56,180
2026-08-21 08:04:00,4537.56,4537.92,4537.26,4537.89,199
2026-08-21 08:05:00,4537.89,4539.7,4537.82,4539.32,239
2026-08-21 08:06:00,4539.32,4539.8,4538.73,4538.97,137
2026-08-21 08:07:00,4538.98,4539.0,4536.62,4536.68,156
2026-08-21 08:08:00,4536.76,4536.79,4535.24,4536.41,239
2026-08-21 08:09:00,4536.41,4536.82,4536.16,4536.71,170
2026-08-21 08:10:00,4536.71,4536.78,4534.78,4535.73,222
2026-08-21 08:11:00,4535.74,4536.74,4535.36,4535.37,166
2026-08-21 08:12:00,4535.37,4536.38,4535.19,4535.23,121
2026-08-21 08:13:00,4535.24,4536.55,4535.19,4535.73,131
2026-08-21 08:14:00,4535.73,4537.76,4535.72,4537.23,159
2026-08-21 08:15:00,4537.2,4538.77,4535.84,4535.84,211
2026-08-21 08:16:00,4535.84,4535.84,4534.11,4534.43,184
2026-08-21 08:17:00,4534.43,4534.43,4530.98,4533.55,404
2026-08-21 08:18:00,4533.55,4534.03,4532.27,4533.92,265
2026-08-21 08:19:00,4533.92,4534.72,4533.09,4533.72,192
2026-08-21 08:20:00,4533.72,4534.12,4532.71,4533.58,227
2026-08-21 08:21:00,4533.58,4533.97,4532.96,4533.18,147
2026-08-21 08:22:00,4533.19,4534.45,4533.18,4533.8,144
2026-08-21 08:23:00,4533.8,4534.63,4533.56,4534.63,132
2026-08-21 08:24:00,4534.63,4534.63,4533.46,4533.87,132
2026-08-21 08:25:00,4533.88,4534.52,4533.77,4533.87,189
2026-08-21 08:26:00,4533.87,4533.87,4531.26,4531.26,203
2026-08-21 08:27:00,4531.26,4532.37,4530.85,4531.1,247
2026-08-21 08:28:00,4531.1,4531.99,4530.72,4531.02,200
2026-08-21 08:29:00,4531.02,4531.85,4530.6,4530.61,176
2026-08-21 08:30:00,4530.61,4534.77,4529.15,4532.88,582
2026-08-21 08:31:00,4532.88,4533.83,4531.56,4532.78,435
2026-08-21 08:32:00,4532.78,4536.02,4532.7,4535.96,315
2026-08-21 08:33:00,4535.98,4538.38,4535.5,4538.04,427
2026-08-21 08:34:00,4538.04,4538.42,4536.72,4538.19,382
2026-08-21 08:35:00,4538.27,4540.65,4537.97,4540.65,373
2026-08-21 08:36:00,4540.65,4540.86,4539.75,4540.72,203
2026-08-21 08:37:00,4540.64,4540.64,4538.11,4538.11,280
2026-08-21 08:38:00,4538.11,4539.51,4537.57,4538.81,217
2026-08-21 08:39:00,4538.81,4539.54,4535.3,4536.37,300
2026-08-21 08:40:00,4536.34,4537.95,4536.22,4536.46,304
2026-08-21 08:41:00,4536.46,4537.16,4535.95,4537.16,261
2026-08-21 08:42:00,4537.16,4540.1,4536.41,4539.18,285
2026-08-21 08:43:00,4539.18,4539.39,4538.07,4539.09,221
2026-08-21 08:44:00,4539.05,4543.55,4538.95,4543.27,320
2026-08-21 08:45:00,4543.28,4543.34,4541.87,4542.6,261
2026-08-21 08:46:00,4542.6,4543.39,4541.74,4543.0,250
2026-08-21 08:47:00,4543.02,4543.43,4542.49,4543.08,256
2026-08-21 08:48:00,4543.07,4544.29,4542.59,4544.29,270
2026-08-21 08:49:00,4544.26,4546.58,4544.26,4546.23,293
2026-08-21 08:50:00,4546.18,4546.69,4543.26,4545.47,346
2026-08-21 08:51:00,4545.47,4548.33,4545.41,4548.31,276
2026-08-21 08:52:00,4548.31,4549.1,4547.58,4548.69,272
2026-08-21 08:53:00,4548.69,4549.18,4548.21,4548.47,266
2026-08-21 08:54:00,4548.42,4548.42,4546.64,4547.9,312
2026-08-21 08:55:00,4547.9,4552.3,4547.74,4551.7,508
2026-08-21 08:56:00,4551.7,4553.51,4551.69,4552.02,388
2026-08-21 08:57:00,4552.04,4553.54,4551.96,4553.19,326
2026-08-21 08:58:00,4553.19,4555.5,4553.19,4555.02,389
2026-08-21 08:59:00,4555.02,4556.29,4553.47,4553.56,366
2026-08-21 09:00:00,4553.56,4554.26,4552.5,4553.47,517
2026-08-21 09:01:00,4553.47,4555.26,4551.92,4552.6,419
2026-08-21 09:02:00,4552.62,4552.91,4548.16,4548.16,476
2026-08-21 09:03:00,4548.16,4549.89,4547.55,4548.89,340
2026-08-21 09:04:00,4548.89,4549.92,4548.28,4549.53,270
2026-08-21 09:05:00,4549.53,4551.55,4548.63,4550.89,368
2026-08-21 09:06:00,4550.87,4551.5,4549.6,4549.99,284
2026-08-21 09:07:00,4549.99,4550.48,4547.62,4547.76,296
2026-08-21 09:08:00,4547.76,4548.62,4546.91,4547.27,359
2026-08-21 09:09:00,4547.28,4549.15,4547.28,4548.39,279
2026-08-21 09:10:00,4548.39,4549.1,4547.57,4547.99,292
2026-08-21 09:11:00,4547.99,4547.99,4545.57,4545.87,316
2026-08-21 09:12:00,4545.87,4547.81,4545.77,4547.56,321
2026-08-21 09:13:00,4547.56,4548.35,4546.59,4548.17,257
2026-08-21 09:14:00,4548.17,4550.18,4548.17,4548.93,318
2026-08-21 09:15:00,4548.93,4553.74,4548.9,4551.58,440
2026-08-21 09:16:00,4551.58,4555.36,4551.47,4555.36,321
2026-08-21 09:17:00,4555.36,4556.67,4555.09,4555.11,324
2026-08-21 09:18:00,4555.11,4555.65,4554.05,4554.24,294
2026-08-21 09:19:00,4554.24,4555.85,4553.6,4555.8,300
2026-08-21 09:20:00,4555.8,4556.72,4554.39,4554.39,344
2026-08-21 09:21:00,4554.39,4555.19,4552.79,4553.91,342
2026-08-21 09:22:00,4553.91,4553.91,4551.88,4552.64,310
2026-08-21 09:23:00,4552.69,4552.75,4550.19,4550.82,265
2026-08-21 09:24:00,4550.82,4551.24,4550.07,4550.55,263
2026-08-21 09:25:00,4550.55,4552.67,4550.18,4552.6,263
2026-08-21 09:26:00,4552.62,4555.12,4551.87,4555.12,266
2026-08-21 09:27:00,4555.12,4557.37,4554.65,4557.16,349
2026-08-21 09:28:00,4557.13,4558.18,4556.62,4556.95,365
2026-08-21 09:29:00,4556.95,4557.37,4555.41,4555.43,309
2026-08-21 09:30:00,4555.43,4556.63,4554.59,4556.04,334
2026-08-21 09:31:00,4556.04,4557.58,4555.73,4556.93,289
2026-08-21 09:32:00,4556.93,4559.43,4556.58,4559.34,311
2026-08-21 09:33:00,4559.34,4561.96,4559.16,4561.5,382
2026-08-21 09:34:00,4561.49,4563.54,4561.23,4561.47,484
2026-08-21 09:35:00,4561.47,4565.31,4561.38,4564.96,473
2026-08-21 09:36:00,4564.92,4565.04,4563.89,4564.54,330
2026-08-21 09:37:00,4564.54,4565.61,4564.2,4565.45,336
2026-08-21 09:38:00,4565.44,4565.85,4564.41,4564.56,271
2026-08-21 09:39:00,4564.56,4565.86,4564.56,4564.87,188
2026-08-21 09:40:00,4564.87,4564.95,4560.61,4560.92,385
2026-08-21 09:41:00,4560.92,4561.67,4560.52,4561.2,311
2026-08-21 09:42:00,4561.08,4564.96,4560.97,4564.49,344
2026-08-21 09:43:00,4564.49,4564.52,4563.53,4564.16,247
2026-08-21 09:44:00,4564.16,4564.87,4562.5,4562.51,297
2026-08-21 09:45:00,4562.51,4565.34,4562.51,4563.35,377
2026-08-21 09:46:00,4563.36,4563.99,4563.26,4563.69,179
2026-08-21 09:47:00,4563.69,4564.55,4563.59,4563.79,210
2026-08-21 09:48:00,4563.79,4566.22,4563.6,4566.05,264
2026-08-21 09:49:00,4566.05,4567.6,4565.97,4567.35,307
2026-08-21 09:50:00,4567.35,4567.42,4566.16,4566.88,320
2026-08-21 09:51:00,4566.88,4566.88,4565.45,4565.81,333
2026-08-21 09:52:00,4565.81,4566.64,4565.48,4566.13,252
2026-08-21 09:53:00,4566.13,4566.17,4564.76,4565.16,281
2026-08-21 09:54:00,4565.16,4565.67,4564.38,4564.84,274
2026-08-21 09:55:00,4564.87,4565.13,4564.27,4564.69,241
2026-08-21 09:56:00,4564.73,4567.64,4564.42,4564.75,332
2026-08-21 09:57:00,4564.75,4565.38,4563.39,4563.49,225
2026-08-21 09:58:00,4563.49,4563.6,4561.77,4561.8,265
2026-08-21 09:59:00,4561.8,4562.6,4560.95,4560.99,310
2026-08-21 10:00:00,4560.92,4562.41,4559.6,4562.41,324
2026-08-21 10:01:00,4562.41,4564.01,4561.85,4561.93,304
2026-08-21 10:02:00,4561.93,4563.03,4561.01,4561.34,209
2026-08-21 10:03:00,4561.34,4563.71,4561.34,4563.6,256
2026-08-21 10:04:00,4563.6,4566.1,4561.75,4565.91,267
2026-08-21 10:05:00,4565.93,4565.98,4563.32,4564.08,279
2026-08-21 10:06:00,4564.08,4564.16,4563.37,4563.71,177
2026-08-21 10:07:00,4563.71,4564.09,4563.39,4563.78,194
2026-08-21 10:08:00,4563.78,4564.04,4561.46,4562.2,256
2026-08-21 10:09:00,4562.2,4562.3,4558.89,4558.89,295
2026-08-21 10:10:00,4558.86,4560.48,4558.58,4560.31,278
2026-08-21 10:11:00,4560.28,4560.28,4558.79,4559.54,258
2026-08-21 10:12:00,4559.54,4560.82,4558.87,4558.99,242
2026-08-21 10:13:00,4559.04,4560.31,4558.72,4559.33,190
2026-08-21 10:14:00,4559.33,4561.69,4559.23,4561.52,206
2026-08-21 10:15:00,4561.52,4562.18,4559.8,4561.88,226
2026-08-21 10:16:00,4561.88,4562.39,4561.09,4562.26,237
2026-08-21 10:17:00,4562.26,4564.96,4561.92,4564.58,226
2026-08-21 10:18:00,4564.58,4567.12,4564.58,4566.61,277
2026-08-21 10:19:00,4566.61,4566.78,4565.72,4566.36,180
2026-08-21 10:20:00,4566.36,4566.57,4565.35,4565.45,193
2026-08-21 10:21:00,4565.45,4566.14,4564.66,4565.54,279
2026-08-21 10:22:00,4565.54,4567.97,4565.26,4565.26,252
2026-08-21 10:23:00,4565.26,4565.26,4563.43,4565.1,274
2026-08-21 10:24:00,4564.99,4565.23,4562.96,4563.59,242
2026-08-21 10:25:00,4563.6,4564.52,4562.78,4563.23,224
2026-08-21 10:26:00,4563.23,4563.63,4561.07,4561.49,251
2026-08-21 10:27:00,4561.49,4561.7,4560.86,4561.38,171
2026-08-21 10:28:00,4561.38,4562.76,4561.38,4562.76,184
2026-08-21 10:29:00,4562.76,4562.78,4561.56,4561.79,159
2026-08-21 10:30:00,4561.45,4563.54,4560.43,4563.16,362
2026-08-21 10:31:00,4563.16,4564.82,4562.1,4562.1,310
2026-08-21 10:32:00,4562.1,4563.05,4561.14,4562.62,209
2026-08-21 10:33:00,4562.61,4563.33,4561.4,4562.38,227
2026-08-21 10:34:00,4562.39,4562.55,4561.48,4562.18,195
2026-08-21 10:35:00,4562.18,4562.7,4561.32,4561.72,231
2026-08-21 10:36:00,4561.72,4563.22,4561.42,4562.39,270
2026-08-21 10:37:00,4562.39,4563.1,4560.18,4560.78,251
2026-08-21 10:38:00,4560.78,4564.9,4560.78,4564.6,304
2026-08-21 10:39:00,4564.6,4564.92,4563.0,4564.17,228
2026-08-21 10:40:00,4564.21,4564.91,4562.62,4563.42,209
2026-08-21 10:41:00,4563.42,4564.54,4563.32,4564.32,209
2026-08-21 10:42:00,4564.32,4566.19,4564.12,4565.73,193
2026-08-21 10:43:00,4565.76,4566.0,4564.11,4565.55,233
2026-08-21 10:44:00,4565.55,4565.98,4563.6,4564.29,283
2026-08-21 10:45:00,4564.29,4565.72,4563.55,4564.82,216
2026-08-21 10:46:00,4564.82,4564.84,4562.66,4563.58,184
2026-08-21 10:47:00,4563.58,4567.51,4563.51,4567.28,304
2026-08-21 10:48:00,4567.3,4568.04,4563.83,4564.39,356
2026-08-21 10:49:00,4564.39,4566.13,4564.19,4566.01,261
2026-08-21 10:50:00,4566.01,4567.18,4565.12,4565.22,297
2026-08-21 10:51:00,4565.22,4565.66,4564.47,4564.47,230
2026-08-21 10:52:00,4564.47,4564.5,4562.82,4562.82,262
2026-08-21 10:53:00,4562.81,4564.13,4562.27,4562.34,228
2026-08-21 10:54:00,4562.36,4562.67,4560.92,4561.88,218
2026-08-21 10:55:00,4561.88,4561.94,4561.24,4561.42,196
2026-08-21 10:56:00,4562.05,4563.84,4561.95,4562.9,287
2026-08-21 10:57:00,4562.9,4565.01,4562.82,4564.28,261
2026-08-21 10:58:00,4564.25,4564.25,4563.1,4563.5,205
2026-08-21 10:59:00,4563.49,4564.55,4562.64,4564.39,146
2026-08-21 11:00:00,4564.5,4565.39,4562.25,4565.16,384
2026-08-21 11:01:00,4565.18,4566.7,4564.26,4564.86,290
2026-08-21 11:02:00,4564.86,4564.95,4563.35,4564.64,151
2026-08-21 11:03:00,4564.66,4565.16,4562.42,4562.72,220
2026-08-21 11:04:00,4562.7,4562.71,4561.3,4561.34,260
2026-08-21 11:05:00,4561.34,4562.06,4560.74,4560.75,298
2026-08-21 11:06:00,4560.74,4560.88,4559.48,4559.69,411
2026-08-21 11:07:00,4559.68,4560.32,4559.06,4559.77,350
2026-08-21 11:08:00,4559.74,4561.93,4559.58,4561.24,326
2026-08-21 11:09:00,4561.24,4562.81,4560.69,4561.72,316
2026-08-21 11:10:00,4561.72,4563.38,4561.57,4562.56,228
2026-08-21 11:11:00,4562.56,4564.14,4562.26,4564.06,268
2026-08-21 11:12:00,4564.06,4565.75,4564.0,4565.41,321
2026-08-21 11:13:00,4565.41,4567.83,4564.8,4567.67,310
2026-08-21 11:14:00,4567.67,4568.05,4565.54,4565.56,340
2026-08-21 11:15:00,4565.56,4566.06,4563.91,4564.68,225
2026-08-21 11:16:00,4564.68,4566.52,4564.3,4566.08,215
2026-08-21 11:17:00,4566.05,4570.38,4566.05,4570.2,342
2026-08-21 11:18:00,4570.2,4570.22,4569.09,4569.59,285
2026-08-21 11:19:00,4569.59,4573.54,4569.05,4572.7,345
2026-08-21 11:20:00,4572.7,4574.01,4571.85,4574.01,342
2026-08-21 11:21:00,4573.96,4576.49,4573.12,4576.46,384
2026-08-21 11:22:00,4576.46,4576.55,4574.37,4575.7,278
2026-08-21 11:23:00,4575.7,4577.8,4575.17,4577.51,340
2026-08-21 11:24:00,4577.51,4579.34,4577.21,4577.76,353
2026-08-21 11:25:00,4577.76,4580.78,4577.54,4580.5,439
2026-08-21 11:26:00,4580.5,4580.5,4579.27,4579.67,327
2026-08-21 11:27:00,4579.56,4581.12,4579.49,4580.63,301
2026-08-21 11:28:00,4580.62,4581.87,4579.4,4579.65,307
2026-08-21 11:29:00,4579.65,4580.62,4579.16,4579.38,354
2026-08-21 11:30:00,4579.43,4579.85,4578.85,4578.9,402
2026-08-21 11:31:00,4578.9,4579.15,4577.78,4578.54,360
2026-08-21 11:32:00,4578.54,4581.16,4578.54,4581.16,366
2026-08-21 11:33:00,4581.16,4581.56,4580.04,4580.6,275
2026-08-21 11:34:00,4580.6,4581.53,4580.17,4580.81,304
2026-08-21 11:35:00,4580.81,4581.9,4580.74,4581.74,265
2026-08-21 11:36:00,4581.74,4582.66,4580.54,4581.23,277
2026-08-21 11:37:00,4581.23,4582.55,4581.02,4582.5,238
2026-08-21 11:38:00,4582.5,4582.81,4578.22,4578.39,399
2026-08-21 11:39:00,4578.41,4579.68,4576.56,4579.53,336
2026-08-21 11:40:00,4579.53,4581.3,4579.06,4580.13,340
2026-08-21 11:41:00,4580.13,4582.93,4579.59,4582.44,276
2026-08-21 11:42:00,4582.43,4584.1,4581.74,4582.63,364
2026-08-21 11:43:00,4582.61,4582.68,4580.88,4582.63,295
2026-08-21 11:44:00,4582.63,4584.34,4582.23,4582.53,356
2026-08-21 11:45:00,4582.52,4583.0,4581.16,4581.59,255
2026-08-21 11:46:00,4581.58,4582.7,4581.28,4582.61,201
2026-08-21 11:47:00,4582.61,4583.49,4582.25,4583.49,227
2026-08-21 11:48:00,4583.49,4583.59,4581.16,4581.16,263
2026-08-21 11:49:00,4581.18,4582.04,4580.63,4581.05,270
2026-08-21 11:50:00,4581.05,4581.81,4580.9,4581.05,237
2026-08-21 11:51:00,4581.05,4583.36,4580.43,4582.78,294
2026-08-21 11:52:00,4582.79,4582.79,4580.73,4581.19,243
2026-08-21 11:53:00,4581.19,4582.56,4581.14,4581.65,251
2026-08-21 11:54:00,4581.65,4581.9,4580.9,4581.68,236
2026-08-21 11:55:00,4581.7,4581.86,4580.46,4581.01,243
2026-08-21 11:56:00,4581.01,4581.21,4580.67,4581.17,208
2026-08-21 11:57:00,4581.17,4583.13,4580.8,4583.06,215
2026-08-21 11:58:00,4583.06,4583.2,4582.39,4582.59,237
2026-08-21 11:59:00,4582.57,4584.98,4582.55,4584.19,253
2026-08-21 12:00:00,4584.19,4584.63,4583.23,4584.3,313
2026-08-21 12:01:00,4584.3,4585.73,4583.86,4585.31,262
2026-08-21 12:02:00,4585.31,4585.31,4582.96,4584.25,257
2026-08-21 12:03:00,4584.25,4584.25,4582.36,4583.45,249
2026-08-21 12:04:00,4583.39,4586.14,4583.27,4586.14,290
2026-08-21 12:05:00,4586.14,4586.15,4584.74,4585.93,274
2026-08-21 12:06:00,4585.93,4588.44,4585.58,4587.84,365
2026-08-21 12:07:00,4587.84,4590.39,4587.22,4589.93,325
2026-08-21 12:08:00,4589.9,4593.89,4589.6,4593.38,500
2026-08-21 12:09:00,4593.38,4596.34,4593.0,4595.52,437
2026-08-21 12:10:00,4595.52,4597.16,4595.36,4596.24,390
2026-08-21 12:11:00,4596.24,4597.68,4595.94,4597.48,363
2026-08-21 12:12:00,4597.48,4598.04,4596.38,4596.7,384
2026-08-21 12:13:00,4596.7,4600.54,4596.7,4599.6,435
2026-08-21 12:14:00,4599.62,4599.63,4598.21,4599.3,342
2026-08-21 12:15:00,4599.3,4600.0,4597.8,4599.55,322
2026-08-21 12:16:00,4599.56,4601.06,4599.33,4600.75,312
2026-08-21 12:17:00,4600.81,4601.34,4599.42,4601.17,286
2026-08-21 12:18:00,4601.17,4602.18,4596.45,4596.53,424
2026-08-21 12:19:00,4596.53,4597.3,4593.07,4593.18,358
2026-08-21 12:20:00,4593.18,4593.2,4589.98,4591.36,411
2026-08-21 12:21:00,4591.36,4591.89,4588.05,4588.47,415
2026-08-21 12:22:00,4588.47,4590.28,4588.03,4588.74,348
2026-08-21 12:23:00,4588.74,4589.17,4585.63,4586.8,413
2026-08-21 12:24:00,4586.8,4587.03,4584.86,4586.99,323
2026-08-21 12:25:00,4587.04,4587.72,4585.81,4587.42,302
2026-08-21 12:26:00,4587.42,4587.88,4586.16,4586.51,270
2026-08-21 12:27:00,4586.51,4586.68,4583.88,4583.88,289
2026-08-21 12:28:00,4583.88,4584.03,4581.41,4581.93,372
2026-08-21 12:29:00,4581.93,4582.77,4581.43,4582.23,277
2026-08-21 12:30:00,4582.23,4584.19,4582.23,4583.58,427
2026-08-21 12:31:00,4583.58,4584.5,4582.02,4584.33,377
2026-08-21 12:32:00,4584.33,4584.53,4582.88,4583.58,361
2026-08-21 12:33:00,4583.58,4583.68,4582.56,4582.95,289
2026-08-21 12:34:00,4582.93,4583.95,4582.54,4582.83,204
2026-08-21 12:35:00,4582.83,4583.08,4580.81,4582.36,335
2026-08-21 12:36:00,4582.36,4584.1,4581.63,4584.0,230
2026-08-21 12:37:00,4584.0,4585.09,4583.57,4585.06,229
2026-08-21 12:38:00,4585.06,4585.98,4583.77,4585.06,207
2026-08-21 12:39:00,4585.06,4585.71,4583.73,4585.54,262
2026-08-21 12:40:00,4585.54,4586.28,4584.81,4585.15,285
2026-08-21 12:41:00,4585.15,4586.88,4585.08,4586.58,201
2026-08-21 12:42:00,4586.58,4586.8,4583.54,4584.13,241
2026-08-21 12:43:00,4584.13,4584.94,4583.63,4583.79,162
2026-08-21 12:44:00,4583.79,4584.18,4581.76,4583.19,244
2026-08-21 12:45:00,4583.19,4583.5,4582.2,4583.03,257
2026-08-21 12:46:00,4583.03,4583.73,4581.66,4581.75,198
2026-08-21 12:47:00,4581.75,4583.69,4581.17,4583.43,227
2026-08-21 12:48:00,4583.44,4583.78,4581.02,4581.17,214
2026-08-21 12:49:00,4581.17,4582.04,4581.04,4581.56,244
2026-08-21 12:50:00,4581.56,4581.77,4580.95,4581.48,264
2026-08-21 12:51:00,4581.48,4581.65,4580.42,4581.05,240
2026-08-21 12:52:00,4581.04,4582.15,4580.97,4582.15,175
2026-08-21 12:53:00,4582.15,4583.34,4581.43,4583.04,235
2026-08-21 12:54:00,4583.04,4584.2,4582.65,4584.15,202
2026-08-21 12:55:00,4584.15,4585.51,4584.14,4585.16,263
2026-08-21 12:56:00,4585.16,4585.3,4584.59,4585.24,170
2026-08-21 12:57:00,4585.24,4585.24,4584.27,4584.49,171
2026-08-21 12:58:00,4584.49,4584.65,4581.39,4581.39,274
2026-08-21 12:59:00,4581.35,4582.85,4581.27,4582.69,191
2026-08-21 13:00:00,4582.69,4583.54,4581.84,4582.74,294
2026-08-21 13:01:00,4582.74,4586.57,4582.62,4586.56,288
2026-08-21 13:02:00,4586.56,4588.99,4586.38,4587.36,389
2026-08-21 13:03:00,4587.32,4587.63,4585.97,4586.89,198
2026-08-21 13:04:00,4586.89,4587.26,4585.15,4585.2,212
2026-08-21 13:05:00,4585.2,4585.26,4583.25,4583.54,313
2026-08-21 13:06:00,4583.54,4585.32,4583.54,4585.31,196
2026-08-21 13:07:00,4585.31,4585.31,4583.45,4584.42,254
2026-08-21 13:08:00,4584.41,4584.49,4582.69,4583.62,241
2026-08-21 13:09:00,4583.62,4583.67,4581.48,4583.38,306
2026-08-21 13:10:00,4583.38,4584.35,4582.27,4583.34,325
2026-08-21 13:11:00,4583.34,4583.48,4580.21,4580.67,338
2026-08-21 13:12:00,4580.67,4581.23,4580.0,4580.25,253
2026-08-21 13:13:00,4580.25,4580.46,4577.88,4579.19,363
2026-08-21 13:14:00,4579.19,4580.61,4578.82,4578.83,293
2026-08-21 13:15:00,4578.84,4580.78,4578.61,4580.78,306
2026-08-21 13:16:00,4580.78,4582.31,4580.3,4581.55,237
2026-08-21 13:17:00,4581.49,4584.19,4581.49,4583.84,311
2026-08-21 13:18:00,4583.84,4587.31,4583.59,4586.69,261
2026-08-21 13:19:00,4586.69,4586.8,4583.55,4584.53,284
2026-08-21 13:20:00,4584.53,4586.32,4584.34,4586.14,251
2026-08-21 13:21:00,4586.14,4586.18,4583.35,4583.67,254
2026-08-21 13:22:00,4583.67,4584.98,4583.24,4584.97,150
2026-08-21 13:23:00,4584.93,4585.54,4584.5,4585.4,141
2026-08-21 13:24:00,4585.42,4586.81,4585.15,4586.13,211
2026-08-21 13:25:00,4586.13,4586.61,4585.63,4586.41,193
2026-08-21 13:26:00,4586.41,4588.33,4585.93,4588.33,272
2026-08-21 13:27:00,4588.44,4589.37,4586.27,4586.7,328
2026-08-21 13:28:00,4586.7,4588.12,4586.14,4587.72,314
2026-08-21 13:29:00,4587.72,4588.72,4587.56,4588.63,220
2026-08-21 13:30:00,4588.63,4588.85,4587.46,4587.66,217
2026-08-21 13:31:00,4587.66,4587.71,4585.73,4586.42,238
2026-08-21 13:32:00,4586.42,4587.69,4586.4,4587.59,184
2026-08-21 13:33:00,4587.59,4588.9,4587.59,4588.74,207
2026-08-21 13:34:00,4588.74,4590.87,4588.73,4590.51,271
2026-08-21 13:35:00,4590.51,4591.52,4589.79,4590.01,273
2026-08-21 13:36:00,4590.05,4590.7,4589.48,4590.56,232
2026-08-21 13:37:00,4590.56,4592.73,4590.56,4592.31,234
2026-08-21 13:38:00,4592.31,4593.61,4592.02,4592.59,185
2026-08-21 13:39:00,4592.59,4593.71,4592.47,4593.65,161
2026-08-21 13:40:00,4593.65,4594.16,4592.01,4593.27,256
2026-08-21 13:41:00,4593.27,4593.49,4591.39,4592.78,205
2026-08-21 13:42:00,4592.78,4592.81,4591.22,4592.48,167
2026-08-21 13:43:00,4592.48,4594.14,4592.44,4593.33,170
2026-08-21 13:44:00,4593.33,4593.52,4592.27,4593.29,165
2026-08-21 13:45:00,4593.29,4593.74,4592.4,4592.72,195
2026-08-21 13:46:00,4592.72,4592.88,4591.07,4591.22,270
2026-08-21 13:47:00,4591.24,4591.77,4590.99,4591.76,205
2026-08-21 13:48:00,4591.76,4591.89,4590.28,4590.45,144
2026-08-21 13:49:00,4590.5,4590.98,4590.21,4590.77,261
2026-08-21 13:50:00,4590.77,4591.03,4590.01,4590.08,234
2026-08-21 13:51:00,4590.06,4590.89,4589.32,4590.68,220
2026-08-21 13:52:00,4590.68,4591.16,4588.46,4590.22,259
2026-08-21 13:53:00,4590.22,4591.84,4589.5,4591.34,360
2026-08-21 13:54:00,4591.34,4592.65,4590.27,4590.38,307
2026-08-21 13:55:00,4590.38,4590.99,4589.81,4590.37,188
2026-08-21 13:56:00,4590.37,4590.39,4588.0,4589.05,275
2026-08-21 13:57:00,4589.05,4589.27,4587.94,4588.4,271
2026-08-21 13:58:00,4588.38,4588.81,4587.81,4588.03,238
2026-08-21 13:59:00,4588.03,4589.09,4588.0,4588.46,283
2026-08-21 14:00:00,4588.46,4589.01,4587.57,4587.84,443
2026-08-21 14:01:00,4587.84,4589.23,4587.21,4588.99,396
2026-08-21 14:02:00,4589.06,4591.8,4588.83,4591.1,304
2026-08-21 14:03:00,4591.14,4595.19,4591.05,4594.36,312
2026-08-21 14:04:00,4594.36,4594.64,4593.69,4593.93,244
2026-08-21 14:05:00,4593.93,4595.08,4593.79,4594.81,277
2026-08-21 14:06:00,4594.81,4595.48,4592.13,4593.29,370
2026-08-21 14:07:00,4593.29,4593.62,4592.25,4593.48,314
2026-08-21 14:08:00,4593.48,4594.54,4592.17,4592.58,260
2026-08-21 14:09:00,4592.61,4593.48,4590.95,4592.25,310
2026-08-21 14:10:00,4592.25,4593.25,4591.76,4593.25,293
2026-08-21 14:11:00,4593.25,4593.25,4591.8,4591.81,255
2026-08-21 14:12:00,4591.81,4591.82,4588.56,4589.81,266
2026-08-21 14:13:00,4589.81,4590.54,4588.61,4589.11,223
2026-08-21 14:14:00,4589.11,4590.78,4588.93,4590.68,248
2026-08-21 14:15:00,4590.68,4592.89,4590.67,4592.51,246
2026-08-21 14:16:00,4592.37,4592.92,4591.61,4592.38,211
2026-08-21 14:17:00,4592.38,4594.15,4592.22,4593.77,235
2026-08-21 14:18:00,4593.77,4597.87,4593.74,4597.41,340
2026-08-21 14:19:00,4597.41,4597.41,4595.92,4596.2,235
2026-08-21 14:20:00,4596.2,4597.95,4596.17,4596.61,245
2026-08-21 14:21:00,4596.61,4599.48,4596.37,4598.68,350
2026-08-21 14:22:00,4598.68,4601.15,4597.63,4598.1,514
2026-08-21 14:23:00,4598.11,4598.35,4595.93,4597.78,314
2026-08-21 14:24:00,4597.77,4600.35,4597.12,4598.08,577
2026-08-21 14:25:00,4598.08,4600.11,4596.44,4599.61,578
2026-08-21 14:26:00,4599.61,4599.71,4597.11,4597.51,409
2026-08-21 14:27:00,4597.51,4597.51,4595.84,4596.49,310
2026-08-21 14:28:00,4596.49,4597.63,4596.28,4597.49,332
2026-08-21 14:29:00,4597.49,4599.17,4597.32,4598.52,327
2026-08-21 14:30:00,4598.54,4598.92,4597.24,4597.47,285
2026-08-21 14:31:00,4597.47,4597.86,4596.49,4597.44,291
2026-08-21 14:32:00,4597.49,4597.49,4593.5,4593.83,395
2026-08-21 14:33:00,4593.83,4595.89,4593.7,4595.83,392
2026-08-21 14:34:00,4595.83,4595.94,4594.57,4595.09,304
2026-08-21 14:35:00,4595.09,4598.56,4595.09,4597.95,332
2026-08-21 14:36:00,4597.95,4602.96,4597.91,4601.86,520
2026-08-21 14:37:00,4601.85,4604.65,4601.84,4602.88,447
2026-08-21 14:38:00,4602.92,4603.68,4599.63,4599.63,415
2026-08-21 14:39:00,4599.63,4600.07,4596.8,4597.24,391
2026-08-21 14:40:00,4597.24,4597.32,4595.16,4595.21,445
2026-08-21 14:41:00,4595.09,4595.61,4593.38,4594.98,484
2026-08-21 14:42:00,4594.98,4595.12,4593.91,4594.17,315
2026-08-21 14:43:00,4594.19,4594.91,4593.68,4594.4,297
2026-08-21 14:44:00,4594.45,4597.94,4594.45,4597.17,317
2026-08-21 14:45:00,4597.17,4598.14,4596.63,4597.6,277
2026-08-21 14:46:00,4597.6,4598.33,4597.23,4597.63,249
2026-08-21 14:47:00,4597.63,4599.3,4597.38,4598.78,321
2026-08-21 14:48:00,4598.78,4600.64,4597.86,4598.75,348
2026-08-21 14:49:00,4598.75,4599.96,4598.34,4599.83,256
2026-08-21 14:50:00,4599.84,4600.33,4597.96,4597.97,357
2026-08-21 14:51:00,4598.01,4598.43,4596.78,4597.7,387
2026-08-21 14:52:00,4597.7,4599.56,4596.9,4596.98,318
2026-08-21 14:53:00,4596.98,4598.0,4595.73,4596.07,327
2026-08-21 14:54:00,4596.08,4598.17,4595.91,4597.75,252
2026-08-21 14:55:00,4597.75,4598.64,4597.12,4597.19,247
2026-08-21 14:56:00,4597.21,4598.66,4597.21,4597.25,295
2026-08-21 14:57:00,4597.25,4598.63,4597.01,4598.14,250
2026-08-21 14:58:00,4598.14,4598.39,4596.79,4596.79,227
2026-08-21 14:59:00,4596.79,4597.42,4596.06,4597.0,204
2026-08-21 15:00:00,4597.0,4599.77,4596.02,4596.33,476
2026-08-21 15:01:00,4596.33,4601.24,4595.83,4600.7,362
2026-08-21 15:02:00,4600.7,4601.7,4597.17,4597.62,392
2026-08-21 15:03:00,4597.7,4597.73,4593.93,4594.66,414
2026-08-21 15:04:00,4594.66,4595.92,4594.22,4595.75,376
2026-08-21 15:05:00,4595.75,4600.26,4595.75,4597.25,438
2026-08-21 15:06:00,4597.26,4597.41,4594.71,4596.01,355
2026-08-21 15:07:00,4596.01,4596.79,4595.19,4596.28,270
2026-08-21 15:08:00,4596.28,4598.44,4594.61,4595.2,374
2026-08-21 15:09:00,4595.2,4595.35,4592.09,4593.7,355
2026-08-21 15:10:00,4593.7,4593.93,4589.46,4591.02,466
2026-08-21 15:11:00,4591.02,4592.27,4589.88,4590.68,360
2026-08-21 15:12:00,4590.68,4591.25,4589.16,4589.16,301
2026-08-21 15:13:00,4589.16,4590.43,4589.16,4590.21,285
2026-08-21 15:14:00,4590.21,4593.53,4590.21,4592.84,388
2026-08-21 15:15:00,4592.84,4596.01,4592.34,4594.47,383
2026-08-21 15:16:00,4594.47,4594.62,4590.55,4590.58,369
2026-08-21 15:17:00,4590.58,4590.77,4589.07,4589.07,336
2026-08-21 15:18:00,4589.03,4589.95,4586.24,4586.24,432
2026-08-21 15:19:00,4586.23,4588.0,4586.23,4588.0,422
2026-08-21 15:20:00,4588.0,4589.19,4584.31,4584.51,513
2026-08-21 15:21:00,4584.62,4585.39,4582.09,4584.96,466
2026-08-21 15:22:00,4584.96,4585.44,4583.49,4584.06,383
2026-08-21 15:23:00,4584.1,4584.29,4583.0,4583.89,320
2026-08-21 15:24:00,4583.89,4588.26,4582.35,4585.65,392
2026-08-21 15:25:00,4585.65,4586.4,4583.93,4586.36,353
2026-08-21 15:26:00,4586.36,4586.65,4584.85,4586.16,271
2026-08-21 15:27:00,4586.16,4586.68,4585.46,4585.66,214
2026-08-21 15:28:00,4585.64,4586.79,4585.01,4586.72,191
2026-08-21 15:29:00,4586.72,4586.78,4584.73,4584.84,260
2026-08-21 15:30:00,4584.83,4584.84,4579.92,4580.16,438
2026-08-21 15:31:00,4580.16,4583.34,4579.71,4583.34,285
2026-08-21 15:32:00,4583.34,4583.7,4576.77,4579.01,427
2026-08-21 15:33:00,4578.97,4579.62,4577.57,4578.3,380
2026-08-21 15:34:00,4578.3,4579.4,4577.18,4577.85,299
2026-08-21 15:35:00,4577.85,4578.28,4570.92,4571.26,541
2026-08-21 15:36:00,4571.29,4571.68,4569.59,4571.29,467
2026-08-21 15:37:00,4571.15,4571.81,4569.54,4569.79,377
2026-08-21 15:38:00,4569.67,4570.4,4567.39,4567.76,351
2026-08-21 15:39:00,4567.76,4568.79,4564.36,4564.49,533
2026-08-21 15:40:00,4564.49,4568.01,4563.56,4565.97,472
2026-08-21 15:41:00,4565.91,4571.28,4565.61,4571.28,547
2026-08-21 15:42:00,4571.27,4572.32,4570.4,4572.28,423
2026-08-21 15:43:00,4572.29,4575.88,4571.22,4575.33,426
2026-08-21 15:44:00,4575.33,4575.77,4572.05,4573.44,388
2026-08-21 15:45:00,4573.45,4576.51,4573.05,4576.51,364
2026-08-21 15:46:00,4576.51,4577.29,4575.82,4576.35,320
2026-08-21 15:47:00,4576.35,4578.24,4576.07,4577.4,373
2026-08-21 15:48:00,4577.4,4579.42,4577.39,4578.82,309
2026-08-21 15:49:00,4578.97,4579.58,4577.91,4579.48,236
2026-08-21 15:50:00,4579.48,4580.15,4578.96,4579.46,290
2026-08-21 15:51:00,4579.37,4580.0,4577.19,4579.56,326
2026-08-21 15:52:00,4579.56,4579.93,4577.06,4579.29,297
2026-08-21 15:53:00,4579.3,4579.34,4578.26,4578.64,306
2026-08-21 15:54:00,4578.57,4580.96,4578.47,4579.93,270
2026-08-21 15:55:00,4579.93,4581.01,4578.48,4578.81,316
2026-08-21 15:56:00,4578.81,4579.72,4577.96,4578.38,313
2026-08-21 15:57:00,4578.21,4578.35,4575.19,4576.27,342
2026-08-21 15:58:00,4576.3,4578.45,4576.22,4576.97,279
2026-08-21 15:59:00,4576.98,4578.14,4574.94,4578.03,326
2026-08-21 16:00:00,4577.99,4582.8,4575.86,4582.13,768
2026-08-21 16:01:00,4582.13,4583.49,4579.52,4582.2,618
2026-08-21 16:02:00,4582.2,4584.02,4582.02,4583.97,492
2026-08-21 16:03:00,4583.97,4584.63,4580.91,4582.07,486
2026-08-21 16:04:00,4582.07,4583.12,4579.88,4581.16,477
2026-08-21 16:05:00,4581.16,4581.56,4580.26,4580.8,423
2026-08-21 16:06:00,4580.8,4583.91,4580.71,4582.94,547
2026-08-21 16:07:00,4582.93,4583.06,4579.64,4581.34,445
2026-08-21 16:08:00,4581.41,4583.08,4581.35,4582.74,428
2026-08-21 16:09:00,4582.73,4583.29,4579.35,4580.98,453
2026-08-21 16:10:00,4581.03,4581.9,4580.34,4580.98,442
2026-08-21 16:11:00,4580.98,4587.01,4580.98,4584.61,484
2026-08-21 16:12:00,4584.59,4585.53,4583.87,4585.03,344
2026-08-21 16:13:00,4585.03,4586.7,4583.73,4583.89,351
2026-08-21 16:14:00,4583.87,4584.96,4582.85,4584.96,325
2026-08-21 16:15:00,4585.15,4587.74,4585.15,4586.97,356
2026-08-21 16:16:00,4586.97,4586.97,4583.95,4584.11,445
2026-08-21 16:17:00,4584.11,4585.28,4581.06,4582.01,467
2026-08-21 16:18:00,4582.01,4582.46,4580.54,4580.78,450
2026-08-21 16:19:00,4580.78,4581.16,4579.76,4580.88,416
2026-08-21 16:20:00,4580.88,4583.54,4579.19,4583.53,424
2026-08-21 16:21:00,4583.53,4585.86,4583.12,4585.41,322
2026-08-21 16:22:00,4585.41,4586.84,4583.45,4584.37,336
2026-08-21 16:23:00,4584.37,4584.37,4583.03,4583.08,325
2026-08-21 16:24:00,4583.05,4583.92,4582.92,4583.12,304
2026-08-21 16:25:00,4583.12,4584.09,4582.93,4583.41,424
2026-08-21 16:26:00,4583.46,4583.77,4581.94,4582.2,369
2026-08-21 16:27:00,4582.2,4582.53,4581.53,4582.04,392
2026-08-21 16:28:00,4582.06,4584.35,4581.81,4584.33,500
2026-08-21 16:29:00,4584.33,4585.44,4583.65,4584.16,465
2026-08-21 16:30:00,4584.12,4585.51,4581.36,4582.59,840
2026-08-21 16:31:00,4582.45,4586.92,4581.67,4582.44,750
2026-08-21 16:32:00,4582.44,4585.26,4582.06,4584.52,854
2026-08-21 16:33:00,4584.55,4585.01,4576.49,4577.18,835
2026-08-21 16:34:00,4577.18,4577.18,4573.67,4573.93,756
2026-08-21 16:35:00,4573.91,4580.9,4573.42,4580.9,762
2026-08-21 16:36:00,4580.91,4583.63,4577.97,4582.56,779
2026-08-21 16:37:00,4582.63,4587.94,4579.73,4587.65,848
2026-08-21 16:38:00,4587.42,4591.01,4587.24,4589.08,876
2026-08-21 16:39:00,4589.06,4589.93,4584.66,4587.32,888
2026-08-21 16:40:00,4587.31,4589.97,4586.63,4589.74,876
2026-08-21 16:41:00,4589.74,4590.64,4587.44,4589.6,791
2026-08-21 16:42:00,4589.6,4590.04,4586.43,4588.63,712
2026-08-21 16:43:00,4588.62,4588.67,4586.67,4586.94,727
2026-08-21 16:44:00,4586.94,4588.57,4584.65,4587.97,490
2026-08-21 16:45:00,4587.92,4588.49,4583.59,4587.4,617
2026-08-21 16:46:00,4587.38,4589.65,4586.89,4589.2,616
2026-08-21 16:47:00,4589.2,4590.78,4589.09,4590.47,588
2026-08-21 16:48:00,4590.48,4593.01,4588.32,4588.91,671
2026-08-21 16:49:00,4588.91,4590.47,4588.14,4589.87,636
2026-08-21 16:50:00,4589.85,4591.16,4589.19,4589.91,621
2026-08-21 16:51:00,4589.92,4590.12,4584.89,4585.87,664
2026-08-21 16:52:00,4585.88,4585.98,4581.58,4582.86,690
2026-08-21 16:53:00,4582.86,4584.16,4579.97,4579.97,706
2026-08-21 16:54:00,4579.99,4581.37,4576.9,4581.36,724
2026-08-21 16:55:00,4581.34,4585.52,4581.33,4584.19,653
2026-08-21 16:56:00,4584.19,4585.74,4583.61,4583.72,556
2026-08-21 16:57:00,4583.72,4584.93,4581.21,4582.12,612
2026-08-21 16:58:00,4582.12,4583.73,4580.17,4581.97,536
2026-08-21 16:59:00,4582.14,4583.07,4580.97,4581.01,560
2026-08-21 17:00:00,4581.01,4583.36,4579.86,4580.75,729
2026-08-21 17:01:00,4580.75,4583.64,4580.4,4582.0,648
2026-08-21 17:02:00,4582.0,4586.85,4580.89,4586.85,707
2026-08-21 17:03:00,4586.88,4588.93,4584.84,4585.07,583
2026-08-21 17:04:00,4585.07,4588.55,4585.07,4588.55,519
2026-08-21 17:05:00,4588.55,4590.78,4588.55,4590.09,697
2026-08-21 17:06:00,4590.14,4590.15,4587.57,4588.83,687
2026-08-21 17:07:00,4588.9,4588.9,4583.05,4583.34,610
2026-08-21 17:08:00,4583.34,4587.13,4583.23,4586.35,739
2026-08-21 17:09:00,4586.35,4588.19,4586.33,4587.42,575
2026-08-21 17:10:00,4587.42,4587.84,4585.34,4586.34,630
2026-08-21 17:11:00,4586.35,4588.03,4586.28,4588.02,681
2026-08-21 17:12:00,4588.02,4589.91,4587.77,4588.67,616
2026-08-21 17:13:00,4588.69,4589.52,4588.27,4589.32,648
2026-08-21 17:14:00,4589.32,4589.98,4588.78,4589.59,620
2026-08-21 17:15:00,4589.67,4590.51,4586.44,4589.0,769
2026-08-21 17:16:00,4589.03,4589.08,4587.26,4588.64,701
2026-08-21 17:17:00,4588.65,4590.77,4587.83,4590.74,692
2026-08-21 17:18:00,4590.73,4590.85,4589.42,4590.18,626
2026-08-21 17:19:00,4590.18,4591.2,4589.57,4590.31,634
2026-08-21 17:20:00,4590.3,4592.63,4589.95,4592.24,712
2026-08-21 17:21:00,4592.24,4597.15,4592.06,4597.04,744
2026-08-21 17:22:00,4597.04,4597.73,4595.95,4595.98,769
2026-08-21 17:23:00,4596.02,4597.69,4595.87,4596.98,696
2026-08-21 17:24:00,4596.99,4598.39,4596.81,4597.83,599
2026-08-21 17:25:00,4597.87,4600.57,4597.85,4599.83,702
2026-08-21 17:26:00,4599.83,4600.71,4598.83,4599.12,709
2026-08-21 17:27:00,4599.12,4603.03,4598.72,4602.17,697
2026-08-21 17:28:00,4602.09,4603.01,4601.75,4602.9,573
2026-08-21 17:29:00,4602.93,4603.25,4601.89,4603.17,701
2026-08-21 17:30:00,4603.17,4603.73,4599.93,4600.74,714
2026-08-21 17:31:00,4600.75,4601.46,4599.3,4600.81,684
2026-08-21 17:32:00,4600.79,4600.79,4595.48,4596.28,731
2026-08-21 17:33:00,4596.28,4596.43,4593.0,4593.73,610
2026-08-21 17:34:00,4593.66,4593.66,4589.83,4589.85,692
2026-08-21 17:35:00,4589.99,4592.74,4588.28,4591.41,814
2026-08-21 17:36:00,4591.41,4591.78,4588.23,4588.53,825
2026-08-21 17:37:00,4588.54,4589.5,4585.04,4585.68,747
2026-08-21 17:38:00,4585.53,4585.85,4581.32,4582.98,905
2026-08-21 17:39:00,4583.03,4584.44,4581.66,4582.16,831
2026-08-21 17:40:00,4582.19,4586.17,4580.68,4586.05,854
2026-08-21 17:41:00,4586.1,4587.53,4582.96,4587.08,619
2026-08-21 17:42:00,4587.08,4587.36,4581.0,4584.5,719
2026-08-21 17:43:00,4584.5,4589.74,4584.21,4588.31,723
2026-08-21 17:44:00,4588.31,4589.69,4580.7,4582.54,725
2026-08-21 17:45:00,4582.59,4584.77,4580.66,4584.7,784
2026-08-21 17:46:00,4584.7,4587.51,4583.87,4585.04,757
2026-08-21 17:47:00,4585.04,4586.62,4583.75,4586.32,687
2026-08-21 17:48:00,4586.34,4589.72,4586.34,4588.76,623
2026-08-21 17:49:00,4588.76,4591.88,4588.76,4591.5,687
2026-08-21 17:50:00,4591.39,4594.93,4591.39,4594.33,679
2026-08-21 17:51:00,4594.35,4595.34,4592.39,4592.53,620
2026-08-21 17:52:00,4592.52,4592.53,4589.49,4589.71,672
2026-08-21 17:53:00,4589.77,4591.6,4589.01,4590.35,669
2026-08-21 17:54:00,4590.33,4590.87,4588.47,4589.56,655
2026-08-21 17:55:00,4589.54,4589.62,4584.27,4585.86,679
2026-08-21 17:56:00,4585.86,4589.3,4585.28,4589.3,620
2026-08-21 17:57:00,4589.3,4591.42,4587.72,4590.84,662
2026-08-21 17:58:00,4590.84,4592.32,4589.91,4592.32,528
2026-08-21 17:59:00,4592.32,4592.4,4590.68,4591.57,546
2026-08-21 18:00:00,4591.58,4591.99,4587.42,4588.61,724
2026-08-21 18:01:00,4588.61,4591.05,4587.31,4588.61,734
2026-08-21 18:02:00,4588.61,4592.38,4588.53,4591.25,750
2026-08-21 18:03:00,4591.25,4593.66,4590.37,4593.34,669
2026-08-21 18:04:00,4593.33,4594.3,4592.57,4593.35,661
2026-08-21 18:05:00,4593.41,4595.15,4591.98,4594.96,588
2026-08-21 18:06:00,4594.96,4596.08,4593.14,4595.45,604
2026-08-21 18:07:00,4595.45,4597.2,4595.3,4596.95,494
2026-08-21 18:08:00,4596.94,4598.3,4595.96,4596.28,564
2026-08-21 18:09:00,4596.28,4596.81,4593.45,4594.04,572
2026-08-21 18:10:00,4594.06,4597.79,4593.8,4597.53,454
2026-08-21 18:11:00,4597.53,4597.84,4594.39,4595.29,537
2026-08-21 18:12:00,4595.29,4596.47,4594.91,4594.92,451
2026-08-21 18:13:00,4594.89,4596.32,4594.32,4595.76,421
2026-08-21 18:14:00,4595.76,4596.1,4594.31,4595.16,374
2026-08-21 18:15:00,4595.16,4598.04,4595.09,4597.74,441
2026-08-21 18:16:00,4597.74,4599.2,4596.57,4596.58,446
2026-08-21 18:17:00,4596.58,4597.65,4596.49,4596.77,441
2026-08-21 18:18:00,4596.78,4598.54,4596.5,4597.49,507
2026-08-21 18:19:00,4597.53,4598.54,4595.95,4597.55,495
2026-08-21 18:20:00,4597.55,4597.98,4595.26,4596.89,535
2026-08-21 18:21:00,4596.89,4598.42,4596.12,4597.03,473
2026-08-21 18:22:00,4597.03,4600.49,4596.62,4598.59,434
2026-08-21 18:23:00,4598.6,4601.16,4598.6,4600.77,347
2026-08-21 18:24:00,4600.77,4602.78,4600.49,4602.43,371
2026-08-21 18:25:00,4602.43,4607.56,4600.79,4601.5,704
2026-08-21 18:26:00,4601.51,4602.83,4600.04,4600.65,599
2026-08-21 18:27:00,4600.71,4602.4,4600.32,4601.92,537
2026-08-21 18:28:00,4601.93,4606.02,4601.75,4605.22,636
2026-08-21 18:29:00,4605.21,4605.26,4602.73,4602.98,665
2026-08-21 18:30:00,4603.09,4603.84,4599.68,4601.21,670
2026-08-21 18:31:00,4601.21,4601.82,4599.74,4600.23,592
2026-08-21 18:32:00,4600.18,4602.43,4600.14,4602.18,606
2026-08-21 18:33:00,4602.19,4605.64,4601.57,4605.06,528
2026-08-21 18:34:00,4605.05,4606.17,4604.76,4606.09,605
2026-08-21 18:35:00,4606.09,4607.84,4605.82,4607.38,613
2026-08-21 18:36:00,4607.36,4608.28,4606.45,4606.51,569
2026-08-21 18:37:00,4606.51,4608.4,4606.14,4606.2,496
2026-08-21 18:38:00,4606.15,4607.1,4605.15,4606.56,473
2026-08-21 18:39:00,4606.55,4608.1,4606.46,4606.8,447
2026-08-21 18:40:00,4606.8,4607.58,4605.69,4607.52,508
2026-08-21 18:41:00,4607.51,4608.58,4606.58,4608.43,564
2026-08-21 18:42:00,4608.54,4610.39,4608.24,4609.41,604
2026-08-21 18:43:00,4609.45,4610.24,4607.9,4610.08,615
2026-08-21 18:44:00,4610.05,4610.55,4608.83,4609.59,439
2026-08-21 18:45:00,4609.58,4611.07,4609.46,4609.99,663
2026-08-21 18:46:00,4609.99,4610.64,4609.63,4609.69,633
2026-08-21 18:47:00,4609.75,4610.41,4608.77,4609.22,503
2026-08-21 18:48:00,4609.22,4609.59,4607.99,4608.18,680
2026-08-21 18:49:00,4608.19,4608.3,4607.08,4607.78,592
2026-08-21 18:50:00,4607.78,4609.74,4607.33,4608.14,542
2026-08-21 18:51:00,4607.85,4611.5,4607.53,4610.25,606
2026-08-21 18:52:00,4610.27,4612.63,4610.25,4612.33,504
2026-08-21 18:53:00,4612.33,4615.06,4612.31,4614.33,455
2026-08-21 18:54:00,4614.35,4615.04,4613.43,4613.77,462
2026-08-21 18:55:00,4613.77,4614.67,4613.0,4614.53,567
2026-08-21 18:56:00,4614.53,4614.84,4612.51,4614.77,695
2026-08-21 18:57:00,4614.77,4615.32,4612.3,4612.62,608
2026-08-21 18:58:00,4612.62,4613.06,4610.98,4613.02,553
2026-08-21 18:59:00,4613.02,4614.63,4612.7,4614.57,490
2026-08-21 19:00:00,4614.59,4615.62,4613.3,4613.42,621
2026-08-21 19:01:00,4613.42,4616.38,4613.02,4614.04,577
2026-08-21 19:02:00,4614.04,4615.61,4613.89,4615.26,497
2026-08-21 19:03:00,4615.28,4617.84,4615.19,4617.27,446
2026-08-21 19:04:00,4617.34,4617.44,4616.39,4617.14,467
2026-08-21 19:05:00,4617.14,4617.33,4615.17,4615.5,606
2026-08-21 19:06:00,4615.33,4615.68,4613.57,4614.5,607
2026-08-21 19:07:00,4614.51,4616.86,4613.55,4615.13,577
2026-08-21 19:08:00,4615.13,4615.75,4610.23,4610.26,602
2026-08-21 19:09:00,4610.27,4611.09,4609.15,4610.34,571
2026-08-21 19:10:00,4610.33,4614.32,4610.3,4613.82,486
2026-08-21 19:11:00,4613.82,4613.82,4611.72,4612.62,490
2026-08-21 19:12:00,4612.62,4614.67,4611.81,4613.88,427
2026-08-21 19:13:00,4613.91,4615.83,4613.54,4615.46,489
2026-08-21 19:14:00,4615.46,4615.61,4614.54,4614.59,472
2026-08-21 19:15:00,4614.59,4615.15,4613.93,4614.87,456
2026-08-21 19:16:00,4614.87,4616.08,4614.86,4615.89,402
2026-08-21 19:17:00,4615.89,4616.08,4614.83,4615.17,445
2026-08-21 19:18:00,4615.2,4616.08,4614.34,4614.62,398
2026-08-21 19:19:00,4614.62,4615.48,4614.08,4614.17,400
2026-08-21 19:20:00,4614.1,4614.17,4611.53,4611.81,520
2026-08-21 19:21:00,4611.81,4620.78,4611.43,4613.57,880
2026-08-21 19:22:00,4613.68,4615.81,4613.57,4613.95,566
2026-08-21 19:23:00,4613.95,4614.57,4612.13,4614.4,466
2026-08-21 19:24:00,4614.4,4614.4,4613.0,4613.11,378
2026-08-21 19:25:00,4613.1,4614.37,4612.34,4613.14,412
2026-08-21 19:26:00,4613.07,4613.11,4610.69,4611.69,484
2026-08-21 19:27:00,4611.7,4612.85,4610.75,4612.85,396
2026-08-21 19:28:00,4612.86,4613.95,4612.86,4613.58,311
2026-08-21 19:29:00,4613.58,4614.6,4613.29,4614.09,287
2026-08-21 19:30:00,4614.09,4614.78,4613.23,4614.5,387
2026-08-21 19:31:00,4614.5,4614.68,4612.41,4612.54,321
2026-08-21 19:32:00,4612.54,4616.05,4612.28,4615.85,405
2026-08-21 19:33:00,4615.85,4616.05,4614.4,4615.15,376
2026-08-21 19:34:00,4615.13,4616.36,4615.02,4615.77,390
2026-08-21 19:35:00,4615.77,4615.85,4614.61,4615.37,282
2026-08-21 19:36:00,4615.37,4616.4,4614.9,4615.26,385
2026-08-21 19:37:00,4615.26,4617.05,4615.15,4616.92,408
2026-08-21 19:38:00,4616.89,4619.84,4616.67,4619.67,522
2026-08-21 19:39:00,4619.67,4621.06,4618.58,4619.29,440
2026-08-21 19:40:00,4619.29,4619.56,4617.77,4617.93,385
2026-08-21 19:41:00,4617.99,4619.23,4617.27,4619.1,335
2026-08-21 19:42:00,4619.1,4620.92,4618.87,4619.8,369
2026-08-21 19:43:00,4619.85,4622.02,4619.82,4621.53,358
2026-08-21 19:44:00,4621.53,4622.14,4620.65,4621.56,345
2026-08-21 19:45:00,4621.56,4622.32,4621.19,4622.26,399
2026-08-21 19:46:00,4622.26,4622.68,4621.65,4622.43,399
2026-08-21 19:47:00,4622.43,4624.47,4621.76,4624.26,434
2026-08-21 19:48:00,4624.26,4624.88,4623.77,4623.86,458
2026-08-21 19:49:00,4623.86,4624.92,4623.67,4624.03,461
2026-08-21 19:50:00,4624.07,4625.11,4623.88,4624.57,489
2026-08-21 19:51:00,4624.57,4626.69,4624.18,4625.82,484
2026-08-21 19:52:00,4625.82,4625.84,4624.23,4625.35,364
2026-08-21 19:53:00,4625.35,4626.86,4625.22,4626.84,332
2026-08-21 19:54:00,4626.84,4627.52,4626.34,4627.52,355
2026-08-21 19:55:00,4627.52,4627.61,4626.67,4627.34,366
2026-08-21 19:56:00,4627.34,4627.58,4625.98,4626.84,378
2026-08-21 19:57:00,4626.84,4627.93,4626.7,4627.62,293
2026-08-21 19:58:00,4627.62,4628.76,4627.53,4628.47,353
2026-08-21 19:59:00,4628.47,4629.2,4627.87,4628.9,404
2026-08-21 20:00:00,4628.91,4629.23,4627.39,4627.76,486
2026-08-21 20:01:00,4627.76,4628.19,4626.89,4628.17,449
2026-08-21 20:02:00,4628.17,4629.74,4628.06,4629.44,474
2026-08-21 20:03:00,4629.34,4630.9,4628.79,4629.08,480
2026-08-21 20:04:00,4629.08,4630.43,4627.08,4627.6,401
2026-08-21 20:05:00,4627.6,4629.11,4626.18,4627.16,475
2026-08-21 20:06:00,4627.16,4628.98,4626.91,4627.54,436
2026-08-21 20:07:00,4627.53,4630.21,4627.29,4629.64,433
2026-08-21 20:08:00,4629.64,4631.8,4629.64,4631.46,479
2026-08-21 20:09:00,4631.46,4632.09,4630.17,4630.75,464
2026-08-21 20:10:00,4630.74,4631.67,4629.44,4629.7,544
2026-08-21 20:11:00,4629.71,4631.45,4628.63,4629.15,466
2026-08-21 20:12:00,4629.0,4629.17,4625.39,4625.65,586
2026-08-21 20:13:00,4625.65,4625.65,4621.83,4622.92,551
2026-08-21 20:14:00,4622.92,4624.44,4622.12,4623.3,542
2026-08-21 20:15:00,4623.3,4624.29,4622.6,4623.31,577
2026-08-21 20:16:00,4623.31,4624.06,4622.23,4623.86,498
2026-08-21 20:17:00,4623.86,4625.16,4622.13,4622.91,483
2026-08-21 20:18:00,4622.91,4626.04,4622.71,4624.61,478
2026-08-21 20:19:00,4624.61,4625.28,4622.65,4623.21,515
2026-08-21 20:20:00,4623.21,4623.21,4622.0,4622.34,432
2026-08-21 20:21:00,4622.34,4624.56,4621.99,4623.33,403
2026-08-21 20:22:00,4623.37,4623.45,4619.41,4620.43,465
2026-08-21 20:23:00,4620.4,4620.61,4615.39,4615.59,636
2026-08-21 20:24:00,4615.59,4618.95,4615.47,4618.29,584
2026-08-21 20:25:00,4618.29,4618.98,4616.87,4617.8,481
2026-08-21 20:26:00,4617.76,4617.83,4615.46,4617.57,584
2026-08-21 20:27:00,4617.57,4619.38,4617.17,4619.37,476
2026-08-21 20:28:00,4619.37,4624.58,4619.12,4621.9,597
2026-08-21 20:29:00,4621.88,4623.6,4621.53,4622.1,664
2026-08-21 20:30:00,4622.12,4622.39,4619.67,4620.15,509
2026-08-21 20:31:00,4620.15,4621.74,4619.93,4621.27,484
2026-08-21 20:32:00,4621.27,4621.6,4619.78,4620.14,437
2026-08-21 20:33:00,4620.14,4621.16,4619.77,4621.0,408
2026-08-21 20:34:00,4620.93,4621.13,4620.19,4620.75,375
2026-08-21 20:35:00,4620.79,4623.79,4620.71,4623.65,386
2026-08-21 20:36:00,4623.65,4624.45,4623.03,4623.61,284
2026-08-21 20:37:00,4623.6,4624.71,4623.52,4623.94,289
2026-08-21 20:38:00,4623.94,4624.1,4623.23,4623.83,260
2026-08-21 20:39:00,4623.83,4623.91,4622.53,4622.83,258
2026-08-21 20:40:00,4622.86,4623.95,4622.6,4623.37,260
2026-08-21 20:41:00,4623.37,4624.6,4622.56,4624.23,337
2026-08-21 20:42:00,4624.24,4624.82,4622.42,4623.04,421
2026-08-21 20:43:00,4623.04,4623.26,4621.94,4623.26,296
2026-08-21 20:44:00,4623.26,4623.26,4618.77,4619.55,361
2026-08-21 20:45:00,4619.45,4619.7,4617.29,4618.23,488
2026-08-21 20:46:00,4618.24,4618.59,4617.01,4617.99,457
2026-08-21 20:47:00,4617.99,4618.95,4617.46,4617.81,381
2026-08-21 20:48:00,4617.81,4619.1,4617.51,4618.27,362
2026-08-21 20:49:00,4618.27,4619.95,4618.12,4618.8,311
2026-08-21 20:50:00,4618.8,4620.55,4618.2,4620.02,394
2026-08-21 20:51:00,4620.11,4620.7,4618.24,4619.76,299
2026-08-21 20:52:00,4619.74,4620.13,4619.27,4619.38,229
2026-08-21 20:53:00,4619.39,4620.38,4619.07,4620.01,311
2026-08-21 20:54:00,4620.01,4622.51,4619.53,4619.65,358
2026-08-21 20:55:00,4619.65,4620.4,4619.4,4620.32,257
2026-08-21 20:56:00,4620.32,4620.9,4620.14,4620.27,189
2026-08-21 20:57:00,4620.27,4621.56,4619.98,4621.55,305
2026-08-21 20:58:00,4621.55,4621.56,4620.33,4620.46,308
2026-08-21 20:59:00,4620.46,4620.88,4620.2,4620.57,267
2026-08-21 21:00:00,4620.57,4622.47,4620.3,4622.46,281
2026-08-21 21:01:00,4622.46,4623.03,4622.05,4622.16,288
2026-08-21 21:02:00,4622.14,4624.72,4622.0,4624.62,361
2026-08-21 21:03:00,4624.62,4626.11,4624.59,4625.95,308
2026-08-21 21:04:00,4625.95,4626.28,4625.9,4626.25,175
2026-08-21 21:05:00,4626.27,4626.31,4624.7,4625.06,378
2026-08-21 21:06:00,4625.05,4625.63,4624.29,4625.13,319
2026-08-21 21:07:00,4625.13,4626.24,4624.84,4625.86,307
2026-08-21 21:08:00,4625.86,4627.73,4625.86,4626.96,244
2026-08-21 21:09:00,4626.96,4626.96,4625.67,4625.87,305
2026-08-21 21:10:00,4625.87,4626.19,4624.65,4624.66,261
2026-08-21 21:11:00,4624.7,4624.73,4623.13,4624.3,266
2026-08-21 21:12:00,4624.3,4624.79,4623.53,4624.23,210
2026-08-21 21:13:00,4624.23,4624.55,4623.99,4624.54,227
2026-08-21 21:14:00,4624.54,4624.95,4624.0,4624.15,238
2026-08-21 21:15:00,4624.15,4625.51,4624.13,4625.47,215
2026-08-21 21:16:00,4625.47,4625.76,4624.66,4625.37,269
2026-08-21 21:17:00,4625.37,4625.68,4625.1,4625.36,241
2026-08-21 21:18:00,4625.36,4626.32,4625.26,4626.23,185
2026-08-21 21:19:00,4626.08,4626.95,4626.08,4626.7,184
2026-08-21 21:20:00,4626.7,4627.67,4626.43,4626.84,283
2026-08-21 21:21:00,4626.82,4626.84,4625.99,4626.19,225
2026-08-21 21:22:00,4626.19,4626.19,4625.53,4626.13,207
2026-08-21 21:23:00,4626.13,4626.58,4625.98,4626.55,219
2026-08-21 21:24:00,4626.55,4626.55,4625.62,4626.45,309
2026-08-21 21:25:00,4626.45,4627.71,4626.45,4626.95,282
2026-08-21 21:26:00,4626.98,4627.17,4626.06,4626.25,249
2026-08-21 21:27:00,4626.25,4626.34,4625.4,4625.44,275
2026-08-21 21:28:00,4625.44,4625.78,4625.01,4625.05,318
2026-08-21 21:29:00,4625.05,4625.46,4624.51,4625.2,238
2026-08-21 21:30:00,4625.2,4625.23,4621.38,4621.54,396
2026-08-21 21:31:00,4621.56,4621.73,4620.14,4621.53,387
2026-08-21 21:32:00,4621.53,4621.66,4619.85,4620.69,295
2026-08-21 21:33:00,4620.67,4621.58,4620.58,4621.52,260
2026-08-21 21:34:00,4621.54,4622.49,4621.25,4622.18,288
2026-08-21 21:35:00,4622.18,4622.99,4620.96,4621.37,441
2026-08-21 21:36:00,4621.29,4622.88,4621.29,4622.74,315
2026-08-21 21:37:00,4622.74,4623.12,4621.42,4621.98,352
2026-08-21 21:38:00,4621.98,4622.71,4619.6,4619.62,361
2026-08-21 21:39:00,4619.62,4620.14,4619.59,4619.81,479
2026-08-21 21:40:00,4619.81,4621.09,4619.76,4620.44,322
2026-08-21 21:41:00,4620.44,4621.22,4620.27,4620.92,312
2026-08-21 21:42:00,4620.92,4621.04,4620.19,4620.95,286
2026-08-21 21:43:00,4620.94,4621.29,4620.31,4621.27,281
2026-08-21 21:44:00,4621.27,4621.5,4620.2,4620.89,268
2026-08-21 21:45:00,4620.89,4623.0,4620.84,4622.25,291
2026-08-21 21:46:00,4622.24,4623.15,4622.23,4623.03,205
2026-08-21 21:47:00,4623.03,4623.69,4622.85,4623.24,220
2026-08-21 21:48:00,4623.24,4625.92,4623.04,4624.5,374
2026-08-21 21:49:00,4624.52,4625.12,4624.17,4624.64,266
2026-08-21 21:50:00,4624.64,4625.07,4624.19,4624.54,245
2026-08-21 21:51:00,4624.54,4624.68,4622.93,4622.94,288
2026-08-21 21:52:00,4622.95,4624.25,4622.95,4624.19,240
2026-08-21 21:53:00,4624.19,4624.71,4624.06,4624.63,257
2026-08-21 21:54:00,4624.63,4625.01,4624.61,4624.9,265
2026-08-21 21:55:00,4624.9,4624.9,4623.7,4624.14,285
2026-08-21 21:56:00,4624.13,4624.32,4623.24,4623.93,285
2026-08-21 21:57:00,4623.96,4624.34,4623.63,4624.34,249
2026-08-21 21:58:00,4624.44,4624.7,4623.63,4624.31,292
2026-08-21 21:59:00,4624.29,4624.44,4623.44,4624.42,369
2026-08-21 22:00:00,4624.44,4625.59,4623.88,4624.06,520
2026-08-21 22:01:00,4624.02,4624.14,4622.42,4622.6,321
2026-08-21 22:02:00,4622.6,4624.45,4621.83,4624.45,322
2026-08-21 22:03:00,4624.37,4625.16,4623.09,4623.11,335
2026-08-21 22:04:00,4623.11,4623.11,4621.4,4622.11,372
2026-08-21 22:05:00,4622.11,4622.21,4618.56,4620.06,361
2026-08-21 22:06:00,4620.09,4620.94,4620.08,4620.54,316
2026-08-21 22:07:00,4620.54,4622.24,4620.34,4622.18,309
2026-08-21 22:08:00,4622.18,4622.21,4621.18,4621.4,277
2026-08-21 22:09:00,4621.4,4621.8,4621.01,4621.3,264
2026-08-21 22:10:00,4621.32,4621.62,4620.93,4621.58,300
2026-08-21 22:11:00,4621.58,4621.89,4620.48,4621.42,294
2026-08-21 22:12:00,4621.42,4622.41,4621.02,4622.39,284
2026-08-21 22:13:00,4622.39,4623.42,4622.14,4623.15,310
2026-08-21 22:14:00,4623.15,4623.48,4622.61,4622.75,279
2026-08-21 22:15:00,4622.75,4622.76,4621.55,4621.66,320
2026-08-21 22:16:00,4621.65,4621.93,4620.17,4620.21,269
2026-08-21 22:17:00,4620.21,4621.65,4620.17,4621.6,309
2026-08-21 22:18:00,4621.6,4622.36,4621.07,4622.02,394
2026-08-21 22:19:00,4622.02,4622.68,4621.9,4622.56,338
2026-08-21 22:20:00,4622.56,4622.96,4622.14,4622.46,326
2026-08-21 22:21:00,4622.44,4623.19,4622.08,4622.14,271
2026-08-21 22:22:00,4622.15,4623.46,4621.97,4622.39,333
2026-08-21 22:23:00,4622.38,4623.29,4622.15,4622.82,302
2026-08-21 22:24:00,4622.82,4623.01,4622.22,4622.38,326
2026-08-21 22:25:00,4622.38,4623.01,4622.13,4622.44,316
2026-08-21 22:26:00,4622.44,4622.87,4621.74,4622.27,250
2026-08-21 22:27:00,4622.27,4622.28,4621.28,4621.53,258
2026-08-21 22:28:00,4621.53,4621.53,4618.2,4618.42,382
2026-08-21 22:29:00,4618.42,4619.11,4617.98,4618.15,272
2026-08-21 22:30:00,4618.15,4619.52,4618.14,4618.95,368
2026-08-21 22:31:00,4619.01,4619.75,4618.07,4618.17,287
2026-08-21 22:32:00,4618.17,4618.98,4618.1,4618.42,230
2026-08-21 22:33:00,4618.41,4619.2,4617.62,4617.87,297
2026-08-21 22:34:00,4617.87,4618.15,4616.74,4617.11,292
2026-08-21 22:35:00,4617.11,4617.51,4615.9,4616.84,406
2026-08-21 22:36:00,4616.85,4617.27,4616.09,4616.43,352
2026-08-21 22:37:00,4616.43,4617.47,4616.42,4617.46,243
2026-08-21 22:38:00,4617.46,4618.44,4616.99,4616.99,336
2026-08-21 22:39:00,4616.99,4618.04,4615.76,4618.01,332
2026-08-21 22:40:00,4618.01,4619.68,4617.96,4619.1,291
2026-08-21 22:41:00,4619.08,4619.57,4618.33,4619.31,294
2026-08-21 22:42:00,4619.31,4619.31,4618.43,4618.85,334
2026-08-21 22:43:00,4618.86,4619.54,4618.53,4619.35,349
2026-08-21 22:44:00,4619.35,4619.36,4617.91,4618.1,273
2026-08-21 22:45:00,4618.1,4618.61,4617.46,4618.56,390
2026-08-21 22:46:00,4618.56,4619.49,4618.01,4618.07,444
2026-08-21 22:47:00,4618.07,4621.08,4617.79,4621.04,373
2026-08-21 22:48:00,4621.04,4622.43,4621.04,4621.69,444
2026-08-21 22:49:00,4621.69,4623.25,4621.53,4622.8,406
2026-08-21 22:50:00,4622.8,4623.19,4621.28,4621.85,502
2026-08-21 22:51:00,4621.85,4622.65,4621.71,4622.19,359
2026-08-21 22:52:00,4622.19,4623.09,4622.09,4622.92,347
2026-08-21 22:53:00,4622.92,4623.78,4622.36,4622.46,417
2026-08-21 22:54:00,4622.46,4622.9,4621.7,4622.89,321
2026-08-21 22:55:00,4622.84,4622.84,4619.1,4621.1,574
2026-08-21 22:56:00,4621.1,4621.41,4619.43,4619.57,409
2026-08-21 22:57:00,4619.57,4619.59,4618.0,4618.66,468
2026-08-21 22:58:00,4618.66,4619.32,4617.62,4617.64,475
2026-08-21 22:59:00,4617.66,4617.95,4615.61,4616.96,576
2026-08-21 23:00:00,4616.96,4617.25,4615.28,4615.38,266
2026-08-21 23:01:00,4615.38,4616.21,4615.08,4615.93,195
2026-08-21 23:02:00,4615.93,4617.29,4615.22,4616.25,149
2026-08-21 23:03:00,4616.25,4617.45,4615.95,4617.28,140
2026-08-21 23:04:00,4617.27,4617.41,4617.05,4617.41,82
2026-08-21 23:05:00,4617.41,4617.51,4616.75,4617.13,116
2026-08-21 23:06:00,4616.98,4617.64,4616.74,4617.2,101
2026-08-21 23:07:00,4617.2,4617.2,4616.5,4616.63,96
2026-08-21 23:08:00,4616.62,4617.06,4615.66,4616.82,152
2026-08-21 23:09:00,4616.82,4617.06,4616.22,4616.52,138
2026-08-21 23:10:00,4616.52,4617.07,4615.87,4616.92,155
2026-08-21 23:11:00,4616.92,4617.04,4616.59,4616.65,101
2026-08-21 23:12:00,4616.65,4616.97,4616.16,4616.96,128
2026-08-21 23:13:00,4616.96,4617.72,4616.69,4616.8,94
2026-08-21 23:14:00,4616.8,4617.23,4616.67,4616.92,98
2026-08-21 23:15:00,4616.92,4617.68,4616.18,4616.2,145
2026-08-21 23:16:00,4616.2,4616.56,4614.9,4614.9,129
2026-08-21 23:17:00,4614.9,4615.08,4614.34,4614.57,197
2026-08-21 23:18:00,4614.57,4614.85,4612.78,4612.85,214
2026-08-21 23:19:00,4612.87,4612.93,4611.42,4612.73,201
2026-08-21 23:20:00,4612.73,4613.36,4611.62,4611.62,195
2026-08-21 23:21:00,4611.62,4613.63,4611.62,4612.56,197
2026-08-21 23:22:00,4612.67,4612.7,4611.43,4611.73,141
2026-08-21 23:23:00,4611.73,4612.47,4610.61,4610.83,120
2026-08-21 23:24:00,4610.83,4611.38,4610.44,4611.03,168
2026-08-21 23:25:00,4611.03,4611.32,4610.58,4610.76,133
2026-08-21 23:26:00,4610.76,4611.6,4610.58,4611.21,187
2026-08-21 23:27:00,4611.21,4611.22,4610.31,4610.92,141
2026-08-21 23:28:00,4610.92,4611.9,4610.74,4611.07,159
2026-08-21 23:29:00,4611.07,4611.43,4610.88,4610.96,80
2026-08-21 23:30:00,4610.96,4611.99,4610.13,4611.99,245
2026-08-21 23:31:00,4611.93,4612.01,4610.7,4610.95,138
2026-08-21 23:32:00,4610.82,4610.82,4610.25,4610.47,138
2026-08-21 23:33:00,4610.47,4610.91,4610.11,4610.74,133
2026-08-21 23:34:00,4610.71,4611.09,4610.34,4610.51,165
2026-08-21 23:35:00,4610.51,4610.61,4609.87,4610.02,123
2026-08-21 23:36:00,4610.02,4611.62,4610.02,4611.08,200
2026-08-21 23:37:00,4611.08,4611.77,4610.04,4610.04,129
2026-08-21 23:38:00,4609.98,4610.04,4607.67,4608.03,268
2026-08-21 23:39:00,4608.03,4608.88,4607.74,4608.4,154
2026-08-21 23:40:00,4608.4,4609.54,4607.86,4609.31,224
2026-08-21 23:41:00,4609.31,4609.83,4608.71,4609.28,156
2026-08-21 23:42:00,4609.28,4609.54,4608.35,4608.37,128
2026-08-21 23:43:00,4608.37,4608.78,4607.93,4608.16,184
2026-08-21 23:44:00,4608.16,4608.42,4608.0,4608.07,114
2026-08-21 23:45:00,4608.07,4608.69,4607.78,4608.2,207
2026-08-21 23:46:00,4608.22,4608.76,4607.58,4607.95,140
2026-08-21 23:47:00,4607.94,4608.28,4606.57,4607.24,162
2026-08-21 23:48:00,4607.24,4607.55,4603.23,4604.56,280
2026-08-21 23:49:00,4604.56,4606.56,4604.46,4606.26,212
2026-08-21 23:50:00,4606.26,4607.07,4605.27,4605.6,236
2026-08-21 23:51:00,4605.6,4605.99,4603.63,4604.65,238
2026-08-21 23:52:00,4604.65,4605.0,4603.61,4604.91,117
2026-08-21 23:53:00,4604.91,4605.1,4604.07,4604.59,251
2026-08-21 23:54:00,4604.59,4605.26,4604.11,4604.94,226
