timestamp,open,high,low,close,volume
1767308400000,4323.698,4351.005,4323.198,4347.805,0.863
1767312000000,4347.798,4355.545,4341.075,4353.715,1.3954
1767315600000,4353.695,4355.575,4344.295,4347.685,1.987
1767319200000,4347.635,4362.915,4344.735,4362.585,1.6534
1767322800000,4362.555,4375.398,4361.785,4374.748,2.1614
1767326400000,4374.759,4378.135,4371.038,4372.898,1.6603
1767330000000,4373.215,4381.495,4370.598,4380.335,1.3821
1767333600000,4380.345,4380.548,4372.965,4374.315,1.2285
1767337200000,4374.355,4383.165,4371.635,4382.525,1.405
1767340800000,4382.545,4397.315,4380.555,4386.598,1.6763
1767344400000,4386.598,4391.248,4382.858,4385.055,1.8323
1767348000000,4385.085,4398.235,4384.198,4395.818,1.6238
1767351600000,4395.915,4398.998,4390.245,4392.535,1.3153
1767355200000,4392.565,4397.875,4384.705,4393.978,1.6743
1767358800000,4393.978,4401.928,4361.695,4365.785,4.2946
1767362400000,4365.905,4373.495,4347.635,4353.275,2.7831
1767366000000,4352.955,4356.905,4330.065,4335.095,3.2677
1767369600000,4335.055,4337.095,4314.845,4326.335,3.2522
1767373200000,4326.305,4333.215,4322.475,4322.825,2.3497
1767376800000,4322.785,4323.425,4309.618,4314.955,2.2208
1767380400000,4315.325,4326.005,4315.325,4317.845,1.8225
1767384000000,4317.815,4331.345,4316.925,4331.325,2.2205
1767387600000,4331.405,4333.165,4326.635,4331.575,1.0016
1767567600000,4360.875,4375.665,4344.425,4372.345,2.5305
1767571200000,4372.275,4396.475,4370.025,4394.765,2.3615
1767574800000,4394.905,4421.195,4390.558,4401.655,4.7644
1767578400000,4401.695,4409.095,4388.365,4404.985,4.0926
1767582000000,4404.948,4413.875,4399.485,4399.615,2.8855
1767585600000,4399.645,4408.055,4397.005,4403.865,1.5175
1767589200000,4403.835,4414.335,4400.978,4412.185,2.1672
1767592800000,4412.125,4426.095,4411.025,4420.235,4.5508
1767596400000,4420.205,4424.695,4416.475,4421.465,2.7487
1767600000000,4421.465,4433.675,4419.025,4429.885,3.144
1767603600000,4429.655,4438.025,4425.798,4434.525,2.5875
1767607200000,4434.485,4439.675,4430.505,4436.085,1.8298
1767610800000,4436.115,4437.305,4410.285,4419.035,2.8721
1767614400000,4419.065,4421.225,4405.265,4409.455,2.1896
1767618000000,4409.485,4418.765,4396.045,4416.635,2.9833
1767621600000,4416.685,4442.575,4416.685,4435.998,3.5522
1767625200000,4435.998,4455.425,4435.345,4448.275,3.455
1767628800000,4448.255,4454.125,4438.125,4441.535,2.1946
1767632400000,4441.815,4448.855,4432.095,4443.325,2.2259
1767636000000,4443.295,4448.348,4439.475,4448.348,1.6027
1767639600000,4448.348,4449.075,4434.585,4439.485,1.6681
1767643200000,4439.448,4446.715,4437.735,4444.555,1.7475
1767646800000,4444.545,4449.165,4443.058,4448.345,1.6283
1767654000000,4446.615,4459.815,4436.555,4440.285,0.8929
1767657600000,4440.285,4444.548,4429.988,4436.285,1.221
1767661200000,4436.325,4452.145,4427.725,4450.325,2.8891
1767664800000,4450.465,4461.125,4448.395,4454.695,2.8016
1767668400000,4454.695,4467.885,4453.875,4467.305,2.0011
1767672000000,4467.298,4468.275,4461.475,4467.205,2.486
1767675600000,4467.175,4473.915,4449.198,4451.725,3.345
1767679200000,4452.115,4466.655,4451.205,4465.595,2.1717
1767682800000,4465.565,4470.035,4456.695,4459.125,1.4766
1767686400000,4459.105,4475.485,4456.975,4467.948,3.0055
1767690000000,4467.948,4468.185,4444.498,4446.055,5.0033
1767693600000,4446.085,4455.549,4442.095,4451.455,2.5875
1767697200000,4451.425,4464.198,4448.285,4462.948,2.7328
1767700800000,4463.048,4466.065,4458.478,4463.365,3.7732
1767704400000,4463.345,4470.175,4453.535,4467.695,4.93
1767708000000,4467.735,4489.448,4464.165,4487.425,4.6089
1767711600000,4487.255,4490.615,4462.955,4478.025,5.5523
1767715200000,4477.978,4488.575,4471.178,4487.915,3.4165
1767718800000,4487.945,4491.248,4481.345,4489.148,2.6106
1767722400000,4489.098,4493.775,4481.728,4488.215,4.1991
1767726000000,4488.245,4489.165,4477.195,4481.195,3.9451
1767729600000,4481.155,4496.498,4480.135,4493.448,3.7715
1767733200000,4493.448,4497.048,4491.548,4493.185,1.0425
1767740400000,4494.298,4500.348,4491.935,4493.235,0.8396
1767744000000,4493.185,4494.475,4481.999,4491.735,1.4141
1767747600000,4491.695,4495.595,4460.625,4465.275,3.824
1767751200000,4465.255,4478.405,4459.308,4474.255,3.0891
1767754800000,4474.305,4479.965,4471.365,4474.505,1.8671
1767758400000,4474.525,4475.755,4463.165,4464.515,1.7367
1767762000000,4464.495,4470.155,4442.935,4453.975,2.4883
1767765600000,4453.975,4460.105,4441.248,4443.798,2.4964
1767769200000,4443.798,4464.625,4441.375,4460.935,1.6726
1767772800000,4460.785,4474.648,4459.085,4468.075,1.4796
1767776400000,4467.895,4468.415,4459.215,4463.215,2.7418
1767780000000,4463.165,4467.475,4458.495,4464.095,2.2731
1767783600000,4464.065,4464.745,4446.255,4447.135,1.8035
1767787200000,4447.505,4454.805,4439.135,4444.685,2.7117
1767790800000,4444.609,4452.895,4427.505,4452.648,3.6214
1767794400000,4452.655,4454.095,4435.485,4444.548,3.2948
1767798000000,4444.548,4452.055,4423.135,4445.895,3.5314
1767801600000,4445.845,4468.075,4443.615,4463.865,4.5325
1767805200000,4463.875,4465.095,4449.455,4451.725,3.3469
1767808800000,4451.685,4458.655,4446.815,4451.835,2.2871
1767812400000,4451.865,4457.915,4445.105,4456.875,2.1682
1767816000000,4456.835,4461.365,4450.325,4451.805,3.3308
1767819600000,4452.075,4456.505,4449.688,4455.635,0.6095
1767826800000,4457.498,4463.735,4456.898,4463.205,0.6426
1767830400000,4463.145,4466.075,4446.395,4449.815,2.2441
1767834000000,4449.835,4460.025,4441.678,4448.065,3.148
1767837600000,4448.065,4449.205,4433.275,4440.975,2.9753
1767841200000,4440.965,4446.195,4437.005,4439.925,2.7132
1767844800000,4439.925,4440.255,4429.838,4431.275,2.3648
1767848400000,4431.225,4432.105,4415.215,4425.395,2.963
1767852000000,4425.375,4437.348,4415.415,4433.025,3.0522
1767855600000,4432.995,4439.448,4428.005,4430.745,1.8444
1767859200000,4430.725,4433.175,4419.438,4431.435,2.3366
1767862800000,4431.239,4435.145,4425.825,4432.405,1.4504
1767866400000,4432.425,4434.615,4422.755,4433.048,1.4532
1767870000000,4433.048,4433.048,4421.885,4422.675,1.4399
1767873600000,4422.735,4431.055,4407.485,4427.415,2.1802
1767877200000,4427.375,4435.605,4417.095,4423.515,6.5097
1767880800000,4423.575,4439.185,4418.915,4432.755,3.2434
1767884400000,4432.725,4456.315,4427.615,4454.015,3.3298
1767888000000,4454.035,4464.255,4446.695,4462.935,2.977
1767891600000,4462.945,4465.165,4457.275,4463.165,1.8562
1767895200000,4463.175,4463.175,4447.675,4449.235,2.3761
1767898800000,4449.208,4452.775,4444.565,4451.895,1.7873
1767902400000,4451.875,4477.898,4451.285,4475.925,2.4024
1767906000000,4475.835,4479.398,4472.398,4477.555,0.9565
1767913200000,4478.698,4483.548,4472.515,4475.485,0.7399
1767916800000,4475.445,4476.675,4459.525,4462.218,1.6681
1767920400000,4462.238,4469.805,4452.585,4468.745,3.0042
1767924000000,4468.715,4476.295,4465.425,4469.305,1.7169
1767927600000,4469.275,4469.765,4460.215,4463.905,1.5668
1767931200000,4463.875,4466.785,4460.558,4464.465,0.8762
1767934800000,4464.445,4471.535,4457.985,4467.845,1.3688
1767938400000,4468.335,4477.125,4465.815,4473.805,1.8605
1767942000000,4473.875,4475.235,4468.299,4469.935,1.0935
1767945600000,4470.025,4476.685,4463.905,4468.345,1.6233
1767949200000,4468.295,4477.445,4468.245,4470.815,1.2514
1767952800000,4470.785,4473.935,4466.798,4472.248,1.2912
1767956400000,4472.248,4475.898,4468.385,4475.048,1.1217
1767960000000,4474.995,4480.335,4460.705,4465.685,1.6552
1767963600000,4465.765,4491.595,4458.595,4482.178,3.7917
1767967200000,4482.178,4497.898,4478.985,4494.095,4.4654
1767970800000,4494.075,4516.898,4489.818,4511.988,4.7782
1767974400000,4511.988,4513.908,4499.498,4506.305,4.7042
1767978000000,4506.315,4511.455,4481.615,4484.205,3.273
1767981600000,4484.105,4504.305,4482.655,4495.755,5.4249
1767985200000,4495.755,4501.498,4492.425,4498.925,4.0121
1767988800000,4498.865,4509.805,4497.405,4507.275,5.2537
1767992400000,4507.265,4510.998,4504.748,4509.015,0.7828
1768172400000,4520.298,4544.735,4511.898,4539.855,1.9448
1768176000000,4539.775,4601.048,4536.055,4588.548,2.9048
1768179600000,4588.548,4594.498,4569.755,4569.755,4.6372
1768183200000,4569.725,4581.745,4561.355,4577.345,3.579
1768186800000,4577.225,4581.255,4567.445,4570.285,1.7116
1768190400000,4570.305,4571.995,4563.118,4568.365,1.3946
1768194000000,4568.415,4584.695,4565.835,4580.575,1.8397
1768197600000,4580.615,4580.615,4569.455,4578.395,2.1224
1768201200000,4578.415,4589.465,4574.585,4587.485,1.6602
1768204800000,4587.455,4598.315,4579.235,4596.695,1.7227
1768208400000,4596.725,4599.245,4587.415,4588.945,2.5141
1768212000000,4588.965,4595.145,4585.835,4594.055,1.1592
1768215600000,4594.075,4594.725,4581.415,4584.995,1.3399
1768219200000,4585.015,4590.575,4578.145,4590.315,1.7447
1768222800000,4590.285,4620.185,4588.345,4615.555,3.3748
1768226400000,4615.585,4617.055,4584.615,4601.778,5.2722
1768230000000,4601.775,4627.275,4601.548,4621.135,3.8306
1768233600000,4620.765,4629.975,4607.508,4616.625,2.6711
1768237200000,4616.675,4620.448,4610.565,4616.155,3.1478
1768240800000,4616.195,4618.435,4600.215,4610.655,2.0471
1768244400000,4610.685,4618.695,4608.535,4610.975,1.9051
1768248000000,4611.015,4611.625,4591.405,4593.555,4.3044
1768251600000,4593.535,4598.815,4589.195,4598.545,0.9157
1768258800000,4599.498,4607.098,4577.335,4599.095,1.5706
1768262400000,4599.205,4599.365,4584.148,4587.045,1.102
1768266000000,4587.065,4595.555,4575.275,4577.655,3.2476
1768269600000,4577.625,4594.815,4576.455,4594.025,2.0057
1768273200000,4593.865,4599.455,4592.325,4593.955,1.4128
1768276800000,4593.925,4599.635,4593.725,4596.148,1.1066
1768280400000,4596.095,4601.945,4585.395,4591.925,1.6079
1768284000000,4591.815,4592.185,4573.325,4581.555,2.0289
1768287600000,4581.595,4586.945,4577.215,4580.445,1.1591
1768291200000,4580.495,4596.855,4579.505,4592.555,1.3981
1768294800000,4592.585,4595.515,4585.368,4585.698,1.6434
1768298400000,4585.948,4588.115,4580.065,4586.145,1.2802
1768302000000,4586.105,4591.915,4581.905,4588.365,1.0436
1768305600000,4588.435,4595.035,4577.615,4593.045,1.1459
1768309200000,4592.995,4620.548,4590.405,4611.145,4.8573
1768312800000,4611.165,4634.285,4608.695,4629.065,5.5373
1768316400000,4629.075,4629.555,4600.415,4618.905,5.1665
1768320000000,4618.885,4620.445,4592.775,4613.045,4.6554
1768323600000,4612.985,4615.725,4586.348,4590.255,2.5966
1768327200000,4590.255,4601.735,4580.835,4593.758,5.5005
1768330800000,4593.758,4598.765,4583.985,4597.305,2.324
1768334400000,4597.325,4597.555,4569.185,4585.718,4.4164
1768338000000,4585.995,4589.585,4582.508,4585.655,1.0109
1768345200000,4586.165,4598.655,4586.165,4596.805,0.8404
1768348800000,4596.795,4610.455,4596.745,4608.898,1.2915
1768352400000,4608.995,4619.765,4605.875,4619.025,2.3938
1768356000000,4619.055,4623.535,4613.935,4620.325,1.9509
1768359600000,4620.305,4629.865,4613.095,4627.955,1.4886
1768363200000,4627.975,4630.215,4625.015,4629.015,1.4567
1768366800000,4629.075,4639.535,4617.685,4619.565,2.4307
1768370400000,4619.605,4637.065,4618.305,4637.045,2.5492
1768374000000,4637.055,4639.495,4631.355,4632.145,1.5735
1768377600000,4632.125,4637.685,4621.265,4634.775,1.7404
1768381200000,4634.545,4639.425,4626.815,4630.345,1.5005
1768384800000,4630.335,4638.015,4627.605,4632.885,1.2631
1768388400000,4632.945,4637.315,4625.795,4630.145,1.4032
1768392000000,4630.375,4641.595,4630.055,4638.455,1.7586
1768395600000,4638.485,4641.395,4623.645,4635.495,2.9182
1768399200000,4635.535,4638.765,4606.655,4617.035,4.0491
1768402800000,4616.958,4626.415,4599.165,4617.715,4.0616
1768406400000,4617.735,4624.615,4608.445,4616.855,2.9803
1768410000000,4616.805,4618.905,4600.985,4614.125,3.0388
1768413600000,4614.075,4637.115,4612.645,4635.005,3.1056
1768417200000,4634.975,4642.695,4632.915,4638.995,3.5614
1768420800000,4639.045,4641.335,4625.485,4632.445,2.919
1768424400000,4632.385,4632.875,4617.665,4626.065,1.1718
1768431600000,4629.225,4631.645,4602.575,4615.015,2.1605
1768435200000,4614.935,4617.915,4609.945,4614.895,1.2911
1768438800000,4614.875,4617.395,4583.215,4599.665,3.6477
1768442400000,4599.748,4614.415,4595.255,4602.735,2.4209
1768446000000,4602.715,4604.095,4580.925,4592.015,3.1391
1768449600000,4592.015,4597.175,4586.695,4591.965,1.5447
1768453200000,4591.945,4598.685,4580.815,4594.945,2.0197
1768456800000,4594.975,4611.785,4593.255,4609.845,3.065
1768460400000,4609.825,4613.365,4599.015,4601.565,1.4701
1768464000000,4601.585,4606.915,4597.685,4604.115,1.5698
1768467600000,4604.125,4612.935,4600.435,4612.445,1.5514
1768471200000,4612.415,4620.555,4609.155,4619.615,1.3328
1768474800000,4619.665,4622.755,4615.305,4619.005,1.1313
1768478400000,4619.105,4620.555,4611.465,4613.755,1.3131
1768482000000,4613.785,4615.905,4582.135,4588.015,4.0881
1768485600000,4588.195,4614.795,4583.105,4610.795,4.9857
1768489200000,4610.508,4617.708,4603.468,4615.145,5.1083
1768492800000,4615.165,4624.325,4600.975,4605.295,3.617
1768496400000,4605.315,4616.625,4605.315,4616.198,2.5712
1768500000000,4616.065,4620.848,4613.168,4617.308,3.5254
1768503600000,4617.308,4621.295,4612.485,4615.635,2.495
1768507200000,4615.635,4616.115,4600.399,4605.555,4.5743
1768510800000,4605.545,4616.088,4604.175,4614.819,1.4524
1768518000000,4613.498,4620.448,4606.055,4609.855,1.1344
1768521600000,4609.835,4610.845,4598.098,4599.648,1.8461
1768525200000,4599.495,4608.325,4593.565,4600.335,2.3373
1768528800000,4600.305,4604.005,4590.975,4594.448,2.3596
1768532400000,4594.825,4599.615,4592.605,4596.115,1.4304
1768536000000,4596.055,4601.915,4595.835,4600.869,1.281
1768539600000,4600.885,4615.735,4595.105,4611.275,2.0514
1768543200000,4611.235,4612.095,4593.865,4597.845,2.455
1768546800000,4597.915,4611.825,4596.515,4607.285,1.4386
1768550400000,4607.245,4610.355,4600.945,4602.985,1.1978
1768554000000,4603.045,4608.335,4598.615,4600.395,0.9876
1768557600000,4600.325,4610.945,4599.465,4599.885,0.958
1768561200000,4599.915,4615.965,4598.285,4612.335,1.2181
1768564800000,4612.365,4612.675,4596.915,4601.598,1.7757
1768568400000,4601.628,4605.305,4582.105,4601.625,3.3627
1768572000000,4601.605,4614.505,4595.748,4607.445,4.3965
1768575600000,4607.475,4620.035,4536.515,4570.855,5.4761
1768579200000,4570.835,4598.835,4567.138,4591.025,3.2779
1768582800000,4590.965,4592.985,4576.395,4581.185,2.4064
1768586400000,4581.155,4595.865,4579.648,4582.415,2.1598
1768590000000,4582.395,4592.149,4580.655,4590.245,2.3654
1768593600000,4590.285,4595.655,4580.335,4581.685,3.6321
1768597200000,4581.598,4598.085,4581.598,4595.515,1.0799
1768777200000,4625.755,4690.265,4618.988,4672.365,2.8176
1768780800000,4672.375,4681.735,4660.685,4674.995,1.9314
1768784400000,4675.215,4678.285,4655.835,4657.045,3.0454
1768788000000,4657.025,4664.775,4652.845,4662.275,1.9083
1768791600000,4662.225,4669.675,4657.845,4658.048,1.7257
1768795200000,4658.208,4665.865,4657.898,4663.095,1.0633
1768798800000,4663.075,4674.165,4662.955,4669.815,1.3709
1768802400000,4669.815,4678.855,4666.529,4677.765,1.5814
1768806000000,4677.725,4678.415,4661.628,4664.955,1.6224
1768809600000,4664.955,4673.655,4661.345,4663.275,1.5734
1768813200000,4663.275,4672.645,4661.658,4668.205,1.5311
1768816800000,4668.155,4671.055,4660.948,4663.565,1.2333
1768820400000,4663.595,4667.335,4659.425,4660.295,0.937
1768824000000,4660.335,4673.585,4659.825,4671.805,1.1269
1768827600000,4671.599,4673.565,4664.185,4665.905,1.9423
1768831200000,4665.885,4670.205,4661.198,4666.355,1.6088
1768834800000,4666.315,4675.955,4663.995,4674.055,2.095
1768838400000,4674.085,4675.435,4670.145,4671.945,0.9969
1768842000000,4671.975,4678.665,4668.848,4676.035,1.201
1768845600000,4676.015,4680.105,4673.475,4676.248,0.7611
1768849200000,4676.248,4676.348,4666.848,4669.975,0.6184
1768863600000,4671.298,4676.448,4664.185,4665.135,0.7704
1768867200000,4665.145,4667.815,4659.245,4660.095,0.8999
1768870800000,4660.115,4675.885,4659.665,4669.505,2.0067
1768874400000,4669.395,4674.645,4665.205,4668.505,1.7887
1768878000000,4668.565,4681.355,4665.735,4679.985,1.4373
1768881600000,4679.965,4696.785,4679.405,4695.025,1.9565
1768885200000,4694.995,4716.395,4694.115,4714.148,1.9486
1768888800000,4714.148,4716.925,4705.355,4712.285,2.0256
1768892400000,4712.245,4722.505,4711.215,4715.915,1.3978
1768896000000,4715.945,4731.435,4714.745,4729.205,1.931
1768899600000,4729.225,4737.285,4720.998,4732.165,1.6593
1768903200000,4732.195,4734.825,4722.785,4726.355,1.5354
1768906800000,4726.375,4735.145,4721.415,4732.885,1.5331
1768910400000,4732.678,4732.678,4723.765,4727.365,1.5145
1768914000000,4727.345,4738.165,4715.075,4736.855,3.0366
1768917600000,4736.905,4750.835,4728.295,4740.805,5.0087
1768921200000,4740.658,4748.295,4722.028,4737.215,6.9787
1768924800000,4737.235,4757.355,4728.685,4753.255,3.6024
1768928400000,4753.245,4762.205,4745.755,4758.898,2.7559
1768932000000,4758.915,4766.045,4752.485,4759.205,2.388
1768935600000,4759.205,4766.145,4756.235,4760.555,2.1379
1768939200000,4760.505,4760.995,4747.048,4756.405,2.8307
1768942800000,4756.415,4763.775,4756.055,4762.945,0.8656
1768950000000,4761.375,4780.895,4756.578,4775.625,0.8792
1768953600000,4775.605,4787.495,4770.198,4784.325,1.0476
1768957200000,4784.305,4843.925,4783.315,4835.045,3.358
1768960800000,4835.155,4841.945,4817.005,4836.465,2.3481
1768964400000,4836.455,4849.545,4826.795,4844.735,2.1669
1768968000000,4844.675,4870.685,4837.695,4865.795,1.9166
1768971600000,4865.695,4878.065,4858.605,4869.745,1.9538
1768975200000,4869.805,4888.075,4845.455,4847.275,2.533
1768978800000,4847.255,4856.875,4832.375,4855.055,2.3661
1768982400000,4855.075,4869.375,4851.325,4854.435,1.5425
1768986000000,4854.455,4876.965,4852.115,4860.175,1.6
1768989600000,4860.135,4866.555,4859.235,4861.898,1.1878
1768993200000,4861.898,4871.305,4854.975,4866.705,1.2196
1768996800000,4866.735,4870.715,4855.415,4864.975,1.3075
1769000400000,4865.313,4880.135,4858.255,4879.215,2.1796
1769004000000,4879.195,4880.635,4839.115,4851.595,4.149
1769007600000,4851.515,4868.575,4812.415,4847.505,4.2021
1769011200000,4847.535,4855.435,4819.615,4833.265,3.1853
1769014800000,4833.295,4834.135,4802.325,4826.125,3.1432
1769018400000,4826.155,4850.445,4819.515,4850.095,3.0823
1769022000000,4850.125,4853.875,4755.345,4780.995,4.2925
1769025600000,4780.858,4827.675,4771.915,4826.345,4.1786
1769029200000,4826.315,4839.535,4813.005,4831.685,1.456
1769036400000,4832.695,4833.415,4777.265,4777.915,1.3682
1769040000000,4777.875,4798.665,4777.795,4797.975,1.282
1769043600000,4797.955,4809.405,4772.185,4797.835,2.9508
1769047200000,4797.635,4798.165,4774.535,4788.845,2.3322
1769050800000,4788.845,4796.565,4784.055,4796.365,1.8137
1769054400000,4796.395,4800.245,4793.615,4797.305,1.3459
1769058000000,4797.275,4821.265,4793.505,4821.115,1.5056
1769061600000,4821.145,4829.195,4816.205,4826.405,1.6432
1769065200000,4826.605,4839.353,4825.575,4832.485,1.1164
1769068800000,4832.465,4835.325,4821.975,4830.435,1.3059
1769072400000,4830.495,4837.925,4813.605,4822.945,1.2859
1769076000000,4822.965,4831.645,4819.305,4828.795,0.9346
1769079600000,4828.835,4836.145,4824.445,4831.015,1.0192
1769083200000,4830.985,4832.365,4818.615,4819.405,1.3801
1769086800000,4819.365,4835.235,4810.535,4822.125,2.2029
1769090400000,4822.095,4847.505,4820.225,4834.845,2.5421
1769094000000,4834.498,4873.535,4825.358,4871.615,2.9844
1769097600000,4871.645,4885.235,4867.915,4877.835,2.3479
1769101200000,4877.875,4906.095,4869.195,4904.385,2.5346
1769104800000,4904.355,4919.385,4901.115,4915.815,2.137
1769108400000,4915.775,4924.235,4905.755,4911.575,1.9421
1769112000000,4911.595,4928.295,4911.375,4916.875,1.7941
1769115600000,4916.805,4940.615,4914.485,4935.685,0.964
1769122800000,4935.698,4960.435,4929.945,4958.795,1.3812
1769126400000,4958.785,4965.765,4947.235,4965.025,1.1451
1769130000000,4965.055,4967.075,4935.995,4953.315,2.4355
1769133600000,4953.295,4962.125,4946.665,4955.395,1.2999
1769137200000,4955.365,4958.915,4937.845,4951.855,1.1651
1769140800000,4951.835,4958.295,4950.025,4956.095,0.5383
1769144400000,4956.075,4967.235,4954.395,4960.425,0.8418
1769148000000,4960.405,4963.035,4945.405,4953.595,1.4098
1769151600000,4953.635,4959.505,4943.105,4944.325,1.2907
1769155200000,4944.305,4947.565,4901.005,4913.535,1.906
1769158800000,4913.635,4921.225,4899.545,4918.415,2.0882
1769162400000,4918.465,4932.265,4915.485,4929.635,1.2321
1769166000000,4929.715,4929.735,4911.625,4922.625,1.1049
1769169600000,4923.025,4942.295,4918.205,4939.225,1.6289
1769173200000,4939.175,4947.785,4923.305,4938.945,2.7508
1769176800000,4938.865,4956.325,4932.535,4942.995,2.4453
1769180400000,4943.005,4963.265,4937.965,4960.295,2.8731
1769184000000,4960.345,4988.095,4958.898,4980.125,2.6376
1769187600000,4980.165,4987.815,4961.845,4965.525,2.2945
1769191200000,4965.585,4983.885,4957.995,4966.375,2.2821
1769194800000,4966.505,4989.675,4966.505,4983.945,1.647
1769198400000,4983.875,4985.455,4970.385,4980.725,2.2771
1769202000000,4980.805,4989.648,4977.925,4983.785,0.9059
1769382000000,5003.285,5039.695,5001.098,5039.395,2.3352
1769385600000,5039.525,5051.885,5030.275,5041.495,1.8718
1769389200000,5041.565,5085.355,5028.745,5070.775,3.7581
1769392800000,5070.725,5092.785,5066.625,5080.695,3.1532
1769396400000,5080.685,5087.575,5069.905,5076.525,2.7312
1769400000000,5076.445,5077.985,5058.045,5070.175,1.5361
1769403600000,5070.145,5076.325,5052.175,5074.185,2.7598
1769407200000,5074.165,5110.885,5065.175,5077.235,2.7496
1769410800000,5077.235,5095.585,5073.575,5088.855,1.8651
1769414400000,5088.815,5098.225,5080,5083.185,1.9451
1769418000000,5082.965,5098.376,5075.145,5083.995,1.8249
1769421600000,5084.57,5094.895,5078.395,5091.545,1.4872
1769425200000,5091.525,5092.755,5078.215,5091.345,1.5447
1769428800000,5091.385,5096.835,5076.935,5078.745,1.901
1769432400000,5078.665,5082.915,5054.375,5068.395,2.9917
1769436000000,5068.515,5096.805,5058.125,5095.898,3.2397
1769439600000,5095.898,5097.215,5073.845,5090.615,3.3564
1769443200000,5090.655,5105.015,5065.025,5089.375,3.4565
1769446800000,5089.375,5104.858,5080.205,5100.805,3.0923
1769450400000,5100.855,5103.105,5057.425,5068.685,4.4928
1769454000000,5068.665,5069.555,5008.018,5028.225,5.3559
1769457600000,5028.265,5062.055,5026.085,5055.095,4.924
1769461200000,5055.105,5058.799,4989.805,5009.535,3.8259
1769468400000,5011.698,5061.195,5010.918,5043.195,1.8198
1769472000000,5043.225,5053.765,5013.595,5032.645,1.7549
1769475600000,5032.665,5075.635,5018.248,5059.815,3.6672
1769479200000,5059.935,5079.575,5049.415,5072.315,2.444
1769482800000,5072.345,5078.985,5060.005,5076.815,2.0958
1769486400000,5076.785,5078.575,5061.325,5067.565,1.8558
1769490000000,5067.505,5085.115,5057.005,5082.825,2.2851
1769493600000,5082.855,5093.825,5076.525,5085.575,2.1725
1769497200000,5085.585,5100.585,5081.095,5085.725,2.7
1769500800000,5085.725,5087.985,5073.075,5079.335,2.2435
1769504400000,5079.315,5099.345,5077.558,5098.595,1.7725
1769508000000,5098.195,5098.425,5081.745,5086.195,1.5051
1769511600000,5086.225,5090.585,5066.808,5076.705,1.5509
1769515200000,5076.755,5091.015,5073.395,5084.825,1.9786
1769518800000,5084.835,5092.695,5069.435,5077.055,3.0592
1769522400000,5077.055,5081.975,5046.465,5052.555,4.4683
1769526000000,5052.048,5091.075,5047.485,5090.775,4.1957
1769529600000,5090.575,5103.075,5083.065,5087.295,3.2595
1769533200000,5087.265,5093.845,5076.565,5081.005,3.1169
1769536800000,5081.035,5095.415,5076.135,5087.855,2.6842
1769540400000,5087.875,5099.875,5080.875,5098.745,1.8978
1769544000000,5098.715,5182.195,5097.745,5176.548,5.0211
1769547600000,5176.748,5190.235,5168.845,5178.675,2.3743
1769554800000,5178.725,5183.998,5158.525,5171.895,1.8607
1769558400000,5171.975,5179.925,5157.115,5171.865,1.9106
1769562000000,5171.655,5224.985,5168.445,5204.265,4.2864
1769565600000,5204.305,5234.415,5201.375,5231.815,3.2853
1769569200000,5231.455,5247.475,5224.265,5234.945,2.8246
1769572800000,5234.845,5248.755,5232.105,5245.385,1.8198
1769576400000,5245.395,5266.395,5241.325,5261.135,2.3217
1769580000000,5261.185,5271.195,5251.695,5269.798,2.4029
1769583600000,5269.635,5292.565,5262.765,5290.335,2.4587
1769587200000,5290.285,5311.245,5280.385,5293.345,2.9217
1769590800000,5293.375,5297.205,5262.915,5278.055,2.5054
1769594400000,5278.095,5285.515,5269.245,5269.819,1.987
1769598000000,5269.855,5270.625,5238.345,5261.375,2.7061
1769601600000,5261.385,5279.115,5251.515,5279.025,2.8525
1769605200000,5278.965,5289.235,5256.635,5266.295,4.6028
1769608800000,5266.575,5288.245,5248.535,5285.945,3.8546
1769612400000,5285.459,5298.125,5235.238,5278.085,5.5121
1769616000000,5278.045,5300.005,5274.255,5299.645,3.8141
1769619600000,5299.585,5306.795,5282.935,5297.855,3.3497
1769623200000,5298.218,5325.755,5268.245,5279.248,4.747
1769626800000,5279.258,5331.598,5269.165,5325.105,5.072
1769630400000,5324.889,5391.195,5320.955,5376.435,4.7589
1769634000000,5376.555,5418.945,5376.548,5414.575,2.5108
1769641200000,5417.098,5596.805,5417.098,5512.255,4.9205
1769644800000,5512.795,5526.685,5452.305,5519.898,3.6442
1769648400000,5519.865,5551.315,5444.348,5545.405,4.5247
1769652000000,5545.355,5549.845,5503.845,5535.565,3.7657
1769655600000,5535.625,5548.785,5507.835,5545.655,3.1199
1769659200000,5545.635,5564.335,5532.975,5557.855,2.4335
1769662800000,5557.448,5564.235,5515.485,5562.295,2.9962
1769666400000,5562.475,5595.275,5554.515,5561.065,4.1441
1769670000000,5561.025,5574.835,5536.575,5548.755,4.0332
1769673600000,5548.725,5554.585,5472.965,5509.645,3.9785
1769677200000,5509.365,5529.605,5497.575,5513.715,2.6181
1769680800000,5513.755,5525.295,5482.225,5483.275,2.3662
1769684400000,5483.625,5528.695,5470.545,5522.445,2.912
1769688000000,5522.425,5542.835,5518.305,5533.915,2.7454
1769691600000,5533.955,5540.925,5499.625,5510.155,4.1399
1769695200000,5510.325,5549.335,5490.775,5496.045,5.0423
1769698800000,5496.055,5496.055,5098.765,5181.848,5.4563
1769702400000,5181.825,5310.815,5171.455,5263.765,5.1299
1769706000000,5263.715,5375.255,5263.715,5334.385,5.3845
1769709600000,5334.475,5361.525,5306.825,5338.628,4.7164
1769713200000,5338.628,5344.935,5289.655,5305.385,4.5894
1769716800000,5305.395,5406.785,5282.335,5393.565,4.3076
1769720400000,5393.595,5425.165,5370,5378.815,3.5835
1769727600000,5384.575,5447.649,5376.098,5437.995,2.2549
1769731200000,5437.995,5450.745,5389.245,5406.815,2.4644
1769734800000,5407.265,5409.275,5290,5300.125,5.2157
1769738400000,5300.098,5312.098,5111.398,5223.885,6.5011
1769742000000,5223.795,5228.645,5150.235,5195.415,4.4143
1769745600000,5195.335,5229.995,5192.755,5214.545,3.0269
1769749200000,5213.513,5240.865,5179.185,5184.035,3.0571
1769752800000,5184.115,5204.835,5145.095,5155.385,4.2435
1769756400000,5155.365,5185.665,5117.205,5180.805,4.8192
1769760000000,5180.805,5180.805,5051.785,5116.455,5.3761
1769763600000,5116.535,5132.275,4940.895,5012.365,7.7763
1769767200000,5012.345,5121.348,4999.378,5118.765,5.5937
1769770800000,5118.285,5144.288,5087.215,5135.285,4.7463
1769774400000,5135.285,5145.445,5054.185,5063.545,5.588
1769778000000,5063.545,5099.255,4990.875,5018.965,6.936
1769781600000,5018.805,5112.258,5013.825,5031.825,8.0502
1769785200000,5031.698,5073.408,4979.725,5050.045,6.849
1769788800000,5050.035,5051.528,4943.195,4984.465,6.1087
1769792400000,4984.515,4985.515,4799.458,4848.898,7.9473
1769796000000,4848.798,4892.365,4679.725,4877.498,6.847
1769799600000,4877.798,4947.475,4841.805,4931.925,4.7865
1769803200000,4931.975,4932.245,4806.428,4846.808,5.7865
1769806800000,4846.298,4895.615,4830.875,4895.118,3.4914
1769986800000,4817.598,4820.748,4694.575,4741.745,1.7657
1769990400000,4741.725,4884.248,4739.545,4765.848,5.0269
1769994000000,4764.948,4783.748,4582.798,4736.205,6.8575
1769997600000,4735.975,4772.045,4696.025,4709.698,5.0873
1770001200000,4709.698,4728.258,4629.425,4645.605,6.2491
1770004800000,4646.125,4712.188,4602.425,4678.565,4.6494
1770008400000,4678.565,4695.568,4496.635,4547.988,5.2483
1770012000000,4547.265,4572.658,4401.038,4504.005,7.7528
1770015600000,4504.315,4618.295,4482.468,4586.155,7.5537
1770019200000,4586.195,4650.585,4557.905,4639.735,6.807
1770022800000,4639.715,4730.268,4602.255,4718.315,8.4469
1770026400000,4718.285,4732.848,4655.628,4704.508,4.5618
1770030000000,4704.508,4779.025,4702.708,4765.245,4.3328
1770033600000,4765.345,4811.895,4742.705,4793.485,3.3095
1770037200000,4793.505,4803.268,4668.448,4705.619,9.5908
1770040800000,4705.769,4792.989,4679.475,4715.975,7.5895
1770044400000,4705.108,4744.698,4616.395,4619.345,7.4488
1770048000000,4619.235,4708.098,4596.125,4665.528,7.7807
1770051600000,4665.528,4713.318,4655.985,4673.385,4.7508
1770055200000,4673.395,4673.645,4617.758,4657.385,4.2532
1770058800000,4657.285,4712.218,4631.005,4684.708,4.4146
1770062400000,4684.708,4700.295,4647.355,4652.675,5.2191
1770066000000,4652.348,4686.495,4643.325,4657.245,2.3351
1770073200000,4670.098,4775.415,4661.788,4773.935,2.899
1770076800000,4773.975,4829.895,4765.425,4779.425,3.5344
1770080400000,4781.445,4856.248,4765.348,4840.875,7.1415
1770084000000,4840.795,4841.195,4744.808,4782.845,6.7099
1770087600000,4782.875,4812.865,4751.165,4808.795,4.361
1770091200000,4808.665,4824.765,4800.215,4808.765,2.5263
1770094800000,4809.255,4841.365,4808.608,4824.605,3.2305
1770098400000,4824.615,4893.535,4815.895,4880.745,4.2248
1770102000000,4880.595,4933.305,4871.525,4916.935,2.5827
1770105600000,4916.905,4949.395,4897.995,4912.125,2.6647
1770109200000,4912.085,4925.915,4884.275,4915.835,2.384
1770112800000,4915.845,4929.515,4901.415,4901.965,1.6991
1770116400000,4901.985,4918.905,4883.445,4916.475,2.3134
1770120000000,4916.991,4935.308,4891.855,4913.405,2.3851
1770123600000,4913.395,4950.835,4902.325,4932.745,3.5106
1770127200000,4932.685,4936.195,4892.895,4916.245,4.0968
1770130800000,4916.315,4948.355,4904.025,4935.115,4.2487
1770134400000,4935.265,4993.458,4929.425,4955.348,3.9429
1770138000000,4955.358,4969.425,4906.975,4928.405,6.2288
1770141600000,4928.405,4953.635,4882.365,4908.075,4.9369
1770145200000,4908.075,4948.538,4880.295,4926.945,4.74
1770148800000,4926.925,4956.698,4901.945,4943.988,4.2014
1770152400000,4944.078,4963.965,4933.328,4944.665,1.5999
1770159600000,4940.908,4971.098,4904.069,4946.875,1.9517
1770163200000,4946.895,5015.868,4945.725,5015.425,3.0864
1770166800000,5015.865,5052.865,4984.635,5046.125,3.9484
1770170400000,5046.115,5065.325,5035.085,5039.645,2.301
1770174000000,5039.309,5073.315,5035.675,5069.805,2.3392
1770177600000,5069.815,5081.225,5055.895,5080.195,1.537
1770181200000,5080.125,5090.145,5068.855,5079.155,1.7809
1770184800000,5079.185,5082.595,5050.745,5076.275,2.3639
1770188400000,5076.265,5091.115,5061.785,5084.298,2.0071
1770192000000,5084.298,5091.395,5068.475,5083.138,2.3332
1770195600000,5083.148,5086.445,5042.655,5059.835,2.6799
1770199200000,5059.855,5064.068,5041.595,5048.285,1.8927
1770202800000,5048.295,5053.015,5013.015,5047.255,2.0643
1770206400000,5047.165,5062.905,5036.135,5040.645,1.7493
1770210000000,5040.955,5063.155,5022.975,5053.765,3.0428
1770213600000,5053.775,5058.835,4966.515,4984.445,4.3717
1770217200000,4984.379,5007.485,4886.798,4919.995,6.1356
1770220800000,4919.975,4939.555,4844.165,4904.165,5.3837
1770224400000,4904.175,4930.625,4887.995,4897.435,5.6542
1770228000000,4897.405,4934.625,4872.365,4926.965,3.7248
1770231600000,4927.048,4957.335,4914.155,4941.535,3.0526
1770235200000,4941.515,4951.035,4914.135,4937.705,3.0529
1770238800000,4937.825,4970.475,4937.125,4964.125,1.1465
1770246000000,4960.488,5023.405,4958.417,5011.895,1.4586
1770249600000,5011.705,5020.175,4996.305,5006.335,2.0641
1770253200000,5007.647,5011.725,4935.215,4958.285,4.5632
1770256800000,4958.315,4961.565,4803.798,4810.648,5.9429
1770260400000,4810.768,4887.095,4787.685,4879.905,5.3057
1770264000000,4879.895,4890.705,4862.765,4863.425,2.476
1770267600000,4863.425,4905.508,4824.115,4895.655,3.7351
1770271200000,4895.625,4933.575,4876.285,4919.315,3.497
1770274800000,4919.265,4939.925,4895.385,4915.505,3.7718
1770278400000,4914.805,4943.215,4900.459,4911.275,3.0711
1770282000000,4911.389,4913.625,4849.145,4853.935,3.5956
1770285600000,4853.925,4886.871,4847.205,4876.565,2.6382
1770289200000,4876.565,4894.195,4864.095,4867.845,2.3068
1770292800000,4867.498,4877.905,4810.085,4853.075,5.0859
1770296400000,4853.039,4866.955,4801.388,4835.055,6.3906
1770300000000,4835.075,4869.198,4805.735,4845.215,4.8258
1770303600000,4844.475,4865.575,4800.055,4817.345,4.6394
1770307200000,4817.265,4906.095,4812.155,4888.708,5.9656
1770310800000,4888.708,4890.045,4858.775,4868.625,3.3503
1770314400000,4868.655,4874.865,4850.735,4857.855,2.7541
1770318000000,4857.895,4864.995,4823.405,4829.135,2.3506
1770321600000,4828.879,4842.985,4792.575,4811.135,2.5509
1770325200000,4811.105,4825.855,4759.365,4775.805,1.4883
1770332400000,4791.698,4792.498,4702.915,4703.275,2.8627
1770336000000,4703.265,4764.025,4654.355,4762.295,4.5933
1770339600000,4762.275,4784.255,4692.648,4773.725,6.5212
1770343200000,4773.765,4846.045,4759.705,4815.995,3.7739
1770346800000,4815.905,4838.825,4800.288,4823.995,2.6356
1770350400000,4823.915,4831.445,4806.895,4813.185,1.5871
1770354000000,4814.105,4897.565,4807.075,4896.978,2.4066
1770357600000,4896.885,4902.975,4824.548,4845.895,3.5188
1770361200000,4845.925,4861.485,4837.435,4840.185,2.0874
1770364800000,4840.185,4881.829,4828.575,4861.279,3.044
1770368400000,4861.279,4872.438,4837.905,4866.388,1.8205
1770372000000,4866.165,4879.875,4851.555,4878.185,1.6977
1770375600000,4878.075,4895.498,4863.468,4886.735,2.1155
1770379200000,4886.725,4903.165,4871.555,4900.125,1.6318
1770382800000,4900.145,4938.035,4896.965,4928.605,3.6504
1770386400000,4928.625,4949.408,4894.135,4947.058,3.804
1770390000000,4947.038,4964.338,4928.055,4943.365,3.8667
1770393600000,4943.455,4953.095,4921.578,4951.455,2.4652
1770397200000,4951.525,4968.255,4947.805,4960.165,1.7794
1770400800000,4960.305,4970.898,4943.615,4962.245,1.8397
1770404400000,4962.285,4963.085,4948.505,4957.015,1.0176
1770408000000,4957.065,4958.995,4936.385,4953.098,1.5715
1770411600000,4953.098,4967.598,4946.195,4964.298,0.9946
1770591600000,4980.098,5046.805,4962.605,5035.475,2.1799
1770595200000,5035.475,5044.195,5011.298,5019.125,2.2585
1770598800000,5020.135,5041.465,4975.485,4981.985,4.011
1770602400000,4981.985,5016.935,4967.835,5006.725,3.6048
1770606000000,5006.619,5030.945,5005.305,5015.735,2.4665
1770609600000,5015.885,5024.135,5006.895,5011.749,1.8178
1770613200000,5011.749,5041.075,5011.015,5036.155,1.6772
1770616800000,5036.175,5045.615,5013.378,5030.889,2.0108
1770620400000,5030.905,5030.905,4994.955,5006.095,1.7452
1770624000000,5006.125,5035.605,5002.505,5027.125,1.3715
1770627600000,5027.165,5040.785,5002.355,5007.545,1.2513
1770631200000,5007.585,5015.075,4982.125,4990.785,1.5165
1770634800000,4990.785,5017.795,4988.425,5010.585,1.0598
1770638400000,5010.615,5021.655,5007.085,5013.105,0.9959
1770642000000,5013.135,5024.605,4994.855,5006.795,2.1327
1770645600000,5006.745,5040.695,5001.975,5037.875,3.1824
1770649200000,5037.605,5060.045,5023.345,5058.675,2.4843
1770652800000,5058.705,5080.495,5056.118,5073.115,1.9632
1770656400000,5073.105,5075.325,5040.635,5046.125,1.6164
1770660000000,5045.965,5063.745,5044.025,5062.525,1.7506
1770663600000,5062.505,5079.845,5062.188,5074.195,1.2092
1770667200000,5074.275,5086.265,5072.015,5079.385,2.4773
1770670800000,5079.655,5082.955,5048.315,5058.315,0.7712
1770678000000,5048.968,5074.398,4985.748,5031.245,2.4293
1770681600000,5031.095,5048.045,5008.155,5018.405,1.7702
1770685200000,5018.285,5037.205,5012.125,5031.915,3.5718
1770688800000,5031.915,5055.935,5031.028,5037.875,3.008
1770692400000,5037.595,5037.595,5015.705,5029.855,2.6567
1770696000000,5029.655,5033.505,5017.195,5031.295,1.6259
1770699600000,5031.119,5040.235,5010.925,5039.085,2.0227
1770703200000,5039.055,5045.195,5018.465,5023.425,1.9246
1770706800000,5023.445,5035.825,5018.125,5033.765,1.3849
1770710400000,5033.519,5054.985,5028.605,5041.555,1.4157
1770714000000,5041.505,5063.055,5040.315,5046.535,1.399
1770717600000,5046.555,5057.925,5036.745,5046.585,1.0765
1770721200000,5046.555,5057.205,5044.255,5055.675,0.7801
1770724800000,5055.695,5056.925,5019.415,5031.975,1.4307
1770728400000,5031.995,5058.725,5026.565,5050.765,2.0679
1770732000000,5050.795,5078.485,5020.225,5039.295,3.2207
1770735600000,5038.988,5047.865,4998.685,5019.028,3.2439
1770739200000,5019.035,5026.215,5005.495,5023.645,2.3535
1770742800000,5023.575,5039.875,5020.385,5025.915,1.4
1770746400000,5025.639,5027.535,5004.558,5012.755,1.9355
1770750000000,5012.725,5029.995,5008.585,5027.685,1.358
1770753600000,5027.705,5045.155,5020.125,5029.898,1.7951
1770757200000,5029.898,5032.505,5020.045,5024.378,0.7548
1770764400000,5022.498,5054.435,5022.498,5041.575,0.7664
1770768000000,5041.535,5049.225,5027.755,5037.535,1.1552
1770771600000,5037.565,5052.928,5030.125,5052.245,1.6313
1770775200000,5052.215,5057.535,5032.255,5055.465,1.2884
1770778800000,5055.435,5060.425,5044.508,5054.055,1.065
1770782400000,5054.025,5059.415,5045.538,5045.985,0.4978
1770786000000,5046.005,5063.675,5043.285,5052.485,0.9382
1770789600000,5052.515,5064.295,5049.145,5063.865,1.155
1770793200000,5063.905,5069.125,5048.475,5055.255,1.2925
1770796800000,5054.735,5060.215,5045.365,5053.315,1.0118
1770800400000,5053.295,5071.955,5046.755,5062.485,1.1576
1770804000000,5062.545,5100.915,5062.095,5092.985,1.9319
1770807600000,5093.015,5116.185,5082.358,5111.405,1.5864
1770811200000,5112.065,5118.815,5049.495,5083.055,2.2326
1770814800000,5083.025,5089.745,5017.995,5065.455,3.4075
1770818400000,5065.495,5083.008,5035.535,5059.008,3.336
1770822000000,5059.008,5081.485,5038.885,5059.885,3.6758
1770825600000,5059.515,5078.005,5042.745,5074.775,2.6884
1770829200000,5074.748,5098.765,5067.815,5091.245,2.6344
1770832800000,5091.195,5092.508,5066.615,5082.275,2.95
1770836400000,5082.265,5094.015,5076.955,5081.705,1.5789
1770840000000,5081.695,5089.948,5077.898,5086.625,3.1833
1770843600000,5086.615,5092.605,5069.665,5083.525,0.7346
1770850800000,5084.198,5099.798,5051.925,5060.785,1.3261
1770854400000,5060.625,5067.385,5049.505,5062.645,1.5136
1770858000000,5062.295,5063.935,5044.368,5063.095,2.3134
1770861600000,5063.115,5072.665,5054.745,5065.705,1.4694
1770865200000,5065.675,5074.425,5054.419,5056.655,1.1319
1770868800000,5056.605,5069.845,5050.568,5069.165,0.5286
1770872400000,5069.215,5077.995,5064.285,5075.315,0.9117
1770876000000,5075.575,5076.095,5046.678,5059.445,1.4358
1770879600000,5059.435,5065.938,5051.535,5063.385,1.3588
1770883200000,5063.415,5073.128,5051.895,5068.345,1.1017
1770886800000,5068.325,5080.535,5066.075,5072.705,0.8528
1770890400000,5072.735,5076.775,5055.835,5061.805,1.178
1770894000000,5061.925,5068.055,5059.175,5063.505,0.8562
1770897600000,5063.558,5068.455,5048.485,5052.515,1.0357
1770901200000,5052.475,5083.475,5051.165,5075.098,1.6014
1770904800000,5075.098,5077.485,5039.265,5044.055,2.5266
1770908400000,5044.045,5074.655,5039.575,5060.248,2.1981
1770912000000,5060.295,5067.895,4877.255,4954.275,5.9434
1770915600000,4954.295,4982.335,4939.055,4940.865,4.0835
1770919200000,4940.645,4951.855,4906.185,4935.245,4.2791
1770922800000,4935.435,4957.955,4927.345,4945.325,4.1154
1770926400000,4945.425,4948.205,4910.865,4914.859,3.8661
1770930000000,4914.615,4926.655,4911.455,4921.265,1.4616
1770937200000,4916.308,4928.195,4886.258,4919.775,0.781
1770940800000,4919.875,4948.125,4913.505,4927.705,1.4059
1770944400000,4928.235,4988.285,4926.675,4980.475,2.626
1770948000000,4980.445,4991.315,4971.815,4988.215,1.6192
1770951600000,4988.185,4988.905,4973.575,4981.115,1.0357
1770955200000,4981.095,4996.955,4972.655,4976.365,0.7984
1770958800000,4976.375,4986.305,4944.475,4945.855,1.3494
1770962400000,4946.185,4968.515,4945.835,4966.875,1.6022
1770966000000,4966.915,4982.485,4950.855,4974.845,1.5683
1770969600000,4974.705,4989.315,4971.318,4982.389,1.961
1770973200000,4982.389,4982.545,4961.105,4970.085,1.6995
1770976800000,4970.085,4980.495,4946.825,4949.755,1.5585
1770980400000,4949.829,4955.155,4933.495,4953.795,1.6852
1770984000000,4953.355,4973.755,4951.795,4969.275,1.2722
1770987600000,4969.275,4999.185,4957.385,4986.775,2.2991
1770991200000,4986.298,5010.636,4963.748,4995.185,3.168
1770994800000,4995.225,5020.155,4973.688,4976.338,3.7121
1770998400000,4976.375,5033.618,4975.298,5007.605,2.905
1771002000000,5007.635,5028.898,5005.655,5020.715,1.6353
1771005600000,5020.745,5035.215,5015.098,5030.855,1.7499
1771009200000,5030.915,5045.805,5023.285,5023.285,1.5795
1771012800000,5023.595,5034.498,5021.275,5032.315,2.0702
1771016400000,5032.295,5045.965,5029.425,5040.285,0.6574
1771196400000,5035.898,5051.678,5006.628,5019.898,1.8144
1771200000000,5019.655,5022.235,4999.428,5015.265,1.3339
1771203600000,5015.215,5030.945,5006.685,5028.585,1.1218
1771207200000,5028.605,5030.885,4991.815,4994.405,1.4602
1771210800000,4994.405,4999.665,4967.305,4987.195,1.268
1771214400000,4987.195,4991.915,4971.238,4977.525,1.2276
1771218000000,4977.515,4990.485,4964.868,4990.375,1.0653
1771221600000,4990.155,5002.775,4984.325,4994.445,0.6625
1771225200000,4994.505,5009.738,4988.745,5006.985,0.8002
1771228800000,5006.985,5013.015,4995.295,5007.825,0.9029
1771232400000,5007.715,5017.055,5007.695,5013.195,0.6406
1771236000000,5012.955,5016.975,4999.945,5005.735,0.6725
1771239600000,5005.765,5007.845,4998.625,5004.075,0.5049
1771243200000,5004.115,5007.865,4992.558,5001.625,0.6934
1771246800000,5001.585,5003.405,4989.218,4996.995,0.9835
1771250400000,4996.975,4999.395,4981.425,4988.105,0.9742
1771254000000,4987.779,4988.025,4968.665,4979.405,1.0189
1771257600000,4979.365,4990.135,4972.875,4987.875,0.7883
1771261200000,4987.875,4995.795,4987.855,4991.375,0.4368
1771264800000,4991.695,4997.535,4988.305,4994.255,0.5746
1771268400000,4994.235,4996.025,4990.148,4990.375,0.3479
1771282800000,4994.098,5000.645,4984.445,4989.435,0.7446
1771286400000,4989.465,4991.005,4931.785,4935.275,1.4426
1771290000000,4935.405,4963.565,4922.558,4957.535,1.8598
1771293600000,4957.178,4970.845,4954.225,4966.638,0.9462
1771297200000,4966.578,4969.778,4949.645,4956.505,0.911
1771300800000,4956.425,4960.055,4946.245,4952.545,0.7911
1771304400000,4952.515,4953.975,4856.648,4888.485,3.1096
1771308000000,4888.315,4913.848,4886.205,4910.105,1.2367
1771311600000,4910.115,4921.905,4903.595,4916.765,1.0374
1771315200000,4916.885,4930.195,4916.165,4920.385,1.0627
1771318800000,4920.185,4932.175,4912.735,4925.655,0.983
1771322400000,4925.635,4938.965,4907.355,4912.925,0.9433
1771326000000,4912.955,4930.735,4912.835,4929.015,0.7835
1771329600000,4928.679,4944.255,4927.925,4931.685,1.008
1771333200000,4931.795,4933.055,4869.705,4870.485,1.9239
1771336800000,4870.525,4906.675,4840.095,4863.305,4.3234
1771340400000,4862.825,4882.098,4848.485,4878.135,5.0713
1771344000000,4878.165,4893.085,4868.118,4868.755,3.0283
1771347600000,4868.775,4870.985,4849.645,4864.615,2.4519
1771351200000,4864.675,4910.165,4862.085,4898.505,2.346
1771354800000,4898.525,4900.808,4876.135,4879.975,2.0723
1771358400000,4879.925,4883.885,4872.985,4877.558,3.6374
1771362000000,4877.575,4886.485,4874.545,4878.465,0.6924
1771369200000,4874.828,4884.155,4853.775,4858.815,0.9157
1771372800000,4858.855,4882.925,4857.848,4874.495,1.1314
1771376400000,4874.435,4892.448,4874.185,4889.615,1.2922
1771380000000,4889.555,4906.985,4886.115,4904.945,0.7793
1771383600000,4904.975,4921.975,4903.825,4920.425,0.8069
1771387200000,4920.445,4939.845,4918.015,4933.585,0.8896
1771390800000,4933.655,4939.525,4929.555,4933.165,0.5834
1771394400000,4933.205,4935.745,4924.925,4930.525,0.6203
1771398000000,4930.495,4942.095,4928.865,4929.995,0.587
1771401600000,4929.945,4932.098,4916.345,4916.825,0.8085
1771405200000,4917.393,4922.875,4912.735,4917.105,0.6999
1771408800000,4917.135,4924.335,4909.225,4914.175,0.9788
1771412400000,4914.155,4917.435,4906.055,4912.735,0.5699
1771416000000,4912.775,4946.935,4911.765,4942.735,1.0678
1771419600000,4942.915,4968.585,4942.765,4954.265,1.5326
1771423200000,4954.285,4994.098,4951.985,4991.595,2.2179
1771426800000,4991.535,5008.698,4991.215,4997.625,2.2954
1771430400000,4997.765,5010.815,4991.145,5000.215,1.8423
1771434000000,5000.185,5001.395,4993.135,4998.875,1.4188
1771437600000,4998.855,5002.828,4980.295,4986.508,1.8525
1771441200000,4986.448,4995.215,4972.655,4980.315,1.8972
1771444800000,4980.335,4987.335,4975.225,4984.595,1.959
1771448400000,4984.505,4986.125,4975.235,4975.715,0.3224
1771455600000,4971.648,4988.495,4965.255,4975.635,0.9407
1771459200000,4975.615,4975.975,4960.048,4960.995,0.8161
1771462800000,4960.985,4975.225,4960.198,4972.755,0.7485
1771466400000,4972.725,4977.095,4965.455,4967.925,0.5484
1771470000000,4967.885,4982.925,4966.075,4981.278,0.4917
1771473600000,4981.115,4985.205,4976.655,4984.025,0.4207
1771477200000,4983.925,4998.405,4983.925,4996.665,0.4708
1771480800000,4996.645,5019.685,4996.335,5017.955,0.6368
1771484400000,5017.995,5021.555,5008.585,5010.025,0.6294
1771488000000,5010.005,5022.015,5006.045,5016.885,0.8701
1771491600000,5016.925,5020.265,4992.778,4995.485,0.9877
1771495200000,4995.445,4995.995,4981.138,4993.015,1.08
1771498800000,4992.975,4996.215,4977.695,4984.115,1.3868
1771502400000,4984.125,4992.575,4980.135,4984.498,1.0402
1771506000000,4984.635,4998.205,4971.978,4996.815,1.6136
1771509600000,4996.795,5010.175,4962.638,5005.138,2.7704
1771513200000,5005.138,5021.948,4995.988,5013.445,3.4031
1771516800000,5013.398,5014.025,4989.965,4994.745,2.1366
1771520400000,4994.885,5001.495,4982.565,4984.605,1.463
1771524000000,4984.635,4989.155,4975.065,4981.485,1.4545
1771527600000,4981.465,4990.035,4978.015,4987.675,1.1433
1771531200000,4987.715,5003.175,4987.715,5001.505,1.6268
1771534800000,5001.475,5003.885,4991.715,4993.685,0.476
1771542000000,4992.808,5007.498,4985.135,4987.445,0.7455
1771545600000,4987.508,5006.565,4985.045,5006.085,0.5615
1771549200000,5006.065,5014.515,4994.965,4996.615,0.9254
1771552800000,4996.645,5007.145,4992.415,4995.825,0.6522
1771556400000,4995.845,4998.885,4981.315,4987.685,0.6253
1771560000000,4988.045,5003.015,4986.365,4999.445,0.3857
1771563600000,4999.605,5011.555,4997.598,5011.535,0.6712
1771567200000,5011.578,5029.675,5011.498,5020.305,0.9038
1771570800000,5020.365,5027.975,5005.835,5006.005,0.9028
1771574400000,5006.035,5030.845,5004.665,5028.645,1.1351
1771578000000,5029.245,5042.325,5027.195,5027.345,1.3355
1771581600000,5027.485,5038.095,5019.258,5034.415,1.0076
1771585200000,5034.375,5034.505,5015.085,5016.955,0.8748
1771588800000,5017.395,5026.425,5006.775,5024.935,1.0876
1771592400000,5024.955,5048.555,5017.795,5043.285,1.6793
1771596000000,5043.265,5060.255,5036.885,5054.045,2.418
1771599600000,5053.915,5063.775,4989.025,5042.318,5.8945
1771603200000,5042.318,5068.825,5038.365,5066.435,2.9057
1771606800000,5065.968,5076.038,5054.155,5072.695,2.3441
1771610400000,5072.625,5074.755,5053.715,5071.098,2.8505
1771614000000,5071.105,5079.675,5068.498,5079.098,1.3872
1771617600000,5079.165,5098.035,5076.555,5096.635,2.18
1771621200000,5096.825,5107.698,5091.465,5106.169,1.083
1771801200000,5106.098,5171.565,5096.958,5165.025,2.0863
1771804800000,5164.255,5166.295,5129.035,5144.235,2.0259
1771808400000,5144.255,5167.465,5139.745,5157.015,2.0245
1771812000000,5156.885,5176.385,5156.275,5173.365,1.6027
1771815600000,5173.365,5175.685,5151.655,5166.415,1.5955
1771819200000,5166.345,5168.585,5155.105,5160.425,1.1765
1771822800000,5160.405,5161.438,5151.938,5157.965,1.0745
1771826400000,5157.945,5161.265,5144.715,5145.385,0.9128
1771830000000,5145.585,5154.175,5124.965,5136.535,1.4877
1771833600000,5136.245,5141.905,5121.818,5139.975,1.2404
1771837200000,5139.925,5149.835,5139.275,5149.375,0.8569
1771840800000,5149.395,5163.295,5144.748,5162.705,1.1013
1771844400000,5162.725,5163.215,5146.325,5149.475,0.8484
1771848000000,5149.275,5165.235,5145.225,5163.875,1.049
1771851600000,5163.835,5165.188,5143.405,5146.055,1.4444
1771855200000,5145.995,5200.198,5141.225,5192.245,2.7619
1771858800000,5192.245,5204.875,5180.355,5195.928,3.4697
1771862400000,5195.588,5218.865,5175.545,5209.705,3.2795
1771866000000,5209.755,5213.225,5190.675,5207.665,2.1671
1771869600000,5207.748,5215.655,5200.998,5209.285,1.6004
1771873200000,5209.315,5217.935,5206.325,5215.298,1.5284
1771876800000,5215.265,5237.725,5214.515,5236.205,2.5712
1771880400000,5236.145,5237.055,5226.265,5226.635,0.7066
1771887600000,5225.898,5249.575,5221.639,5235.345,1.2071
1771891200000,5235.395,5237.825,5217.295,5223.555,1.2787
1771894800000,5223.505,5223.715,5144.698,5176.855,4.4177
1771898400000,5177.125,5190.665,5165.168,5189.695,1.7168
1771902000000,5189.665,5191.605,5170.735,5171.765,1.0504
1771905600000,5171.765,5174.985,5160.698,5167.935,0.8251
1771909200000,5167.865,5185.545,5163.715,5182.205,1.1825
1771912800000,5182.225,5184.545,5156.305,5173.165,1.1666
1771916400000,5173.305,5183.555,5163.845,5179.125,1.2339
1771920000000,5178.869,5181.648,5164.575,5173.175,1.6865
1771923600000,5172.928,5179.958,5166.225,5171.038,1.3227
1771927200000,5171.038,5181.275,5162.845,5172.595,0.8607
1771930800000,5172.615,5178.295,5170.655,5172.545,0.535
1771934400000,5172.525,5173.255,5144.815,5150.415,1.3952
1771938000000,5150.325,5161.105,5110.565,5114.635,2.6783
1771941600000,5114.665,5139.015,5093.225,5127.405,4.262
1771945200000,5127.615,5155.045,5117.775,5150.098,3.093
1771948800000,5150.098,5152.055,5130.498,5141.715,2.6592
1771952400000,5141.795,5163.555,5141.485,5163.435,1.9978
1771956000000,5163.348,5170.045,5153.305,5159.785,1.8785
1771959600000,5159.485,5160.185,5146.165,5153.705,1.4362
1771963200000,5153.735,5173.075,5146.415,5163.655,1.9796
1771966800000,5163.898,5165.615,5139.675,5141.345,0.9786
1771974000000,5137.095,5152.005,5127.048,5146.365,0.7143
1771977600000,5146.395,5155.835,5136.535,5151.855,0.9292
1771981200000,5151.885,5189.635,5143.798,5176.505,1.9575
1771984800000,5176.465,5193.518,5166.205,5180.325,1.4275
1771988400000,5180.365,5189.805,5177.905,5181.648,1.0682
1771992000000,5181.648,5184.825,5171.945,5182.365,0.6063
1771995600000,5182.685,5210.335,5182.398,5201.275,1.4254
1771999200000,5201.298,5201.298,5182.175,5194.425,1.293
1772002800000,5194.415,5194.865,5180.065,5184.455,0.6808
1772006400000,5184.415,5197.025,5183.895,5185.055,0.8531
1772010000000,5185.155,5194.375,5176.325,5193.095,1.0233
1772013600000,5193.115,5195.025,5169.745,5174.785,0.9465
1772017200000,5174.715,5182.305,5154.895,5181.315,1.0393
1772020800000,5181.295,5187.175,5177.035,5182.525,1.0668
1772024400000,5182.505,5191.275,5180.855,5184.935,1.592
1772028000000,5184.895,5193.065,5158.445,5190.935,2.5815
1772031600000,5190.925,5202.355,5171.758,5194.645,2.7958
1772035200000,5194.625,5213.615,5189.445,5212.005,1.8051
1772038800000,5211.985,5217.385,5203.445,5206.585,1.6833
1772042400000,5206.615,5207.375,5200.375,5201.805,0.6852
1772046000000,5201.855,5207.948,5191.325,5204.745,1.7095
1772049600000,5204.785,5206.098,5144.958,5151.765,2.2793
1772053200000,5151.905,5173.235,5150.095,5164.915,1.2374
1772060400000,5157.898,5181.278,5154.955,5162.905,1.0604
1772064000000,5162.925,5191.965,5154.835,5187.995,1.2509
1772067600000,5187.965,5198.285,5178.175,5191.235,2.2982
1772071200000,5191.195,5195.515,5173.698,5184.095,1.4534
1772074800000,5184.075,5193.565,5182.695,5192.455,1.4125
1772078400000,5192.425,5199.165,5190.065,5192.265,1.0064
1772082000000,5192.268,5205.215,5189.765,5198.105,1.4913
1772085600000,5198.085,5199.385,5190.105,5192.935,1.144
1772089200000,5192.975,5194.595,5179.358,5185.745,0.8927
1772092800000,5186.075,5190.605,5167.265,5179.145,1.5674
1772096400000,5178.858,5189.335,5173.595,5186.215,0.9001
1772100000000,5186.155,5189.905,5165.458,5171.245,0.9839
1772103600000,5171.175,5178.145,5160.985,5164.405,0.7567
1772107200000,5164.465,5187.585,5157.495,5183.475,1.2074
1772110800000,5183.495,5185.395,5163.905,5165.765,1.9255
1772114400000,5165.735,5175.695,5139.485,5164.425,3.1947
1772118000000,5164.365,5192.535,5129.495,5185.388,4.5367
1772121600000,5185.388,5186.905,5172.735,5179.395,2.3502
1772125200000,5179.475,5190.035,5161.645,5167.005,1.9857
1772128800000,5167.315,5185.785,5160.115,5180.145,1.8897
1772132400000,5180.245,5193.845,5179.258,5186.765,1.2029
1772136000000,5186.548,5200.865,5186.495,5196.195,3.2756
1772139600000,5196.205,5200.485,5179.825,5182.715,0.4979
1772146800000,5180.488,5189.025,5172.845,5184.345,0.563
1772150400000,5184.375,5194.565,5169.865,5174.575,1.1911
1772154000000,5174.605,5194.155,5166.535,5193.825,1.6959
1772157600000,5193.775,5199.425,5173.185,5183.345,2.6538
1772161200000,5183.265,5190.435,5180.955,5183.675,1.1998
1772164800000,5183.645,5188.585,5180.645,5181.435,0.9068
1772168400000,5181.405,5200.075,5181.075,5197.465,1.5379
1772172000000,5197.285,5199.178,5184.645,5185.395,1.7105
1772175600000,5185.385,5189.475,5175.375,5175.705,1.234
1772179200000,5176.135,5182.165,5174.045,5178.545,1.3496
1772182800000,5178.525,5182.355,5171.858,5175.645,0.8759
1772186400000,5175.665,5180.625,5168.155,5177.415,0.9165
1772190000000,5177.435,5185.515,5172.235,5185.495,1.2376
1772193600000,5185.465,5190.455,5182.638,5187.135,2.5539
1772197200000,5187.205,5240.235,5186.415,5222.795,3.5693
1772200800000,5222.575,5236.145,5213.535,5223.395,3.1271
1772204400000,5223.315,5246.248,5214.378,5239.215,3.6311
1772208000000,5239.365,5257.405,5221.635,5228.855,3.4259
1772211600000,5228.785,5236.705,5220.375,5234.375,2.6479
1772215200000,5234.348,5246.565,5222.295,5245.065,2.5832
1772218800000,5245.045,5252.105,5239.778,5249.698,2.1095
1772222400000,5249.705,5265.198,5248.335,5262.995,3.3571
1772226000000,5263.005,5280.878,5256.858,5277.419,1.2675
1772406000000,5372.198,5392.995,5296.668,5386.545,3.1706
1772409600000,5386.675,5387.645,5340.375,5347.045,2.8463
1772413200000,5347.015,5347.015,5302.695,5324.615,4.0356
1772416800000,5324.595,5351.435,5316.745,5346.195,2.9455
1772420400000,5346.298,5366.535,5343.818,5366.095,1.7489
1772424000000,5366.065,5366.935,5344.505,5355.725,1.228
1772427600000,5355.785,5365.985,5340.575,5365.785,1.254
1772431200000,5365.815,5389.505,5363.385,5387.275,1.6511
1772434800000,5387.195,5418.875,5384.668,5408.105,2.1401
1772438400000,5408.075,5416.455,5391.045,5393.865,1.9709
1772442000000,5393.835,5402.815,5385.535,5391.755,1.5422
1772445600000,5391.775,5400.715,5378.645,5388.945,1.3449
1772449200000,5389.035,5399.795,5374.865,5385.155,1.213
1772452800000,5385.035,5398.498,5378.705,5396.845,1.4764
1772456400000,5396.875,5416.625,5381.338,5393.655,3.2298
1772460000000,5393.675,5394.895,5305.069,5331.645,4.5733
1772463600000,5331.248,5348.438,5307.885,5315.505,4.5878
1772467200000,5314.925,5314.925,5260.095,5289.705,4.2392
1772470800000,5289.725,5320.315,5286.555,5306.605,2.6746
1772474400000,5306.705,5316.465,5289.275,5315.385,2.1167
1772478000000,5315.335,5333.795,5313.575,5330.195,1.6334
1772481600000,5330.235,5346.045,5328.095,5331.995,2.524
1772485200000,5332.105,5340.095,5321.005,5321.845,1.0735
1772492400000,5321.098,5346.658,5320.698,5345.695,0.9977
1772496000000,5345.755,5361.788,5336.565,5349.905,0.9362
1772499600000,5349.925,5379.755,5337.685,5338.755,2.3961
1772503200000,5339.175,5367.695,5332.525,5366.625,2.3775
1772506800000,5366.645,5373.185,5358.598,5367.115,1.3891
1772510400000,5367.055,5375.255,5359.115,5360.855,0.8307
1772514000000,5360.835,5366.615,5304.465,5318.795,2.2035
1772517600000,5318.735,5322.675,5278.598,5310.315,2.7371
1772521200000,5309.998,5330.855,5305.705,5327.435,1.4104
1772524800000,5327.395,5335.735,5289.835,5295.445,2.0938
1772528400000,5295.235,5303.645,5225.718,5274.795,3.0647
1772532000000,5274.775,5287.555,5237.415,5247.735,2.3988
1772535600000,5247.695,5263.625,5071.645,5144.318,5.5085
1772539200000,5144.485,5226.505,5137.805,5224.065,3.3798
1772542800000,5224.045,5224.075,5127.075,5156.445,5.0091
1772546400000,5156.405,5175.118,5015.725,5037.825,5.2451
1772550000000,5038.195,5096.548,4995.475,5095.098,5.6883
1772553600000,5094.998,5134.358,5090.175,5106.365,4.6685
1772557200000,5106.788,5109.548,5065.045,5078.975,3.814
1772560800000,5079.085,5138.088,5078.865,5135.775,3.1208
1772564400000,5135.795,5148.645,5099.088,5112.985,3.1056
1772568000000,5113.485,5130.085,5085.635,5096.985,3.544
1772571600000,5097.035,5110.125,5082.955,5084.865,1.1953
1772578800000,5099.298,5129.545,5086.868,5125.035,1.1728
1772582400000,5125.015,5139.995,5105.348,5138.375,1.5795
1772586000000,5138.395,5178.095,5138.325,5174.795,3.0239
1772589600000,5174.755,5190.675,5153.495,5156.075,2.3914
1772593200000,5156.075,5177.185,5141.015,5173.978,2.0734
1772596800000,5173.795,5180.505,5151.805,5156.525,1.8171
1772600400000,5156.495,5168.065,5151.795,5159.438,2.8261
1772604000000,5159.395,5160.395,5119.395,5160.025,2.775
1772607600000,5160.095,5175.638,5158.175,5168.025,1.5667
1772611200000,5168.148,5181.815,5147.238,5167.285,1.9398
1772614800000,5167.225,5184.775,5158.549,5181.995,1.5446
1772618400000,5182.035,5202.048,5179.325,5189.635,1.8288
1772622000000,5189.695,5200.485,5187.485,5191.975,0.9225
1772625600000,5192.055,5205.995,5156.095,5170.945,1.7539
1772629200000,5171.195,5196.065,5167.135,5167.605,2.3648
1772632800000,5167.465,5184.875,5138.475,5145.855,4.2107
1772636400000,5142.758,5166.709,5130.965,5151.005,5.8331
1772640000000,5150.995,5162.138,5137.948,5149.485,3.7416
1772643600000,5149.485,5152.835,5120.235,5140.935,3.2852
1772647200000,5140.765,5143.465,5108.678,5133.638,2.5994
1772650800000,5133.618,5139.385,5122.998,5137.725,1.7359
1772654400000,5137.495,5146.665,5123.495,5134.505,2.998
1772658000000,5134.485,5143.805,5129.135,5140.325,0.685
1772665200000,5148.898,5165.965,5142.675,5165.025,0.5259
1772668800000,5164.995,5179.93,5159.105,5172.315,0.7287
1772672400000,5172.615,5186.025,5167.185,5172.315,1.8831
1772676000000,5172.089,5192.205,5171.295,5191.735,1.715
1772679600000,5191.705,5194.615,5177.975,5179.915,1.1813
1772683200000,5179.935,5186.415,5165.995,5171.365,0.8385
1772686800000,5171.445,5176.555,5147.985,5148.325,1.2935
1772690400000,5148.685,5168.465,5119.995,5167.345,1.9693
1772694000000,5167.375,5172.475,5158.395,5161.845,2.2145
1772697600000,5161.805,5170.135,5137.218,5165.155,1.8291
1772701200000,5165.175,5180.165,5152.615,5160.765,2.1586
1772704800000,5160.745,5167.545,5145.855,5164.325,1.3552
1772708400000,5164.375,5167.855,5156.635,5163.655,0.8854
1772712000000,5163.615,5171.255,5160.545,5162.385,0.9451
1772715600000,5162.618,5163.895,5080.735,5117.755,2.7658
1772719200000,5117.805,5129.725,5090.138,5101.705,3.4629
1772722800000,5101.675,5119.595,5060.025,5102.225,3.7839
1772726400000,5102.255,5104.475,5054.035,5077.405,3.2874
1772730000000,5077.435,5089.275,5054.665,5062.575,3.133
1772733600000,5062.595,5085.245,5050.638,5069.185,3.3181
1772737200000,5069.075,5080.995,5055.235,5065.895,2.7587
1772740800000,5065.805,5094.545,5061.485,5076.405,3.7271
1772744400000,5076.495,5084.765,5071.945,5083.175,0.6091
1772751600000,5079.318,5101.705,5079.318,5085.885,0.7033
1772755200000,5085.835,5092.055,5073.875,5084.365,0.8521
1772758800000,5083.678,5143.665,5066.215,5134.425,2.0975
1772762400000,5134.315,5138.115,5121.895,5125.985,1.3307
1772766000000,5125.945,5141.048,5124.085,5130.705,1.1972
1772769600000,5130.745,5136.095,5125.898,5127.295,0.907
1772773200000,5127.185,5129.975,5113.975,5117.085,1.094
1772776800000,5117.195,5122.695,5108.798,5115.395,0.9792
1772780400000,5115.425,5120.605,5105.495,5119.435,0.9513
1772784000000,5119.455,5122.765,5095.985,5108.525,1.3138
1772787600000,5108.048,5109.068,5083.048,5085.335,1.5478
1772791200000,5085.355,5093.055,5075.455,5090.725,1.521
1772794800000,5090.745,5099.415,5062.125,5076.655,1.4487
1772798400000,5076.705,5096.295,5075.915,5082.735,2.4015
1772802000000,5082.715,5130.615,5065.058,5084.775,3.8301
1772805600000,5084.785,5131.705,5080.615,5129.835,3.6804
1772809200000,5129.828,5171.238,5127.498,5141.615,4.2182
1772812800000,5141.585,5152.905,5125.735,5139.475,2.7451
1772816400000,5139.805,5152.235,5128.715,5140.355,2.3513
1772820000000,5140.375,5167.415,5138.248,5160.565,2.1662
1772823600000,5160.558,5174.355,5156.385,5159.475,1.7884
1772827200000,5159.535,5162.435,5149.155,5153.195,1.8261
1772830800000,5152.995,5175.048,5150.565,5171.798,0.6626
1773007200000,5178.935,5196.698,5102.905,5129.448,2.9474
1773010800000,5129.448,5134.518,5043.468,5075.675,3.1003
1773014400000,5075.295,5079.518,5028.195,5049.735,2.8388
1773018000000,5049.455,5087.345,5014.655,5069.885,3.1441
1773021600000,5069.915,5098.915,5055.125,5094.355,2.3965
1773025200000,5094.375,5102.145,5081.385,5091.115,1.3442
1773028800000,5091.145,5096.985,5085.115,5090.005,0.799
1773032400000,5090.125,5140.365,5080.765,5124.025,2.3773
1773036000000,5123.995,5133.745,5096.785,5097.385,2.0713
1773039600000,5097.415,5107.685,5088.095,5098.705,1.5018
1773043200000,5098.685,5110.715,5086.845,5096.375,1.7244
1773046800000,5095.985,5132.235,5094.725,5104.965,2.1218
1773050400000,5104.935,5110.855,5083.405,5086.975,1.5332
1773054000000,5086.955,5097.065,5079.235,5087.795,1.5345
1773057600000,5087.935,5111.865,5087.229,5094.598,1.8394
1773061200000,5094.615,5110.978,5067.125,5073.885,3.4677
1773064800000,5073.935,5115.795,5060.139,5093.665,3.9942
1773068400000,5093.665,5103.135,5079.175,5099.268,2.9642
1773072000000,5099.015,5110.428,5094.505,5104.368,2.3244
1773075600000,5104.368,5106.535,5088.685,5095.748,3.1696
1773079200000,5095.835,5126.098,5092.135,5122.915,2.5806
1773082800000,5122.945,5143.898,5118.078,5140.785,2.8154
1773086400000,5140.765,5147.905,5133.955,5138.935,0.8943
1773093600000,5138.475,5152.598,5117.065,5152.498,1.5165
1773097200000,5152.498,5155.825,5135.125,5139.475,1.233
1773100800000,5139.305,5141.015,5124.535,5130.805,1.141
1773104400000,5130.825,5186.075,5124.465,5183.965,2.2764
1773108000000,5183.905,5186.578,5163.505,5165.665,2.1105
1773111600000,5165.545,5173.225,5155.348,5157.375,1.4697
1773115200000,5157.238,5166.385,5154.125,5163.735,0.8335
1773118800000,5163.755,5179.125,5163.525,5177.735,1.1524
1773122400000,5177.755,5180.795,5171.495,5175.025,1.1331
1773126000000,5175.035,5181.306,5158.248,5180.855,1.9589
1773129600000,5180.815,5194.945,5174.718,5183.075,1.5139
1773133200000,5183.075,5189.225,5180.265,5182.335,1.0466
1773136800000,5182.275,5183.835,5156.175,5177.045,1.4399
1773140400000,5177.065,5191.725,5171.458,5174.975,1.4934
1773144000000,5175.005,5189.305,5162.225,5186.835,1.5586
1773147600000,5186.795,5228.445,5185.755,5204.885,3.0823
1773151200000,5204.795,5214.155,5185.035,5206.465,2.9339
1773154800000,5206.445,5238.365,5202.945,5228.395,2.2168
1773158400000,5228.365,5235.475,5222.445,5227.385,1.8485
1773162000000,5227.355,5235.125,5223.215,5227.305,2.1068
1773165600000,5227.365,5227.735,5160.445,5191.425,3
1773169200000,5191.475,5207.365,5179.485,5198.648,2.4494
1773172800000,5198.648,5198.898,5190.485,5190.855,0.7212
1773180000000,5188.365,5197.545,5182.395,5188.578,0.5653
1773183600000,5188.598,5197.175,5187.375,5197.175,0.5805
1773187200000,5197.175,5219.175,5186.495,5215.005,0.9381
1773190800000,5214.985,5223.015,5208.185,5208.195,1.3782
1773194400000,5208.245,5220.245,5193.965,5217.145,1.1269
1773198000000,5217.035,5220.115,5199.065,5203.145,0.793
1773201600000,5203.225,5208.375,5199.118,5204.215,0.4277
1773205200000,5204.195,5208.095,5190.275,5199.505,0.8553
1773208800000,5199.475,5210.485,5191.315,5197.265,1.1069
1773212400000,5197.325,5201.975,5184.425,5195.465,1.1485
1773216000000,5195.445,5198.465,5175.155,5187.465,1.1393
1773219600000,5187.415,5197.055,5179.365,5187.495,0.9809
1773223200000,5187.515,5195.185,5176.835,5185.625,1.1104
1773226800000,5185.645,5193.425,5175.425,5180.985,1.2542
1773230400000,5181.005,5195.958,5166.505,5167.225,2.2975
1773234000000,5167.265,5182.765,5149.065,5176.695,3.5145
1773237600000,5176.665,5195.898,5174.165,5182.975,4.1357
1773241200000,5182.945,5185.495,5163.675,5166.105,3.5395
1773244800000,5166.075,5177.615,5163.345,5175.455,3.7482
1773248400000,5175.475,5180.815,5154.165,5169.605,3.1039
1773252000000,5169.555,5178.325,5168.965,5172.205,2.4175
1773255600000,5172.265,5183.295,5168.998,5182.965,1.8324
1773259200000,5182.975,5183.345,5174.825,5176.115,0.5215
1773266400000,5178.078,5183.335,5129.175,5138.498,1.0995
1773270000000,5138.075,5157.605,5132.765,5134.205,1.4704
1773273600000,5134.225,5161.235,5125.185,5152.705,1.2846
1773277200000,5152.745,5172.825,5151.155,5168.295,1.6554
1773280800000,5168.265,5174.945,5145.525,5150.555,1.4058
1773284400000,5150.555,5155.515,5147.005,5152.648,1.0287
1773288000000,5152.848,5153.675,5140.205,5142.275,0.5847
1773291600000,5142.365,5157.655,5136.855,5154.365,1.0403
1773295200000,5154.345,5170.125,5147.025,5165.885,1.3078
1773298800000,5165.905,5185.085,5164.205,5181.858,0.9823
1773302400000,5182.225,5189.405,5175.515,5177.955,1.2021
1773306000000,5177.965,5190.055,5174.225,5187.955,0.9506
1773309600000,5187.925,5191.388,5175.895,5182.085,0.9841
1773313200000,5182.145,5183.695,5172.475,5178.835,0.7718
1773316800000,5178.855,5185.625,5163.525,5181.215,1.5637
1773320400000,5181.015,5185.965,5145.815,5151.025,3.0553
1773324000000,5150.945,5163.515,5138.158,5142.675,2.8208
1773327600000,5142.565,5144.665,5109.365,5132.115,2.9121
1773331200000,5131.938,5137.825,5120.838,5123.225,3.1025
1773334800000,5122.905,5129.435,5102.395,5105.185,2.5911
1773338400000,5105.085,5112.595,5090.615,5094.335,2.2993
1773342000000,5094.215,5096.665,5079.125,5084.595,2.3092
1773345600000,5084.725,5090.415,5054.795,5079.055,1.267
1773352800000,5078.818,5095.498,5070.645,5095.298,0.6966
1773356400000,5094.585,5101.015,5088.365,5097.775,0.9519
1773360000000,5097.725,5115.125,5097.245,5113.515,0.8442
1773363600000,5113.485,5124.485,5108.575,5124.085,1.6285
1773367200000,5124.155,5128.225,5110.225,5111.865,0.9671
1773370800000,5111.795,5116.515,5106.015,5115.435,0.8389
1773374400000,5115.435,5117.755,5102.365,5104.025,0.528
1773378000000,5104.045,5111.115,5097.775,5102.605,1.2282
1773381600000,5102.808,5107.655,5085.455,5088.035,1.9532
1773385200000,5088.015,5094.025,5071.455,5085.025,1.3685
1773388800000,5084.705,5087.765,5061.285,5087.155,1.5987
1773392400000,5087.125,5096.945,5082.945,5089.275,1.1879
1773396000000,5089.345,5098.105,5079.658,5094.625,1.0266
1773399600000,5094.595,5107.645,5085.958,5107.605,1.1067
1773403200000,5107.345,5121.645,5104.135,5118.095,1.8288
1773406800000,5118.115,5121.185,5096.355,5101.485,2.2928
1773410400000,5100.608,5107.845,5035.515,5041.315,3.1331
1773414000000,5041.335,5071.225,5031.355,5034.535,3.1654
1773417600000,5033.945,5052.725,5018.865,5045.755,3.0699
1773421200000,5045.725,5063.665,5043.245,5046.165,2.4541
1773424800000,5046.205,5051.635,5035.925,5046.285,1.6736
1773428400000,5046.335,5049.665,5009.495,5016.078,2.0418
1773432000000,5016.425,5025.048,5012.155,5018.098,1.2712
1773612000000,5003.001,5029.945,4997.215,5024.338,1.5178
1773615600000,5024.205,5025.748,4967.125,4997.255,2.8818
1773619200000,4997.275,5030.555,4996.425,5025.415,2.1089
1773622800000,5025.435,5026.255,4982.165,5015.705,3.0144
1773626400000,5015.675,5018.515,4997.445,5003.295,1.8438
1773630000000,5003.345,5020.365,4997.805,5018.925,1.1376
1773633600000,5018.945,5026.045,5012.105,5012.425,0.6946
1773637200000,5012.045,5019.845,5002.915,5017.355,1.0581
1773640800000,5017.395,5035.885,5005.045,5011.925,1.7777
1773644400000,5011.965,5016.285,4991.518,4995.395,1.4356
1773648000000,4995.395,5003.275,4984.665,4990.875,1.961
1773651600000,4990.845,4991.465,4972.175,4975.195,1.4112
1773655200000,4975.175,4999.225,4970.115,4998.495,1.407
1773658800000,4998.425,5022.485,4992.455,4996.845,1.484
1773662400000,4996.965,5024.795,4994.175,5019.675,1.807
1773666000000,5019.735,5034.345,5013.525,5029.625,2.8815
1773669600000,5029.575,5037.715,4987.715,4995.745,3.2757
1773673200000,4995.785,5005.585,4983.625,4986.875,2.3637
1773676800000,4986.875,4998.665,4973.785,4990.475,2.4401
1773680400000,4990.485,5003.705,4983.775,4991.105,1.9315
1773684000000,4991.135,5017.725,4989.795,5012.555,2.0303
1773687600000,5012.575,5020.095,5007.915,5012.605,1.9943
1773691200000,5012.608,5021.575,5004.265,5004.535,0.6387
1773698400000,5005.098,5015.875,4998.375,5001.818,0.745
1773702000000,5001.465,5015.335,5001.335,5012.645,0.5831
1773705600000,5012.575,5013.855,4998.035,5002.685,1.0112
1773709200000,5002.385,5027.885,4994.605,5027.765,1.6437
1773712800000,5027.695,5029.335,5019.595,5022.265,1.0604
1773716400000,5022.155,5033.445,5020.375,5027.265,0.8094
1773720000000,5027.215,5041.725,5025.995,5037.705,1.0276
1773723600000,5037.675,5044.355,5019.915,5020.525,1.2431
1773727200000,5020.575,5022.595,5004.685,5009.735,1.4968
1773730800000,5009.825,5027.785,5008.735,5020.955,0.9265
1773734400000,5021.425,5029.375,5018.225,5024.665,1.1884
1773738000000,5024.685,5025.865,5009.775,5010.295,1.0158
1773741600000,5010.098,5016.315,4991.735,5000.105,1.2605
1773745200000,5000.025,5011.245,4996.595,5003.015,1.0214
1773748800000,5002.995,5023.725,4999.095,5011.415,1.5752
1773752400000,5011.395,5031.215,5005.345,5016.378,2.3201
1773756000000,5016.605,5020.395,5002.735,5007.495,2.7321
1773759600000,5007.265,5017.255,4973.495,4997.705,2.5659
1773763200000,4997.738,5005.735,4991.355,5001.675,2.4264
1773766800000,5001.695,5008.595,4996.295,5002.235,1.6666
1773770400000,5002.195,5008.845,4999.595,5003.575,1.3383
1773774000000,5003.555,5005.485,4996.175,5000.055,1.7844
1773777600000,5000.105,5006.685,4999.605,5006.505,0.5493
1773784800000,5004.865,5005.505,4993.015,4999.095,0.3993
1773788400000,4999.035,5003.485,4998.498,5002.695,0.4425
1773792000000,5002.705,5012.215,4999.898,5004.085,0.8001
1773795600000,5004.045,5015.675,4991.035,4998.485,1.6706
1773799200000,4998.515,5006.745,4989.995,4991.575,1.159
1773802800000,4991.565,4997.345,4985.845,4990.965,1.2069
1773806400000,4991.005,4993.325,4981.425,4986.725,0.6888
1773810000000,4986.675,5002.265,4984.435,4997.445,1.1281
1773813600000,4997.465,5016.065,4995.978,5009.105,1.3622
1773817200000,5009.075,5014.625,4989.119,4994.209,1.1718
1773820800000,4994.259,4996.139,4975.429,4986.609,14.1974
1773824400000,4986.649,4995.545,4983.779,4991.955,7.3731
1773828000000,4991.985,4992.035,4958.575,4967.625,1.3847
1773831600000,4967.605,4973.725,4924.575,4930.055,2.3108
1773835200000,4930.085,4932.345,4870.365,4881.315,3.5777
1773838800000,4881.245,4885.305,4833.865,4877.875,4.3102
1773842400000,4877.875,4894.355,4856.298,4869.265,4.5259
1773846000000,4869.495,4879.775,4860.825,4862.185,3.3965
1773849600000,4862.165,4890.265,4860.668,4886.615,2.2461
1773853200000,4886.695,4898.795,4883.745,4889.545,1.6807
1773856800000,4889.485,4899.085,4852.185,4852.815,2.7318
1773860400000,4852.775,4865.095,4838.295,4842.935,2.8242
1773864000000,4842.575,4848.535,4806.675,4818.255,1.6095
1773871200000,4823.598,4838.825,4803.845,4833.998,1.7404
1773874800000,4833.845,4842.245,4827.685,4836.505,1.6161
1773878400000,4836.495,4848.465,4835.155,4841.095,1.2633
1773882000000,4841.115,4866.995,4832.745,4849.585,1.8456
1773885600000,4849.545,4861.825,4841.158,4858.505,1.3659
1773889200000,4858.435,4865.618,4850.388,4850.605,0.9443
1773892800000,4850.515,4853.565,4845.465,4849.495,0.6491
1773896400000,4849.595,4853.635,4826.675,4827.345,1.647
1773900000000,4827.275,4842.265,4747.505,4763.385,3.0967
1773903600000,4763.475,4784.275,4726.755,4727.635,2.3343
1773907200000,4727.525,4740.145,4686.635,4708.985,3.6652
1773910800000,4708.835,4725.635,4687.545,4698.855,3.8
1773914400000,4698.825,4719.388,4666.385,4678.925,2.906
1773918000000,4678.955,4699.158,4650.675,4651.385,2.8428
1773921600000,4651.455,4653.785,4530.945,4573.985,4.3106
1773925200000,4573.915,4620.975,4502.108,4620.695,6.1216
1773928800000,4620.505,4648.825,4581.055,4601.605,5.2528
1773932400000,4601.295,4638.445,4566.025,4596.155,4.6172
1773936000000,4596.035,4626.295,4576.585,4584.635,4.5341
1773939600000,4584.615,4629.555,4573.595,4615.749,3.7184
1773943200000,4615.765,4622.935,4595.835,4622.655,2.9064
1773946800000,4622.665,4663.215,4622.665,4643.765,3.9184
1773950400000,4643.525,4661.695,4642.725,4649.375,1.1199
1773957600000,4650.498,4676.865,4635.558,4635.858,1.3175
1773961200000,4635.565,4647.745,4633.905,4643.325,1.3623
1773964800000,4643.205,4664.815,4641.935,4648.385,1.1419
1773968400000,4648.355,4699.185,4639.215,4677.045,2.6385
1773972000000,4676.975,4703.415,4670.225,4697.995,1.6361
1773975600000,4698.265,4735.835,4692.985,4725.595,1.6461
1773979200000,4725.615,4727.265,4715.155,4721.505,0.7589
1773982800000,4721.535,4723.315,4685.485,4688.225,1.7521
1773986400000,4688.245,4700.785,4661.065,4668.885,2.3733
1773990000000,4668.835,4707.665,4667.655,4706.005,1.4002
1773993600000,4706.025,4734.645,4684.625,4693.595,1.9263
1773997200000,4693.615,4700.255,4659.655,4667.415,1.7279
1774000800000,4667.205,4669.925,4637.905,4645.135,2.1185
1774004400000,4645.155,4673.935,4636.845,4671.415,1.9311
1774008000000,4671.535,4695.295,4661.498,4677.905,2.6056
1774011600000,4677.935,4678.922,4612.618,4616.085,4.4298
1774015200000,4616.115,4622.415,4547.645,4563.735,5.1292
1774018800000,4563.705,4580.095,4540.455,4553.055,4.3575
1774022400000,4553.085,4613.575,4551.845,4582.898,6.0225
1774026000000,4582.898,4600.315,4554.055,4573.125,4.0951
1774029600000,4573.175,4578.205,4477.125,4499.575,4.1242
1774033200000,4499.625,4516.475,4485.055,4501.135,4.5995
1774036800000,4501.185,4514.118,4487.425,4490.055,2.2557
1774216800000,4470.705,4535.815,4448.835,4497.358,2.1448
1774220400000,4497.375,4509.858,4451.808,4464.415,2.6513
1774224000000,4464.435,4472.975,4318.825,4353.515,4.2317
1774227600000,4353.425,4453.865,4328.168,4386.965,4.6822
1774231200000,4388.025,4421.715,4354.535,4360.185,3.6707
1774234800000,4360.245,4377.655,4334.515,4352.665,2.7144
1774238400000,4352.645,4381.625,4349.598,4367.395,2.2822
1774242000000,4367.375,4379.795,4301.698,4309.865,3.1916
1774245600000,4309.658,4309.955,4162.445,4220.105,5.1291
1774249200000,4220.075,4232.235,4098.275,4203.965,5.4068
1774252800000,4203.695,4270.385,4202.059,4251.078,4.4535
1774256400000,4251.078,4308.225,4223.205,4253.245,3.8226
1774260000000,4253.465,4281.615,4240.835,4268.715,3.2102
1774263600000,4268.735,4463.015,4268.395,4378.795,5.7453
1774267200000,4378.825,4492.185,4336.305,4478.095,5.3762
1774270800000,4478.108,4484.905,4400.995,4453.975,5.4091
1774274400000,4454.145,4512.665,4453.385,4461.695,4.9686
1774278000000,4461.238,4486.765,4350.798,4363.515,5.0348
1774281600000,4363.158,4391.505,4352.058,4375.325,5.1167
1774285200000,4375.285,4438.835,4370.575,4425.965,4.0697
1774288800000,4425.995,4466.895,4402.005,4448.785,3.6598
1774292400000,4448.625,4450.325,4392.885,4398.025,3.5676
1774296000000,4397.625,4412.975,4382.575,4405.895,1.6027
1774303200000,4411.898,4431.065,4359.348,4426.338,1.6882
1774306800000,4424.509,4448.005,4421.705,4440.915,1.9676
1774310400000,4440.895,4446.435,4330.695,4364.035,3.1012
1774314000000,4364.165,4373.895,4307.555,4321.765,4.0411
1774317600000,4321.745,4378.965,4305.565,4365.725,3.5214
1774321200000,4365.655,4367.905,4334.835,4347.045,2.5407
1774324800000,4347.025,4357.005,4326.245,4333.115,1.798
1774328400000,4333.115,4373.595,4319.515,4346.945,3.3842
1774332000000,4347.135,4404.765,4342.635,4401.855,3.6004
1774335600000,4401.885,4432.785,4399.365,4416.855,3.5819
1774339200000,4416.815,4420.735,4390.895,4411.535,3.9709
1774342800000,4412.015,4430.625,4395.625,4425.945,2.7543
1774346400000,4426.255,4441.308,4414.355,4438.445,3.1264
1774350000000,4438.445,4441.865,4373.048,4407.345,4.9768
1774353600000,4407.375,4427.205,4361.545,4378.905,5.7882
1774357200000,4378.885,4389.575,4350.838,4381.165,5.4593
1774360800000,4381.175,4433.085,4380.019,4415.558,13.3654
1774364400000,4415.005,4430.398,4395.758,4411.118,9.2528
1774368000000,4411.158,4427.148,4402.198,4420.958,7.02
1774371600000,4420.958,4426.058,4372.155,4388.395,4.0314
1774375200000,4388.365,4423.105,4383.545,4389.285,3.3134
1774378800000,4389.275,4411.108,4388.475,4400.085,2.3662
1774382400000,4399.998,4483.945,4397.025,4471.835,2.7611
1774389600000,4471.098,4485.185,4455.258,4484.118,1.8216
1774393200000,4483.778,4551.118,4471.958,4546.375,3.5625
1774396800000,4546.335,4571.738,4537.065,4562.698,3.8608
1774400400000,4562.698,4600.955,4552.085,4594.655,4.4976
1774404000000,4594.635,4602.125,4579.585,4583.325,1.9325
1774407600000,4583.285,4585.905,4567.258,4569.738,2.4779
1774411200000,4569.595,4574.385,4565.295,4572.248,1.3961
1774414800000,4572.495,4573.295,4548.898,4555.215,2.4969
1774418400000,4555.235,4556.655,4532.668,4545.405,3.0372
1774422000000,4545.365,4562.915,4536.548,4539.065,2.286
1774425600000,4539.135,4567.475,4535.428,4556.035,1.9881
1774429200000,4556.015,4567.455,4527.665,4551.755,1.767
1774432800000,4551.715,4562.265,4550.975,4558.595,1.3957
1774436400000,4558.525,4585.475,4555.835,4578.665,1.6961
1774440000000,4578.605,4583.385,4521.695,4543.715,2.8276
1774443600000,4543.735,4576.285,4540.665,4544.565,3.3343
1774447200000,4544.595,4579.075,4532.975,4566.925,3.2878
1774450800000,4566.935,4568.781,4524.915,4558.725,3.1178
1774454400000,4558.775,4564.78,4544.758,4555.055,2.5518
1774458000000,4554.838,4563.645,4542.525,4550.365,2.1219
1774461600000,4550.365,4568.695,4530.665,4537.965,2.3771
1774465200000,4537.925,4539.445,4486.508,4530.835,2.54
1774468800000,4530.745,4541.755,4494.585,4505.325,1.1925
1774476000000,4508.498,4534.525,4505.098,4517.058,1.2642
1774479600000,4517.138,4517.518,4488.575,4497.875,2.0346
1774483200000,4497.845,4538.875,4497.798,4534.938,1.8973
1774486800000,4534.515,4544.275,4522.215,4534.995,2.3489
1774490400000,4535.015,4535.468,4505.535,4508.465,1.8601
1774494000000,4508.395,4518.555,4499.635,4516.425,1.4186
1774497600000,4516.585,4523.985,4511.315,4520.225,0.8678
1774501200000,4520.245,4522.095,4438.585,4438.715,1.9543
1774504800000,4439.055,4459.225,4415.505,4456.175,2.6475
1774508400000,4456.265,4463.665,4438.755,4452.565,1.8716
1774512000000,4452.355,4459.075,4412.595,4427.455,3.2295
1774515600000,4427.355,4436.695,4414.085,4423.465,2.839
1774519200000,4423.495,4447.845,4416.525,4442.898,3.0334
1774522800000,4443.185,4456.505,4418.595,4422.795,3.1356
1774526400000,4422.775,4445.425,4416.335,4429.355,3.1517
1774530000000,4429.205,4460.205,4419.955,4452.238,4.1379
1774533600000,4452.205,4479.515,4436.905,4464.695,4.5495
1774537200000,4464.735,4468.618,4433.498,4437.945,4.4482
1774540800000,4437.945,4442.398,4366.455,4388.965,4.3523
1774544400000,4388.775,4402.215,4376.995,4381.205,3.6157
1774548000000,4381.095,4397.495,4367.228,4394.255,2.4888
1774551600000,4394.285,4399.145,4358.915,4363.765,2.5143
1774555200000,4363.685,4420.305,4350.995,4379.375,3.0971
1774562400000,4389.735,4415.145,4375.775,4410.398,1.168
1774566000000,4410.498,4413.598,4389.405,4404.665,0.8616
1774569600000,4404.775,4410.835,4375.235,4378.425,1.1321
1774573200000,4378.395,4420.275,4377.005,4417.045,1.4602
1774576800000,4417.205,4440.225,4416.755,4431.298,1.3183
1774580400000,4431.925,4445.935,4420.975,4437.265,1.0701
1774584000000,4437.315,4449.315,4431.215,4446.045,0.5902
1774587600000,4445.645,4474.915,4440.138,4454.315,1.351
1774591200000,4454.275,4472.555,4451.595,4459.385,1.3656
1774594800000,4459.395,4462.915,4442.455,4447.435,1.1309
1774598400000,4447.465,4450.388,4423.235,4423.795,1.6355
1774602000000,4423.798,4438.095,4420.445,4428.615,1.8468
1774605600000,4428.615,4432.585,4410.598,4414.498,1.8218
1774609200000,4414.498,4426.045,4404.025,4419.745,1.837
1774612800000,4419.495,4445.045,4412.295,4437.555,2.6417
1774616400000,4437.605,4443.448,4413.338,4430.675,4.3002
1774620000000,4430.465,4514.455,4430.095,4509.495,5.4301
1774623600000,4509.465,4554.965,4501.335,4523.685,4.6689
1774627200000,4523.905,4533.285,4505.148,4515.805,2.4036
1774630800000,4515.835,4521.368,4485.855,4486.395,2.617
1774634400000,4486.378,4528.365,4486.145,4516.448,2.684
1774638000000,4516.298,4525.825,4500.335,4514.115,2.112
1774641600000,4514.105,4520.295,4490.885,4492.375,0.9738
1774821600000,4491.518,4514.675,4464.048,4483.998,2.0699
1774825200000,4483.998,4491.898,4443.485,4448.495,2.2555
1774828800000,4448.675,4466.515,4417.665,4431.775,2.7343
1774832400000,4431.725,4475.415,4431.385,4469.165,2.9389
1774836000000,4469.195,4498.965,4458.755,4481.065,2.3558
1774839600000,4481.095,4517.445,4478.498,4495.665,1.8705
1774843200000,4495.695,4498.535,4485.885,4496.325,1.1309
1774846800000,4496.318,4528.215,4496.285,4522.275,1.6606
1774850400000,4522.375,4550.485,4516.315,4532.395,1.8478
1774854000000,4532.305,4534.635,4515.585,4526.965,1.6598
1774857600000,4526.935,4540.245,4524.605,4537.935,1.9235
1774861200000,4537.975,4540.365,4523.248,4532.005,1.3482
1774864800000,4532.785,4539.775,4527.395,4532.125,1.0501
1774868400000,4532.115,4580.465,4525.255,4559.375,2.0733
1774872000000,4559.355,4577.695,4545.015,4569.185,1.8646
1774875600000,4569.345,4578.455,4516.515,4523.165,2.9678
1774879200000,4522.975,4541.365,4511.748,4538.385,3.3801
1774882800000,4538.565,4556.565,4524.445,4548.135,2.5957
1774886400000,4547.915,4549.405,4531.865,4539.795,2.1524
1774890000000,4539.695,4542.125,4511.015,4514.815,2.4147
1774893600000,4514.795,4522.865,4498.215,4498.845,1.8758
1774897200000,4498.865,4518.205,4492.885,4513.095,2.3935
1774900800000,4513.085,4516.245,4500.885,4510.885,0.6947
1774908000000,4510.638,4523.445,4501.905,4510.148,0.7738
1774911600000,4510.148,4521.485,4492.445,4513.325,1.9352
1774915200000,4513.375,4547.875,4482.115,4547.525,2.7414
1774918800000,4547.025,4619.195,4531.885,4604.805,3.264
1774922400000,4604.825,4607.055,4565.185,4567.825,1.9797
1774926000000,4567.495,4576.675,4549.838,4556.935,1.5107
1774929600000,4556.915,4569.235,4556.705,4564.615,1.1954
1774933200000,4564.595,4581.515,4547.435,4568.465,1.6603
1774936800000,4568.485,4568.645,4552.865,4556.855,2.0788
1774940400000,4557.005,4565.605,4543.065,4564.205,1.8305
1774944000000,4564.028,4574.868,4560.105,4568.188,1.6312
1774947600000,4568.188,4572.115,4549.995,4555.275,1.6474
1774951200000,4555.255,4561.635,4529.115,4546.735,1.3172
1774954800000,4546.885,4592.955,4540.865,4582.115,2.5446
1774958400000,4582.155,4597.295,4568.818,4574.475,2.4249
1774962000000,4574.475,4609.415,4567.555,4606.705,3.0196
1774965600000,4606.295,4630.098,4594.665,4598.835,3.8751
1774969200000,4598.855,4625.325,4598.405,4609.165,3.0595
1774972800000,4609.065,4651.115,4606.795,4638.045,3.0409
1774976400000,4638.005,4667.145,4635.965,4654.205,3.3179
1774980000000,4654.125,4670.715,4653.215,4667.185,2.4378
1774983600000,4667.075,4685.325,4661.575,4682.465,2.5525
1774987200000,4682.685,4686.935,4664.445,4668.115,0.9477
1774994400000,4669.735,4696.185,4661.625,4680.148,1.4886
1774998000000,4680.578,4699.825,4671.615,4696.065,1.4734
1775001600000,4695.965,4722.385,4693.195,4710.475,2.0609
1775005200000,4710.495,4724.005,4680.915,4692.525,2.4085
1775008800000,4693.005,4700.275,4677.648,4684.405,1.6719
1775012400000,4684.315,4694.095,4679.265,4681.558,1.0417
1775016000000,4681.578,4681.715,4666.605,4676.155,0.992
1775019600000,4676.195,4703.195,4674.535,4684.155,1.5575
1775023200000,4684.135,4732.785,4682.335,4730.115,2.3075
1775026800000,4730.655,4747.565,4709.385,4712.715,2.1549
1775030400000,4712.725,4740.185,4709.995,4728.315,1.8004
1775034000000,4728.345,4730.005,4712.775,4722.935,1.2676
1775037600000,4722.925,4738.395,4715.115,4730.985,1.1472
1775041200000,4730.935,4762.555,4728.085,4752.135,1.4863
1775044800000,4752.165,4753.475,4724.155,4724.635,2.2393
1775048400000,4724.535,4749.375,4716.005,4737.565,2.8606
1775052000000,4737.058,4768.605,4723.895,4760.495,3.2123
1775055600000,4760.525,4787.936,4758.285,4786.298,2.4923
1775059200000,4786.225,4790.405,4773.925,4786.955,3.459
1775062800000,4786.855,4793.135,4773.395,4774.018,2.1226
1775066400000,4774.025,4774.915,4741.805,4752.935,2.9564
1775070000000,4752.985,4777.935,4751.065,4765.735,2.214
1775073600000,4765.715,4770.835,4754.015,4757.565,0.8041
1775080800000,4757.505,4782.555,4747.875,4775.878,0.9996
1775084400000,4776.118,4800.185,4772.875,4783.698,1.704
1775088000000,4783.655,4798.525,4774.755,4784.375,2.1297
1775091600000,4784.375,4786.395,4648.335,4696.185,4.591
1775095200000,4696.108,4703.655,4654.838,4686.785,4.3536
1775098800000,4686.765,4699.275,4675.695,4676.185,1.5254
1775102400000,4676.405,4681.445,4656.835,4672.445,1.2382
1775106000000,4672.555,4680.325,4585.405,4593.815,2.3978
1775109600000,4594.045,4608.465,4553.158,4599.065,3.0531
1775113200000,4598.485,4650.985,4596.915,4642.485,1.8454
1775116800000,4642.455,4648.555,4616.568,4620.645,1.809
1775120400000,4620.625,4631.765,4612.745,4621.505,1.4002
1775124000000,4621.745,4634.915,4603.485,4620.265,1.5425
1775127600000,4620.295,4630.475,4592.445,4599.875,1.7965
1775131200000,4599.875,4630.035,4594.315,4601.598,2.3513
1775134800000,4601.695,4651.135,4580.625,4645.595,4.1152
1775138400000,4646.035,4699.635,4631.131,4681.098,4.7422
1775142000000,4681.045,4683.498,4652.208,4660.745,5.4387
1775145600000,4660.715,4670.248,4642.618,4658.685,3.6789
1775149200000,4658.715,4667.995,4645.535,4648.495,3.2091
1775152800000,4648.825,4671.698,4647.215,4668.138,2.3746
1775156400000,4668.138,4681.535,4661.175,4671.695,2.7643
1775160000000,4671.745,4677.605,4664.025,4675.805,0.9644
1775426400000,4651.645,4664.715,4606.885,4644.778,2.8199
1775430000000,4644.485,4650.258,4604.378,4610.078,1.9929
1775433600000,4610.078,4628.905,4600.385,4622.105,1.9924
1775437200000,4622.175,4642.725,4619.995,4625.495,2.4645
1775440800000,4625.545,4671.435,4623.505,4647.685,1.799
1775444400000,4647.625,4647.865,4625.115,4640.215,1.2613
1775448000000,4640.195,4659.755,4639.635,4658.785,0.7011
1775451600000,4658.805,4678.445,4650.998,4652.258,0.9534
1775455200000,4652.258,4667.465,4642.995,4665.765,1.352
1775458800000,4665.745,4688.055,4644.735,4684.485,1.396
1775462400000,4684.445,4697.975,4680.668,4695.555,1.28
1775466000000,4695.885,4706.255,4690.585,4693.345,1.295
1775469600000,4693.375,4697.335,4684.048,4689.425,1.107
1775473200000,4689.955,4696.518,4676.755,4677.655,1.0778
1775476800000,4677.615,4686.425,4659.485,4675.515,1.549
1775480400000,4675.505,4681.248,4659.455,4679.488,3.877
1775484000000,4679.865,4697.575,4659.658,4682.418,5.0532
1775487600000,4682.418,4683.578,4651.548,4667.678,2.9596
1775491200000,4667.698,4672.208,4657.815,4660.235,2.0409
1775494800000,4660.295,4660.985,4645.318,4653.405,2.6357
1775498400000,4653.495,4666.365,4648.665,4658.135,2.2398
1775502000000,4658.115,4659.135,4645.255,4655.098,1.4724
1775505600000,4655.098,4658.125,4646.848,4648.605,0.5482
1775512800000,4648.898,4667.615,4648.858,4657.838,0.7172
1775516400000,4657.888,4660.648,4651.225,4658.555,0.647
1775520000000,4659.155,4661.32,4648.845,4654.775,1.1866
1775523600000,4654.715,4664.265,4616.025,4626.695,2.9616
1775527200000,4626.725,4653.618,4619.625,4650.155,1.8004
1775530800000,4650.065,4653.785,4639.395,4649.268,1.6959
1775534400000,4649.228,4663.818,4645.185,4659.248,1.867
1775538000000,4659.788,4660.948,4622.745,4642.625,1.9066
1775541600000,4642.625,4656.125,4637.725,4652.945,2.3514
1775545200000,4652.975,4656.615,4636.465,4645.795,2.2795
1775548800000,4645.765,4690.418,4643.785,4682.555,2.9876
1775552400000,4682.525,4693.955,4658.438,4670.438,2.5803
1775556000000,4670.438,4680.148,4649.095,4651.765,3.3718
1775559600000,4651.785,4663.765,4628.595,4659.265,2.2037
1775563200000,4659.535,4670.765,4646.398,4651.238,2.6288
1775566800000,4651.258,4663.205,4635.305,4643.655,3.8864
1775570400000,4643.635,4661.248,4607.335,4632.935,5.0313
1775574000000,4632.735,4659.065,4624.735,4655.098,3.8156
1775577600000,4655.098,4668.108,4652.158,4656.718,3.1696
1775581200000,4656.725,4686.415,4653.535,4675.415,3.353
1775584800000,4675.385,4685.988,4657.075,4661.798,4.1098
1775588400000,4661.855,4718.465,4660.225,4700.415,3.936
1775592000000,4700.475,4716.558,4696.748,4704.785,1.7903
1775599200000,4718.018,4819.058,4712.645,4817.738,2.9584
1775602800000,4817.778,4836.105,4800.498,4832.958,3.4504
1775606400000,4832.958,4856.998,4808.615,4817.335,2.7587
1775610000000,4817.375,4824.958,4787.965,4809.905,2.5684
1775613600000,4809.808,4825.165,4798.455,4803.695,1.6361
1775617200000,4803.675,4805.625,4794.725,4797.215,1.1234
1775620800000,4797.295,4806.475,4789.985,4803.345,0.8683
1775624400000,4803.305,4843.505,4800.135,4827.275,1.5561
1775628000000,4827.235,4839.575,4819.645,4819.695,1.7748
1775631600000,4819.675,4821.105,4804.925,4813.045,1.5447
1775635200000,4813.355,4819.555,4790.145,4793.585,1.6404
1775638800000,4793.615,4806.405,4775.728,4782.798,1.6898
1775642400000,4782.838,4795.805,4770.885,4782.298,1.5069
1775646000000,4782.298,4802.655,4777.865,4798.138,1.6892
1775649600000,4798.085,4807.005,4768.128,4799.325,2.1979
1775653200000,4799.295,4806.405,4767.945,4777.295,3.7496
1775656800000,4777.168,4791.565,4731.905,4735.845,4.7777
1775660400000,4735.905,4762.865,4733.855,4756.205,2.9688
1775664000000,4756.175,4765.298,4745.005,4760.098,2.8113
1775667600000,4760.098,4764.115,4731.288,4733.745,2.3232
1775671200000,4733.525,4744.335,4703.635,4705.105,2.5974
1775674800000,4704.825,4731.698,4699.235,4730.465,2.0446
1775678400000,4730.298,4731.975,4715.735,4715.835,0.7355
1775685600000,4718.098,4732.525,4704.075,4717.085,2.1079
1775689200000,4715.715,4719.795,4704.998,4715.215,1.1253
1775692800000,4715.375,4718.885,4698.085,4706.515,1.4238
1775696400000,4706.365,4728.125,4699.178,4727.155,2.1233
1775700000000,4727.235,4732.595,4717.075,4718.825,1.1297
1775703600000,4718.775,4720.065,4704.898,4711.165,1.2114
1775707200000,4711.185,4725.038,4709.435,4720.505,0.7095
1775710800000,4720.545,4726.375,4705.515,4712.705,1.319
1775714400000,4712.725,4724.995,4703.185,4712.125,2.0937
1775718000000,4712.245,4730.995,4705.335,4724.065,1.9383
1775721600000,4724.005,4733.095,4719.428,4726.025,1.2695
1775725200000,4726.055,4733.375,4722.685,4728.938,0.9931
1775728800000,4728.918,4746.445,4723.485,4740.838,1.0877
1775732400000,4740.798,4757.465,4738.185,4756.335,1.2498
1775736000000,4756.615,4759.385,4734.695,4745.665,1.8842
1775739600000,4745.745,4777.015,4738.505,4764.048,3.4928
1775743200000,4764.048,4775.935,4747.075,4768.545,3.1659
1775746800000,4768.575,4797.855,4760.948,4792.515,3.0625
1775750400000,4792.738,4800.695,4784.195,4788.595,2.049
1775754000000,4788.645,4801.015,4786.485,4797.525,1.6606
1775757600000,4797.625,4797.765,4767.498,4771.785,2.1252
1775761200000,4771.755,4782.385,4766.675,4768.665,1.4937
1775764800000,4768.855,4773.135,4760.505,4763.345,0.5917
1775772000000,4766.498,4779.285,4758.375,4763.838,0.6173
1775775600000,4763.858,4764.065,4756.695,4763.435,0.607
1775779200000,4763.485,4763.485,4750.475,4762.745,0.9627
1775782800000,4762.705,4777.035,4757.665,4764.335,1.6076
1775786400000,4764.385,4765.235,4737.715,4752.925,1.4988
1775790000000,4752.815,4769.235,4752.805,4766.355,1.2844
1775793600000,4766.325,4770.525,4757.635,4758.255,0.5951
1775797200000,4758.315,4768.915,4756.928,4765.465,0.9465
1775800800000,4765.505,4765.625,4742.655,4746.165,1.4269
1775804400000,4745.725,4757.345,4741.045,4749.355,0.9506
1775808000000,4749.385,4753.155,4730.205,4740.398,1.1112
1775811600000,4740.735,4760.555,4740.545,4751.355,1.2888
1775815200000,4751.335,4760.468,4742.095,4756.895,1.4586
1775818800000,4756.915,4768.445,4753.025,4767.965,1.0976
1775822400000,4768.115,4782.315,4759.565,4771.565,2.0061
1775826000000,4771.615,4779.875,4764.615,4774.405,2.5735
1775829600000,4775.015,4794.765,4766.868,4774.418,3.3342
1775833200000,4774.418,4787.195,4755.245,4761.898,3.4537
1775836800000,4761.875,4765.785,4747.105,4763.525,2.3796
1775840400000,4763.605,4768.405,4757.715,4760.155,1.5478
1775844000000,4760.125,4772.765,4750.705,4764.895,1.5031
1775847600000,4764.935,4770.325,4758.085,4759.585,1.5375
1775851200000,4759.655,4759.785,4740.598,4746.935,1.5717
1776031200000,4634.998,4690.685,4634.998,4658.398,6.1604
1776034800000,4658.398,4671.685,4644.015,4671.155,2.1423
1776038400000,4671.175,4698.615,4664.325,4695.275,1.3658
1776042000000,4694.795,4728.035,4693.405,4721.035,2.0301
1776045600000,4721.005,4727.795,4710.925,4720.295,1.2219
1776049200000,4720.135,4723.625,4711.875,4717.695,0.7444
1776052800000,4717.675,4724.595,4708.335,4722.738,0.6762
1776056400000,4722.755,4730.605,4716.075,4729.145,1.3464
1776060000000,4729.125,4732.425,4720.635,4725.445,1.3836
1776063600000,4725.405,4739.815,4724.485,4733.435,1.2862
1776067200000,4733.465,4738.495,4720.065,4723.265,1.1412
1776070800000,4723.285,4728.575,4710.385,4714.545,1.0393
1776074400000,4714.565,4723.745,4708.135,4721.905,0.8726
1776078000000,4721.975,4728.955,4703.165,4706.875,1.3028
1776081600000,4706.745,4724.895,4703.485,4723.315,1.6355
1776085200000,4723.218,4744.315,4721.015,4730.158,3.1502
1776088800000,4730.115,4730.878,4708.285,4718.775,2.9418
1776092400000,4718.715,4719.565,4700.025,4714.225,2.2534
1776096000000,4714.195,4746.09,4708.975,4732.785,2.725
1776099600000,4732.795,4749.725,4725.258,4729.648,2.1167
1776103200000,4729.725,4740.525,4723.295,4738.245,1.3574
1776106800000,4738.165,4747.235,4730.345,4740.968,1.6415
1776110400000,4740.938,4743.788,4737.915,4739.645,0.4933
1776117600000,4742.318,4759.375,4742.318,4757.468,1.4026
1776121200000,4757.395,4765.668,4754.175,4757.365,1.1411
1776124800000,4757.405,4775.565,4751.285,4769.495,1.5553
1776128400000,4769.535,4776.715,4761.465,4764.745,1.7415
1776132000000,4764.745,4777.075,4761.795,4774.875,1.1708
1776135600000,4774.855,4775.295,4765.298,4767.545,0.7937
1776139200000,4767.915,4776.935,4766.695,4773.825,0.6202
1776142800000,4773.845,4774.045,4757.638,4759.648,1.4165
1776146400000,4759.618,4782.855,4759.618,4782.005,1.2729
1776150000000,4781.945,4796.185,4767.575,4777.025,1.7841
1776153600000,4776.975,4789.825,4774.035,4786.685,1.2705
1776157200000,4786.715,4789.115,4771.395,4777.985,1.0403
1776160800000,4778.065,4787.955,4751.285,4768.175,1.1764
1776164400000,4768.145,4782.885,4766.665,4774.578,1.2247
1776168000000,4774.755,4777.365,4761.905,4771.235,2.0013
1776171600000,4771.265,4803.115,4770.965,4794.388,3.4984
1776175200000,4794.388,4817.598,4792.668,4803.635,3.1223
1776178800000,4803.645,4815.885,4790.995,4807.795,2.3362
1776182400000,4807.865,4819.995,4804.735,4809.885,1.7537
1776186000000,4809.965,4841.515,4809.198,4834.885,2.2127
1776189600000,4834.925,4843.018,4830.615,4835.308,1.9351
1776193200000,4835.375,4846.098,4835.305,4844.735,2.0724
1776196800000,4844.725,4845.955,4839.295,4841.155,0.7072
1776204000000,4836.618,4850.445,4832.928,4834.448,0.9898
1776207600000,4834.448,4843.905,4833.128,4836.935,0.9244
1776211200000,4836.965,4839.805,4826.855,4835.315,1.0256
1776214800000,4835.285,4871.165,4827.905,4846.855,2.2813
1776218400000,4846.695,4853.125,4820.395,4823.695,1.8285
1776222000000,4823.985,4829.395,4816.548,4823.825,1.1364
1776225600000,4823.745,4827.695,4820.105,4824.505,0.5994
1776229200000,4824.615,4830.325,4812.445,4819.365,1.3615
1776232800000,4819.435,4824.695,4810.855,4811.345,1.4141
1776236400000,4811.655,4816.775,4803.715,4810.955,1.2931
1776240000000,4810.755,4821.298,4804.215,4818.185,1.2497
1776243600000,4818.205,4819.345,4785.885,4798.065,1.5604
1776247200000,4797.925,4805.025,4789.915,4799.835,1.4299
1776250800000,4799.935,4814.805,4795.355,4812.475,1.3784
1776254400000,4812.495,4816.025,4806.765,4811.335,1.248
1776258000000,4811.305,4829.995,4808.255,4828.595,2.5643
1776261600000,4828.555,4830.435,4813.165,4815.385,2.1819
1776265200000,4815.405,4816.025,4786.805,4801.445,2.1726
1776268800000,4801.435,4812.295,4799.975,4803.755,1.6221
1776272400000,4803.655,4808.575,4790.495,4792.315,1.5434
1776276000000,4792.345,4801.945,4790.105,4799.705,1.4996
1776279600000,4799.435,4803.315,4794.375,4795.605,1.4321
1776283200000,4795.635,4796.515,4787.595,4789.365,0.5254
1776290400000,4787.135,4811.665,4787.135,4807.058,0.6855
1776294000000,4807.058,4826.425,4806.948,4823.205,0.8044
1776297600000,4822.995,4837.455,4820.578,4832.398,1.1647
1776301200000,4832.418,4835.985,4811.048,4817.725,1.471
1776304800000,4817.785,4824.765,4812.158,4819.525,1.0839
1776308400000,4819.315,4826.985,4818.765,4823.835,0.8023
1776312000000,4823.735,4833.315,4822.998,4832.895,0.6303
1776315600000,4832.875,4838.335,4821.085,4821.105,1.343
1776319200000,4821.045,4830.465,4814.105,4825.805,1.6726
1776322800000,4825.845,4830.735,4816.945,4820.715,1.4274
1776326400000,4820.805,4821.645,4806.128,4813.438,1.4157
1776330000000,4813.438,4817.745,4806.535,4812.635,1.004
1776333600000,4812.675,4817.015,4804.855,4816.975,1.0242
1776337200000,4817.035,4822.395,4815.195,4822.015,1.1106
1776340800000,4822.015,4822.915,4811.415,4815.905,1.4389
1776344400000,4815.955,4823.575,4784.745,4794.515,2.6153
1776348000000,4794.358,4805.185,4772.898,4788.575,3.0979
1776351600000,4788.555,4812.695,4788.015,4806.835,2.2475
1776355200000,4806.955,4810.098,4784.935,4791.865,1.9049
1776358800000,4791.915,4795.165,4781.215,4789.015,1.9107
1776362400000,4789.055,4794.235,4785.345,4789.405,1.6741
1776366000000,4789.435,4798.395,4789.258,4793.445,1.3295
1776369600000,4793.118,4793.655,4786.135,4787.975,0.3983
1776376800000,4790.395,4797.635,4790.395,4794.568,0.5786
1776380400000,4794.568,4797.675,4791.505,4791.505,0.7104
1776384000000,4791.475,4800.985,4785.635,4794.615,0.8218
1776387600000,4794.665,4795.495,4768,4789.215,1.7032
1776391200000,4789.175,4794.495,4784.145,4784.405,1.0169
1776394800000,4784.335,4797.915,4784.335,4792.948,0.9564
1776398400000,4792.808,4804.305,4792.265,4802.685,0.5782
1776402000000,4802.695,4805.935,4793.425,4794.075,1.2309
1776405600000,4794.005,4795.045,4779.235,4784.795,1.2618
1776409200000,4784.975,4794.565,4778.598,4784.295,0.9649
1776412800000,4784.255,4796.775,4780.695,4795.825,0.9559
1776416400000,4795.865,4800.785,4789.665,4790.125,0.8345
1776420000000,4790.175,4793.755,4782.045,4787.225,0.8335
1776423600000,4787.295,4811.555,4783.355,4798.935,0.9942
1776427200000,4799.005,4847.615,4797.418,4846.195,2.3777
1776430800000,4846.215,4889.335,4834.825,4880.175,4.0222
1776434400000,4880.613,4885.145,4860.525,4872.705,3.774
1776438000000,4872.885,4880.275,4854.595,4867.145,2.6892
1776441600000,4867.078,4873.098,4863.375,4866.645,1.6886
1776445200000,4866.685,4869.315,4853.515,4862.248,2.2951
1776448800000,4862.325,4867.798,4855.378,4857.858,2.17
1776452400000,4857.858,4860.985,4852.485,4854.098,1.5695
1776456000000,4854.135,4854.955,4825.925,4829.115,1.9951
1776636000000,4767.405,4794.635,4758.085,4778.698,2.4314
1776639600000,4778.698,4778.848,4736.635,4754.945,1.7557
1776643200000,4754.995,4774.185,4744.295,4772.105,1.6345
1776646800000,4772.165,4814.035,4771.345,4807.525,2.1427
1776650400000,4807.415,4808.825,4792.908,4796.905,1.3984
1776654000000,4796.935,4798.285,4788.445,4790.645,1.0873
1776657600000,4790.975,4795.575,4786.858,4788.715,0.6894
1776661200000,4788.785,4795.845,4779.285,4790.705,1.3707
1776664800000,4790.665,4795.305,4783.578,4795.255,1.5588
1776668400000,4795.635,4805.605,4786.605,4789.465,1.5407
1776672000000,4789.445,4796.125,4785.835,4796.085,1.1227
1776675600000,4796.025,4797.765,4783.235,4791.335,1.0912
1776679200000,4791.315,4800.765,4789.485,4795.685,0.9029
1776682800000,4795.575,4810.775,4786.315,4810.395,1.3193
1776686400000,4810.325,4821.848,4798.795,4803.295,1.8344
1776690000000,4803.245,4826.188,4799.365,4817.545,2.749
1776693600000,4817.855,4827.348,4792.045,4804.895,3.0523
1776697200000,4804.858,4809.315,4792.425,4799.495,2.6222
1776700800000,4799.515,4806.065,4792.725,4805.225,1.5576
1776704400000,4805.445,4811.935,4803.558,4806.515,1.7421
1776708000000,4806.535,4816.198,4806.535,4813.798,1.6506
1776711600000,4813.588,4821.058,4810.055,4814.135,1.6279
1776715200000,4813.978,4821.705,4811.975,4820.265,0.5803
1776722400000,4821.098,4832.845,4819.395,4827.318,0.945
1776726000000,4827.078,4831.338,4819.525,4821.485,0.6091
1776729600000,4821.795,4830.565,4816.575,4823.825,1.1184
1776733200000,4823.845,4824.485,4805.365,4809.798,1.4987
1776736800000,4809.805,4810.115,4802.115,4806.595,1.0978
1776740400000,4806.645,4807.555,4792.345,4796.945,1.1626
1776744000000,4797.155,4797.675,4788.465,4788.765,0.7159
1776747600000,4789.055,4796.725,4782.785,4783.925,1.3402
1776751200000,4783.945,4790.535,4774.298,4778.535,2.0169
1776754800000,4778.065,4792.405,4772.395,4785.548,2.2765
1776758400000,4785.495,4792.735,4774.318,4785.895,1.6303
1776762000000,4786.25,4789.345,4780.895,4783.415,1.104
1776765600000,4783.435,4790.295,4780.545,4789.685,0.7817
1776769200000,4789.655,4797.935,4775.195,4794.415,1.2045
1776772800000,4794.595,4796.895,4764.475,4778.535,1.9292
1776776400000,4778.955,4794.165,4759.585,4778.825,3.1966
1776780000000,4778.795,4782.485,4723.36,4738.915,3.176
1776783600000,4739.095,4757.385,4727.595,4741.425,3.2184
1776787200000,4741.385,4746.86,4708.065,4710.865,2.6362
1776790800000,4710.935,4722.055,4696.645,4710.875,3.1831
1776794400000,4710.785,4714.455,4692.088,4709.165,2.8903
1776798000000,4709.605,4714.825,4668.275,4678.875,6.635
1776801600000,4678.875,4720.585,4668.685,4720.045,2.1585
1776808800000,4720.145,4729.035,4715.055,4718.998,0.8473
1776812400000,4718.968,4740.345,4717.528,4737.795,1.2709
1776816000000,4737.765,4747.305,4737.765,4739.595,1.2023
1776819600000,4739.505,4754.585,4735.565,4751.985,1.7351
1776823200000,4752.205,4758.495,4749.728,4755.525,1.1405
1776826800000,4755.485,4764.795,4752.705,4757.965,1.1394
1776830400000,4757.935,4759.395,4751.868,4754.355,0.8392
1776834000000,4754.375,4771.935,4751.965,4767.345,1.5138
1776837600000,4767.335,4767.685,4758.595,4767.555,1.1197
1776841200000,4767.525,4772.165,4759.345,4760.245,1.0736
1776844800000,4760.315,4762.065,4751.645,4756.815,1.1261
1776848400000,4756.845,4762.285,4752.315,4755.065,1.1996
1776852000000,4755.235,4760.125,4745.585,4759.045,1.1079
1776855600000,4759.075,4760.625,4747.655,4750.115,1.0482
1776859200000,4750.155,4759.495,4742.655,4744.035,1.6958
1776862800000,4744.065,4760.825,4736.195,4752.735,2.9445
1776866400000,4752.685,4757.325,4729.835,4735.825,3.0056
1776870000000,4735.885,4740.045,4724.815,4727.415,3.1197
1776873600000,4727.395,4734.765,4723.685,4728.495,2.3161
1776877200000,4728.495,4739.285,4728.385,4736.915,2.1028
1776880800000,4736.935,4749.565,4729.725,4741.525,1.67
1776884400000,4741.545,4745.265,4736.685,4739.985,1.8051
1776888000000,4740.025,4740.525,4734.265,4739.355,0.5801
1776895200000,4739.945,4746.245,4725.205,4725.638,0.6818
1776898800000,4725.638,4729.715,4723.008,4727.525,0.649
1776902400000,4727.505,4753.585,4693.638,4747.815,2.4832
1776906000000,4747.485,4749.675,4722.255,4723.045,2.0145
1776909600000,4723.165,4724.535,4698.145,4698.745,2.4581
1776913200000,4698.695,4708.455,4697.985,4703.705,2.0248
1776916800000,4703.705,4706.945,4698.455,4704.115,1.0068
1776920400000,4704.155,4715.225,4692.078,4713.095,1.6626
1776924000000,4713.215,4721.035,4708.305,4712.665,1.8404
1776927600000,4712.615,4720.345,4702.945,4719.045,2.3108
1776931200000,4718.965,4724.695,4701.395,4703.155,1.9944
1776934800000,4703.105,4703.515,4694.515,4697.395,2.0587
1776938400000,4697.125,4701.525,4684.095,4696.425,2.1704
1776942000000,4696.465,4720.825,4695.285,4720.515,2.1862
1776945600000,4720.585,4742.985,4719.525,4739.905,3.2509
1776949200000,4740.005,4741.095,4723.675,4724.225,3.3186
1776952800000,4724.115,4736.465,4716.775,4733.495,3.7944
1776956400000,4733.515,4740.905,4715.975,4720.275,3.2117
1776960000000,4720.345,4736.985,4715.405,4732.835,2.3638
1776963600000,4732.825,4734.385,4664.045,4709.135,5.085
1776967200000,4709.185,4721.915,4699.165,4700.745,3.5614
1776970800000,4700.665,4704.345,4689.195,4695.915,3.33
1776974400000,4695.945,4698.045,4686.415,4692.355,1.0997
1776981600000,4698.245,4702.195,4689.845,4692.865,0.5896
1776985200000,4692.765,4700.515,4686.625,4695.025,0.8186
1776988800000,4695.025,4707.775,4690.495,4704.365,1.6308
1776992400000,4704.345,4710.935,4690.025,4699.225,2.2452
1776996000000,4699.195,4700.335,4672.965,4676.445,1.9646
1776999600000,4676.415,4678.065,4668.305,4671.975,1.4996
1777003200000,4671.665,4676.795,4657.485,4674.205,1.4305
1777006800000,4674.275,4687.115,4669.335,4686.345,1.448
1777010400000,4686.375,4688.035,4666.515,4671.685,1.9653
1777014000000,4671.605,4694.995,4670.735,4694.285,1.5848
1777017600000,4694.245,4697.315,4684.925,4690.615,1.9588
1777021200000,4690.635,4696.535,4679.115,4681.815,1.9015
1777024800000,4681.805,4686.075,4674.455,4677.625,1.5238
1777028400000,4677.565,4717.195,4677.565,4706.685,3.2207
1777032000000,4706.705,4711.625,4690.155,4700.555,2.9013
1777035600000,4700.765,4717.185,4689.545,4710.665,3.8592
1777039200000,4711.475,4739.995,4706.725,4726.225,4.5219
1777042800000,4726.275,4733.155,4714.475,4726.935,3.642
1777046400000,4726.935,4729.565,4718.965,4726.655,2.8546
1777050000000,4726.655,4730.065,4718.785,4723.245,2.4832
1777053600000,4723.245,4724.715,4716.605,4722.585,1.9047
1777057200000,4722.625,4725.995,4713.515,4716.265,1.9715
1777060800000,4716.115,4717.245,4705.085,4707.865,1.5963
1777240800000,4697.248,4703.995,4679.945,4684.078,1.1999
1777244400000,4684.078,4684.705,4674.655,4679.825,1.3663
1777248000000,4679.715,4698.145,4672.025,4697.605,1.204
1777251600000,4697.555,4709.605,4690.535,4702.415,2.159
1777255200000,4702.445,4723.175,4696.045,4718.055,1.5504
1777258800000,4717.925,4729.315,4714.105,4723.925,1.1129
1777262400000,4723.945,4729.875,4722.495,4724.775,0.7069
1777266000000,4724.805,4725.185,4708.425,4709.875,1.1911
1777269600000,4709.885,4715.565,4708.945,4712.595,1.293
1777273200000,4712.538,4718.205,4709.785,4713.235,1.7797
1777276800000,4713.285,4714.575,4705.305,4706.735,1.575
1777280400000,4706.805,4708.145,4699.155,4703.555,1.1684
1777284000000,4703.575,4710.865,4699.405,4708.765,1.0143
1777287600000,4708.795,4709.075,4700.005,4704.785,1.2164
1777291200000,4704.825,4712.475,4696.675,4699.015,2.2761
1777294800000,4699.045,4703.305,4688.825,4695.935,3.6574
1777298400000,4695.945,4696.585,4676.395,4678.005,3.9287
1777302000000,4678.045,4682.345,4667.055,4669.805,3.365
1777305600000,4669.805,4679.325,4667.055,4676.525,2.0345
1777309200000,4676.525,4685.935,4668.115,4682.015,2.3114
1777312800000,4682.035,4685.325,4678.765,4680.465,1.6424
1777316400000,4680.445,4682.505,4676.485,4680.695,1.5142
1777320000000,4680.665,4682.315,4677.175,4680.565,0.5147
1777327200000,4681.698,4690.955,4681.175,4687.455,0.5259
1777330800000,4687.448,4694.895,4686.785,4691.705,0.4307
1777334400000,4691.855,4701.015,4690.105,4690.275,1.0042
1777338000000,4690.295,4691.375,4669.045,4670.345,1.7133
1777341600000,4670.295,4679.625,4666.065,4668.825,1.5354
1777345200000,4668.735,4675.675,4668.115,4670.765,1.0676
1777348800000,4670.715,4670.995,4666.135,4667.485,0.7911
1777352400000,4667.505,4667.835,4623.618,4631.795,2.2049
1777356000000,4631.805,4642.785,4623.145,4628.715,2.1378
1777359600000,4628.655,4639.195,4620.355,4633.035,2.3596
1777363200000,4632.925,4635.285,4614.535,4629.465,2.6521
1777366800000,4629.435,4629.875,4604.505,4604.755,2.1807
1777370400000,4604.415,4616.365,4603.115,4603.115,1.6888
1777374000000,4603.055,4608.655,4555.385,4562.375,3.3274
1777377600000,4562.535,4599.965,4554.675,4593.515,3.7739
1777381200000,4593.465,4594.395,4570.625,4580.305,4.4172
1777384800000,4580.225,4580.455,4557.085,4574.395,4.8944
1777388400000,4574.365,4586.325,4566.815,4586.215,4.2191
1777392000000,4586.215,4594.665,4577.655,4592.095,3.2247
1777395600000,4592.095,4601.245,4587.095,4594.565,2.6073
1777399200000,4594.585,4600.375,4591.875,4594.015,2.0811
1777402800000,4594.015,4599.755,4593.125,4595.385,2.0888
1777406400000,4595.425,4598.585,4590.925,4594.435,0.7416
1777413600000,4596.205,4599.515,4591.905,4593.585,0.4864
1777417200000,4593.585,4596.115,4587.745,4595.365,0.5257
1777420800000,4595.385,4610.195,4595.015,4600.045,1.4495
1777424400000,4600.015,4600.205,4575.825,4584.665,2.4217
1777428000000,4584.665,4603.905,4584.655,4593.565,1.915
1777431600000,4593.565,4603.135,4591.885,4595.195,1.2422
1777435200000,4595.365,4605.505,4595.065,4604.635,0.8798
1777438800000,4604.635,4607.655,4590.365,4590.775,1.3843
1777442400000,4590.775,4598.545,4580.575,4584.325,1.7281
1777446000000,4584.325,4588.685,4567.125,4567.645,2.532
1777449600000,4568.176,4576.635,4557.075,4572.995,2.6202
1777453200000,4573.025,4580.555,4551.445,4555.615,2.4175
1777456800000,4555.545,4576.425,4554.845,4569.745,1.9463
1777460400000,4569.715,4571.885,4559.105,4561.455,2.137
1777464000000,4561.495,4568.845,4541.835,4544.745,2.4745
1777467600000,4544.855,4553.095,4509.875,4521.515,4.0562
1777471200000,4521.445,4542.555,4517.615,4539.195,3.9185
1777474800000,4539.105,4558.715,4536.085,4547.445,3.8554
1777478400000,4547.495,4564.715,4543.075,4545.235,3.4595
1777482000000,4545.245,4554.265,4541.465,4546.375,3.0772
1777485600000,4546.355,4552.775,4518.145,4537.915,3.9367
1777489200000,4537.945,4550.455,4533.045,4546.745,3.3482
1777492800000,4546.675,4553.465,4541.175,4543.425,1.8828
1777500000000,4543.185,4552.228,4539.075,4551.548,0.7305
1777503600000,4551.495,4561.715,4549.335,4561.345,1.3374
1777507200000,4561.325,4573.825,4556.168,4569.585,1.593
1777510800000,4569.555,4582.178,4564.275,4578.725,2.3551
1777514400000,4578.755,4581.595,4559.595,4564.625,1.9122
1777518000000,4564.515,4568.985,4555.458,4555.855,1.4842
1777521600000,4555.835,4556.755,4540.545,4541.785,1.7494
1777525200000,4541.725,4569.445,4541.638,4562.405,2.1961
1777528800000,4562.415,4591.425,4559.935,4589.345,2.1275
1777532400000,4589.185,4605.465,4584.655,4598.295,2.4994
1777536000000,4598.325,4629.545,4597.155,4616.115,3.4843
1777539600000,4616.155,4631.555,4614.348,4624.995,2.5498
1777543200000,4624.985,4646.705,4623.445,4639.475,2.7923
1777546800000,4639.475,4645.545,4626.525,4630.015,3.2255
1777550400000,4630.105,4639.845,4624.115,4639.415,2.8197
1777554000000,4639.435,4645.845,4610.348,4610.625,3.9796
1777557600000,4610.515,4625.825,4609.255,4619.535,4.6954
1777561200000,4619.515,4625.355,4611.065,4615.045,3.754
1777564800000,4615.075,4617.548,4605.158,4607.398,2.4171
1777568400000,4607.355,4621.305,4607.305,4616.645,2.662
1777572000000,4616.695,4625.045,4616.625,4622.275,2.2754
1777575600000,4622.295,4627.275,4614.318,4616.925,2.163
1777579200000,4617.045,4622.315,4615.215,4622.035,1.126
1777586400000,4624.875,4635.085,4623.675,4629.858,0.6491
1777590000000,4629.705,4633.885,4626.235,4626.395,0.7291
1777593600000,4626.305,4630.915,4618.335,4619.545,1.1594
1777597200000,4619.575,4622.045,4613.735,4620.765,0.9043
1777600800000,4620.725,4635.695,4616.235,4618.875,0.9428
1777604400000,4618.845,4631.705,4617.445,4626.415,0.7761
1777608000000,4626.435,4628.438,4608.865,4608.865,0.8154
1777611600000,4608.885,4615.875,4602.675,4604.635,0.7702
1777615200000,4604.655,4607.615,4590.518,4594.555,1.3308
1777618800000,4594.455,4597.805,4575.555,4577.885,1.5748
1777622400000,4577.838,4582.225,4564.905,4568.725,1.4646
1777626000000,4568.745,4572.745,4560.045,4562.555,1.1425
1777629600000,4562.595,4575.895,4561.185,4566.695,1.0651
1777633200000,4566.715,4579.455,4562.325,4578.525,1.4522
1777636800000,4578.465,4607.655,4574.765,4591.065,2.6183
1777640400000,4591.045,4628.465,4586.315,4623.9,3.4306
1777644000000,4624.875,4660.065,4624.095,4631.925,4.363
1777647600000,4631.965,4647.905,4618.785,4643.055,3.3207
1777651200000,4642.985,4649.795,4633.825,4638.605,2.9565
1777654800000,4638.575,4642.415,4626.655,4629.195,1.935
1777658400000,4629.245,4630.465,4613.535,4624.095,2.4669
1777662000000,4624.275,4627.525,4608.625,4610.615,1.8413
1777665600000,4610.735,4616.635,4606.805,4613.558,1.0784
1777845600000,4632.938,4637.355,4612.195,4618.228,1.0676
1777849200000,4618.188,4620.458,4611.105,4613.605,0.875
1777852800000,4613.578,4616.205,4601.665,4612.735,1.3482
1777856400000,4612.715,4613.735,4592.425,4612.795,1.3363
1777860000000,4612.825,4618.365,4590.795,4605.575,1.3754
1777863600000,4605.515,4616.925,4598.265,4614.835,1.3148
1777867200000,4614.795,4615.275,4604.915,4605.605,0.9722
1777870800000,4605.665,4612.895,4592.075,4598.835,1.5262
1777874400000,4598.865,4600.565,4583.595,4588.485,1.5462
1777878000000,4588.218,4593.215,4577.755,4578.835,1.7235
1777881600000,4578.775,4581.155,4573.455,4576.845,1.755
1777885200000,4576.805,4584.375,4572.168,4575.255,1.2746
1777888800000,4575.365,4575.695,4525.855,4562.365,3.5919
1777892400000,4562.475,4570.595,4551.295,4560.215,2.2385
1777896000000,4560.165,4579.155,4559.085,4568.195,2.5669
1777899600000,4568.165,4576.29,4555.475,4563.875,3.5078
1777903200000,4563.785,4583.005,4553.435,4561.295,3.7427
1777906800000,4561.315,4565.885,4512.055,4521.455,4.9487
1777910400000,4521.375,4526.795,4500.665,4510.565,4.2519
1777914000000,4510.645,4531.315,4510.645,4522.215,3.0653
1777917600000,4522.235,4525.245,4509.655,4516.165,2.3982
1777921200000,4516.195,4526.955,4511.125,4517.585,2.2647
1777924800000,4517.595,4523.825,4511.605,4522.315,0.5099
1777932000000,4521.985,4524.535,4515.205,4516.988,0.5955
1777935600000,4516.968,4521.435,4515.738,4518.815,0.6326
1777939200000,4518.825,4530.275,4513.265,4529.885,1.3172
1777942800000,4529.555,4541.945,4525.045,4540.665,1.2886
1777946400000,4540.635,4546.565,4534.515,4538.855,0.9357
1777950000000,4538.825,4542.645,4532.215,4534.385,0.71
1777953600000,4534.395,4536.475,4527.725,4533.405,0.7226
1777957200000,4533.435,4551.355,4531.065,4545.475,1.3154
1777960800000,4545.465,4551.825,4533.495,4547.955,1.4616
1777964400000,4547.975,4558.055,4543.105,4545.285,2.141
1777968000000,4545.375,4559.405,4545.225,4558.255,1.9985
1777971600000,4558.255,4560.345,4550.825,4556.055,1.7925
1777975200000,4556.055,4556.715,4539.925,4543.635,1.5484
1777978800000,4543.645,4564.845,4539.815,4562.755,1.7707
1777982400000,4562.485,4574.435,4554.115,4564.425,2.4528
1777986000000,4564.135,4584.835,4564.045,4578.765,2.9771
1777989600000,4578.608,4586.415,4565.575,4582.145,3.7004
1777993200000,4582.175,4583.675,4568.195,4568.325,2.6155
1777996800000,4568.305,4568.875,4553.515,4561.055,1.9303
1778000400000,4561.055,4562.595,4553.155,4559.705,1.7144
1778004000000,4559.775,4565.665,4557.445,4560.875,1.6098
1778007600000,4560.975,4561.365,4551.385,4554.485,1.4059
1778011200000,4555.005,4559.865,4553.785,4554.875,0.6021
1778018400000,4555.965,4576.845,4545.975,4572.758,1.0388
1778022000000,4572.745,4595.425,4568.908,4593.775,1.8527
1778025600000,4593.735,4619.795,4588.015,4618.475,1.8414
1778029200000,4618.438,4628.755,4609.225,4625.885,1.9795
1778032800000,4625.865,4641.585,4625.095,4640.465,1.5674
1778036400000,4640.375,4651.755,4638.315,4643.455,1.4808
1778040000000,4643.475,4653.285,4643.225,4648.655,1.3223
1778043600000,4648.675,4663.605,4644.375,4662.875,1.4125
1778047200000,4662.795,4669.655,4656.815,4669.175,1.5948
1778050800000,4669.215,4681.715,4657.255,4681.495,1.8291
1778054400000,4681.165,4702.298,4671.435,4700.005,2.1676
1778058000000,4700.345,4708.435,4688.825,4701.565,2.8709
1778061600000,4701.605,4722.825,4695.275,4717.795,2.5903
1778065200000,4717.805,4721.025,4690.658,4691.748,3.04
1778068800000,4691.995,4692.885,4660.195,4683.045,3.6005
1778072400000,4683.055,4707.655,4668.645,4701.925,4.1783
1778076000000,4701.758,4717.205,4697.395,4702.895,4.2464
1778079600000,4702.845,4705.685,4687.625,4687.625,3.2094
1778083200000,4687.455,4692.065,4679.315,4682.915,3.1262
1778086800000,4682.975,4687.985,4678.845,4684.005,2.7063
1778090400000,4684.075,4690.435,4681.805,4685.915,1.9397
1778094000000,4685.955,4700.025,4685.905,4692.245,1.9057
1778097600000,4692.215,4699.505,4685.005,4690.965,0.8897
1778104800000,4691.535,4699.625,4689.115,4694.495,0.5927
1778108400000,4694.455,4699.325,4690.145,4698.745,0.6604
1778112000000,4698.695,4701.025,4685.235,4688.385,1.8352
1778115600000,4688.505,4721.225,4684.965,4714.588,2.4549
1778119200000,4714.588,4718.395,4699.645,4707.005,1.6794
1778122800000,4706.785,4709.615,4698.615,4698.835,1.1744
1778126400000,4698.865,4700.745,4692.095,4696.195,1.0614
1778130000000,4696.215,4706.365,4694.625,4700.895,1.3462
1778133600000,4700.895,4749.805,4700.895,4738.885,2.0084
1778137200000,4738.766,4750.375,4731.345,4743.125,3.4495
1778140800000,4743.125,4753.275,4730.685,4730.845,2.7264
1778144400000,4730.945,4739.275,4721.665,4728.835,2.254
1778148000000,4728.785,4739.725,4726.405,4735.585,2.1246
1778151600000,4735.895,4743.585,4727.115,4742.605,2.6124
1778155200000,4742.785,4752.455,4733.228,4749.955,3.4329
1778158800000,4749.915,4758.035,4730.995,4746.115,4.18
1778162400000,4746.115,4763.285,4740.948,4762.575,3.9866
1778166000000,4762.565,4764.595,4726.255,4729.045,4.309
1778169600000,4729.165,4729.595,4704.255,4714.865,4.4146
1778173200000,4714.855,4719.425,4687.565,4711.295,4.5437
1778176800000,4711.255,4716.015,4695.295,4709.495,3.8956
1778180400000,4709.555,4712.745,4697.675,4702.745,3.6422
1778184000000,4702.705,4718.915,4684.575,4685.145,1.8215
1778191200000,4679.745,4699.158,4675.648,4685.358,1.0302
1778194800000,4685.175,4705.375,4683.978,4704.145,0.7934
1778198400000,4704.085,4709.255,4693.835,4701.265,1.3869
1778202000000,4701.115,4725.245,4700.265,4722.625,1.7491
1778205600000,4722.695,4732.615,4706.625,4713.185,2.0779
1778209200000,4713.125,4730.995,4710.945,4719.455,1.3605
1778212800000,4719.435,4723.095,4708.735,4710.715,1.2097
1778216400000,4710.855,4730.958,4709.355,4727.155,1.4281
1778220000000,4727.185,4734.355,4712.295,4725.465,1.882
1778223600000,4725.268,4726.215,4696.735,4707.595,2.9255
1778227200000,4707.645,4723.395,4706.405,4715.495,2.0624
1778230800000,4715.515,4722.595,4707.255,4711.625,2.4103
1778234400000,4711.645,4727.748,4710.955,4719.565,1.6439
1778238000000,4719.905,4727.195,4713.455,4717.585,1.6349
1778241600000,4717.615,4731.745,4701.708,4724.225,3.2606
1778245200000,4723.958,4747.565,4716.535,4747.515,4.1033
1778248800000,4747.635,4749.245,4713.225,4715.695,4.0103
1778252400000,4715.765,4720.845,4701.825,4706.985,3.3241
1778256000000,4707.015,4720.015,4705.315,4712.285,2.3017
1778259600000,4712.255,4722.615,4711.995,4720.765,1.9046
1778263200000,4720.835,4728.825,4719.735,4721.755,1.7973
1778266800000,4721.725,4726.655,4720.745,4723.765,1.5329
1778270400000,4723.775,4724.125,4711.415,4712.655,1.0339
1778450400000,4681.255,4700.195,4678.165,4691.345,1.2615
1778454000000,4691.198,4698.345,4688.545,4691.465,1.3471
1778457600000,4691.395,4693.035,4670.125,4683.265,1.7657
1778461200000,4683.055,4705.245,4674.255,4685.375,2.871
1778464800000,4685.635,4700.065,4676.325,4681.495,2.153
1778468400000,4681.495,4690.195,4674.898,4678.465,1.5147
1778472000000,4678.495,4679.615,4668.185,4671.865,1.2385
1778475600000,4671.845,4680.655,4647.825,4652.125,2.0591
1778479200000,4652.125,4680.255,4649.115,4678.315,1.9031
1778482800000,4678.265,4680.165,4664.235,4667.595,1.8893
1778486400000,4667.635,4678.575,4663.995,4667.395,2.041
1778490000000,4667.475,4669.815,4650.335,4656.725,1.6923
1778493600000,4656.725,4667.355,4656.255,4663.968,1.639
1778497200000,4664.225,4677.255,4663.895,4674.305,1.8978
1778500800000,4674.695,4701.115,4667.295,4699.895,3.226
1778504400000,4699.835,4748.485,4698.585,4736.058,4.2915
1778508000000,4735.625,4738.198,4714.955,4725.405,3.7027
1778511600000,4725.445,4738.125,4722.695,4731.945,2.7375
1778515200000,4732.155,4733.365,4707.715,4716.405,2.2983
1778518800000,4716.305,4724.465,4715.835,4723.535,1.7554
1778522400000,4723.505,4729.235,4720.895,4724.755,1.4389
1778526000000,4724.895,4736.058,4722.298,4733.315,1.6545
1778529600000,4733.325,4738.335,4729.735,4735.185,0.6639
1778536800000,4734.698,4754.915,4732.745,4750.515,0.6389
1778540400000,4751.135,4769.405,4745.845,4767.215,1.0222
1778544000000,4767.215,4773.335,4748.225,4749.095,1.9377
1778547600000,4749.115,4755.375,4720.145,4726.905,2.6846
1778551200000,4726.875,4733.595,4722.015,4729.765,1.9844
1778554800000,4729.815,4733.135,4717.885,4719.935,1.2828
1778558400000,4719.905,4730.135,4710.985,4713.985,1.2315
1778562000000,4713.935,4721.835,4708.475,4714.035,1.9109
1778565600000,4714.055,4714.085,4694.295,4696.805,2.0951
1778569200000,4696.975,4703.705,4686.935,4699.615,2.4484
1778572800000,4699.695,4706.715,4696.975,4703.275,1.8945
1778576400000,4703.285,4705.125,4693.955,4699.305,1.9705
1778580000000,4699.295,4708.295,4684.935,4694.235,2.001
1778583600000,4694.285,4708.985,4686.985,4706.395,2.4316
1778587200000,4706.495,4711.455,4689.435,4705.545,3.1688
1778590800000,4705.515,4708.895,4676.685,4679.075,4.5839
1778594400000,4679.155,4694.995,4669.345,4672.735,4.3813
1778598000000,4672.785,4675.955,4638.225,4666.025,4.3911
1778601600000,4665.995,4674.915,4664.045,4670.955,3.149
1778605200000,4671.265,4682.165,4670.915,4678.605,2.4166
1778608800000,4678.545,4697.955,4676.045,4695.795,2.593
1778612400000,4695.875,4715.518,4695.875,4715.435,2.0198
1778616000000,4715.355,4719.125,4711.885,4714.005,0.7508
1778623200000,4713.905,4722.138,4701.436,4716.435,0.8853
1778626800000,4716.478,4723.755,4714.915,4716.695,1.9147
1778630400000,4716.905,4726.618,4713.895,4714.385,1.6474
1778634000000,4714.415,4717.015,4700.845,4702.265,2.059
1778637600000,4702.265,4707.425,4687.198,4691.645,2.3564
1778641200000,4691.775,4705.675,4688.695,4695.755,1.8899
1778644800000,4695.765,4703.235,4695.285,4699.335,1.408
1778648400000,4699.335,4707.085,4693.275,4703.985,2.0774
1778652000000,4703.955,4715.155,4698.998,4701.585,1.6288
1778655600000,4701.655,4708.675,4696.585,4702.565,1.7268
1778659200000,4702.495,4704.015,4694.225,4700.535,1.8113
1778662800000,4700.555,4701.665,4685.755,4700.745,1.8919
1778666400000,4700.745,4710.295,4693.555,4693.975,1.7153
1778670000000,4693.935,4705.325,4691.355,4697.265,1.7835
1778673600000,4696.995,4701.285,4675.295,4683.635,3.3529
1778677200000,4683.385,4694.555,4669.415,4679.165,3.8094
1778680800000,4679.155,4690.808,4672.635,4679.625,3.7418
1778684400000,4679.625,4699.965,4678.785,4695.365,2.7633
1778688000000,4695.365,4709.635,4694.865,4695.515,2.5795
1778691600000,4695.605,4701.095,4684.295,4685.375,2.1372
1778695200000,4685.375,4693.895,4677.425,4684.725,1.9673
1778698800000,4684.805,4690.425,4683.155,4688.025,1.7079
1778702400000,4687.965,4693.315,4685.835,4688.605,0.6203
1778709600000,4689.298,4700.295,4688.708,4699.625,0.6083
1778713200000,4699.618,4701.855,4693.065,4696.415,0.5435
1778716800000,4696.395,4706.485,4689.225,4704.735,1.4962
1778720400000,4704.765,4706.865,4683.315,4688.665,3.1711
1778724000000,4688.685,4699.365,4679.555,4686.025,2.4516
1778727600000,4686.135,4693.055,4673.665,4674.645,2.2631
1778731200000,4674.695,4712.438,4668.165,4702.015,2.0113
1778734800000,4702.075,4703.815,4688.625,4689.405,2.1219
1778738400000,4689.178,4702.345,4686.028,4699.865,2.3843
1778742000000,4699.715,4718.568,4690.595,4692.995,2.3489
1778745600000,4692.935,4706.445,4691.935,4693.115,2.1492
1778749200000,4693.225,4702.535,4688.335,4699.405,1.6807
1778752800000,4699.455,4705.245,4691.015,4696.785,1.7714
1778756400000,4696.845,4704.625,4688.908,4694.165,1.6659
1778760000000,4693.518,4709.748,4691.998,4704.628,2.5165
1778763600000,4704.535,4707.408,4665.975,4679.285,5.5014
1778767200000,4679.225,4700.648,4677.315,4679.175,5.6796
1778770800000,4679.205,4689.085,4676.775,4685.585,3.1081
1778774400000,4685.438,4686.638,4669.955,4678.175,2.743
1778778000000,4678.325,4682.678,4676.135,4677.898,2.3841
1778781600000,4677.998,4678.018,4666.558,4671.395,1.7735
1778785200000,4671.575,4671.595,4652.675,4653.818,3.0154
1778788800000,4653.838,4656.738,4643.965,4648.895,1.6054
1778796000000,4650.795,4662.615,4645.925,4661.948,0.8947
1778799600000,4661.775,4665.145,4646.628,4651.975,1.3411
1778803200000,4651.935,4658.125,4613.225,4629.758,2.6351
1778806800000,4629.995,4631.115,4607.025,4613.805,3.9907
1778810400000,4614.055,4623.255,4609.115,4617.875,3.1326
1778814000000,4617.875,4622.185,4607.215,4615.245,2.3729
1778817600000,4615.295,4621.465,4604.125,4605.615,1.9623
1778821200000,4606.025,4606.305,4558.425,4558.425,3.4611
1778824800000,4558.445,4580.345,4556.245,4569.555,3.1269
1778828400000,4569.785,4588.575,4565.755,4570.685,2.9107
1778832000000,4570.575,4571.895,4549.845,4554.375,3.2851
1778835600000,4554.375,4563.685,4531.705,4545.715,3.26
1778839200000,4545.735,4572.485,4543.965,4565.855,3.2934
1778842800000,4565.825,4570.035,4549.715,4551.855,2.7185
1778846400000,4551.885,4558.625,4543.515,4545.655,3.4528
1778850000000,4545.635,4557.505,4511.215,4533.285,4.6801
1778853600000,4533.285,4566.495,4525.155,4562.615,4.9283
1778857200000,4562.625,4563.555,4533.625,4539.755,4.251
1778860800000,4539.765,4548.015,4529.255,4544.335,3.1159
1778864400000,4544.335,4564.325,4543.195,4559.445,2.7061
1778868000000,4559.485,4562.985,4552.235,4559.115,2.483
1778871600000,4559.115,4559.965,4544.705,4545.585,2.3203
1778875200000,4545.665,4546.155,4532.915,4538.898,1.2309
1779055200000,4531.698,4554.575,4526.498,4545.688,1.4352
1779058800000,4545.698,4547.588,4531.775,4536.795,1.7703
1779062400000,4536.825,4542.315,4480.065,4515.715,3.0868
1779066000000,4514.525,4535.265,4489.235,4525.225,4.1936
1779069600000,4525.165,4542.545,4521.765,4533.405,2.8188
1779073200000,4533.295,4547.855,4525.005,4540.985,2.8396
1779076800000,4540.935,4549.675,4529.845,4540.445,2.4891
1779080400000,4540.515,4551.705,4529.625,4530.655,2.6639
1779084000000,4530.665,4547.865,4529.425,4546.635,2.556
1779087600000,4546.565,4559.575,4538.155,4546.175,2.862
1779091200000,4546.175,4556.825,4542.138,4549.745,2.3529
1779094800000,4549.555,4551.745,4539.935,4542.735,1.9442
1779098400000,4542.755,4547.545,4531.955,4540.025,2.0249
1779102000000,4540.035,4566.858,4529.815,4550.455,3.1412
1779105600000,4550.665,4574.875,4544.965,4571.015,3.5897
1779109200000,4571.065,4584.015,4561.665,4575.485,4.7312
1779112800000,4575.505,4575.505,4537.435,4546.385,4.7501
1779116400000,4546.365,4547.835,4531.575,4543.385,4.0752
1779120000000,4543.405,4554.395,4533.825,4549.955,3.2125
1779123600000,4549.918,4558.045,4545.515,4546.865,2.3317
1779127200000,4546.885,4547.655,4534.015,4535.545,2.3046
1779130800000,4535.515,4564.735,4535.035,4558.305,3.6236
1779134400000,4558.825,4566.575,4557.655,4566.325,0.7416
1779141600000,4566.825,4578.245,4566.025,4573.348,0.5944
1779145200000,4573.288,4588.825,4573.255,4581.615,1.2186
1779148800000,4582.005,4589.295,4561.225,4563.165,1.8155
1779152400000,4563.18,4572.075,4553.995,4563.565,2.4475
1779156000000,4563.595,4563.595,4545.715,4546.875,2.1438
1779159600000,4546.975,4555.015,4543.325,4544.985,1.5232
1779163200000,4545.005,4545.545,4537.675,4542.205,1.3478
1779166800000,4542.275,4546.275,4530.745,4540.615,2.2168
1779170400000,4540.675,4553.665,4533.405,4547.785,2.2296
1779174000000,4547.775,4559.115,4541.155,4556.975,2.418
1779177600000,4557.285,4559.055,4535.995,4542.505,2.1375
1779181200000,4542.435,4546.655,4535.965,4541.585,2.2592
1779184800000,4541.605,4544.605,4525.225,4544.605,2.1497
1779188400000,4544.515,4547.775,4529.675,4530.535,2.15
1779192000000,4530.405,4547.025,4527.028,4536.935,2.6115
1779195600000,4536.955,4537.235,4464.615,4503.595,4.8622
1779199200000,4503.088,4513.905,4484.305,4493.905,5.0332
1779202800000,4493.925,4509.105,4489.535,4508.275,3.968
1779206400000,4508.275,4512.375,4495.965,4507.535,2.499
1779210000000,4507.615,4510.965,4498.935,4500.668,2.089
1779213600000,4500.668,4503.575,4490.005,4493.465,2.3111
1779217200000,4493.375,4497.595,4481.105,4483.275,2.4493
1779220800000,4483.255,4488.055,4480.765,4481.825,0.831
1779228000000,4481.998,4485.685,4476.985,4483.885,0.6395
1779231600000,4483.795,4496.095,4479.455,4489.055,0.8678
1779235200000,4489.075,4508.745,4479.425,4500.645,2.4585
1779238800000,4500.615,4505.905,4455.625,4481.265,3.8091
1779242400000,4481.565,4486.905,4458.255,4465.065,3.2895
1779246000000,4465.105,4467.055,4453.145,4463.355,2.3869
1779249600000,4463.365,4470.395,4456.345,4461.825,1.7348
1779253200000,4461.665,4478.965,4461.375,4472.458,2.4529
1779256800000,4472.515,4478.265,4461.185,4474.015,2.9969
1779260400000,4473.975,4485.765,4471.628,4478.405,2.6856
1779264000000,4478.375,4490.105,4476.518,4484.005,2.5427
1779267600000,4483.965,4490.975,4472.475,4484.715,2.1555
1779271200000,4484.715,4496.745,4484.365,4494.445,1.7493
1779274800000,4494.445,4500.895,4490.715,4498.975,2.0646
1779278400000,4498.925,4505.205,4492.815,4495.955,2.3707
1779282000000,4495.965,4505.975,4481.828,4482.875,4.2149
1779285600000,4482.865,4537.025,4466.868,4531.025,5.0647
1779289200000,4531.145,4552.585,4522.975,4528.978,4.2288
1779292800000,4528.978,4535.455,4523.935,4534.265,2.3706
1779296400000,4534.275,4538.245,4529.675,4530.748,1.834
1779300000000,4530.648,4544.848,4529.045,4542.178,1.6185
1779303600000,4542.025,4549.998,4541.365,4545.535,1.4201
1779307200000,4545.475,4550.315,4541.675,4543.705,1.1215
1779314400000,4542.695,4548.365,4534.935,4539.398,1.1551
1779318000000,4539.325,4546.805,4534.265,4546.198,1.0212
1779321600000,4546.198,4553.065,4537.085,4544.955,1.7249
1779325200000,4544.935,4570.725,4539.705,4560.695,2.6444
1779328800000,4560.725,4564.565,4531.345,4532.885,2.2745
1779332400000,4532.865,4540.025,4527.045,4527.985,1.5332
1779336000000,4527.985,4540.405,4527.045,4538.275,0.9476
1779339600000,4538.295,4540.365,4518.185,4527.795,2.2225
1779343200000,4527.765,4539.675,4518.695,4521.375,2.1821
1779346800000,4521.435,4524.325,4511.818,4519.418,1.665
1779350400000,4519.425,4536.665,4518.105,4532.335,2.8713
1779354000000,4532.335,4542.625,4527.615,4530.475,2.3183
1779357600000,4530.495,4535.315,4504.695,4511.415,3.4115
1779361200000,4511.415,4521.165,4507.955,4513.905,2.8472
1779364800000,4513.905,4519.135,4501.815,4503.955,3.2853
1779368400000,4503.925,4520.995,4488.335,4513.055,4.4941
1779372000000,4513.075,4515.225,4498.005,4508.665,5.2432
1779375600000,4508.625,4515.245,4496.555,4511.705,4.1753
1779379200000,4511.735,4520.805,4511.735,4519.315,2.9038
1779382800000,4519.395,4559.005,4514.008,4551.305,4.2879
1779386400000,4551.365,4555.925,4527.265,4531.765,3.8438
1779390000000,4531.935,4543.645,4529.488,4542.925,2.8001
1779393600000,4542.905,4544.575,4539.575,4542.115,0.7187
1779400800000,4544.058,4545.755,4539.375,4542.875,0.4343
1779404400000,4542.835,4544.595,4532.115,4535.205,0.7522
1779408000000,4535.305,4540.925,4525.228,4526.348,1.8393
1779411600000,4526.348,4536.125,4520.815,4526.135,2.1466
1779415200000,4526.115,4529.305,4518.195,4522.895,1.7062
1779418800000,4522.945,4529.895,4518.838,4529.255,1.3571
1779422400000,4529.365,4532.885,4525.265,4526.925,0.9536
1779426000000,4526.905,4534.065,4506.978,4511.005,1.8701
1779429600000,4511.145,4528.625,4509.625,4526.425,2.7596
1779433200000,4526.465,4527.295,4515.975,4521.678,2.1544
1779436800000,4522.115,4530.995,4516.715,4521.695,2.3126
1779440400000,4521.715,4535.785,4514.498,4531.915,1.9841
1779444000000,4532.055,4536.605,4509.995,4514.465,1.9089
1779447600000,4514.215,4524.905,4511.295,4520.485,1.8941
1779451200000,4520.335,4535.935,4514.825,4528.025,3.0642
1779454800000,4528.711,4534.255,4510.175,4513.245,3.8509
1779458400000,4513.285,4513.285,4491.605,4500.365,4.1429
1779462000000,4500.445,4522.085,4500.115,4519.895,2.945
1779465600000,4519.785,4526.605,4512.135,4514.795,2.2452
1779469200000,4514.885,4527.698,4512.915,4519.015,2.791
1779472800000,4519.095,4520.185,4511.605,4515.065,1.8261
1779476400000,4515.015,4515.715,4504.208,4508.018,1.8175
1779480000000,4508.035,4510.345,4503.698,4508.395,0.7575
1779660000000,4535.098,4565.535,4532.885,4564.948,2.1982
1779663600000,4564.948,4579.995,4564.485,4566.735,2.674
1779667200000,4566.765,4579.285,4565.905,4569.238,1.6812
1779670800000,4569.238,4576.135,4560.105,4562.625,2.3893
1779674400000,4562.555,4569.995,4558.525,4561.175,1.4607
1779678000000,4561.235,4564.205,4556.4,4559.518,1.3068
1779681600000,4559.518,4565.625,4559.128,4564.785,0.8791
1779685200000,4564.715,4566.055,4551.598,4553.145,1.1767
1779688800000,4553.185,4563.155,4550.315,4562.315,1.2536
1779692400000,4562.355,4565.095,4552.245,4564.525,1.3559
1779696000000,4564.535,4564.898,4553.205,4555.948,1.0639
1779699600000,4555.825,4568.975,4554.665,4567.398,0.8361
1779703200000,4567.455,4573.585,4567.435,4568.415,0.6983
1779706800000,4568.665,4576.865,4567.395,4569.215,0.66
1779710400000,4569.188,4570.115,4552.738,4567.445,1.2946
1779714000000,4567.415,4571.285,4559.855,4562.918,1.4012
1779717600000,4562.785,4570.435,4562.115,4566.615,1.0683
1779721200000,4566.615,4574.638,4565.468,4570.715,1.0113
1779724800000,4570.725,4574.445,4567.828,4573.305,0.5745
1779728400000,4573.145,4577.845,4563.055,4564.795,0.5057
1779732000000,4564.815,4571.415,4564.055,4569.675,0.1771
1779746400000,4568.898,4576.425,4568.898,4574.638,0.6256
1779750000000,4574.405,4580.225,4554.835,4559.425,1.1419
1779753600000,4559.555,4559.895,4539.135,4549.365,1.9177
1779757200000,4549.395,4550.075,4527.395,4536.785,2.9611
1779760800000,4536.675,4539.435,4529.805,4532.105,1.7416
1779764400000,4532.115,4545.315,4531.855,4542.245,1.2693
1779768000000,4542.245,4543.095,4523.245,4525.275,1.1584
1779771600000,4525.185,4535.025,4522.735,4527.045,1.9613
1779775200000,4527.025,4536.025,4526.815,4530.775,1.9961
1779778800000,4530.805,4538.955,4521.485,4538.095,2.4758
1779782400000,4538.095,4538.868,4519.815,4523.625,2.02
1779786000000,4523.625,4526.305,4512.058,4522.615,2.1118
1779789600000,4522.635,4540.375,4519.408,4534.245,2.24
1779793200000,4534.245,4536.125,4503.495,4507.095,2.4821
1779796800000,4507.035,4523.525,4500.475,4520.078,2.795
1779800400000,4520.078,4531.155,4512.025,4514.045,3.4265
1779804000000,4514.175,4524.935,4507.625,4515.185,3.1659
1779807600000,4515.175,4515.425,4502.135,4506.225,2.9513
1779811200000,4506.275,4511.138,4499.505,4504.715,1.9895
1779814800000,4504.705,4507.485,4489.685,4490.905,1.7157
1779818400000,4490.925,4499.505,4482.365,4499.165,1.7299
1779822000000,4499.165,4509.698,4497.565,4508.735,1.326
1779825600000,4508.695,4510.365,4503.755,4505.065,0.5828
1779832800000,4535.898,4537.698,4492.498,4510.535,1.1762
1779836400000,4510.535,4527.555,4504.165,4519.335,1.1186
1779840000000,4519.228,4525.645,4513.755,4514.895,1.3534
1779843600000,4514.875,4520.815,4506.675,4507.765,1.8557
1779847200000,4507.795,4509.335,4497.725,4505.625,1.3874
1779850800000,4505.655,4511.705,4496.355,4496.785,1.115
1779854400000,4496.815,4517.005,4495.495,4509.915,1.1193
1779858000000,4509.965,4513.578,4491.355,4497.225,3.1714
1779861600000,4497.185,4498.865,4479.395,4484.895,2.8759
1779865200000,4485.445,4489.075,4475.605,4481.825,1.7479
1779868800000,4481.885,4498.645,4481.598,4497.745,1.8111
1779872400000,4497.745,4497.745,4486.845,4489.995,1.328
1779876000000,4489.948,4490.435,4442.425,4445.775,2.3659
1779879600000,4445.775,4453.165,4424.755,4428.485,2.8372
1779883200000,4428.455,4466.315,4427.345,4438.765,3.581
1779886800000,4438.735,4438.975,4401.325,4427.335,4.7401
1779890400000,4427.325,4455.248,4425.785,4433.815,4.195
1779894000000,4433.785,4441.295,4427.875,4436.405,2.9751
1779897600000,4436.335,4453.115,4434.005,4450.638,1.8852
1779901200000,4450.675,4454.185,4441.315,4450.145,1.9172
1779904800000,4450.165,4458.135,4447.455,4454.168,1.1586
1779908400000,4454.168,4454.715,4448.565,4450.675,1.2516
1779912000000,4450.655,4458.688,4449.845,4451.875,0.5921
1779919200000,4454.915,4465.495,4454.915,4457.088,0.4625
1779922800000,4457.088,4457.345,4443.535,4446.975,0.9173
1779926400000,4446.955,4457.585,4443.338,4456.678,1.5882
1779930000000,4456.665,4458.355,4406.578,4409.668,3.4019
1779933600000,4409.668,4412.195,4392.195,4394.128,3.1178
1779937200000,4394.128,4397.525,4368.115,4374.515,2.9523
1779940800000,4374.495,4381.645,4366.048,4372.745,2.0944
1779944400000,4372.745,4395.548,4366.785,4387.745,2.4544
1779948000000,4387.798,4390.298,4373.685,4383.178,2.209
1779951600000,4383.325,4395.955,4382.575,4387.255,1.8416
1779955200000,4387.238,4394.675,4385.615,4386.665,1.0686
1779958800000,4386.588,4398.845,4386.185,4393.405,1.2754
1779962400000,4393.435,4403.765,4374.678,4382.775,1.5468
1779966000000,4382.775,4390.505,4380.705,4387.745,1.3452
1779969600000,4387.855,4433.458,4379.375,4431.848,2.1269
1779973200000,4432.115,4438.895,4417.995,4429.995,3.0744
1779976800000,4429.775,4480.135,4420.525,4469.078,4.7406
1779980400000,4469.525,4484.995,4468.385,4481.938,3.0825
1779984000000,4482.005,4510.708,4477.255,4510.675,3.0977
1779987600000,4510.765,4514.205,4501.028,4508.738,2.4945
1779991200000,4508.738,4516.318,4498.258,4500.758,2.2925
1779994800000,4500.758,4503.498,4496.985,4497.788,1.5241
1779998400000,4497.588,4500.398,4494.505,4495.605,0.9996
1780005600000,4494.685,4499.265,4490.608,4490.638,0.7559
1780009200000,4490.595,4496.658,4488.685,4494.735,0.9744
1780012800000,4494.795,4500.375,4491.695,4495.935,1.7349
1780016400000,4495.905,4520.445,4491.995,4506.355,2.3828
1780020000000,4506.385,4511.015,4498.135,4501.525,1.4921
1780023600000,4501.415,4501.695,4494.535,4501.085,1.4288
1780027200000,4501.065,4514.675,4500.885,4513.905,1.1383
1780030800000,4513.845,4515.775,4502.435,4514.745,1.392
1780034400000,4514.745,4524.045,4509.675,4523.515,1.5387
1780038000000,4523.465,4526.235,4510.585,4524.565,1.4972
1780041600000,4524.525,4524.635,4509.675,4514.705,1.3877
1780045200000,4514.735,4539.325,4513.085,4530.995,1.5478
1780048800000,4530.788,4543.025,4525.338,4538.435,1.3579
1780052400000,4538.268,4540.315,4525.585,4538.225,1.4855
1780056000000,4538.375,4538.415,4512.515,4522.825,1.9872
1780059600000,4522.935,4540.645,4516.865,4536.685,2.5426
1780063200000,4536.765,4570.335,4525.015,4563.995,3.7229
1780066800000,4563.845,4594.665,4556.485,4570.745,2.4814
1780070400000,4570.765,4573.095,4559.425,4566.575,1.2217
1780074000000,4566.845,4568.135,4551.085,4553.035,1.0159
1780077600000,4552.825,4561.245,4549.585,4552.965,0.8226
1780081200000,4552.825,4559.875,4542.265,4544.095,0.7977
1780084800000,4544.865,4548.645,4536.775,4537.498,0.4859
1780264800000,4519.755,4540.195,4517.555,4534.765,1.1566
1780268400000,4534.838,4545.485,4534.618,4539.335,1.3879
1780272000000,4539.295,4545.695,4534.998,4540.495,1.3471
1780275600000,4540.295,4541.185,4523.515,4525.255,2.0047
1780279200000,4525.155,4534.355,4520.925,4521.195,1.5889
1780282800000,4521.225,4525.385,4509.615,4516.145,1.2856
1780286400000,4516.105,4519.525,4508.395,4514.145,0.9106
1780290000000,4514.185,4525.055,4512.365,4517.915,1.4448
1780293600000,4517.905,4518.435,4500.095,4501.505,1.962
1780297200000,4501.285,4509.815,4492.195,4502.935,1.3644
1780300800000,4502.915,4504.345,4490.178,4497.855,1.147
1780304400000,4497.705,4506.175,4488.965,4495.805,1.2455
1780308000000,4495.795,4510.785,4495.795,4503.785,1.1201
1780311600000,4503.775,4512.785,4499.605,4505.635,1.3408
1780315200000,4505.635,4510.325,4497.225,4501.945,1.6731
1780318800000,4502.365,4503.765,4448.105,4449.635,3.9369
1780322400000,4447.905,4464.675,4447.515,4458.635,3.0009
1780326000000,4458.645,4479.655,4455.325,4474.045,2.3211
1780329600000,4473.925,4481.955,4462.755,4479.875,1.7658
1780333200000,4479.885,4495.385,4471.205,4487.305,2.1139
1780336800000,4487.375,4489.995,4484.665,4486.465,1.026
1780340400000,4486.405,4488.005,4478.885,4480.955,1.3528
1780344000000,4480.965,4485.575,4479.978,4484.515,0.5675
1780351200000,4487.098,4487.895,4479.415,4485.388,0.5661
1780354800000,4484.948,4488.065,4479.065,4484.265,0.5916
1780358400000,4484.455,4497.025,4476.455,4481.248,1.5683
1780362000000,4481.065,4492.145,4462.658,4473.575,2.4843
1780365600000,4473.618,4486.235,4471.688,4485.685,1.695
1780369200000,4485.645,4499.335,4485.388,4499.115,1.4096
1780372800000,4499.115,4518.025,4497.635,4517.185,1.186
1780376400000,4517.135,4527.975,4514.975,4516.828,1.8041
1780380000000,4516.835,4538.285,4516.755,4535.465,1.5277
1780383600000,4535.485,4541.385,4527.705,4534.835,1.2793
1780387200000,4534.808,4538.898,4525.755,4526.518,1.1612
1780390800000,4526.585,4535.535,4521.075,4529.585,1.3755
1780394400000,4529.695,4533.825,4524.455,4532.995,0.8599
1780398000000,4533.035,4534.515,4525.455,4527.425,0.9139
1780401600000,4527.735,4534.035,4513.285,4514.455,1.462
1780405200000,4514.405,4524.725,4502.095,4502.095,2.7983
1780408800000,4502.285,4506.795,4490.105,4503.885,2.4973
1780412400000,4503.945,4508.395,4499.915,4501.865,1.9607
1780416000000,4502.075,4502.825,4486.125,4491.705,1.6449
1780419600000,4491.705,4492.875,4481.885,4484.455,1.5174
1780423200000,4484.565,4490.865,4478.535,4487.165,1.2129
1780426800000,4487.195,4490.065,4483.115,4487.885,1.1105
1780430400000,4487.885,4490.875,4486.075,4488.865,0.453
1780437600000,4489.978,4492.855,4483.755,4484.418,0.7926
1780441200000,4484.518,4488.555,4461.905,4474.125,1.6122
1780444800000,4474.095,4496.515,4473.495,4485.855,1.3338
1780448400000,4485.835,4487.385,4462.978,4475.565,2.3413
1780452000000,4475.675,4484.915,4472.555,4481.655,1.5385
1780455600000,4481.538,4487.375,4481.535,4484.215,1.0461
1780459200000,4484.205,4488.035,4467.995,4469.245,0.8618
1780462800000,4469.245,4473.915,4456.298,4456.728,1.6629
1780466400000,4456.728,4470.705,4455.025,4462.755,1.6333
1780470000000,4462.695,4472.035,4452.595,4453.165,1.5629
1780473600000,4453.275,4458.995,4440.015,4443.905,1.5246
1780477200000,4443.865,4458.775,4438.735,4442.955,1.4966
1780480800000,4442.955,4467.055,4440.795,4458.755,1.6035
1780484400000,4458.935,4467.905,4458.328,4462.125,1.2726
1780488000000,4462.265,4466.965,4448.025,4460.155,1.8834
1780491600000,4460.035,4465.745,4426.195,4445.825,2.8173
1780495200000,4445.715,4459.435,4442.095,4456.985,2.6801
1780498800000,4456.925,4458.145,4436.495,4441.975,2.5676
1780502400000,4441.925,4443.695,4433.545,4441.695,2.6628
1780506000000,4441.665,4448.265,4435.235,4438.685,2.0993
1780509600000,4438.665,4442.675,4434.735,4441.805,1.8193
1780513200000,4441.825,4451.995,4441.125,4443.655,2.0816
1780516800000,4443.638,4445.075,4430.215,4434.475,1.0986
1780524000000,4437.698,4452.915,4423.685,4448.548,1.1847
1780527600000,4448.558,4464.475,4444.675,4457.105,1.6314
1780531200000,4457.215,4465.165,4443.775,4448.105,2.092
1780534800000,4448.165,4473.395,4442.945,4465.368,2.7341
1780538400000,4465.395,4476.405,4455.265,4474.625,2.7398
1780542000000,4474.475,4476.895,4457.905,4463.575,2.2321
1780545600000,4463.575,4483.845,4462.125,4480.875,1.2108
1780549200000,4480.855,4482.265,4466.595,4469.125,1.6977
1780552800000,4469.125,4477.035,4462.665,4467.545,1.836
1780556400000,4467.925,4470.665,4459.375,4461.555,1.3016
1780560000000,4461.475,4469.345,4458.415,4463.205,1.6043
1780563600000,4463.165,4475.525,4460.795,4470.155,1.6963
1780567200000,4470.185,4473.655,4464.045,4473.495,1.3288
1780570800000,4473.505,4514.535,4468.395,4511.185,2.3961
1780574400000,4511.185,4513.575,4490.915,4503.965,2.3344
1780578000000,4503.875,4515.175,4495.175,4495.555,3.0595
1780581600000,4495.625,4499.745,4457.045,4465.665,3.5798
1780585200000,4465.795,4478.985,4463.455,4477.235,2.3585
1780588800000,4477.205,4485.005,4475.205,4482.565,1.7147
1780592400000,4482.565,4482.565,4473.835,4477.935,1.3718
1780596000000,4477.975,4480.955,4472.605,4477.925,1.1239
1780599600000,4477.925,4483.315,4475.995,4480.715,1.2837
1780603200000,4480.715,4481.515,4474.205,4474.315,0.5745
1780610400000,4474.098,4481.315,4468.488,4469.278,0.9874
1780614000000,4468.995,4473.915,4460.325,4461.375,1.3123
1780617600000,4461.405,4466.645,4450.495,4458.855,2.0252
1780621200000,4458.875,4469.745,4443.905,4446.655,2.8704
1780624800000,4446.655,4454.915,4438.165,4440.355,2.3411
1780628400000,4440.355,4443.775,4434.975,4442.185,1.7141
1780632000000,4442.205,4446.395,4437.395,4444.795,1.2168
1780635600000,4444.855,4449.875,4438.445,4439.715,1.8867
1780639200000,4439.665,4455.965,4428.335,4452.595,2.3929
1780642800000,4452.635,4467.195,4451.605,4460.735,1.7956
1780646400000,4460.685,4467.935,4458.575,4462.595,1.6009
1780650000000,4462.515,4469.265,4458.808,4464.725,1.6795
1780653600000,4464.725,4467.875,4461.625,4466.505,1.0623
1780657200000,4466.295,4475.085,4458.175,4469.995,1.3972
1780660800000,4470.035,4475.645,4404.675,4406.075,2.6634
1780664400000,4406.355,4420.975,4364.938,4365.218,4.1035
1780668000000,4365.435,4379.155,4344.405,4369.535,4.6473
1780671600000,4369.535,4372.475,4333.735,4335.195,3.5703
1780675200000,4335.185,4344.915,4322.955,4344.455,3.7695
1780678800000,4344.775,4347.145,4335.575,4341.595,3.2785
1780682400000,4341.595,4341.915,4315.115,4322.155,3.3073
1780686000000,4322.195,4324.975,4313.635,4318.505,3.193
1780689600000,4318.275,4330.585,4311.498,4326.705,1.9756
1780869600000,4326.898,4335.475,4309.688,4316.698,1.9921
1780873200000,4316.715,4346.925,4316.685,4343.755,1.9726
1780876800000,4343.835,4353.085,4339.465,4341.975,2.2554
1780880400000,4341.945,4345.595,4299.798,4325.445,3.7018
1780884000000,4325.585,4330.495,4307.205,4310.375,2.8826
1780887600000,4310.325,4317.045,4303.405,4316.775,1.875
1780891200000,4316.965,4321.565,4307.375,4312.425,1.6607
1780894800000,4312.455,4315.965,4268.125,4291.675,3.0162
1780898400000,4291.675,4311.115,4291.675,4299.905,2.4293
1780902000000,4299.825,4316.805,4294.215,4294.345,2.2295
1780905600000,4294.285,4297.065,4285.155,4288.585,2.1375
1780909200000,4288.545,4301.805,4272.645,4294.135,2.0046
1780912800000,4294.405,4305.575,4285.835,4301.865,1.7847
1780916400000,4301.805,4333.145,4296.985,4331.145,2.3618
1780920000000,4330.948,4339.175,4319.995,4333.015,2.3271
1780923600000,4333.045,4346.615,4321.168,4326.815,3.6914
1780927200000,4326.785,4331.225,4314.805,4330.895,3.811
1780930800000,4330.875,4345.515,4322.325,4341.565,3.0347
1780934400000,4341.585,4346.205,4337.725,4340.465,2.4479
1780938000000,4340.515,4342.285,4331.785,4338.895,2.4981
1780941600000,4338.935,4345.755,4332.845,4334.495,2.1065
1780945200000,4334.495,4337.965,4323.078,4326.475,2.3875
1780948800000,4326.455,4330.148,4324.355,4326.175,0.6484
1780956000000,4329.898,4332.375,4322.628,4327.588,0.5371
1780959600000,4327.588,4328.505,4312.595,4317.615,0.9402
1780963200000,4317.575,4323.565,4314.748,4319.645,2.0162
1780966800000,4319.585,4338.635,4318.265,4336.355,2.4627
1780970400000,4336.335,4340.845,4327.868,4335.835,1.8446
1780974000000,4335.755,4342.065,4331.075,4336.425,1.6374
1780977600000,4335.945,4339.068,4324.005,4332.075,1.2346
1780981200000,4332.095,4351.075,4330.645,4343.165,1.9753
1780984800000,4343.185,4348.635,4330.025,4330.405,1.6871
1780988400000,4330.375,4334.585,4322.055,4326.415,1.7643
1780992000000,4326.485,4336.765,4320.875,4326.415,1.5266
1780995600000,4326.455,4336.115,4323.865,4332.055,1.3309
1780999200000,4332.035,4340.645,4324.755,4339.015,1.3449
1781002800000,4338.925,4343.705,4335.445,4339.665,1.1945
1781006400000,4339.685,4344.305,4334.685,4341.225,1.725
1781010000000,4341.245,4363.205,4324.985,4328.655,3.2605
1781013600000,4328.445,4335.765,4278.435,4300.285,5.1482
1781017200000,4300.285,4301.795,4262.865,4272.015,4.7209
1781020800000,4272.035,4280.855,4236.245,4251.905,5.7916
1781024400000,4251.815,4267.798,4250.925,4262.815,10.3782
1781028000000,4263.055,4274.095,4259.305,4269.735,2.865
1781031600000,4269.875,4271.525,4249.715,4258.378,3.2123
1781035200000,4258.625,4261.945,4255.475,4260.635,0.8864
1781042400000,4252.015,4257.085,4232.185,4236.738,1.4947
1781046000000,4236.465,4246.858,4210.115,4221.805,2.0634
1781049600000,4221.805,4228.105,4198.705,4217.975,2.5058
1781053200000,4217.955,4218.545,4183.545,4188.525,3.0953
1781056800000,4188.575,4192.295,4173.058,4173.775,2.6379
1781060400000,4173.735,4186.195,4172.548,4184.625,2.0875
1781064000000,4184.625,4186.995,4172.135,4174.485,1.7199
1781067600000,4174.525,4208.825,4173.045,4204.885,2.425
1781071200000,4204.915,4221.558,4201.428,4203.775,2.0084
1781074800000,4203.525,4207.875,4181.345,4185.885,2.1003
1781078400000,4185.865,4187.235,4161.205,4168.865,2.7765
1781082000000,4168.905,4179.335,4162.885,4168.545,2.3651
1781085600000,4168.545,4178.645,4155.435,4174.435,2.032
1781089200000,4174.415,4175.895,4145.665,4147.505,3.1062
1781092800000,4147.535,4173.561,4130.345,4146.675,3.7234
1781096400000,4147.225,4186.125,4132.678,4179.455,3.8884
1781100000000,4179.475,4180.635,4117.588,4124.755,3.9419
1781103600000,4124.745,4136.815,4106.595,4128.715,4.1114
1781107200000,4128.675,4135.115,4115.685,4121.765,3.3348
1781110800000,4121.795,4134.805,4100.535,4111.485,3.2332
1781114400000,4111.615,4120.325,4096.848,4101.335,2.6952
1781118000000,4101.475,4101.885,4081.405,4082.505,3.479
1781121600000,4082.405,4082.945,4066.945,4071.955,1.4819
1781128800000,4068.698,4072.505,4035.715,4045.748,1.803
1781132400000,4045.685,4064.555,4023.585,4046.855,2.2529
1781136000000,4047.105,4077.745,4035.848,4075.545,3.0446
1781139600000,4075.495,4117.895,4065.975,4101.655,3.6527
1781143200000,4101.765,4102.395,4052.005,4067.535,3.4341
1781146800000,4067.465,4078.255,4056.655,4072.485,2.6397
1781150400000,4072.535,4085.595,4069.725,4082.255,2.0452
1781154000000,4082.365,4106.045,4072.278,4093.915,2.6498
1781157600000,4093.895,4097.365,4075.975,4094.195,2.3491
1781161200000,4094.525,4110.405,4091.465,4104.775,2.0541
1781164800000,4104.805,4112.485,4084.208,4084.208,1.9545
1781168400000,4084.245,4096.235,4077.295,4091.585,1.6586
1781172000000,4091.535,4094.495,4086.375,4089.825,1.3775
1781175600000,4089.805,4095.715,4079.635,4080.135,1.9225
1781179200000,4079.975,4086.965,4057.325,4081.815,3.0513
1781182800000,4081.715,4092.415,4066.795,4083.005,4.017
1781186400000,4083.185,4085.255,4052.465,4073.355,4.5932
1781190000000,4073.235,4095.305,4070.225,4088.585,3.8378
1781193600000,4088.715,4107.455,4077.895,4080.095,2.7418
1781197200000,4080.085,4169.695,4071.445,4151.745,3.6325
1781200800000,4151.815,4171.455,4131.108,4161.525,3.8715
1781204400000,4161.615,4219.845,4161.615,4208.458,4.1091
1781208000000,4208.508,4218.278,4207.905,4212.005,3.6371
1781215200000,4211.498,4246.415,4204.995,4242.838,1.3444
1781218800000,4242.525,4245.498,4213.865,4219.625,1.8605
1781222400000,4219.558,4230.205,4200.355,4208.285,2.3683
1781226000000,4208.225,4211.051,4171.188,4186.495,3.0301
1781229600000,4186.318,4199.805,4182.485,4191.365,1.927
1781233200000,4191.295,4204.815,4189.385,4196.885,1.7924
1781236800000,4196.935,4200.815,4189.345,4189.725,1.1668
1781240400000,4189.715,4192.825,4170.575,4173.135,2.5077
1781244000000,4173.065,4185.315,4172.035,4183.875,2.045
1781247600000,4183.845,4194.295,4169.955,4194.295,1.7982
1781251200000,4194.315,4225.825,4191.745,4219.395,2.5603
1781254800000,4219.445,4227.725,4217.105,4221.635,1.7602
1781258400000,4221.525,4225.435,4202.575,4210.695,1.5577
1781262000000,4211.181,4215.235,4197.325,4206.725,1.4051
1781265600000,4206.845,4215.205,4188.375,4191.555,1.9706
1781269200000,4191.445,4210.125,4182.675,4185.905,3.3138
1781272800000,4185.935,4208.365,4176.945,4203.805,4.0808
1781276400000,4203.885,4235.298,4200.065,4211.675,3.2944
1781280000000,4211.685,4232.735,4207.925,4215.755,2.735
1781283600000,4215.665,4226.165,4213.575,4221.065,2.2959
1781287200000,4221.165,4235.148,4213.815,4215.378,3.5651
1781290800000,4215.428,4219.028,4201.535,4210.425,2.4229
1781294400000,4210.435,4218.998,4209.285,4217.765,0.9085
1781474400000,4273.098,4308.255,4259.585,4285.038,1.7244
1781478000000,4285.038,4295.025,4280.885,4293.865,1.6421
1781481600000,4293.835,4308.105,4291.355,4292.325,1.5893
1781485200000,4292.355,4319.315,4285.185,4316.465,2.3476
1781488800000,4316.435,4335.425,4315.765,4329.445,1.5186
1781492400000,4329.435,4330.975,4320.878,4324.625,1.0405
1781496000000,4324.675,4330.015,4320.565,4328.225,0.7568
1781499600000,4328.255,4332.655,4307.215,4309.755,1.3667
1781503200000,4309.825,4313.165,4300.645,4307.985,1.4675
1781506800000,4308.245,4325.255,4305.125,4323.195,1.4317
1781510400000,4323.105,4345.285,4321.675,4333.995,1.6101
1781514000000,4334.025,4343.075,4334.025,4336.475,1.3595
1781517600000,4336.475,4341.295,4335.055,4337.935,0.978
1781521200000,4338.055,4347.345,4331.575,4335.095,1.3552
1781524800000,4335.095,4349.175,4324.515,4348.855,1.7654
1781528400000,4348.805,4368.595,4341.065,4355.165,2.8295
1781532000000,4355.135,4369.485,4353.728,4356.515,2.8355
1781535600000,4356.495,4360.655,4349.345,4356.115,2.0362
1781539200000,4356.175,4358.545,4334.385,4339.095,1.6999
1781542800000,4339.015,4339.015,4320.175,4324.535,2.2116
1781546400000,4324.538,4327.855,4317.865,4325.455,1.8457
1781550000000,4325.485,4326.475,4316.365,4320.525,1.631
1781553600000,4320.545,4321.855,4306.305,4309.315,0.606
1781560800000,4308.898,4315.135,4305.755,4311.458,0.4704
1781564400000,4311.458,4318.965,4311.185,4315.395,0.5742
1781568000000,4315.375,4320.645,4306.665,4318.905,0.9933
1781571600000,4318.965,4325.715,4311.798,4313.375,1.6577
1781575200000,4313.285,4320.685,4307.325,4318.455,1.0895
1781578800000,4318.395,4332.845,4315.195,4330.275,0.8857
1781582400000,4330.205,4331.898,4321.005,4322.175,1.1746
1781586000000,4322.175,4330.465,4313.975,4315.595,1.6716
1781589600000,4315.565,4324.255,4313.105,4323.745,1.3173
1781593200000,4323.705,4335.465,4322.425,4334.945,1.4008
1781596800000,4334.945,4347.905,4332.575,4346.965,1.3952
1781600400000,4346.965,4348.285,4338.285,4345.165,1.2652
1781604000000,4345.165,4348.885,4342.185,4348.845,1.033
1781607600000,4348.895,4349.355,4334.915,4340.755,1.4608
1781611200000,4340.705,4354.905,4337.155,4354.425,1.788
1781614800000,4354.405,4354.785,4331.455,4331.525,2.8342
1781618400000,4331.435,4338.515,4313.005,4323.905,3.1077
1781622000000,4323.895,4343.315,4320.965,4335.035,2.5845
1781625600000,4335.035,4346.795,4334.605,4340.525,2.2818
1781629200000,4340.465,4341.105,4325.105,4340.195,2.0569
1781632800000,4340.035,4342.615,4335.995,4338.385,1.8756
1781636400000,4338.345,4342.705,4330.398,4334.105,2.4441
1781640000000,4334.105,4334.975,4329.315,4330.995,0.7608
1781647200000,4331.365,4335.955,4328.745,4334.885,0.3648
1781650800000,4334.848,4338.245,4329.245,4330.735,0.3309
1781654400000,4330.765,4341.545,4328.435,4336.895,1.1194
1781658000000,4336.855,4349.415,4334.185,4340.675,1.7972
1781661600000,4340.635,4344.335,4329.565,4331.475,1.2543
1781665200000,4331.345,4333.955,4328.555,4332.055,0.9432
1781668800000,4331.935,4333.965,4317.415,4326.625,0.8873
1781672400000,4326.705,4334.105,4321.025,4326.325,1.297
1781676000000,4326.385,4331.695,4320.315,4331.575,1.4626
1781679600000,4331.595,4332.735,4324.525,4325.045,0.9513
1781683200000,4325.075,4327.795,4316.965,4324.485,1.4322
1781686800000,4324.445,4335.445,4321.045,4329.375,1.1733
1781690400000,4329.345,4335.035,4326.495,4331.305,1.0486
1781694000000,4331.305,4331.745,4320.785,4322.975,1.2953
1781697600000,4322.985,4335.415,4319.665,4333.475,1.4063
1781701200000,4333.455,4345.185,4323.895,4339.568,2.4882
1781704800000,4339.555,4363.875,4330.615,4344.205,3.2773
1781708400000,4344.158,4364.665,4343.555,4363.465,2.2839
1781712000000,4363.445,4366.355,4354.895,4359.278,1.5752
1781715600000,4359.278,4382.125,4355.025,4379.575,2.1904
1781719200000,4379.575,4379.575,4269.015,4285.985,4.6636
1781722800000,4285.505,4295.115,4218.805,4235.585,4.5293
1781726400000,4235.515,4269.695,4234.775,4256.855,2.0569
1781733600000,4254.435,4270.925,4252.898,4266.238,0.9236
1781737200000,4266.128,4283.795,4263.648,4277.665,1.4827
1781740800000,4277.685,4315.015,4276.225,4308.125,2.2104
1781744400000,4308.098,4328.305,4306.645,4317.625,2.3492
1781748000000,4317.885,4329.865,4310.285,4310.725,1.7896
1781751600000,4310.695,4322.445,4308.915,4319.515,1.2874
1781755200000,4319.415,4323.865,4309.445,4315.865,1.1584
1781758800000,4315.545,4324.855,4301.075,4307.785,1.6661
1781762400000,4307.825,4309.875,4296.005,4306.325,1.9321
1781766000000,4306.285,4309.305,4287.225,4288.475,1.6922
1781769600000,4288.535,4292.655,4265.328,4266.635,2.0498
1781773200000,4266.635,4273.155,4259.535,4268.275,1.8613
1781776800000,4268.225,4272.635,4254.595,4255.325,1.6727
1781780400000,4255.655,4255.655,4239.648,4241.875,2.3682
1781784000000,4241.875,4269.025,4240.205,4246.465,2.5073
1781787600000,4246.405,4276.515,4244.725,4256.375,2.7734
1781791200000,4256.325,4257.575,4236.845,4252.175,3.2972
1781794800000,4252.155,4254.645,4222.855,4226.428,3.2289
1781798400000,4226.428,4233.295,4213.925,4219.445,2.8461
1781802000000,4219.661,4232.945,4218.545,4230.065,2.218
1781805600000,4230.185,4232.995,4217.928,4218.185,1.9438
1781809200000,4218.148,4218.825,4201.145,4216.505,2.1784
1781812800000,4216.725,4219.335,4207.495,4208.875,0.8746
1781820000000,4209.298,4212.875,4202.335,4206.938,0.53
1781823600000,4206.695,4207.798,4186.745,4188.115,1.3309
1781827200000,4187.998,4197.945,4183.738,4190.125,1.5275
1781830800000,4190.075,4194.335,4183.495,4184.725,1.424
1781834400000,4184.675,4186.145,4171.565,4176.025,1.4313
1781838000000,4175.995,4177.065,4145.345,4153.555,1.6878
1781841600000,4153.265,4155.065,4124.805,4125.495,2.0045
1781845200000,4125.915,4141.215,4121.438,4139.275,2.0115
1781848800000,4139.395,4150.465,4132.635,4147.495,1.6585
1781852400000,4147.865,4162.895,4147.655,4157.765,1.4923
1781856000000,4157.785,4178.345,4154.975,4168.795,1.6778
1781859600000,4168.795,4170.635,4160.645,4162.725,1.2583
1781863200000,4162.765,4162.845,4147.955,4149.505,1.1238
1781866800000,4149.445,4154.835,4141.695,4152.385,1.189
1781870400000,4152.395,4179.795,4147.025,4178.815,1.6005
1781874000000,4178.815,4182.825,4150.305,4151.195,2.0232
1781877600000,4151.165,4154.365,4142.455,4149.055,1.4523
1781881200000,4149.195,4153.865,4147.455,4150.855,0.9786
1781884800000,4150.845,4157.625,4144.078,4154.335,0.7303
1782079200000,4139.698,4159.625,4138.825,4156.038,1.1308
1782082800000,4155.898,4164.525,4136.125,4139.985,1.9743
1782086400000,4140.015,4200.785,4139.755,4200.595,2.2081
1782090000000,4200.655,4220.778,4189.395,4190.745,3.1764
1782093600000,4190.705,4200.145,4183.258,4188.218,2.1844
1782097200000,4188.218,4189.768,4170.445,4171.265,1.6583
1782100800000,4171.305,4181.988,4170.375,4181.565,1.3539
1782104400000,4181.438,4198.375,4179.225,4193.515,2.0136
1782108000000,4193.515,4207.205,4190.985,4197.298,1.7851
1782111600000,4197.298,4201.665,4188.555,4190.195,1.448
1782115200000,4190.195,4197.495,4188.405,4197.355,1.285
1782118800000,4197.295,4210.095,4195.765,4208.095,1.2195
1782122400000,4208.045,4214.025,4203.445,4204.545,0.9231
1782126000000,4204.605,4215.005,4201.315,4207.225,1.2571
1782129600000,4207.285,4211.605,4192.075,4193.225,1.3774
1782133200000,4193.385,4205.405,4182.735,4199.635,3.0147
1782136800000,4199.905,4210.645,4186.365,4198.025,3.2087
1782140400000,4198.035,4201.115,4169.485,4182.695,2.7106
1782144000000,4182.755,4192.735,4174.195,4189.665,2.4625
1782147600000,4189.725,4191.485,4176.855,4182.868,2.1441
1782151200000,4182.868,4192.665,4182.185,4191.028,2.1324
1782154800000,4191.265,4193.198,4184.115,4190.355,2.369
1782158400000,4190.485,4193.695,4188.645,4191.165,0.5267
1782165600000,4191.458,4194.365,4188.108,4189.438,0.3878
1782169200000,4189.438,4195.095,4186.505,4187.475,0.6518
1782172800000,4187.315,4194.405,4178.095,4193.145,1.5175
1782176400000,4193.145,4198.435,4149.705,4161.015,2.7503
1782180000000,4161.035,4163.295,4146.345,4146.695,2.1591
1782183600000,4146.765,4149.415,4130.488,4143.925,2.0969
1782187200000,4144.225,4146.795,4114.495,4117.875,1.4896
1782190800000,4117.905,4137.305,4115.095,4120.945,2.5799
1782194400000,4120.925,4126.745,4110.195,4114.205,2.5228
1782198000000,4114.105,4124.645,4096.375,4098.455,2.3153
1782201600000,4098.565,4110.705,4090.545,4104.975,2.2736
1782205200000,4105.065,4122.075,4103.715,4122.055,1.6019
1782208800000,4122.065,4133.055,4119.295,4119.465,1.6218
1782212400000,4119.445,4131.485,4117.145,4122.965,1.9872
1782216000000,4123.015,4127.115,4111.425,4112.908,2.1184
1782219600000,4112.885,4140.098,4105.138,4135.048,3.637
1782223200000,4135.048,4144.795,4122.588,4129.985,4.6034
1782226800000,4130.175,4141.565,4123.118,4138.535,3.2931
1782230400000,4138.515,4143.565,4131.275,4134.035,2.4695
1782234000000,4134.015,4139.505,4127.448,4127.705,2.4774
1782237600000,4127.805,4130.775,4112.475,4117.675,2.0293
1782241200000,4117.655,4125.955,4111.395,4111.435,2.9875
1782244800000,4111.565,4112.575,4107.185,4111.035,0.9318
1782252000000,4111.898,4114.835,4096.685,4103.898,1.217
1782255600000,4103.898,4103.898,4080.495,4099.035,1.9802
1782259200000,4098.955,4111.965,4093.375,4097.055,2.3999
1782262800000,4097.075,4102.015,4068.255,4088.798,3.6293
1782266400000,4088.605,4095.815,4051.935,4060.905,2.8361
1782270000000,4061.155,4070.555,4050.185,4062.455,2.6431
1782273600000,4062.525,4067.085,4054.815,4064.195,1.8868
1782277200000,4064.225,4085.965,4060.535,4075.725,1.8444
1782280800000,4075.555,4097.335,4074.805,4086.635,1.6354
1782284400000,4086.525,4090.665,4073.525,4074.715,1.2179
1782288000000,4074.665,4087.445,4072.935,4076.065,1.1907
1782291600000,4076.275,4079.015,4064.035,4064.395,1.0297
1782295200000,4064.385,4066.775,4054.515,4055.495,1.2257
1782298800000,4055.355,4058.445,4037.305,4046.495,2.5673
1782302400000,4046.515,4048.665,3987.365,3987.495,3.2614
1782306000000,3987.535,4041.905,3964.305,4037.975,4.9641
1782309600000,4037.945,4040.758,4002.698,4007.825,4.369
1782313200000,4007.875,4016.725,3997.015,4002.335,3.4354
1782316800000,4002.405,4022.065,3995.215,4006.348,2.4941
1782320400000,4006.348,4011.085,3972.495,3972.808,3.281
1782324000000,3972.865,3993.995,3958.695,3981.215,3.2517
1782327600000,3981.571,3990.615,3973.225,3987.755,2.465
1782331200000,3987.698,4002.685,3984.485,3997.605,1.3218
1782338400000,4003.035,4008.545,3992.535,3995.898,0.7589
1782342000000,3995.705,4018.385,3990.228,4012.205,1.3981
1782345600000,4012.185,4016.255,3978.035,3990.985,3.0723
1782349200000,3990.965,4005.565,3972.115,3976.555,3.5874
1782352800000,3976.525,3990.845,3961.755,3982.575,3.2214
1782356400000,3982.535,4000.885,3965.885,3995.215,2.7577
1782360000000,3995.155,3997.325,3983.365,3995.805,1.738
1782363600000,3995.685,3999.735,3980.195,3986.315,2.4591
1782367200000,3986.305,3989.135,3973.765,3977.155,2.2066
1782370800000,3977.385,3989.615,3971.285,3987.765,1.69
1782374400000,3987.655,4001.945,3984.105,3989.025,1.5375
1782378000000,3989.085,3997.595,3985.658,3988.085,1.19
1782381600000,3988.025,3989.265,3981.118,3984.165,0.9001
1782385200000,3984.445,3987.715,3973.505,3979.895,1.2218
1782388800000,3979.905,4019.325,3978.805,4012.215,2.6956
1782392400000,4012.495,4033.885,4000.825,4002.005,4.3141
1782396000000,4002.115,4028.205,3998.955,4011.725,4.5549
1782399600000,4011.845,4042.388,4004.795,4040.778,4.0332
1782403200000,4041.045,4043.785,4023.485,4028.445,2.9093
1782406800000,4028.485,4036.705,4026.535,4034.575,2.5196
1782410400000,4034.535,4043.918,4025.728,4034.438,2.7067
1782414000000,4034.438,4043.458,4021.645,4026.525,2.5652
1782417600000,4026.425,4034.705,4024.095,4024.095,0.7805
1782424800000,4029.098,4036.225,4019.515,4025.808,1.0688
1782428400000,4025.595,4030.175,4012.375,4014.255,1.3318
1782432000000,4014.205,4024.255,4011.275,4020.075,2.022
1782435600000,4020.145,4029.335,4013.945,4020.795,2.4958
1782439200000,4020.905,4022.898,3982.635,3990.465,2.466
1782442800000,3990.425,4006.465,3986.365,4004.065,2.2189
1782446400000,4004.145,4015.195,3998.485,4011.085,1.9378
1782450000000,4011.395,4021.135,4005.395,4007.785,2.0812
1782453600000,4007.785,4032.975,4006.505,4031.855,2.4208
1782457200000,4031.835,4039.795,4026.618,4030.465,1.4252
1782460800000,4030.365,4037.685,4025.715,4030.795,1.5996
1782464400000,4030.775,4054.005,4029.285,4046.975,1.9023
1782468000000,4046.935,4054.745,4042.165,4054.605,1.4894
1782471600000,4054.605,4055.488,4042.358,4045.665,1.506
1782475200000,4045.835,4061.305,4035.408,4058.645,2.2477
1782478800000,4059.305,4077.775,4043.005,4073.085,4.3035
1782482400000,4073.015,4092.895,4067.448,4080.215,4.0848
1782486000000,4080.145,4095.795,4075.385,4090.205,3.0147
1782489600000,4090.225,4093.148,4081.905,4084.785,1.9695
1782493200000,4084.845,4087.808,4073.505,4074.535,2.1611
1782496800000,4074.515,4078.635,4066.758,4067.015,1.8271
1782500400000,4067.115,4074.485,4064.285,4071.415,2.4444
1782504000000,4071.435,4089.798,4064.228,4087.915,4.3097
1782684000000,4086.298,4086.298,4052.398,4065.798,1.4733
1782687600000,4065.798,4070.278,4051.585,4062.585,1.7485
1782691200000,4062.555,4073.955,4048.055,4069.305,2.2237
1782694800000,4069.445,4074.295,4053.615,4061.155,3.1927
1782698400000,4061.075,4071.555,4058.175,4066.105,2.6583
1782702000000,4066.155,4075.515,4064.795,4068.645,1.7649
1782705600000,4068.615,4068.765,4049.395,4052.015,1.4184
1782709200000,4051.858,4057.235,4039.015,4054.175,2.5146
1782712800000,4054.155,4064.855,4053.235,4062.175,1.9442
1782716400000,4062.205,4068.455,4055.855,4061.495,1.321
1782720000000,4061.238,4066.555,4043.515,4046.925,1.4683
1782723600000,4046.805,4055.115,4024.168,4031.465,1.6706
1782727200000,4031.415,4039.655,4027.285,4036.755,1.3184
1782730800000,4036.775,4042.125,4027.085,4039.095,1.3634
1782734400000,4039.285,4052.385,4037.398,4043.455,1.4518
1782738000000,4043.485,4051.615,4028.125,4032.175,2.6184
1782741600000,4032.325,4035.225,3999.918,4025.355,4.4236
1782745200000,4025.365,4030.148,4016.398,4026.755,3.589
1782748800000,4026.895,4028.445,4018.405,4023.565,2.1162
1782752400000,4023.645,4031.848,4019.025,4020.678,2.2133
1782756000000,4020.678,4024.948,4011.725,4013.165,2.1587
1782759600000,4013.175,4019.315,4005.155,4015.595,1.5134
1782763200000,4015.575,4017.845,4012.505,4015.925,0.3769
1782770400000,4015.898,4022.145,4009.298,4013.628,0.8022
1782774000000,4014.138,4022.128,4013.135,4014.645,0.9252
1782777600000,4014.605,4014.945,3979.608,3986.645,2.9933
1782781200000,3986.705,3986.705,3941.528,3969.095,3.5896
1782784800000,3968.975,3973.125,3952.015,3962.605,2.13
1782788400000,3962.475,3970.895,3959.835,3969.455,1.6687
1782792000000,3969.495,3997.825,3967.955,3985.285,1.3299
1782795600000,3985.305,3990.545,3974.865,3977.625,1.6973
1782799200000,3977.725,4033.815,3977.725,4029.258,3.3378
1782802800000,4029.268,4034.465,4023.548,4031.828,1.9797
1782806400000,4031.828,4037.278,4013.335,4015.218,2.4709
1782810000000,4015.218,4023.525,4012.085,4023.525,1.8427
1782813600000,4023.525,4031.005,4021.208,4029.415,1.4686
1782817200000,4029.345,4037.075,4024.995,4033.825,1.3689
1782820800000,4033.775,4034.275,4008.385,4009.595,1.8201
1782824400000,4009.565,4033.055,4009.055,4029.355,2.8674
1782828000000,4029.345,4063.205,4024.825,4037.125,3.1398
1782831600000,4037.125,4039.145,4021.945,4028.985,2.2915
1782835200000,4028.965,4033.595,4025.595,4025.835,1.4639
1782838800000,4025.815,4031.945,4020.345,4030.535,1.5082
1782842400000,4030.555,4033.525,4027.915,4028.215,1.0946
1782846000000,4028.005,4029.215,4014.365,4015.745,1.607
1782849600000,4015.725,4020.775,4006.125,4007.165,0.6116
1782856800000,4009.785,4017.875,4009.275,4012.865,0.5302
1782860400000,4012.905,4017.655,4004.915,4005.485,0.5293
1782864000000,4005.755,4009.475,3992.665,3996.485,1.356
1782867600000,3996.435,3999.505,3973.745,3977.545,2.6109
1782871200000,3977.585,3985.885,3969.935,3978.935,2.0761
1782874800000,3978.935,3986.845,3976.265,3980.285,1.4553
1782878400000,3980.635,3982.465,3972.215,3976.345,1.0216
1782882000000,3976.325,3978.745,3969.595,3973.815,1.5306
1782885600000,3973.765,3977.205,3962.945,3971.695,1.695
1782889200000,3971.665,3978.145,3959.905,3975.765,1.4722
1782892800000,3975.735,3984.075,3969.035,3974.185,1.4071
1782896400000,3974.145,3985.775,3972.565,3984.135,1.1966
1782900000000,3984.105,3998.415,3981.115,3997.995,1.1368
1782903600000,3998.025,4035.215,3997.465,4030.005,1.7515
1782907200000,4030.165,4033.375,4019.185,4022.435,2.0189
1782910800000,4022.415,4107.585,4012.545,4089.095,3.4309
1782914400000,4089.125,4115.485,4082.685,4093.045,3.4085
1782918000000,4092.965,4094.275,4076.555,4080.805,2.3307
1782921600000,4080.735,4088.115,4070.205,4070.855,1.8123
1782925200000,4070.825,4073.495,4066.905,4067.995,1.5497
1782928800000,4067.975,4070.445,4057.635,4061.795,1.3861
1782932400000,4061.775,4067.935,4034.145,4038.525,1.6871
1782936000000,4038.365,4039.425,4028.195,4030.745,0.8053
1782943200000,4033.175,4044.225,4032.105,4044.155,0.4903
1782946800000,4043.775,4044.065,4033.105,4035.005,0.5167
1782950400000,4034.975,4052.425,4030.525,4051.495,1.3318
1782954000000,4051.415,4068.365,4044.975,4049.935,2.7399
1782957600000,4049.915,4060.685,4040.985,4056.785,2.2013
1782961200000,4056.785,4073.965,4055.235,4069.765,1.8083
1782964800000,4069.725,4072.665,4060.335,4060.515,1.3503
1782968400000,4060.505,4067.465,4052.945,4065.865,2.0884
1782972000000,4065.865,4079.605,4065.745,4073.005,1.9189
1782975600000,4073.025,4075.405,4060.465,4064.355,1.3987
1782979200000,4064.025,4079.695,4061.105,4075.835,1.64
1782982800000,4075.875,4076.755,4063.725,4065.115,1.3451
1782986400000,4065.225,4068.545,4061.355,4066.255,1.092
1782990000000,4066.235,4072.045,4057.225,4064.935,1.3305
1782993600000,4064.985,4140.185,4061.015,4117.285,3.4576
1782997200000,4117.265,4143.715,4109.215,4136.485,3.5352
1783000800000,4136.485,4137.805,4113.805,4128.275,3.6879
1783004400000,4128.245,4131.425,4114.395,4128.255,3.2131
1783008000000,4128.285,4130.085,4100.005,4117.915,2.6329
1783011600000,4117.635,4119.655,4105.385,4106.495,2.4686
1783015200000,4106.435,4126.715,4105.585,4122.445,1.9441
1783018800000,4122.445,4124.155,4107.895,4121.095,2.1278
1783022400000,4121.015,4124.775,4116.135,4122.425,0.7429
1783029600000,4124.065,4127.825,4122.255,4123.685,0.272
1783033200000,4123.755,4131.905,4120.785,4125.955,0.6186
1783036800000,4125.775,4150.665,4122.625,4146.725,1.4978
1783040400000,4146.815,4195.365,4146.185,4182.165,3.0886
1783044000000,4182.105,4186.565,4176.245,4183.195,1.9569
1783047600000,4183.195,4184.325,4174.955,4175.735,1.3498
1783051200000,4175.735,4182.535,4172.975,4178.585,1.0044
1783054800000,4178.565,4181.675,4169.025,4171.025,1.5844
1783058400000,4171.045,4174.195,4160.225,4172.705,1.7467
1783062000000,4172.865,4181.685,4168.975,4177.385,1.1853
1783065600000,4177.185,4186.525,4176.775,4180.915,1.2522
1783069200000,4180.885,4181.865,4168.265,4171.925,1.2286
1783072800000,4171.885,4181.075,4170.535,4177.025,0.8426
1783076400000,4176.865,4186.325,4175.415,4180.895,0.9344
1783080000000,4181.015,4183.075,4171.805,4176.525,1.0193
1783083600000,4176.675,4178.975,4163.325,4164.365,1.6266
1783087200000,4164.305,4170.965,4155.085,4169.485,1.3299
1783090800000,4169.515,4174.265,4164.265,4164.545,0.9695
1783094400000,4164.565,4176.055,4162.535,4175.245,0.6748
1783288800000,4182.515,4191.215,4171.855,4187.405,0.8622
1783292400000,4187.435,4201.705,4177.325,4182.915,0.7612
1783296000000,4183.825,4188.695,4170.265,4179.235,1.4807
1783299600000,4178.915,4202.905,4172.325,4185.735,2.9215
1783303200000,4185.735,4187.465,4168.375,4173.895,2.4874
1783306800000,4173.885,4176.115,4160.725,4164.985,1.7225
1783310400000,4164.975,4166.385,4157.095,4159.415,1.2173
1783314000000,4159.485,4160.835,4144.535,4147.735,1.9464
1783317600000,4147.805,4159.425,4145.515,4150.055,1.344
1783321200000,4150.055,4166.075,4146.985,4164.295,1.0845
1783324800000,4164.655,4165.845,4146.935,4150.225,1.0658
1783328400000,4150.275,4151.055,4136.315,4143.005,0.9644
1783332000000,4143.045,4155.635,4141.915,4154.685,0.8965
1783335600000,4154.755,4159.365,4151.285,4155.055,1.0731
1783339200000,4155.005,4158.235,4131.285,4139.395,1.78
1783342800000,4139.685,4150.185,4135.625,4140.065,2.6596
1783346400000,4140.085,4146.985,4128.265,4137.845,2.6148
1783350000000,4137.845,4151.725,4137.305,4148.105,1.8531
1783353600000,4148.095,4156.005,4140.035,4154.755,1.2716
1783357200000,4154.735,4161.405,4150.035,4161.085,1.515
1783360800000,4160.905,4167.325,4155.125,4163.555,1.1408
1783364400000,4163.675,4165.225,4158.565,4163.585,1.3918
1783368000000,4163.485,4165.375,4160.475,4164.325,0.431
1783375200000,4163.245,4168.195,4161.075,4163.355,0.2985
1783378800000,4163.475,4165.515,4156.605,4156.975,0.3657
1783382400000,4156.935,4162.455,4145.065,4145.725,1.397
1783386000000,4145.655,4147.745,4125.485,4141.625,2.2882
1783389600000,4141.605,4144.995,4131.005,4136.385,1.5793
1783393200000,4136.345,4139.755,4124.235,4130.865,1.5541
1783396800000,4130.905,4140.995,4125.585,4126.425,1.3218
1783400400000,4126.425,4131.115,4116.515,4123.745,1.9108
1783404000000,4123.745,4132.665,4121.235,4130.165,1.553
1783407600000,4130.145,4133.345,4124.155,4124.545,1.1378
1783411200000,4124.475,4139.045,4121.715,4125.865,1.3573
1783414800000,4125.715,4133.555,4119.805,4131.065,1.365
1783418400000,4131.045,4138.855,4131.035,4135.565,1.0435
1783422000000,4135.705,4158.005,4131.665,4156.585,1.3856
1783425600000,4156.945,4174.915,4154.345,4172.085,1.7502
1783429200000,4172.295,4180.225,4155.755,4158.205,2.8609
1783432800000,4158.205,4163.475,4143.405,4154.005,2.9344
1783436400000,4153.935,4155.445,4135.545,4138.795,2.218
1783440000000,4138.725,4147.025,4136.725,4144.725,1.6712
1783443600000,4144.745,4148.085,4140.235,4144.355,1.6094
1783447200000,4144.325,4145.035,4124.805,4126.685,1.8377
1783450800000,4126.705,4127.475,4091.845,4113.865,2.6917
1783454400000,4113.755,4115.595,4103.325,4105.225,0.7391
1783461600000,4093.905,4105.955,4093.535,4097.525,0.655
1783465200000,4097.455,4107.535,4095.385,4097.985,0.9233
1783468800000,4098.205,4126.305,4096.545,4110.955,2.1982
1783472400000,4111.005,4117.555,4096.065,4110.945,2.8316
1783476000000,4111.045,4124.615,4105.685,4114.245,2.5701
1783479600000,4114.335,4130.915,4114.195,4123.425,2.3113
1783483200000,4123.365,4128.545,4120.285,4124.825,1.8468
1783486800000,4124.825,4133.685,4120.725,4127.535,2.7693
1783490400000,4127.535,4133.525,4121.955,4123.285,2.3601
1783494000000,4123.315,4127.065,4114.615,4120.755,1.6513
1783497600000,4120.915,4121.065,4051.825,4056.405,3.4391
1783501200000,4056.375,4060.955,4041.145,4042.785,2.9736
1783504800000,4042.825,4058.085,4040.405,4052.905,2.3085
1783508400000,4052.945,4072.425,4041.135,4061.785,2.517
1783512000000,4061.655,4086.245,4058.385,4071.965,2.8546
1783515600000,4072.155,4082.685,4063.835,4070.595,3.5668
1783519200000,4070.135,4071.335,4033.475,4040.735,3.8473
1783522800000,4040.665,4043.605,4021.525,4033.815,3.7883
1783526400000,4033.945,4064.345,4032.945,4063.395,3.1029
1783530000000,4063.385,4076.115,4059.375,4064.325,2.7528
1783533600000,4064.325,4091.245,4063.075,4084.045,2.5132
1783537200000,4084.075,4091.075,4078.135,4079.625,2.213
1783540800000,4079.665,4083.335,4071.195,4073.925,1.0042
1783548000000,4072.645,4079.745,4071.915,4073.095,0.4853
1783551600000,4073.435,4077.785,4070.305,4075.925,0.4088
1783555200000,4075.735,4089.775,4070.075,4073.885,1.4171
1783558800000,4073.525,4078.605,4062.035,4072.525,2.2737
1783562400000,4072.525,4082.425,4064.075,4064.735,2.1147
1783566000000,4064.655,4067.375,4053.985,4063.825,1.9589
1783569600000,4063.825,4064.355,4056.105,4064.235,1.4227
1783573200000,4064.155,4084.035,4063.405,4081.715,2.3356
1783576800000,4081.715,4107.835,4081.145,4107.575,1.954
1783580400000,4107.625,4110.905,4101.215,4107.675,1.5459
1783584000000,4107.625,4117.515,4105.005,4108.105,1.5256
1783587600000,4108.085,4112.105,4102.895,4105.965,1.3192
1783591200000,4105.985,4109.795,4093.515,4098.755,1.2894
1783594800000,4098.715,4110.255,4097.625,4108.465,1.4264
1783598400000,4108.435,4122.405,4104.915,4107.485,1.9693
1783602000000,4107.565,4129.255,4106.475,4121.445,3.3538
1783605600000,4121.405,4135.585,4113.885,4127.575,2.8047
1783609200000,4127.545,4132.565,4124.485,4126.655,1.8924
1783612800000,4126.515,4138.175,4125.345,4127.765,1.6378
1783616400000,4127.835,4138.095,4124.715,4135.955,1.6218
1783620000000,4135.845,4136.095,4121.215,4124.485,1.3331
1783623600000,4124.485,4126.715,4118.725,4122.395,1.4389
1783627200000,4122.325,4125.335,4120.245,4123.365,0.3958
1783634400000,4124.065,4127.375,4120.415,4120.415,0.3601
1783638000000,4120.475,4124.895,4120.005,4123.115,0.2946
1783641600000,4123.065,4128.255,4114.035,4125.965,1.0321
1783645200000,4126.085,4130.735,4108.535,4116.495,2.3853
1783648800000,4116.635,4128.865,4115.745,4127.495,1.8938
1783652400000,4127.305,4134.555,4119.015,4119.915,1.478
1783656000000,4119.935,4120.905,4111.625,4114.875,1.0193
1783659600000,4114.845,4116.945,4107.955,4116.585,1.7246
1783663200000,4116.555,4119.835,4110.865,4111.355,1.5241
1783666800000,4111.165,4115.085,4104.065,4108.795,1.066
1783670400000,4108.705,4109.345,4094.585,4097.745,1.3557
1783674000000,4097.675,4105.255,4094.215,4104.155,1.0793
1783677600000,4104.165,4112.485,4103.915,4104.395,1.0251
1783681200000,4104.395,4108.055,4095.875,4102.165,1.2043
1783684800000,4102.205,4117.435,4097.405,4100.535,1.8936
1783688400000,4100.805,4106.485,4085.345,4099.735,2.6254
1783692000000,4099.755,4109.025,4072.585,4092.735,2.6457
1783695600000,4093.185,4113.115,4091.265,4112.785,1.9475
1783699200000,4112.865,4115.365,4104.115,4104.495,1.4806
1783702800000,4104.285,4106.695,4100.045,4100.265,1.2957
1783706400000,4100.375,4105.275,4097.725,4100.955,1.06
1783710000000,4101.025,4108.855,4097.515,4108.265,0.9744
1783713600000,4107.945,4120.765,4107.945,4120.555,0.5061
1783893600000,4094.225,4103.265,4069.035,4075.325,0.93
1783897200000,4075.415,4084.635,4067.295,4084.135,0.8636
1783900800000,4084.155,4090.805,4060.705,4073.665,1.6868
1783904400000,4073.695,4089.575,4064.935,4071.885,3.4077
1783908000000,4071.935,4077.235,4064.125,4068.255,2.8382
1783911600000,4068.255,4069.065,4052.625,4060.155,2.2163
1783915200000,4060.135,4060.205,4050.085,4058.455,1.6948
1783918800000,4058.455,4072.965,4052.015,4053.365,2.5565
1783922400000,4053.345,4063.315,4043.585,4055.245,2.0481
1783926000000,4055.415,4064.935,4048.815,4064.675,1.6293
1783929600000,4064.615,4080.535,4062.795,4074.295,1.6951
1783933200000,4074.085,4076.465,4067.915,4068.025,1.1833
1783936800000,4068.035,4070.345,4046.275,4060.345,1.3738
1783940400000,4060.455,4068.415,4054.515,4056.285,1.7304
1783944000000,4056.285,4067.165,4053.365,4067.145,1.9866
1783947600000,4067.175,4067.355,4041.695,4043.035,2.6888
1783951200000,4043.025,4046.805,3999.845,4015.015,2.8567
1783954800000,4015.005,4020.265,4010.085,4015.815,2.1385
1783958400000,4015.835,4017.725,3985.165,3992.985,2.3144
1783962000000,3993.025,4001.715,3991.685,3992.995,2.0467
1783965600000,3993.105,4004.845,3986.415,4001.275,2.2091
1783969200000,4001.265,4004.315,3993.185,4001.705,2.1343
1783972800000,4001.745,4005.885,3996.065,4001.255,0.845
1783980000000,4004.225,4006.195,3999.815,4000.425,0.4279
1783983600000,4000.525,4002.015,3992.355,4000.795,0.6826
1783987200000,4000.825,4007.075,3983.285,4003.815,2.1761
1783990800000,4003.875,4011.995,3991.635,4010.535,3.0749
1783994400000,4010.325,4018.855,4005.685,4012.005,2.4202
1783998000000,4012.055,4018.725,4010.795,4016.555,1.8703
1784001600000,4016.555,4023.455,4013.165,4020.025,1.4164
1784005200000,4020.325,4034.005,4019.325,4031.145,1.94
1784008800000,4031.135,4032.875,4021.515,4023.645,1.6158
1784012400000,4023.625,4029.775,4019.865,4020.505,1.726
1784016000000,4020.425,4023.695,4014.045,4015.835,1.6618
1784019600000,4015.885,4024.265,4013.415,4021.455,1.5369
1784023200000,4021.395,4022.605,4014.905,4021.435,1.2133
1784026800000,4021.475,4031.555,4015.195,4030.945,1.4941
1784030400000,4030.885,4100.785,4022.935,4075.915,2.5089
1784034000000,4075.895,4088.625,4070.715,4076.315,2.616
1784037600000,4076.275,4090.135,4070.205,4084.915,2.662
1784041200000,4084.895,4100.615,4064.515,4065.945,1.8402
1784044800000,4065.965,4066.615,4056.965,4061.385,1.3738
1784048400000,4061.445,4064.765,4054.255,4062.505,1.1281
1784052000000,4062.115,4062.935,4042.605,4053.875,1.0911
1784055600000,4053.895,4057.085,4047.365,4055.555,1.1281
1784059200000,4055.525,4056.235,4048.895,4052.385,0.4154
1784066400000,4051.285,4053.295,4043.975,4044.285,0.4603
1784070000000,4044.075,4055.975,4043.635,4052.575,0.5421
1784073600000,4052.685,4060.365,4048.595,4058.705,1.2232
1784077200000,4059.225,4061.875,4035.165,4036.845,2.2858
1784080800000,4036.485,4041.945,4028.995,4034.965,1.9942
1784084400000,4034.895,4040.135,4027.785,4031.135,1.5036
1784088000000,4031.085,4034.775,4027.825,4032.825,1.0821
1784091600000,4033.435,4036.515,4021.665,4034.485,1.8262
1784095200000,4034.445,4035.165,4021.065,4031.875,1.5654
1784098800000,4031.965,4034.125,4019.465,4024.355,1.6922
1784102400000,4024.455,4033.065,4017.155,4030.915,1.7371
1784106000000,4031.255,4034.045,4025.205,4030.125,1.4106
1784109600000,4030.155,4035.755,4026.395,4027.895,1.5498
1784113200000,4027.755,4039.985,4027.375,4038.085,1.6593
1784116800000,4038.245,4071.265,4035.515,4067.575,2.6207
1784120400000,4068.105,4073.775,4053.885,4061.395,3.19
1784124000000,4061.405,4065.775,4053.015,4060.045,3.4257
1784127600000,4060.345,4062.705,4039.475,4046.625,3.2079
1784131200000,4046.615,4047.605,4026.515,4033.485,3.0994
1784134800000,4033.515,4066.115,4032.705,4062.135,2.6941
1784138400000,4062.205,4080.935,4057.765,4058.825,2.4482
1784142000000,4058.865,4062.685,4047.655,4056.825,2.2502
1784145600000,4056.795,4063.035,4054.865,4059.825,0.6507
1784152800000,4060.415,4066.755,4057.765,4058.245,0.4531
1784156400000,4058.135,4061.275,4055.295,4057.745,0.5671
1784160000000,4057.805,4061.065,4043.425,4044.175,1.4108
1784163600000,4044.205,4050.285,4033.435,4038.705,2.0081
1784167200000,4038.665,4039.715,4023.585,4031.205,2.2352
1784170800000,4031.165,4036.695,4027.355,4036.025,1.8843
1784174400000,4036.065,4037.765,4031.645,4032.925,1.1877
1784178000000,4032.875,4033.845,4024.975,4026.965,2.1816
1784181600000,4027.035,4036.295,4022.745,4030.335,1.8741
1784185200000,4030.375,4031.735,4022.845,4030.495,2.0523
1784188800000,4030.445,4036.395,4025.025,4035.165,2.022
1784192400000,4035.125,4037.505,4030.185,4031.425,1.5404
1784196000000,4031.405,4034.565,4028.415,4029.275,1.4734
1784199600000,4029.255,4042.175,4020.995,4038.285,2.2347
1784203200000,4038.305,4043.065,3990.255,3992.005,3.1589
1784206800000,3992.045,4008.315,3973.325,3989.915,3.9377
1784210400000,3989.875,4006.575,3986.545,3997.595,3.9538
1784214000000,3997.595,4016.715,3989.085,4006.695,3.4219
1784217600000,4006.685,4007.315,3981.915,3991.775,3.1807
1784221200000,3991.965,3992.715,3979.775,3984.485,2.9821
1784224800000,3984.515,3990.235,3976.155,3980.265,2.8975
1784228400000,3980.205,3985.995,3969.045,3979.655,2.8863
1784232000000,3979.855,3979.875,3971.635,3974.205,0.7682
1784239200000,3976.345,3980.085,3972.545,3977.745,0.4486
1784242800000,3977.755,3986.365,3974.555,3985.835,0.9447
1784246400000,3985.875,3991.575,3980.495,3991.575,2.0706
1784250000000,3991.545,3995.875,3978.835,3983.005,3.2211
1784253600000,3982.935,3987.275,3970.415,3978.805,2.5182
1784257200000,3978.935,4008.395,3978.395,3991.095,2.3517
1784260800000,3991.125,3991.395,3979.835,3981.425,1.8818
1784264400000,3981.425,3991.235,3975.105,3984.645,2.721
1784268000000,3984.625,4006.905,3984.625,3999.105,2.1644
1784271600000,3999.075,4002.455,3992.435,3992.555,2.1542
1784275200000,3992.725,3999.595,3987.595,3993.945,2.546
1784278800000,3993.945,4002.165,3992.555,3997.795,2.0633
1784282400000,3997.865,3998.785,3990.225,3990.635,1.9439
1784286000000,3990.635,3998.585,3989.735,3993.815,2.0647
1784289600000,3993.815,3995.285,3963.885,3965.915,2.6286
1784293200000,3965.995,4003.445,3959.485,3996.665,3.6806
1784296800000,3996.625,4004.115,3989.765,4000.905,3.8836
1784300400000,4000.885,4021.235,3997.455,4018.835,3.2801
1784304000000,4018.915,4023.645,4010.675,4014.735,2.0741
1784307600000,4014.815,4019.065,4008.195,4009.865,1.8626
1784311200000,4009.765,4015.905,4006.395,4011.115,1.9585
1784314800000,4011.145,4016.235,4002.085,4015.105,1.9289
1784318400000,4015.165,4017.935,4008.375,4013.975,0.6253
1784498400000,4002.785,4007.105,3993.215,3993.405,0.6842
1784502000000,3993.545,3995.905,3989.205,3995.165,0.67
1784505600000,3995.025,4009.775,3981.935,4008.235,1.5728
1784509200000,4008.265,4019.995,3995.515,4001.855,2.7703
1784512800000,4001.905,4028.845,4000.955,4021.635,2.7536
1784516400000,4021.545,4027.815,4018.365,4023.855,2.1907
1784520000000,4023.885,4026.515,4018.175,4018.545,1.3373
1784523600000,4018.725,4020.955,4005.145,4008.465,2.0973
1784527200000,4008.415,4011.545,4002.785,4003.525,1.7817
1784530800000,4003.615,4021.695,4001.815,4017.025,1.948
1784534400000,4017.125,4030.355,4017.125,4018.695,1.772
1784538000000,4018.685,4023.045,4014.625,4021.005,1.6131
1784541600000,4021.005,4025.345,4017.975,4023.925,1.4144
1784545200000,4023.945,4040.435,4019.575,4025.045,2.3124
1784548800000,4024.675,4024.995,4006.285,4007.925,2.486
1784552400000,4007.855,4017.185,4005.375,4005.565,2.9816
1784556000000,4005.485,4013.485,3998.035,4005.915,3.1235
1784559600000,4006.015,4019.325,4004.255,4011.625,2.8121
1784563200000,4011.605,4018.115,4001.385,4009.595,2.2742
1784566800000,4009.595,4012.915,4003.415,4005.005,2.0167
1784570400000,4005.025,4011.725,4003.005,4007.025,2.0211
1784574000000,4007.065,4017.855,4004.015,4006.755,2.2492
1784577600000,4006.695,4009.205,4005.515,4007.565,0.6112
1784584800000,4006.065,4010.495,3999.285,3999.755,0.5717
1784588400000,3999.945,4010.275,3999.535,4009.745,0.8018
1784592000000,4009.615,4026.805,4003.495,4024.495,2.1072
1784595600000,4024.455,4035.525,4017.945,4022.945,2.7373
1784599200000,4023.105,4044.655,4021.745,4037.715,2.0006
1784602800000,4037.765,4051.215,4036.295,4046.555,1.4287
1784606400000,4046.595,4051.415,4043.365,4049.195,0.9242
1784610000000,4049.195,4067.445,4045.895,4061.115,1.7044
1784613600000,4060.995,4083.735,4060.995,4077.965,1.8439
1784617200000,4078.035,4079.985,4067.455,4070.975,0.9525
1784620800000,4070.815,4072.255,4058.965,4062.605,1.0373
1784624400000,4062.715,4069.415,4060.735,4065.645,0.8958
1784628000000,4065.715,4069.835,4060.525,4062.715,1.1419
1784631600000,4062.725,4063.515,4054.185,4055.715,1.3536
1784635200000,4055.815,4065.655,4050.915,4053.495,2.0336
1784638800000,4053.715,4061.575,4044.165,4052.785,3.0835
1784642400000,4052.835,4073.725,4051.425,4068.205,3.2435
1784646000000,4068.225,4083.305,4065.265,4074.025,2.6045
1784649600000,4074.045,4078.925,4069.605,4071.255,1.6891
1784653200000,4071.255,4072.555,4066.535,4068.475,1.4718
1784656800000,4068.475,4086.775,4067.465,4081.995,1.7047
1784660400000,4082.135,4085.655,4079.785,4084.435,1.4836
1784664000000,4084.275,4086.265,4076.385,4076.995,0.4491
1784671200000,4077.815,4085.045,4076.425,4079.155,0.4611
1784674800000,4078.975,4082.595,4078.235,4080.375,0.3493
1784678400000,4080.485,4102.375,4076.325,4097.145,1.5517
1784682000000,4097.225,4123.705,4096.365,4121.855,2.5022
1784685600000,4121.885,4130.665,4118.535,4130.495,2.4604
1784689200000,4130.485,4141.465,4128.995,4130.575,2.119
1784692800000,4130.545,4131.025,4124.515,4126.655,1.4349
1784696400000,4126.685,4133.905,4122.715,4130.725,2.1147
1784700000000,4130.675,4135.065,4113.195,4116.135,2.0126
1784703600000,4116.165,4122.905,4109.025,4110.465,1.876
1784707200000,4110.425,4119.905,4110.415,4118.155,1.8391
1784710800000,4118.195,4122.215,4113.135,4114.795,1.6803
1784714400000,4115.045,4121.715,4114.765,4117.425,1.565
1784718000000,4117.395,4123.005,4112.465,4122.355,1.7033
1784721600000,4122.465,4134.195,4107.265,4112.785,2.2819
1784725200000,4112.865,4155.825,4112.615,4154.385,2.9992
1784728800000,4154.445,4163.325,4143.845,4148.285,3.2896
1784732400000,4148.265,4165.775,4148.245,4159.115,2.6617
1784736000000,4159.125,4159.335,4144.315,4146.715,2.0435
1784739600000,4146.765,4147.735,4138.105,4142.165,1.9999
1784743200000,4142.205,4142.785,4131.695,4135.865,2.3529
1784746800000,4135.845,4137.115,4128.735,4131.675,2.1624
1784750400000,4131.575,4137.725,4127.555,4130.345,1.0803
1784757600000,4122.235,4134.495,4116.314,4121.095,0.8711
1784761200000,4121.345,4134.015,4115.605,4133.095,1.0929
1784764800000,4133.185,4134.405,4124.795,4131.735,1.5498
1784768400000,4131.705,4140.895,4114.095,4117.595,2.9407
1784772000000,4117.505,4128.515,4111.815,4127.985,2.2763
1784775600000,4128.085,4132.935,4123.765,4124.325,1.7381
1784779200000,4124.305,4130.075,4119.725,4120.825,1.4194
1784782800000,4120.795,4130.395,4119.035,4123.735,1.9438
1784786400000,4123.785,4128.045,4116.535,4118.465,1.7042
1784790000000,4118.445,4119.355,4089.975,4095.325,2.2466
1784793600000,4095.195,4097.535,4086.785,4093.315,1.8336
1784797200000,4093.275,4099.315,4088.175,4089.665,1.635
1784800800000,4089.665,4095.185,4085.255,4093.025,1.5643
1784804400000,4093.135,4093.725,4072.755,4085.535,2.019
1784808000000,4085.325,4085.795,4060.835,4061.685,2.5468
1784811600000,4061.685,4067.155,4040.155,4043.115,3.776
1784815200000,4043.115,4061.585,4039.685,4057.715,3.529
1784818800000,4057.915,4059.345,4042.145,4048.525,2.9647
1784822400000,4048.585,4051.625,4045.545,4051.255,2.0681
1784826000000,4051.395,4054.465,4041.475,4041.625,2.2243
1784829600000,4041.585,4048.305,4040.235,4046.115,2.1632
1784833200000,4046.095,4051.085,4042.765,4049.475,2.0531
1784836800000,4049.655,4050.885,4047.175,4049.375,0.7592
1784844000000,4049.365,4050.455,4048.035,4048.905,0.2963
1784847600000,4048.895,4050.845,4046.285,4046.765,0.5922
1784851200000,4046.725,4050.795,4041.015,4049.715,1.549
1784854800000,4049.525,4050.435,4039.475,4043.375,2.3104
1784858400000,4043.345,4048.305,4022.755,4024.305,2.0543
1784862000000,4024.255,4033.295,4022.845,4029.045,1.5358
1784865600000,4028.645,4030.175,4025.215,4026.805,0.9905
1784869200000,4026.825,4032.025,4021.665,4022.725,1.749
1784872800000,4022.765,4038.955,4022.695,4035.535,1.5687
1784876400000,4035.575,4053.655,4034.895,4048.205,1.704
1784880000000,4048.545,4058.565,4044.965,4057.375,1.4132
1784883600000,4057.475,4060.615,4051.445,4059.655,1.1083
1784887200000,4059.935,4063.745,4057.055,4059.955,0.723
1784890800000,4060.075,4063.285,4051.195,4057.545,0.775
1784894400000,4057.665,4060.065,4051.475,4055.985,1.1766
1784898000000,4055.845,4068.365,4044.515,4066.915,1.9002
1784901600000,4067.275,4069.825,4055.595,4063.185,2.2469
1784905200000,4062.965,4081.895,4061.675,4077.175,2.1092
1784908800000,4077.145,4078.035,4063.895,4066.855,1.2408
1784912400000,4066.965,4069.685,4062.745,4063.165,1.1286
1784916000000,4063.165,4064.325,4050.815,4054.185,0.9992
1784919600000,4054.265,4057.735,4048.995,4053.465,1.0685
1784923200000,4053.565,4055.795,4049.125,4049.125,0.3472
1785103200000,4088.645,4097.195,4082.095,4084.675,0.477
1785106800000,4084.675,4096.045,4080.625,4093.845,0.2756
1785110400000,4094.115,4116.145,4090.275,4100.335,0.7909
1785114000000,4100.225,4112.385,4096.675,4109.865,1.5188
1785117600000,4110.025,4110.795,4093.315,4093.435,1.0366
1785121200000,4093.165,4095.565,4084.365,4090.645,0.7877
1785124800000,4090.745,4092.755,4086.675,4089.935,0.5966
1785128400000,4090.075,4094.535,4084.145,4092.965,0.8326
1785132000000,4092.995,4099.075,4091.015,4095.845,0.7094
1785135600000,4095.775,4105.865,4088.435,4088.605,1.0874
1785139200000,4088.875,4096.695,4086.875,4095.005,1.0254
1785142800000,4094.845,4100.175,4090.075,4095.915,0.7118
1785146400000,4095.915,4102.165,4086.355,4099.345,0.767
1785150000000,4099.425,4103.895,4093.555,4093.695,0.8316
1785153600000,4093.825,4097.435,4081.495,4083.475,1.3232
1785157200000,4083.565,4089.405,4070.125,4073.995,2.5239
1785160800000,4074.085,4078.975,4065.065,4075.925,2.5429
1785164400000,4075.945,4079.735,4071.575,4078.285,1.9135
1785168000000,4078.295,4093.695,4077.645,4082.055,1.5982
1785171600000,4082.215,4082.215,4070.335,4076.125,1.3538
1785175200000,4076.245,4079.355,4072.635,4077.605,1.1404
1785178800000,4077.725,4089.245,4075.915,4083.075,1.0048
1785182400000,4083.135,4083.805,4074.995,4076.565,0.3125
1785189600000,4077.045,4081.765,4069.725,4073.305,0.1927
1785193200000,4073.135,4074.805,4069.585,4073.075,0.2488
1785196800000,4072.955,4073.855,4057.205,4057.635,0.8623
1785200400000,4057.455,4060.075,4042.365,4044.865,1.2064
1785204000000,4045.155,4048.835,4040.605,4041.915,0.8459
1785207600000,4041.705,4051.035,4040.185,4049.135,0.7004
1785211200000,4049.005,4049.485,4041.125,4042.085,0.529
1785214800000,4041.675,4046.455,4034.415,4044.975,0.7413
1785218400000,4044.955,4052.235,4042.755,4048.125,0.4868
1785222000000,4047.965,4052.315,4045.875,4047.055,0.4562
1785225600000,4046.855,4055.015,4041.375,4045.255,0.5946
1785229200000,4045.115,4045.745,4018.985,4023.345,0.4867
1785232800000,4023.155,4028.345,4016.695,4026.295,0.5257
1785236400000,4026.405,4032.115,4022.815,4027.825,0.6091
1785240000000,4027.745,4037.965,4022.605,4028.935,0.6024
1785243600000,4028.935,4035.865,4020.045,4021.975,1.3617
1785247200000,4021.975,4033.345,4011.335,4024.235,2.0537
1785250800000,4024.235,4047.025,4022.125,4045.985,1.6914
1785254400000,4045.935,4046.365,4036.405,4037.305,1.0332
1785258000000,4037.445,4041.495,4025.625,4027.675,1.1706
1785261600000,4027.805,4030.175,4021.515,4022.865,1.1351
1785265200000,4022.895,4027.905,4021.645,4026.225,0.9105
1785268800000,4026.115,4030.295,4022.355,4027.875,0.3595
1785276000000,4024.565,4029.855,4013.785,4017.765,0.2226
1785279600000,4017.815,4025.965,4014.655,4024.615,0.3998
1785283200000,4024.745,4029.475,4017.105,4021.635,1.0888
1785286800000,4021.515,4030.445,4010.055,4025.695,1.7556
1785290400000,4025.865,4037.835,4022.875,4029.255,1.0894
1785294000000,4029.055,4032.755,4022.885,4023.285,0.7551
1785297600000,4023.315,4027.375,4020.235,4026.955,0.8286
1785301200000,4027.105,4039.755,4026.325,4032.745,0.987
1785304800000,4032.805,4044.605,4032.805,4040.995,0.5792
1785308400000,4041.125,4047.635,4040.765,4043.575,0.9162
1785312000000,4043.485,4044.255,4035.285,4037.455,0.9344
1785315600000,4037.825,4038.245,4031.135,4032.585,0.8176
1785319200000,4032.505,4034.265,4025.765,4027.295,0.8347
1785322800000,4027.345,4036.035,4024.695,4032.615,0.8054
1785326400000,4032.615,4033.305,4008.975,4022.435,1.5521
1785330000000,4022.665,4026.265,4002.275,4007.025,2.3935
1785333600000,4007.055,4009.955,3995.655,4004.655,2.6207
1785337200000,4004.635,4013.555,4003.215,4009.585,1.8811
1785340800000,4009.815,4032.595,4007.465,4027.055,1.5716
1785344400000,4027.005,4050.445,4026.985,4042.625,2.0191
1785348000000,4042.775,4109.595,4040.835,4106.445,2.4951
1785351600000,4106.985,4116.105,4044.185,4044.585,2.0221
1785355200000,4044.365,4069.685,4042.465,4066.585,0.8063
1785362400000,4063.105,4090.265,4062.795,4087.355,0.4156
1785366000000,4087.375,4099.225,4084.015,4084.245,0.5087
1785369600000,4084.745,4086.495,4064.465,4071.895,1.0533
1785373200000,4071.915,4092.735,4070.005,4084.385,2.0558
1785376800000,4084.315,4090.105,4063.035,4063.325,1.3598
1785380400000,4063.305,4069.825,4050.445,4058.585,1.4302
1785384000000,4058.535,4059.845,4044.125,4045.825,0.9952
1785387600000,4045.825,4051.265,4028.155,4033.465,1.5863
1785391200000,4033.505,4040.425,4029.135,4036.505,1.0025
1785394800000,4036.085,4051.195,4035.175,4038.765,1.8043
1785398400000,4038.705,4072.675,4036.595,4061.175,1.8811
1785402000000,4061.285,4072.935,4060.155,4063.115,1.4312
1785405600000,4063.275,4083.095,4062.845,4077.845,1.6472
1785409200000,4077.715,4082.835,4075.465,4077.555,1.3171
1785412800000,4077.535,4086.415,4066.935,4068.755,1.9931
1785416400000,4068.895,4112.495,4064.895,4112.055,2.657
1785420000000,4111.845,4120.16,4086.775,4099.865,1.8281
1785423600000,4099.865,4109.935,4082.965,4108.025,2.4978
1785427200000,4108.025,4119.105,4106.465,4110.525,1.7111
1785430800000,4110.545,4111.075,4098.115,4102.435,1.6691
1785434400000,4102.455,4107.585,4098.535,4099.465,1.2965
1785438000000,4099.415,4115.175,4098.625,4111.775,1.3409
1785441600000,4111.825,4117.185,4098.835,4102.795,0.8784
1785448800000,4104.315,4111.295,4100.675,4108.675,0.2754
1785452400000,4108.675,4111.305,4101.735,4105.605,0.3571
1785456000000,4105.865,4106.755,4090.105,4094.405,0.8514
1785459600000,4094.555,4101.325,4081.635,4084.245,1.259
1785463200000,4084.265,4090.295,4073.755,4075.845,0.8291
1785466800000,4075.475,4079.445,4071.595,4074.855,0.6928
1785470400000,4074.855,4081.055,4072.815,4079.865,0.4935
1785474000000,4079.845,4083.075,4073.085,4073.965,0.6895
1785477600000,4074.065,4087.205,4072.575,4077.375,0.6536
1785481200000,4077.235,4079.015,4067.415,4067.455,1.0325
1785484800000,4067.885,4067.954,4054.105,4060.865,1.2704
1785488400000,4060.835,4063.775,4050.125,4054.895,1.1689
1785492000000,4054.835,4058.205,4051.815,4054.315,0.7672
1785495600000,4054.205,4060.865,4050.295,4053.425,1.0916
1785499200000,4053.905,4059.235,4040.425,4040.705,1.4644
1785502800000,4040.615,4046.815,4021.985,4025.295,2.5259
1785506400000,4025.275,4050.065,4020.545,4049.005,2.9041
1785510000000,4049.105,4052.505,4036.545,4045.375,2.5052
1785513600000,4045.375,4049.765,4041.035,4043.185,1.6418
1785517200000,4043.195,4054.565,4041.325,4053.445,1.7337
1785520800000,4053.275,4055.025,4046.905,4050.565,1.2067
1785524400000,4050.535,4055.535,4046.725,4050.695,1.1766
1785528000000,4050.685,4052.705,4035.085,4043.235,0.8477
1785708000000,4081.935,4081.935,4059.025,4059.385,0.5737
1785711600000,4059.085,4074.775,4058.945,4074.775,0.295
1785715200000,4074.665,4079.155,4055.395,4056.725,0.8906
1785718800000,4056.885,4063.165,4047.085,4056.375,1.563
1785722400000,4056.485,4066.995,4051.865,4062.105,1.085
1785726000000,4062.235,4067.795,4058.915,4064.845,0.7845
1785729600000,4064.935,4071.595,4063.505,4063.535,0.5693
1785733200000,4063.545,4069.705,4053.855,4068.645,1.042
1785736800000,4068.645,4071.695,4060.265,4063.815,0.7127
1785740400000,4063.655,4065.095,4051.915,4060.875,1.2256
1785744000000,4060.865,4062.285,4054.065,4059.255,1.0609
1785747600000,4058.995,4061.985,4046.275,4055.115,1.0101
1785751200000,4055.235,4056.885,4045.655,4049.145,0.8557
1785754800000,4049.235,4062.895,4045.285,4062.295,1.0429
1785758400000,4062.405,4064.415,4042.015,4047.445,1.3517
1785762000000,4047.595,4053.425,4018.915,4031.605,2.4931
1785765600000,4029.915,4039.125,4026.435,4036.055,2.0434
1785769200000,4036.075,4040.825,4030.185,4035.865,1.6813
1785772800000,4035.925,4039.075,4034.415,4036.745,1.1486
1785776400000,4036.855,4037.695,4030.025,4030.345,1.0909
1785780000000,4030.425,4044.875,4029.465,4043.325,1.0163
1785783600000,4043.325,4055.705,4043.275,4051.835,1.1283
1785787200000,4051.835,4058.015,4049.935,4054.405,0.3663
1785794400000,4048.785,4054.215,4048.445,4052.415,0.1379
1785798000000,4052.305,4054.525,4049.795,4053.785,0.2424
1785801600000,4053.555,4069.015,4048.475,4048.945,0.8107
1785805200000,4048.445,4061.695,4042.345,4058.375,1.2638
1785808800000,4058.475,4064.935,4055.405,4058.665,0.9631
1785812400000,4058.555,4061.515,4051.845,4052.325,0.7801
1785816000000,4052.325,4065.915,4050.825,4063.605,0.6173
1785819600000,4063.835,4067.555,4056.825,4061.575,0.8522
1785823200000,4061.615,4065.915,4055.535,4063.225,0.5832
1785826800000,4063.115,4066.645,4060.565,4065.295,0.9138
1785830400000,4065.335,4072.765,4054.315,4054.905,1.115
1785834000000,4054.795,4055.205,4045.815,4049.665,0.8968
1785837600000,4049.765,4060.545,4045.385,4053.615,1.029
1785841200000,4053.635,4084.115,4052.175,4074.815,1.6422
1785844800000,4074.975,4084.265,4060.715,4070.685,1.7865
1785848400000,4070.815,4094.055,4060.945,4083.685,2.4275
1785852000000,4083.745,4091.755,4074.215,4083.365,2.1604
1785855600000,4083.485,4088.675,4074.465,4087.155,1.7836
1785859200000,4087.235,4093.455,4082.855,4093.195,1.3152
1785862800000,4093.105,4106.402,4085.945,4085.945,1.512
1785866400000,4085.925,4088.925,4075.065,4079.655,1.2339
1785870000000,4079.745,4084.635,4076.055,4078.315,0.9571
1785873600000,4078.315,4080.095,4074.405,4077.495,0.5595
1785880800000,4075.655,4085.715,4074.895,4075.265,0.342
1785884400000,4075.515,4076.675,4065.065,4072.215,0.5487
1785888000000,4072.325,4083.315,4070.215,4082.155,0.7655
1785891600000,4082.185,4102.305,4077.235,4101.085,1.2778
1785895200000,4101.185,4135.085,4095.175,4128.905,1.61
1785898800000,4128.855,4136.225,4126.515,4127.985,0.9158
1785902400000,4127.955,4141.165,4127.955,4135.265,0.7067
1785906000000,4135.155,4172.645,4134.385,4161.15,1.4005
1785909600000,4161.072,4178.215,4159.995,4177.425,0.941
1785913200000,4177.665,4179.345,4162.105,4170.685,1.258
1785916800000,4170.645,4172.425,4158.885,4160.385,1.0145
1785920400000,4160.535,4167.065,4152.925,4157.845,1.028
1785924000000,4157.875,4161.465,4150.145,4161.335,0.795
1785927600000,4161.345,4192.375,4160.715,4188.495,1.2965
1785931200000,4188.495,4213.265,4182.905,4183.695,1.8837
1785934800000,4183.695,4206.405,4183.555,4205.565,2.1663
1785938400000,4203.995,4247.355,4203.115,4243.945,2.8345
1785942000000,4243.945,4264.915,4231.975,4232.515,2.2822
1785945600000,4232.555,4247.175,4224.515,4242.015,1.7368
1785949200000,4242.235,4252.205,4236.615,4249.885,1.3531
1785952800000,4249.535,4267.715,4248.775,4260.665,1.1138
1785956400000,4260.785,4262.055,4245.955,4246.705,1.0909
1785960000000,4246.655,4249.405,4242.825,4246.805,0.3021
1785967200000,4247.545,4253.795,4245.345,4249.035,0.2647
1785970800000,4249.075,4281.795,4248.195,4277.985,0.5173
1785974400000,4277.985,4300.005,4264.185,4294.505,1.2804
1785978000000,4294.385,4302.515,4272.465,4286.055,2.1086
1785981600000,4286.235,4303.745,4274.755,4278.245,1.5897
1785985200000,4278.305,4280.725,4260.015,4265.345,1.1804
1785988800000,4265.155,4267.065,4252.355,4261.795,0.8765
1785992400000,4261.525,4268.245,4246.925,4266.805,1.2798
1785996000000,4266.935,4268.365,4248.975,4255.875,0.7926
1785999600000,4255.815,4265.215,4252.555,4262.525,1.0637
1786003200000,4262.635,4278.705,4260.015,4278.065,1.2722
1786006800000,4278.055,4284.555,4270.975,4272.735,1.1007
1786010400000,4272.735,4273.295,4264.245,4270.635,0.9026
1786014000000,4270.645,4273.305,4253.905,4263.205,1.2657
1786017600000,4263.205,4270.565,4248.655,4249.945,1.535
1786021200000,4249.915,4273.965,4230.085,4266.865,2.6423
1786024800000,4266.905,4275.165,4259.925,4272.775,2.3442
1786028400000,4272.875,4274.195,4229.345,4233.555,2.305
1786032000000,4233.605,4242.905,4223.225,4241.205,2.3084
1786035600000,4241.255,4248.005,4238.235,4246.925,1.3673
1786039200000,4247.205,4249.485,4240.515,4243.235,0.9934
1786042800000,4243.345,4251.195,4232.745,4248.645,1.3503
1786046400000,4248.645,4249.885,4234.495,4239.485,0.5245
1786053600000,4237.015,4243.405,4235.475,4240.195,0.1686
1786057200000,4239.915,4252.945,4239.735,4251.925,0.3402
1786060800000,4252.015,4252.355,4229.385,4232.365,1.2274
1786064400000,4232.545,4259.145,4231.575,4256.455,1.6744
1786068000000,4256.595,4261.585,4246.855,4250.295,1.1042
1786071600000,4250.115,4266.055,4249.275,4265.815,0.8668
1786075200000,4265.965,4268.905,4260.425,4264.715,0.8376
1786078800000,4264.595,4280.355,4261.545,4278.465,1.171
1786082400000,4278.555,4298.575,4278.075,4296.975,1.0692
1786086000000,4297.035,4297.745,4282.735,4289.915,1.078
1786089600000,4289.935,4316.575,4288.835,4305.895,1.3733
1786093200000,4306.005,4320.585,4302.145,4315.855,1.2169
1786096800000,4315.845,4320.535,4307.835,4316.645,0.9502
1786100400000,4316.745,4327.645,4316.625,4320.995,1.2871
1786104000000,4320.965,4371.695,4300.825,4361.245,2.4132
1786107600000,4361.245,4367.715,4338.865,4348.035,2.902
1786111200000,4348.125,4352.675,4327.125,4341.305,3.0277
1786114800000,4341.315,4358.285,4339.555,4340.785,2.1976
1786118400000,4340.795,4349.465,4328.915,4328.915,1.9829
1786122000000,4328.985,4343.045,4327.535,4340.055,1.5148
1786125600000,4340.035,4342.775,4331.925,4335.245,1.118
1786129200000,4335.075,4350.115,4335.075,4343.855,1.6037
1786132800000,4343.975,4345.165,4335.745,4340.395,0.5528
