timestamp,open,high,low,close,volume
1767308400000,4323.698,4335.055,4323.198,4330.625,0.2517
1767309300000,4330.555,4342.505,4327.865,4339.515,0.2042
1767310200000,4339.605,4345.505,4338.015,4344.965,0.1699
1767311100000,4345.025,4351.005,4341.528,4347.805,0.2373
1767312000000,4347.798,4352.725,4344.095,4347.715,0.2048
1767312900000,4347.675,4349.185,4341.075,4346.605,0.2313
1767313800000,4346.598,4350.595,4346.248,4349.375,0.5433
1767314700000,4349.435,4355.545,4349.375,4353.715,0.416
1767315600000,4353.695,4355.575,4345.045,4346.315,0.4366
1767316500000,4346.445,4349.655,4344.295,4348.975,0.5438
1767317400000,4348.975,4351.295,4345.325,4346.215,0.616
1767318300000,4346.475,4354.295,4345.815,4347.685,0.3906
1767319200000,4347.635,4351.825,4345.475,4346.675,0.2437
1767320100000,4346.695,4348.215,4344.735,4347.645,0.3857
1767321000000,4347.675,4353.095,4345.475,4351.205,0.4607
1767321900000,4351.205,4362.915,4350.915,4362.585,0.5632
1767322800000,4362.555,4371.585,4361.785,4368.765,0.4457
1767323700000,4368.745,4370.665,4365.365,4368.728,0.5152
1767324600000,4368.728,4374.535,4367.805,4373.425,0.5559
1767325500000,4373.335,4375.398,4371.655,4374.748,0.6445
1767326400000,4374.759,4378.135,4373.548,4374.555,0.4649
1767327300000,4374.525,4375.955,4371.215,4373.345,0.4126
1767328200000,4373.335,4375.175,4371.315,4375.095,0.4732
1767329100000,4375.105,4375.645,4371.038,4372.898,0.3096
1767330000000,4373.215,4379.998,4370.598,4377.395,0.4319
1767330900000,4377.435,4379.765,4375.005,4378.255,0.4632
1767331800000,4378.205,4379.475,4377.435,4378.405,0.2364
1767332700000,4378.425,4381.495,4377.975,4380.335,0.2506
1767333600000,4380.345,4380.548,4373.598,4374.865,0.2412
1767334500000,4374.745,4379.885,4373.308,4379.625,0.3749
1767335400000,4379.595,4379.595,4373.865,4373.868,0.2824
1767336300000,4373.885,4375.925,4372.965,4374.315,0.3301
1767337200000,4374.355,4377.775,4372.035,4377.045,0.3238
1767338100000,4377.075,4377.235,4371.635,4373.465,0.3968
1767339000000,4373.435,4380.415,4371.945,4375.575,0.3223
1767339900000,4375.525,4383.165,4375.115,4382.525,0.3622
1767340800000,4382.545,4386.155,4380.555,4384.565,0.3362
1767341700000,4384.498,4385.398,4381.298,4384.898,0.3334
1767342600000,4384.898,4390.198,4383.798,4390.198,0.4772
1767343500000,4390.098,4397.315,4386.335,4386.598,0.5295
1767344400000,4386.598,4390.698,4385.748,4389.675,0.546
1767345300000,4389.648,4391.248,4382.858,4388.405,0.632
1767346200000,4388.405,4389.565,4386.508,4388.355,0.317
1767347100000,4388.355,4389.115,4384.638,4385.055,0.3371
1767348000000,4385.085,4388.198,4384.198,4387.698,0.4243
1767348900000,4387.635,4389.458,4385.248,4385.948,0.377
1767349800000,4385.948,4396.325,4384.328,4393.415,0.4975
1767350700000,4393.475,4398.235,4393.345,4395.818,0.3251
1767351600000,4395.915,4397.495,4393.555,4394.795,0.2704
1767352500000,4394.748,4398.998,4393.845,4394.015,0.3097
1767353400000,4394.015,4395.198,4391.238,4394.598,0.3394
1767354300000,4394.615,4395.138,4390.245,4392.535,0.3959
1767355200000,4392.565,4396.805,4390.598,4394.815,0.3853
1767356100000,4394.815,4397.875,4392.628,4393.015,0.3318
1767357000000,4392.935,4394.295,4384.705,4387.585,0.437
1767357900000,4387.595,4394.418,4385.025,4393.978,0.5201
1767358800000,4393.978,4400.808,4392.218,4399.425,1.5351
1767359700000,4399.425,4401.928,4372.855,4374.325,1.6108
1767360600000,4374.125,4377.035,4365.545,4372.375,0.6093
1767361500000,4372.325,4377.615,4361.695,4365.785,0.5394
1767362400000,4365.905,4372.525,4364.375,4369.995,0.4311
1767363300000,4370.025,4373.495,4366.698,4368.215,0.4989
1767364200000,4368.175,4370.025,4347.635,4356.125,1.0483
1767365100000,4356.195,4362.955,4352.105,4353.275,0.8048
1767366000000,4352.955,4356.905,4333.485,4340.595,0.8708
1767366900000,4340.565,4342.555,4330.065,4336.335,0.9096
1767367800000,4336.435,4346.595,4331.425,4345.935,0.6971
1767368700000,4345.915,4346.865,4333.345,4335.095,0.7902
1767369600000,4335.055,4337.095,4320.175,4322.335,0.8966
1767370500000,4322.275,4324.785,4314.845,4321.495,0.8385
1767371400000,4321.105,4327.948,4314.925,4325.555,0.7358
1767372300000,4325.595,4328.155,4321.245,4326.335,0.7813
1767373200000,4326.305,4333.215,4324.609,4329.975,0.6435
1767374100000,4330.015,4332.895,4323.805,4328.545,0.516
1767375000000,4328.605,4331.105,4323.085,4326.155,0.5824
1767375900000,4326.175,4327.865,4322.475,4322.825,0.6077
1767376800000,4322.785,4323.425,4312.275,4314.155,0.5466
1767377700000,4314.115,4321.435,4310.008,4318.315,0.6508
1767378600000,4318.285,4319.275,4309.618,4312.275,0.518
1767379500000,4312.305,4315.515,4311.815,4314.955,0.5054
1767380400000,4315.325,4321.905,4315.325,4321.235,0.4506
1767381300000,4321.485,4322.925,4316.115,4318.225,0.4389
1767382200000,4318.355,4326.005,4317.905,4322.425,0.4661
1767383100000,4322.375,4322.625,4317.165,4317.845,0.467
1767384000000,4317.815,4321.255,4316.925,4319.735,0.5363
1767384900000,4319.169,4329.195,4318.575,4328.265,0.608
1767385800000,4328.165,4329.065,4325.125,4326.625,0.5205
1767386700000,4326.595,4331.345,4326.165,4331.325,0.5557
1767387600000,4331.405,4331.595,4326.635,4328.715,0.4006
1767388500000,4328.715,4329.525,4327.525,4328.645,0.1492
1767389400000,4328.595,4330.155,4327.075,4328.345,0.1519
1767390300000,4328.275,4333.165,4328.225,4331.575,0.3
1767567600000,4360.875,4370.175,4344.425,4369.665,0.8354
1767568500000,4369.635,4372.025,4360.655,4366.545,0.8215
1767569400000,4366.525,4366.525,4354.045,4361.955,0.3402
1767570300000,4361.965,4375.665,4361.095,4372.345,0.5333
1767571200000,4372.275,4379.685,4370.025,4377.625,0.3749
1767572100000,4377.625,4389.198,4377.195,4386.555,0.6666
1767573000000,4386.548,4396.475,4385.315,4387.675,0.6551
1767573900000,4387.625,4395.865,4384.648,4394.765,0.6649
1767574800000,4394.905,4421.195,4394.195,4402.615,1.4133
1767575700000,4402.535,4405.035,4393.685,4395.725,1.1624
1767576600000,4395.758,4404.755,4392.775,4404.045,1.0328
1767577500000,4404.105,4406.605,4390.558,4401.655,1.1559
1767578400000,4401.695,4404.815,4388.365,4393.875,1.1257
1767579300000,4393.869,4402.635,4392.105,4401.765,0.7638
1767580200000,4401.715,4406.648,4399.465,4399.505,0.9683
1767581100000,4400.075,4409.095,4398.145,4404.985,1.2347
1767582000000,4404.948,4413.875,4404.855,4410.295,0.9572
1767582900000,4410.355,4412.395,4405.885,4407.175,0.6689
1767583800000,4407.155,4410.365,4403.155,4409.305,0.6398
1767584700000,4409.275,4409.925,4399.485,4399.615,0.6195
1767585600000,4399.645,4404.155,4397.005,4399.785,0.4047
1767586500000,4399.745,4406.135,4399.665,4404.645,0.2978
1767587400000,4404.675,4407.405,4403.915,4405.495,0.3857
1767588300000,4405.535,4408.055,4403.415,4403.865,0.4294
1767589200000,4403.835,4408.725,4403.538,4407.875,0.3866
1767590100000,4407.925,4412.465,4406.848,4412.245,0.3781
1767591000000,4412.215,4414.335,4401.648,4401.648,0.6865
1767591900000,4401.648,4412.195,4400.978,4412.185,0.7159
1767592800000,4412.125,4419.835,4411.025,4417.869,0.799
1767593700000,4417.889,4425.975,4415.489,4423.655,1.4873
1767594600000,4424.055,4426.095,4415.965,4419.795,0.9891
1767595500000,4419.755,4421.905,4417.835,4420.235,1.2754
1767596400000,4420.205,4423.685,4416.475,4419.795,0.6222
1767597300000,4419.785,4423.135,4418.535,4420.128,0.4196
1767598200000,4420.108,4424.695,4418.248,4424.255,0.6817
1767599100000,4424.245,4424.318,4419.688,4421.465,1.0252
1767600000000,4421.465,4424.948,4419.025,4424.135,1.1235
1767600900000,4424.085,4429.915,4424.085,4426.298,1.0591
1767601800000,4426.275,4430.735,4423.195,4429.835,0.5458
1767602700000,4429.835,4433.675,4429.725,4429.885,0.4155
1767603600000,4429.655,4431.845,4425.798,4430.395,0.4949
1767604500000,4430.415,4434.148,4429.655,4432.265,0.4294
1767605400000,4432.255,4438.025,4430.725,4437.309,0.539
1767606300000,4437.309,4437.815,4433.475,4434.525,1.1241
1767607200000,4434.485,4434.948,4430.505,4432.828,0.6091
1767608100000,4432.828,4436.325,4430.959,4432.848,0.4075
1767609000000,4432.795,4438.785,4432.538,4434.885,0.3111
1767609900000,4434.885,4439.675,4434.068,4436.085,0.5021
1767610800000,4436.115,4437.305,4430.005,4432.955,1.1948
1767611700000,4433.005,4433.415,4410.285,4416.925,0.7111
1767612600000,4416.945,4424.405,4414.848,4423.965,0.5023
1767613500000,4423.915,4425.885,4417.905,4419.035,0.4639
1767614400000,4419.065,4421.225,4416.525,4417.675,0.5994
1767615300000,4417.675,4418.345,4413.545,4415.379,0.5884
1767616200000,4415.375,4416.835,4406.095,4409.755,0.4642
1767617100000,4409.715,4412.185,4405.265,4409.455,0.5377
1767618000000,4409.485,4418.765,4406.985,4408.945,0.7712
1767618900000,4408.985,4413.135,4396.415,4399.385,0.8235
1767619800000,4399.315,4414.055,4396.045,4411.928,0.8158
1767620700000,4411.928,4417.125,4411.175,4416.635,0.5728
1767621600000,4416.685,4428.305,4416.685,4426.025,0.682
1767622500000,4426.055,4429.548,4419.975,4420.835,0.6974
1767623400000,4420.905,4429.725,4417.598,4429.545,1.0127
1767624300000,4429.415,4442.575,4427.785,4435.998,1.16
1767625200000,4435.998,4455.425,4435.998,4448.995,1.0623
1767626100000,4449.015,4452.325,4441.908,4444.348,0.8905
1767627000000,4444.348,4447.605,4435.345,4447.115,0.8258
1767627900000,4447.165,4449.615,4440.335,4448.275,0.6764
1767628800000,4448.255,4451.235,4438.125,4446.275,0.634
1767629700000,4446.275,4448.555,4439.748,4440.518,0.4886
1767630600000,4440.448,4445.698,4439.748,4444.898,0.5342
1767631500000,4444.845,4454.125,4440.565,4441.535,0.5378
1767632400000,4441.815,4442.225,4432.095,4442.195,0.7111
1767633300000,4442.175,4448.855,4442.025,4445.845,0.4847
1767634200000,4445.785,4447.398,4437.475,4439.235,0.4697
1767635100000,4439.205,4445.455,4438.835,4443.325,0.5603
1767636000000,4443.295,4448.005,4441.628,4446.945,0.5082
1767636900000,4446.975,4448.305,4439.475,4441.015,0.4577
1767637800000,4440.825,4445.625,4440.705,4443.285,0.3473
1767638700000,4443.348,4448.348,4442.445,4448.348,0.2895
1767639600000,4448.348,4449.075,4434.585,4439.765,0.6244
1767640500000,4439.705,4442.715,4437.498,4441.535,0.3485
1767641400000,4441.515,4445.548,4440.935,4442.405,0.3261
1767642300000,4442.435,4443.915,4438.198,4439.485,0.3691
1767643200000,4439.448,4445.195,4438.785,4443.635,0.4008
1767644100000,4443.655,4446.715,4442.575,4445.395,0.3738
1767645000000,4445.375,4445.375,4437.735,4437.865,0.4103
1767645900000,4437.945,4445.709,4437.875,4444.555,0.5625
1767646800000,4444.545,4447.955,4444.545,4446.748,0.7954
1767647700000,4446.755,4446.755,4443.058,4445.195,0.402
1767648600000,4445.195,4448.048,4445.048,4445.748,0.2991
1767649500000,4445.848,4449.165,4445.098,4448.345,0.1318
1767654000000,4446.615,4459.815,4446.615,4451.135,0.2552
1767654900000,4451.125,4453.225,4448.345,4448.658,0.1936
1767655800000,4448.645,4449.975,4438.465,4442.745,0.2481
1767656700000,4442.745,4443.845,4436.555,4440.285,0.1959
1767657600000,4440.285,4441.455,4436.185,4440.198,0.255
1767658500000,4440.198,4442.415,4439.148,4440.675,0.1993
1767659400000,4440.695,4444.548,4429.988,4436.385,0.4393
1767660300000,4436.435,4438.005,4434.425,4436.285,0.3275
1767661200000,4436.325,4442.105,4427.725,4441.735,0.8081
1767662100000,4441.685,4444.115,4433.615,4434.785,0.6986
1767663000000,4434.755,4443.145,4432.515,4439.055,0.648
1767663900000,4439.045,4452.145,4438.185,4450.325,0.7345
1767664800000,4450.465,4460.109,4448.395,4459.225,0.8855
1767665700000,4459.195,4460.655,4456.205,4460.125,0.57
1767666600000,4460.105,4461.125,4448.395,4453.335,0.8332
1767667500000,4453.305,4457.305,4451.485,4454.695,0.5129
1767668400000,4454.695,4465.325,4453.875,4462.405,0.6068
1767669300000,4462.345,4467.785,4461.715,4463.385,0.778
1767670200000,4463.425,4467.315,4462.875,4465.945,0.3263
1767671100000,4465.875,4467.885,4464.295,4467.305,0.29
1767672000000,4467.298,4468.235,4464.355,4465.465,0.5762
1767672900000,4465.465,4467.135,4462.905,4464.435,1.2426
1767673800000,4464.465,4466.135,4461.475,4462.415,0.2227
1767674700000,4462.445,4468.275,4462.255,4467.205,0.4445
1767675600000,4467.175,4469.305,4466.795,4466.945,0.4044
1767676500000,4466.945,4470.465,4466.475,4469.525,0.7714
1767677400000,4469.465,4473.915,4461.405,4462.765,1.0115
1767678300000,4463.015,4464.498,4449.198,4451.725,1.1577
1767679200000,4452.115,4458.165,4451.205,4456.645,0.5526
1767680100000,4456.665,4461.095,4455.235,4461.005,0.5858
1767681000000,4461.045,4465.515,4458.805,4463.325,0.5371
1767681900000,4463.325,4466.655,4460.885,4465.595,0.4963
1767682800000,4465.565,4470.035,4463.975,4468.135,0.4343
1767683700000,4468.115,4469.425,4461.185,4464.218,0.309
1767684600000,4464.218,4466.945,4463.225,4464.255,0.253
1767685500000,4464.225,4466.135,4456.695,4459.125,0.4803
1767686400000,4459.105,4463.335,4456.975,4461.755,0.5451
1767687300000,4461.765,4475.485,4461.525,4470.648,0.444
1767688200000,4470.535,4472.348,4464.195,4465.435,0.6719
1767689100000,4465.395,4469.148,4464.705,4467.948,1.3444
1767690000000,4467.948,4468.185,4453.318,4457.648,1.2072
1767690900000,4457.648,4457.935,4451.775,4456.379,1.465
1767691800000,4456.348,4456.665,4453.445,4455.585,0.902
1767692700000,4455.545,4455.875,4444.498,4446.055,1.4291
1767693600000,4446.085,4452.065,4442.095,4449.905,0.5904
1767694500000,4449.875,4452.268,4448.275,4449.798,0.3953
1767695400000,4449.838,4455.549,4448.098,4450.679,0.9908
1767696300000,4450.709,4452.855,4448.908,4451.455,0.611
1767697200000,4451.425,4452.915,4449.515,4450.455,0.3324
1767698100000,4450.455,4455.405,4448.285,4455.185,0.787
1767699000000,4455.185,4462.148,4454.505,4461.848,0.7109
1767699900000,4461.809,4464.198,4459.438,4462.948,0.9025
1767700800000,4463.048,4464.375,4461.348,4461.858,1.0317
1767701700000,4461.858,4465.395,4461.118,4464.098,0.7889
1767702600000,4464.148,4466.065,4458.478,4461.639,1.4207
1767703500000,4461.609,4464.615,4459.255,4463.365,0.5319
1767704400000,4463.345,4467.769,4459.405,4465.159,1.4463
1767705300000,4465.189,4470.175,4457.125,4458.835,1.4089
1767706200000,4458.875,4461.875,4455.165,4460.835,1.1262
1767707100000,4460.815,4468.095,4453.535,4467.695,0.9486
1767708000000,4467.735,4472.255,4466.025,4471.488,0.9781
1767708900000,4471.305,4472.998,4464.165,4466.445,1.0357
1767709800000,4466.485,4482.848,4464.885,4479.045,1.312
1767710700000,4479.045,4489.448,4479.045,4487.425,1.2831
1767711600000,4487.255,4490.615,4478.795,4479.835,1.2519
1767712500000,4479.835,4482.978,4473.485,4480.579,1.6272
1767713400000,4480.579,4481.605,4462.955,4475.258,1.705
1767714300000,4475.258,4479.525,4471.145,4478.025,0.9682
1767715200000,4477.978,4482.848,4471.178,4478.485,1.0749
1767716100000,4478.498,4485.105,4477.355,4483.165,0.8273
1767717000000,4483.125,4488.575,4482.205,4487.825,0.7252
1767717900000,4487.805,4488.555,4483.958,4487.915,0.7891
1767718800000,4487.945,4489.975,4483.925,4488.125,0.7389
1767719700000,4488.085,4489.905,4485.725,4486.805,0.6243
1767720600000,4486.775,4489.595,4481.345,4483.625,0.5904
1767721500000,4483.675,4491.248,4482.975,4489.148,0.657
1767722400000,4489.098,4491.308,4485.945,4490.875,0.9771
1767723300000,4490.835,4493.775,4483.955,4485.558,1.5296
1767724200000,4485.538,4487.545,4481.728,4485.905,1.2608
1767725100000,4485.898,4490.098,4485.875,4488.215,0.4315
1767726000000,4488.245,4489.165,4481.528,4481.905,0.9609
1767726900000,4481.985,4484.455,4477.195,4480.675,1.1287
1767727800000,4480.695,4483.385,4477.258,4481.295,0.8978
1767728700000,4481.375,4483.505,4478.865,4481.195,0.9576
1767729600000,4481.155,4486.625,4480.135,4485.115,1.3425
1767730500000,4485.115,4487.565,4484.425,4485.315,0.4584
1767731400000,4485.295,4489.935,4483.575,4489.475,0.7276
1767732300000,4489.505,4496.498,4488.298,4493.448,1.243
1767733200000,4493.448,4494.398,4491.548,4491.648,0.4273
1767734100000,4491.648,4494.298,4491.648,4493.698,0.1648
1767735000000,4493.745,4496.748,4493.598,4495.898,0.2381
1767735900000,4495.858,4497.048,4493.185,4493.185,0.2124
1767740400000,4494.298,4499.098,4494.298,4497.265,0.1962
1767741300000,4497.305,4500.348,4496.648,4498.198,0.2427
1767742200000,4498.135,4499.355,4494.755,4495.125,0.1401
1767743100000,4495.095,4496.035,4491.935,4493.235,0.2606
1767744000000,4493.185,4494.105,4490.045,4492.935,0.2435
1767744900000,4492.975,4493.235,4489.405,4490.875,0.2141
1767745800000,4491.105,4494.475,4487.845,4489.555,0.3391
1767746700000,4489.538,4491.945,4481.999,4491.735,0.6174
1767747600000,4491.695,4495.595,4468.945,4470.765,1.1754
1767748500000,4470.735,4478.705,4470.525,4476.865,0.7889
1767749400000,4476.885,4477.565,4464.568,4468.075,1.069
1767750300000,4468.095,4470.195,4460.625,4465.275,0.7907
1767751200000,4465.255,4475.065,4459.308,4472.075,1.2274
1767752100000,4472.035,4474.915,4468.009,4473.545,0.6872
1767753000000,4473.525,4478.085,4473.215,4475.548,0.6629
1767753900000,4475.548,4478.405,4473.455,4474.255,0.5115
1767754800000,4474.305,4476.835,4471.365,4474.395,0.5018
1767755700000,4474.455,4479.965,4472.405,4476.105,0.5655
1767756600000,4476.135,4478.625,4475.298,4478.075,0.3431
1767757500000,4478.055,4478.145,4473.445,4474.505,0.4567
1767758400000,4474.525,4475.755,4468.925,4470.165,0.4891
1767759300000,4470.138,4471.609,4465.665,4465.825,0.4244
1767760200000,4465.785,4468.229,4463.165,4464.899,0.4827
1767761100000,4464.899,4466.935,4463.515,4464.515,0.3406
1767762000000,4464.495,4466.678,4461.695,4465.605,0.4182
1767762900000,4465.635,4470.155,4465.015,4468.295,0.3924
1767763800000,4468.275,4469.005,4448.395,4452.159,0.914
1767764700000,4452.119,4454.195,4442.935,4453.975,0.7636
1767765600000,4453.975,4458.905,4452.575,4455.805,0.5244
1767766500000,4455.825,4460.105,4451.935,4454.705,0.6112
1767767400000,4454.725,4455.275,4443.385,4446.375,0.7486
1767768300000,4446.315,4450.735,4441.248,4443.798,0.6123
1767769200000,4443.798,4450.655,4441.375,4450.055,0.4798
1767770100000,4450.045,4454.695,4448.085,4454.655,0.4152
1767771000000,4454.675,4459.845,4453.355,4458.665,0.4294
1767771900000,4458.665,4464.625,4458.325,4460.935,0.3482
1767772800000,4460.785,4466.265,4459.085,4465.565,0.3887
1767773700000,4465.595,4468.485,4463.505,4464.995,0.3376
1767774600000,4465.025,4474.648,4463.855,4466.475,0.4224
1767775500000,4466.405,4470.465,4465.258,4468.075,0.3309
1767776400000,4467.895,4468.415,4459.215,4465.655,0.8353
1767777300000,4465.595,4467.135,4461.545,4462.095,0.7346
1767778200000,4461.855,4464.285,4460.695,4461.315,0.5291
1767779100000,4461.315,4465.445,4459.845,4463.215,0.6428
1767780000000,4463.165,4465.465,4461.105,4464.595,0.6725
1767780900000,4464.595,4466.445,4458.495,4459.695,0.7035
1767781800000,4459.695,4467.005,4458.548,4465.725,0.6481
1767782700000,4465.585,4467.475,4463.485,4464.095,0.249
1767783600000,4464.065,4464.745,4460.905,4461.515,0.2454
1767784500000,4461.485,4464.015,4454.945,4458.815,0.291
1767785400000,4458.875,4459.935,4450.155,4450.155,0.8049
1767786300000,4450.185,4454.385,4446.255,4447.135,0.4621
1767787200000,4447.505,4449.935,4443.245,4445.425,0.4448
1767788100000,4445.395,4450.255,4439.135,4449.845,0.6202
1767789000000,4449.795,4454.805,4449.165,4449.488,0.5976
1767789900000,4449.558,4453.399,4444.685,4444.685,1.0491
1767790800000,4444.609,4449.765,4427.505,4432.848,1.2137
1767791700000,4432.848,4447.065,4429.735,4441.865,0.7748
1767792600000,4441.915,4450.545,4437.995,4445.055,0.9095
1767793500000,4445.098,4452.895,4444.465,4452.648,0.7233
1767794400000,4452.655,4454.095,4446.809,4446.895,0.6938
1767795300000,4446.889,4453.295,4442.465,4444.365,0.6921
1767796200000,4444.239,4452.055,4435.485,4443.935,0.912
1767797100000,4444.005,4452.848,4440.595,4444.548,0.997
1767798000000,4444.548,4444.548,4426.305,4426.475,1.0411
1767798900000,4426.505,4442.415,4423.135,4442.005,0.961
1767799800000,4441.985,4452.055,4441.655,4441.785,0.818
1767800700000,4441.835,4447.805,4440.145,4445.895,0.7112
1767801600000,4445.845,4450.415,4443.615,4446.965,1.333
1767802500000,4446.965,4460.845,4444.285,4457.625,1.3675
1767803400000,4457.648,4467.905,4456.615,4467.495,0.9063
1767804300000,4467.495,4468.075,4461.705,4463.865,0.9258
1767805200000,4463.875,4465.095,4457.565,4459.898,1.0859
1767806100000,4459.835,4462.798,4456.898,4458.198,0.8566
1767807000000,4458.475,4461.148,4455.695,4456.628,0.7232
1767807900000,4456.628,4459.075,4449.455,4451.725,0.6811
1767808800000,4451.685,4452.625,4447.785,4449.635,0.6517
1767809700000,4449.675,4455.565,4446.815,4451.789,0.633
1767810600000,4451.805,4458.655,4451.465,4455.995,0.5019
1767811500000,4455.995,4456.375,4449.855,4451.835,0.5005
1767812400000,4451.865,4455.035,4447.675,4449.475,0.5194
1767813300000,4449.435,4450.855,4445.105,4450.345,0.7214
1767814200000,4450.345,4457.045,4450.255,4453.005,0.4763
1767815100000,4453.055,4457.915,4451.745,4456.875,0.4511
1767816000000,4456.835,4459.415,4455.225,4458.155,0.7039
1767816900000,4458.155,4461.365,4455.815,4457.975,1.5372
1767817800000,4458.005,4460.265,4456.325,4456.715,0.4933
1767818700000,4456.549,4459.598,4450.325,4451.805,0.5964
1767819600000,4452.075,4454.405,4449.688,4453.845,0.2301
1767820500000,4453.865,4455.015,4451.735,4452.345,0.1295
1767821400000,4452.275,4454.245,4452.085,4452.985,0.0959
1767822300000,4452.965,4456.505,4452.555,4455.635,0.1541
1767826800000,4457.498,4462.198,4456.898,4459.455,0.2036
1767827700000,4459.495,4463.735,4458.925,4461.765,0.1645
1767828600000,4461.745,4462.655,4459.675,4461.365,0.1329
1767829500000,4461.305,4463.565,4459.585,4463.205,0.1415
1767830400000,4463.145,4465.715,4462.235,4465.385,0.18
1767831300000,4465.345,4466.075,4453.655,4456.555,0.4733
1767832200000,4456.585,4458.525,4449.965,4451.195,1.0514
1767833100000,4451.125,4452.045,4446.395,4449.815,0.5394
1767834000000,4449.835,4460.025,4444.145,4456.895,0.8597
1767834900000,4456.915,4460.025,4454.118,4454.638,0.8753
1767835800000,4454.535,4457.345,4445.509,4447.248,0.7621
1767836700000,4447.348,4448.085,4441.678,4448.065,0.6509
1767837600000,4448.065,4449.205,4440.035,4446.275,0.7474
1767838500000,4446.275,4446.465,4440.555,4440.935,0.5197
1767839400000,4440.785,4442.525,4433.275,4441.595,0.925
1767840300000,4441.595,4443.895,4437.018,4440.975,0.7832
1767841200000,4440.965,4445.435,4438.618,4442.465,0.6991
1767842100000,4442.375,4445.475,4437.005,4443.888,0.8555
1767843000000,4443.888,4446.195,4439.765,4441.835,0.5371
1767843900000,4441.755,4442.565,4437.805,4439.925,0.6215
1767844800000,4439.925,4440.175,4436.335,4440.055,0.5989
1767845700000,4440.055,4440.255,4436.215,4436.298,0.4988
1767846600000,4436.308,4438.498,4431.745,4431.765,0.6965
1767847500000,4431.805,4433.005,4429.838,4431.275,0.5706
1767848400000,4431.225,4432.105,4425.575,4427.035,0.5391
1767849300000,4426.995,4429.375,4422.465,4425.705,0.5171
1767850200000,4425.665,4426.555,4415.215,4418.385,1.144
1767851100000,4418.465,4427.625,4415.505,4425.395,0.7628
1767852000000,4425.375,4429.125,4415.415,4420.585,0.8378
1767852900000,4420.535,4428.015,4418.245,4425.785,0.9238
1767853800000,4425.798,4437.348,4425.785,4435.475,0.6819
1767854700000,4435.505,4435.885,4429.735,4433.025,0.6087
1767855600000,4432.995,4439.448,4431.705,4435.605,0.522
1767856500000,4435.535,4436.685,4430.498,4436.255,0.4743
1767857400000,4436.325,4436.435,4430.705,4431.065,0.3241
1767858300000,4431.008,4433.725,4428.005,4430.745,0.524
1767859200000,4430.725,4433.175,4425.295,4425.528,0.5097
1767860100000,4425.528,4430.565,4425.055,4426.615,0.3803
1767861000000,4426.585,4428.345,4419.438,4420.729,0.8856
1767861900000,4420.965,4432.765,4420.625,4431.435,0.5609
1767862800000,4431.239,4435.145,4430.285,4430.645,0.4008
1767863700000,4430.605,4431.095,4425.825,4430.235,0.3945
1767864600000,4430.215,4434.715,4429.655,4433.045,0.3543
1767865500000,4432.975,4433.185,4428.805,4432.405,0.3008
1767866400000,4432.425,4432.515,4427.455,4429.105,0.3246
1767867300000,4429.165,4430.475,4422.755,4424.415,0.523
1767868200000,4424.385,4434.615,4423.505,4432.395,0.3526
1767869100000,4432.375,4433.648,4429.735,4433.048,0.253
1767870000000,4433.048,4433.048,4427.255,4428.075,0.2864
1767870900000,4428.045,4429.245,4424.495,4426.098,0.5267
1767871800000,4426.055,4427.985,4424.395,4426.235,0.3111
1767872700000,4426.215,4427.005,4421.885,4422.675,0.3157
1767873600000,4422.735,4422.805,4411.898,4412.115,0.6953
1767874500000,4412.105,4422.225,4407.485,4420.345,0.561
1767875400000,4420.315,4431.055,4419.875,4428.815,0.4616
1767876300000,4428.795,4430.095,4426.078,4427.415,0.4623
1767877200000,4427.375,4429.365,4417.095,4420.425,2.058
1767878100000,4420.265,4435.605,4420.195,4434.045,3.2593
1767879000000,4434.095,4435.445,4425.785,4433.135,0.5848
1767879900000,4433.115,4433.735,4421.455,4423.515,0.6075
1767880800000,4423.575,4427.765,4418.915,4423.065,0.7531
1767881700000,4423.035,4429.895,4419.085,4427.535,0.5923
1767882600000,4427.298,4435.255,4421.615,4425.775,0.9355
1767883500000,4425.755,4439.185,4425.605,4432.755,0.9625
1767884400000,4432.725,4448.898,4427.615,4447.845,0.9422
1767885300000,4447.698,4453.698,4442.965,4447.348,0.917
1767886200000,4447.435,4455.165,4446.438,4452.835,0.7917
1767887100000,4453.145,4456.315,4447.325,4454.015,0.679
1767888000000,4454.035,4457.815,4446.905,4446.945,0.7252
1767888900000,4446.895,4454.955,4446.695,4453.325,0.741
1767889800000,4453.305,4464.255,4451.615,4460.455,0.8999
1767890700000,4460.485,4464.085,4457.425,4462.935,0.611
1767891600000,4462.945,4465.165,4457.835,4459.705,0.4894
1767892500000,4459.675,4462.025,4457.275,4461.405,0.5568
1767893400000,4461.635,4463.255,4458.598,4461.045,0.4292
1767894300000,4461.075,4463.845,4458.885,4463.165,0.3809
1767895200000,4463.175,4463.175,4452.155,4453.545,0.5909
1767896100000,4453.625,4456.275,4449.095,4451.725,0.7146
1767897000000,4451.775,4453.375,4447.675,4451.935,0.4935
1767897900000,4451.955,4454.808,4449.048,4449.235,0.5772
1767898800000,4449.208,4450.975,4446.635,4446.995,0.4663
1767899700000,4447.035,4449.615,4444.565,4447.575,0.5591
1767900600000,4447.555,4452.685,4447.465,4451.405,0.4102
1767901500000,4451.405,4452.775,4449.345,4451.895,0.3517
1767902400000,4451.875,4458.685,4451.285,4458.005,0.3743
1767903300000,4457.955,4473.595,4457.115,4469.698,0.6715
1767904200000,4469.955,4477.898,4469.955,4473.315,0.6957
1767905100000,4473.215,4477.735,4471.675,4475.925,0.661
1767906000000,4475.835,4479.398,4475.835,4477.548,0.2327
1767906900000,4477.548,4478.295,4472.458,4474.645,0.3381
1767907800000,4474.645,4475.498,4472.398,4473.945,0.2275
1767908700000,4473.835,4478.395,4473.525,4477.555,0.1582
1767913200000,4478.698,4483.548,4475.035,4476.655,0.2889
1767914100000,4476.695,4478.585,4474.855,4476.965,0.1531
1767915000000,4477.065,4477.265,4474.998,4475.625,0.1402
1767915900000,4475.655,4476.065,4472.515,4475.485,0.1578
1767916800000,4475.445,4476.675,4471.355,4471.495,0.1504
1767917700000,4471.465,4472.595,4463.055,4465.495,0.3226
1767918600000,4465.475,4468.415,4463.635,4467.515,0.3305
1767919500000,4467.545,4467.565,4459.525,4462.218,0.8646
1767920400000,4462.238,4465.248,4452.685,4458.915,0.9657
1767921300000,4458.865,4461.135,4452.585,4457.155,0.7439
1767922200000,4457.125,4463.268,4455.725,4462.315,0.7108
1767923100000,4462.295,4469.805,4462.145,4468.745,0.5838
1767924000000,4468.715,4476.295,4468.625,4471.695,0.5283
1767924900000,4471.725,4474.355,4469.768,4472.055,0.2363
1767925800000,4471.995,4475.348,4468.098,4473.085,0.4521
1767926700000,4473.115,4473.445,4465.425,4469.305,0.5002
1767927600000,4469.275,4469.765,4461.995,4464.125,0.5767
1767928500000,4464.215,4466.175,4460.855,4463.195,0.4966
1767929400000,4463.175,4465.265,4460.215,4463.595,0.2624
1767930300000,4463.625,4465.605,4463.395,4463.905,0.2311
1767931200000,4463.875,4465.455,4462.255,4462.318,0.2449
1767932100000,4462.318,4463.745,4460.558,4462.545,0.2479
1767933000000,4462.575,4464.675,4461.458,4463.085,0.2076
1767933900000,4463.055,4466.785,4461.775,4464.465,0.1758
1767934800000,4464.445,4466.575,4461.585,4462.855,0.1648
1767935700000,4462.935,4464.865,4457.985,4464.425,0.273
1767936600000,4464.455,4471.535,4464.295,4467.255,0.4967
1767937500000,4467.195,4469.248,4465.335,4467.845,0.4344
1767938400000,4468.335,4470.795,4465.815,4467.065,0.3809
1767939300000,4466.965,4473.415,4465.835,4473.415,0.3747
1767940200000,4473.315,4475.535,4472.795,4474.861,0.4188
1767941100000,4474.903,4477.125,4472.475,4473.805,0.6862
1767942000000,4473.875,4475.235,4470.445,4471.135,0.2593
1767942900000,4471.135,4472.935,4468.299,4470.145,0.242
1767943800000,4470.495,4472.538,4468.355,4471.315,0.3077
1767944700000,4471.355,4473.345,4469.105,4469.935,0.2845
1767945600000,4470.025,4476.685,4466.145,4474.005,0.3749
1767946500000,4474.055,4475.105,4472.095,4472.868,0.4341
1767947400000,4472.868,4473.469,4465.355,4466.485,0.4966
1767948300000,4466.505,4468.475,4463.905,4468.345,0.3178
1767949200000,4468.295,4474.795,4468.245,4474.625,0.332
1767950100000,4474.535,4477.445,4472.995,4473.725,0.2992
1767951000000,4473.775,4474.725,4471.375,4471.495,0.3913
1767951900000,4471.725,4474.155,4470.398,4470.815,0.2289
1767952800000,4470.785,4473.935,4469.415,4471.805,0.2625
1767953700000,4471.805,4473.615,4468.665,4468.695,0.2044
1767954600000,4468.668,4472.128,4467.895,4468.828,0.506
1767955500000,4468.838,4472.465,4466.798,4472.248,0.3183
1767956400000,4472.248,4474.468,4469.655,4471.725,0.3906
1767957300000,4471.775,4472.675,4470.205,4470.305,0.2277
1767958200000,4470.355,4471.605,4468.925,4470.348,0.2366
1767959100000,4470.348,4475.898,4468.385,4475.048,0.2668
1767960000000,4474.995,4480.335,4471.745,4473.825,0.474
1767960900000,4473.898,4474.545,4466.725,4467.395,0.3719
1767961800000,4467.435,4468.388,4460.705,4465.815,0.4492
1767962700000,4465.835,4468.065,4463.355,4465.685,0.36
1767963600000,4465.765,4473.385,4463.215,4467.215,0.8507
1767964500000,4467.215,4474.455,4461.745,4472.235,0.7411
1767965400000,4472.355,4491.595,4458.595,4486.548,1.1402
1767966300000,4486.648,4488.455,4478.458,4482.178,1.0598
1767967200000,4482.178,4496.315,4480.175,4489.075,1.0312
1767968100000,4489.105,4495.588,4483.225,4493.955,0.9479
1767969000000,4493.935,4497.898,4482.285,4487.515,1.2183
1767969900000,4487.585,4495.105,4478.985,4494.095,1.2681
1767970800000,4494.075,4499.975,4489.818,4496.258,1.1733
1767971700000,4496.258,4510.775,4493.158,4505.025,1.5075
1767972600000,4505.105,4516.898,4504.915,4514.078,1.2366
1767973500000,4514.085,4514.515,4508.035,4511.988,0.8608
1767974400000,4511.988,4513.908,4499.498,4502.818,1.7662
1767975300000,4502.818,4506.765,4499.948,4503.248,0.9092
1767976200000,4503.255,4506.608,4500.568,4504.398,1.3337
1767977100000,4504.398,4507.865,4501.475,4506.305,0.6951
1767978000000,4506.315,4511.455,4504.225,4508.585,0.6999
1767978900000,4508.555,4508.575,4501.525,4503.555,0.6789
1767979800000,4503.555,4509.798,4500.918,4501.605,0.7924
1767980700000,4501.585,4502.805,4481.615,4484.205,1.1018
1767981600000,4484.105,4493.015,4482.655,4492.605,0.9188
1767982500000,4492.605,4494.335,4489.425,4491.275,0.9089
1767983400000,4491.275,4504.305,4491.008,4502.085,1.557
1767984300000,4502.085,4502.565,4494.985,4495.755,2.0401
1767985200000,4495.755,4497.795,4492.425,4496.805,1.1699
1767986100000,4496.765,4501.425,4496.375,4498.595,1.334
1767987000000,4498.645,4499.935,4495.615,4496.595,0.9188
1767987900000,4496.595,4501.498,4496.595,4498.925,0.5893
1767988800000,4498.865,4506.788,4497.405,4506.478,1.5647
1767989700000,4506.478,4509.098,4502.898,4505.055,1.1969
1767990600000,4505.148,4505.638,4502.115,4503.728,0.9072
1767991500000,4503.825,4509.805,4503.388,4507.275,1.5849
1767992400000,4507.265,4508.365,4504.748,4507.948,0.1833
1767993300000,4508.148,4510.245,4507.275,4509.435,0.1378
1767994200000,4509.415,4510.998,4505.708,4509.748,0.1876
1767995100000,4509.748,4510.358,4507.748,4509.015,0.2742
1768172400000,4520.298,4530.585,4511.898,4529.865,0.6585
1768173300000,4529.865,4537.948,4529.155,4537.448,0.6073
1768174200000,4537.455,4544.735,4532.925,4542.165,0.411
1768175100000,4542.125,4543.725,4538.145,4539.855,0.2679
1768176000000,4539.775,4553.975,4536.055,4553.255,0.4735
1768176900000,4553.215,4565.705,4550.885,4564.335,0.5687
1768177800000,4564.285,4593.845,4561.848,4591.285,0.8837
1768178700000,4591.155,4601.048,4587.785,4588.548,0.979
1768179600000,4588.548,4594.498,4577.545,4581.365,1.2234
1768180500000,4581.295,4583.835,4573.668,4582.245,1.339
1768181400000,4582.325,4583.875,4571.588,4573.175,1.2216
1768182300000,4573.189,4578.755,4569.755,4569.755,0.8531
1768183200000,4569.725,4574.609,4561.355,4566.625,1.0764
1768184100000,4566.645,4569.899,4563.898,4566.005,0.7169
1768185000000,4566.005,4578.815,4562.138,4578.735,1.0408
1768185900000,4578.705,4581.745,4573.335,4577.345,0.7449
1768186800000,4577.225,4580.355,4574.905,4578.485,0.4845
1768187700000,4578.435,4581.055,4576.115,4580.865,0.502
1768188600000,4580.915,4581.255,4572.335,4572.515,0.3839
1768189500000,4572.575,4574.425,4567.445,4570.285,0.3413
1768190400000,4570.305,4570.995,4565.425,4568.565,0.3406
1768191300000,4568.585,4571.995,4567.025,4568.395,0.3615
1768192200000,4568.415,4569.815,4563.118,4567.745,0.4108
1768193100000,4567.745,4570.085,4566.035,4568.365,0.2817
1768194000000,4568.415,4571.875,4565.835,4570.015,0.3206
1768194900000,4569.965,4573.725,4569.475,4572.245,0.2103
1768195800000,4571.855,4582.785,4569.745,4581.455,0.5962
1768196700000,4581.495,4584.695,4578.535,4580.575,0.7127
1768197600000,4580.615,4580.615,4571.095,4572.445,0.6934
1768198500000,4572.485,4575.815,4569.455,4573.505,0.4486
1768199400000,4573.475,4576.235,4571.875,4574.285,0.4607
1768200300000,4574.255,4579.865,4573.755,4578.395,0.5197
1768201200000,4578.415,4583.855,4574.585,4583.295,0.4587
1768202100000,4583.295,4587.285,4578.775,4581.305,0.4976
1768203000000,4581.335,4585.225,4578.435,4583.565,0.3777
1768203900000,4583.595,4589.465,4582.975,4587.485,0.3261
1768204800000,4587.455,4589.085,4581.855,4583.255,0.4501
1768205700000,4583.215,4584.335,4579.235,4583.395,0.3944
1768206600000,4583.415,4589.265,4581.615,4585.475,0.3697
1768207500000,4585.495,4598.315,4584.825,4596.695,0.5085
1768208400000,4596.725,4597.565,4593.068,4596.765,0.7071
1768209300000,4596.735,4599.245,4593.995,4596.245,0.4944
1768210200000,4596.225,4596.835,4593.248,4595.168,0.3731
1768211100000,4595.168,4595.278,4587.415,4588.945,0.9395
1768212000000,4588.965,4593.215,4585.835,4591.865,0.3206
1768212900000,4591.845,4593.935,4588.595,4592.345,0.2559
1768213800000,4592.395,4594.435,4586.448,4589.585,0.3259
1768214700000,4589.615,4595.145,4589.505,4594.055,0.2568
1768215600000,4594.075,4594.725,4590.418,4590.835,0.2477
1768216500000,4590.815,4593.795,4583.655,4584.875,0.3668
1768217400000,4584.895,4592.005,4584.125,4591.845,0.3708
1768218300000,4591.995,4592.005,4581.415,4584.995,0.3546
1768219200000,4585.015,4586.585,4579.455,4581.875,0.5716
1768220100000,4581.855,4582.625,4578.145,4582.565,0.452
1768221000000,4582.615,4586.755,4582.125,4586.095,0.3247
1768221900000,4586.085,4590.575,4585.285,4590.315,0.3965
1768222800000,4590.285,4609.285,4588.345,4606.375,1.0051
1768223700000,4606.775,4610.935,4604.108,4604.595,0.8818
1768224600000,4604.495,4613.095,4604.469,4608.775,0.7936
1768225500000,4608.905,4620.185,4607.605,4615.555,0.6942
1768226400000,4615.585,4617.055,4592.205,4596.295,1.3086
1768227300000,4596.019,4599.385,4584.615,4586.165,1.1241
1768228200000,4586.125,4611.165,4585.095,4604.045,1.2079
1768229100000,4604.085,4607.815,4597.098,4601.778,1.6316
1768230000000,4601.775,4619.125,4601.548,4617.149,1.0386
1768230900000,4617.149,4621.985,4610.095,4619.348,0.9895
1768231800000,4619.348,4627.275,4618.298,4623.298,1.143
1768232700000,4623.098,4624.698,4617.805,4621.135,0.6594
1768233600000,4620.765,4629.655,4617.355,4628.885,0.6597
1768234500000,4628.875,4629.975,4619.485,4619.755,0.7606
1768235400000,4619.785,4622.975,4607.508,4612.135,0.7705
1768236300000,4612.115,4618.155,4611.845,4616.625,0.4802
1768237200000,4616.675,4618.285,4613.505,4615.129,0.6017
1768238100000,4615.109,4618.325,4611.805,4615.988,1.0523
1768239000000,4615.978,4616.715,4610.565,4612.948,0.7205
1768239900000,4613.048,4620.448,4612.915,4616.155,0.7733
1768240800000,4616.195,4618.435,4608.255,4608.285,0.5202
1768241700000,4607.829,4608.425,4600.215,4605.345,0.7406
1768242600000,4605.395,4610.685,4602.905,4605.685,0.4149
1768243500000,4605.745,4610.935,4603.515,4610.655,0.3713
1768244400000,4610.685,4614.435,4608.535,4613.705,0.553
1768245300000,4613.735,4617.125,4612.485,4616.725,0.3907
1768246200000,4616.745,4618.695,4613.795,4616.175,0.3498
1768247100000,4616.155,4616.725,4609.075,4610.975,0.6117
1768248000000,4611.015,4611.625,4599.755,4602.815,0.6244
1768248900000,4602.915,4604.295,4599.505,4602.245,0.8501
1768249800000,4602.245,4604.605,4592.375,4592.585,2.1576
1768250700000,4592.635,4599.115,4591.405,4593.555,0.6723
1768251600000,4593.535,4596.835,4590.969,4592.348,0.2683
1768252500000,4592.288,4594.095,4590.665,4593.605,0.1982
1768253400000,4593.625,4595.005,4589.845,4590.275,0.1822
1768254300000,4590.335,4598.815,4589.195,4598.545,0.2671
1768258800000,4599.498,4607.098,4577.335,4578.705,0.3946
1768259700000,4578.005,4588.365,4577.965,4584.298,0.4748
1768260600000,4584.298,4589.825,4583.655,4585.805,0.3671
1768261500000,4585.825,4599.305,4585.725,4599.095,0.3342
1768262400000,4599.205,4599.365,4591.895,4592.498,0.3155
1768263300000,4592.115,4595.705,4587.665,4587.898,0.2406
1768264200000,4587.898,4590.598,4584.148,4586.015,0.3039
1768265100000,4585.975,4591.995,4585.975,4587.045,0.242
1768266000000,4587.065,4595.555,4581.435,4592.235,0.774
1768266900000,4592.265,4595.365,4581.255,4581.298,1.1731
1768267800000,4581.245,4586.995,4575.275,4582.885,0.668
1768268700000,4582.855,4585.875,4577.395,4577.655,0.6325
1768269600000,4577.625,4590.325,4576.455,4586.385,0.581
1768270500000,4586.085,4587.175,4583.295,4583.575,0.3488
1768271400000,4583.555,4589.995,4581.725,4588.925,0.5735
1768272300000,4588.905,4594.815,4588.855,4594.025,0.5024
1768273200000,4593.865,4599.455,4592.545,4597.625,0.4211
1768274100000,4597.605,4598.545,4594.705,4595.535,0.405
1768275000000,4595.505,4597.915,4593.058,4593.785,0.2786
1768275900000,4593.825,4595.125,4592.325,4593.955,0.3081
1768276800000,4593.925,4597.835,4593.725,4597.395,0.2893
1768277700000,4597.465,4599.485,4596.425,4597.185,0.2957
1768278600000,4597.155,4599.635,4594.528,4598.645,0.2517
1768279500000,4598.615,4599.135,4595.845,4596.148,0.27
1768280400000,4596.095,4598.248,4591.405,4594.175,0.3229
1768281300000,4594.195,4601.315,4594.155,4601.155,0.2217
1768282200000,4601.125,4601.945,4585.395,4594.115,0.5826
1768283100000,4594.165,4596.035,4590.815,4591.925,0.4807
1768284000000,4591.815,4592.185,4587.735,4590.195,0.5511
1768284900000,4590.195,4590.715,4581.985,4584.635,0.5336
1768285800000,4584.725,4585.865,4573.325,4575.755,0.534
1768286700000,4575.805,4583.215,4575.098,4581.555,0.4103
1768287600000,4581.595,4585.165,4578.875,4584.565,0.2806
1768288500000,4584.585,4584.785,4578.705,4583.685,0.2967
1768289400000,4583.635,4586.945,4579.385,4580.145,0.2971
1768290300000,4580.115,4582.225,4577.215,4580.445,0.2848
1768291200000,4580.495,4591.445,4579.505,4587.515,0.3578
1768292100000,4587.148,4592.425,4584.615,4589.905,0.3274
1768293000000,4589.935,4596.855,4589.115,4593.215,0.4311
1768293900000,4593.278,4595.245,4591.575,4592.555,0.2818
1768294800000,4592.585,4595.515,4589.258,4593.835,0.3211
1768295700000,4593.805,4594.825,4587.709,4588.798,0.476
1768296600000,4588.798,4591.855,4586.355,4590.445,0.5217
1768297500000,4590.425,4590.735,4585.368,4585.698,0.3246
1768298400000,4585.948,4586.698,4580.065,4583.335,0.2881
1768299300000,4583.315,4586.115,4580.765,4584.348,0.3734
1768300200000,4584.149,4588.115,4581.358,4587.015,0.4243
1768301100000,4587.035,4587.085,4585,4586.145,0.1944
1768302000000,4586.105,4588.735,4584.625,4584.655,0.216
1768302900000,4584.635,4588.975,4581.905,4586.505,0.316
1768303800000,4586.478,4589.645,4584.865,4589.645,0.1717
1768304700000,4589.595,4591.915,4586.075,4588.365,0.3398
1768305600000,4588.435,4588.995,4582.945,4583.335,0.3017
1768306500000,4583.355,4584.508,4577.615,4580.235,0.2749
1768307400000,4580.195,4586.095,4579.075,4585.695,0.2439
1768308300000,4585.585,4595.035,4585.315,4593.045,0.3254
1768309200000,4592.995,4606.105,4590.405,4602.309,0.8341
1768310100000,4602.309,4606.225,4598.915,4600.155,1.7331
1768311000000,4599.915,4620.105,4599.905,4617.615,1.0565
1768311900000,4617.548,4620.548,4606.798,4611.145,1.2336
1768312800000,4611.165,4618.728,4608.695,4618.415,0.8018
1768313700000,4618.325,4623.448,4614.418,4618.118,1.2547
1768314600000,4618.118,4625.788,4611.495,4625.645,2.2838
1768315500000,4625.645,4634.285,4622.475,4629.065,1.1969
1768316400000,4629.075,4629.555,4613.998,4621.185,1.0973
1768317300000,4620.975,4623.055,4600.415,4608.405,2.2497
1768318200000,4608.525,4616.105,4605,4614.555,0.9596
1768319100000,4614.535,4620.445,4612.535,4618.905,0.8599
1768320000000,4618.885,4620.445,4606.298,4612.275,0.9695
1768320900000,4612.345,4612.695,4592.775,4598.275,2.252
1768321800000,4598.235,4609.078,4596.425,4608.478,0.8565
1768322700000,4608.478,4613.595,4606.975,4613.045,0.5775
1768323600000,4612.985,4615.725,4606.315,4608.145,0.5481
1768324500000,4608.145,4612.345,4606.125,4609.515,0.5032
1768325400000,4609.475,4611.735,4602.975,4604.175,0.6241
1768326300000,4604.108,4606.745,4586.348,4590.255,0.9212
1768327200000,4590.255,4594.095,4585.485,4593.958,2.7457
1768328100000,4593.965,4594.725,4580.835,4591.585,1.1379
1768329000000,4591.515,4600.498,4589.575,4599.985,0.7525
1768329900000,4600.015,4601.735,4593.748,4593.758,0.8644
1768330800000,4593.758,4595.615,4583.985,4595.335,0.7987
1768331700000,4595.335,4597.015,4584.385,4593.075,0.5379
1768332600000,4593.075,4598.765,4592.275,4595.785,0.4856
1768333500000,4595.955,4598.745,4590.425,4597.305,0.5017
1768334400000,4597.325,4597.555,4589.995,4592.695,0.6905
1768335300000,4592.725,4595.035,4587.385,4588.675,1.5472
1768336200000,4588.555,4588.899,4569.185,4584.848,1.1265
1768337100000,4584.865,4589.009,4582.145,4585.718,1.0522
1768338000000,4585.995,4589.048,4583.175,4583.188,0.2956
1768338900000,4583.215,4589.145,4582.508,4587.575,0.2918
1768339800000,4587.565,4589.175,4585.325,4588.665,0.2458
1768340700000,4588.685,4589.585,4585.325,4585.655,0.1776
1768345200000,4586.165,4595.615,4586.165,4595.585,0.2585
1768346100000,4595.615,4597.565,4592.745,4596.915,0.1952
1768347000000,4596.885,4596.895,4592.805,4594.045,0.2237
1768347900000,4594.015,4598.655,4593.488,4596.805,0.163
1768348800000,4596.795,4607.535,4596.745,4604.885,0.3016
1768349700000,4604.835,4610.375,4602.725,4609.465,0.3009
1768350600000,4609.485,4610.455,4606.698,4608.465,0.2865
1768351500000,4608.495,4610.245,4604.475,4608.898,0.4024
1768352400000,4608.995,4616.885,4605.875,4615.225,0.6827
1768353300000,4615.205,4618.425,4611.695,4614.375,0.5307
1768354200000,4614.345,4618.585,4613.195,4614.435,0.6316
1768355100000,4614.465,4619.765,4613.348,4619.025,0.5488
1768356000000,4619.055,4620.695,4613.935,4618.125,0.5852
1768356900000,4618.185,4621.175,4616.425,4619.865,0.3342
1768357800000,4620.075,4622.325,4617.835,4621.235,0.5389
1768358700000,4621.195,4623.535,4617.965,4620.325,0.4926
1768359600000,4620.305,4622.598,4617.575,4617.975,0.3895
1768360500000,4618.085,4621.515,4613.095,4614.965,0.437
1768361400000,4614.995,4625.335,4614.735,4623.848,0.2696
1768362300000,4623.848,4629.865,4622.885,4627.955,0.3926
1768363200000,4627.975,4630.135,4626.625,4627.265,0.3327
1768364100000,4627.215,4629.905,4625.015,4626.355,0.345
1768365000000,4626.405,4629.695,4625.195,4627.845,0.4024
1768365900000,4627.785,4630.215,4626.735,4629.015,0.3767
1768366800000,4629.075,4639.465,4629.075,4633.675,0.7314
1768367700000,4633.625,4635.225,4630.648,4633.898,0.3903
1768368600000,4633.898,4639.535,4631.498,4636.205,0.6341
1768369500000,4636.175,4639.405,4617.685,4619.565,0.6748
1768370400000,4619.605,4634.835,4618.305,4633.235,0.8879
1768371300000,4633.195,4635.065,4630.665,4632.765,0.5707
1768372200000,4632.785,4633.048,4625.965,4630.385,0.559
1768373100000,4630.485,4637.065,4630.485,4637.045,0.5316
1768374000000,4637.055,4638.215,4631.355,4632.645,0.3319
1768374900000,4632.635,4639.495,4631.895,4636.975,0.653
1768375800000,4636.895,4638.175,4633.675,4636.555,0.2556
1768376700000,4636.525,4637.515,4632.138,4632.145,0.3329
1768377600000,4632.125,4633.945,4623.335,4627.125,0.4929
1768378500000,4627.175,4628.555,4621.265,4624.935,0.4902
1768379400000,4624.845,4632.415,4624.305,4632.175,0.3745
1768380300000,4632.145,4637.685,4631.495,4634.775,0.3827
1768381200000,4634.545,4639.105,4633.045,4638.305,0.3539
1768382100000,4638.325,4639.425,4636.125,4637.248,0.3442
1768383000000,4637.275,4637.525,4626.948,4627.358,0.4114
1768383900000,4627.348,4631.555,4626.815,4630.345,0.391
1768384800000,4630.335,4632.285,4627.605,4631.398,0.2973
1768385700000,4631.445,4636.765,4631.445,4634.785,0.2718
1768386600000,4634.745,4638.015,4632.085,4635.625,0.3024
1768387500000,4635.665,4636.425,4631.075,4632.885,0.3916
1768388400000,4632.945,4636.255,4630.025,4635.285,0.3467
1768389300000,4635.305,4637.315,4628.938,4629.925,0.393
1768390200000,4629.995,4632.615,4627.115,4630.535,0.3477
1768391100000,4630.455,4631.325,4625.795,4630.145,0.3158
1768392000000,4630.375,4638.315,4630.055,4635.575,0.5215
1768392900000,4635.515,4638.755,4633.815,4635.945,0.3286
1768393800000,4635.895,4638.065,4633.695,4634.208,0.4677
1768394700000,4634.208,4641.595,4633.355,4638.455,0.4407
1768395600000,4638.485,4641.395,4627.035,4628.395,0.8222
1768396500000,4628.199,4635.135,4627.305,4631.155,0.7026
1768397400000,4631.165,4637.135,4623.645,4636.665,0.816
1768398300000,4636.745,4636.835,4629.225,4635.495,0.5774
1768399200000,4635.535,4638.765,4629.495,4634.075,0.5985
1768400100000,4634.135,4637.855,4630.815,4635.185,0.6092
1768401000000,4634.888,4634.888,4613.945,4618.765,1.0862
1768401900000,4618.645,4620.475,4606.655,4617.035,1.7552
1768402800000,4616.958,4616.958,4599.165,4615.515,1.3319
1768403700000,4615.465,4626.415,4614.045,4615.325,0.9524
1768404600000,4615.135,4621.735,4609.595,4612.885,0.8983
1768405500000,4612.865,4619.175,4610.335,4617.715,0.879
1768406400000,4617.735,4621.405,4614.755,4617.675,0.7047
1768407300000,4617.535,4624.615,4616.175,4621.555,0.7524
1768408200000,4621.505,4623.035,4613.695,4615.425,0.7397
1768409100000,4615.385,4617.295,4608.445,4616.855,0.7835
1768410000000,4616.805,4618.905,4609.635,4615.505,0.6661
1768410900000,4615.495,4615.615,4605.265,4611.225,0.6948
1768411800000,4611.265,4611.925,4600.985,4604.185,0.7547
1768412700000,4604.075,4616.475,4603.765,4614.125,0.9232
1768413600000,4614.075,4623.475,4612.645,4623.475,0.7375
1768414500000,4623.445,4629.865,4622.355,4628.005,0.9338
1768415400000,4628.035,4633.335,4627.758,4631.185,0.7362
1768416300000,4631.155,4637.115,4629.758,4635.005,0.6981
1768417200000,4634.975,4642.695,4632.915,4636.525,0.8763
1768418100000,4636.605,4639.885,4633.915,4634.825,0.6048
1768419000000,4634.805,4640.345,4634.348,4639.608,0.8137
1768419900000,4639.608,4641.198,4635.495,4638.995,1.2666
1768420800000,4639.045,4641.335,4625.905,4636.185,0.9036
1768421700000,4636.135,4637.755,4630.735,4634.155,0.6244
1768422600000,4634.115,4635.345,4625.485,4625.545,0.5965
1768423500000,4625.625,4632.845,4625.625,4632.445,0.7945
1768424400000,4632.385,4632.875,4624.325,4624.335,0.2461
1768425300000,4624.285,4626.775,4620.725,4622.185,0.3534
1768426200000,4622.125,4623.145,4617.665,4620.955,0.2296
1768427100000,4621.015,4628.745,4619.715,4626.065,0.3428
1768431600000,4629.225,4631.645,4611.648,4616.505,0.7828
1768432500000,4616.325,4618.155,4605.035,4608.855,0.5596
1768433400000,4608.825,4612.825,4602.575,4606.155,0.4216
1768434300000,4606.638,4615.965,4606.638,4615.015,0.3965
1768435200000,4614.935,4617.535,4611.265,4616.305,0.345
1768436100000,4616.275,4617.915,4613.998,4616.395,0.2664
1768437000000,4616.425,4617.765,4613.125,4613.725,0.2559
1768437900000,4613.685,4617.375,4609.945,4614.895,0.4238
1768438800000,4614.875,4617.395,4606.395,4608.915,0.7811
1768439700000,4608.865,4609.875,4596.795,4600.395,0.8306
1768440600000,4600.475,4602.765,4583.215,4602.245,1.1593
1768441500000,4602.305,4606.895,4596.948,4599.665,0.8766
1768442400000,4599.748,4614.305,4597.405,4613.665,0.6803
1768443300000,4613.685,4614.375,4606.975,4610.575,0.5053
1768444200000,4610.755,4614.415,4603.995,4607.195,0.6344
1768445100000,4607.115,4607.345,4595.255,4602.735,0.6009
1768446000000,4602.715,4604.095,4589.298,4591.025,1.2266
1768446900000,4591.095,4594.498,4580.955,4584.865,0.8754
1768447800000,4584.965,4597.315,4580.925,4596.415,0.5848
1768448700000,4596.395,4596.395,4589.125,4592.015,0.4523
1768449600000,4592.015,4594.365,4586.695,4593.655,0.4393
1768450500000,4593.655,4597.175,4590.385,4593.785,0.456
1768451400000,4593.735,4595.585,4589.025,4590.675,0.3045
1768452300000,4590.615,4595.305,4589.685,4591.965,0.345
1768453200000,4591.945,4592.255,4587.185,4587.355,0.5104
1768454100000,4587.315,4592.835,4580.815,4592.835,0.3621
1768455000000,4592.885,4593.775,4581.145,4589.465,0.6196
1768455900000,4589.415,4598.685,4587.205,4594.945,0.5276
1768456800000,4594.975,4608.375,4593.255,4605.085,1.4695
1768457700000,4605.165,4609.905,4603.525,4603.875,0.6012
1768458600000,4603.685,4607.855,4600.115,4605.335,0.485
1768459500000,4605.315,4611.785,4603.258,4609.845,0.5092
1768460400000,4609.825,4610.795,4605.675,4609.255,0.3937
1768461300000,4609.235,4613.365,4608.395,4610.005,0.3276
1768462200000,4609.955,4611.045,4601.455,4603.855,0.3586
1768463100000,4603.815,4604.175,4599.015,4601.565,0.3902
1768464000000,4601.585,4604.405,4597.685,4603.675,0.5023
1768464900000,4603.675,4606.135,4600.095,4601.945,0.3575
1768465800000,4602.265,4606.915,4598.985,4606.195,0.3608
1768466700000,4606.325,4606.545,4600.945,4604.115,0.3493
1768467600000,4604.125,4604.665,4600.435,4603.825,0.3885
1768468500000,4603.855,4605.265,4601.745,4604.335,0.3128
1768469400000,4604.305,4611.065,4602.505,4609.275,0.4929
1768470300000,4609.255,4612.935,4607.735,4612.445,0.3571
1768471200000,4612.415,4613.895,4609.155,4612.215,0.3793
1768472100000,4612.245,4615.665,4611.075,4611.925,0.3164
1768473000000,4611.945,4619.155,4610.415,4617.835,0.328
1768473900000,4617.875,4620.555,4616.915,4619.615,0.3092
1768474800000,4619.665,4621.375,4618.395,4618.755,0.2673
1768475700000,4618.775,4620.285,4617.075,4618.935,0.2484
1768476600000,4618.965,4622.755,4617.445,4617.765,0.2931
1768477500000,4617.795,4620.205,4615.305,4619.005,0.3225
1768478400000,4619.105,4620.555,4614.435,4614.685,0.2848
1768479300000,4614.725,4618.515,4613.678,4616.365,0.3316
1768480200000,4616.335,4618.375,4615.165,4617.005,0.3022
1768481100000,4617.025,4617.355,4611.465,4613.755,0.3946
1768482000000,4613.785,4615.905,4609.425,4611.315,0.8542
1768482900000,4611.275,4613.855,4602.335,4605.185,1.4562
1768483800000,4605.095,4605.095,4587.935,4589.785,0.9377
1768484700000,4589.745,4594.195,4582.135,4588.015,0.84
1768485600000,4588.195,4599.715,4583.105,4599.675,0.7727
1768486500000,4599.635,4606.475,4596.145,4602.405,0.7726
1768487400000,4602.495,4611.755,4601.335,4602.345,1.9143
1768488300000,4602.445,4614.795,4599.915,4610.795,1.5261
1768489200000,4610.508,4614.855,4603.468,4613.025,1.2404
1768490100000,4612.995,4617.708,4611.978,4616.198,1.641
1768491000000,4616.198,4617.248,4608.965,4611.255,1.3814
1768491900000,4611.205,4616.898,4609.585,4615.145,0.8454
1768492800000,4615.165,4622.968,4608.295,4621.798,0.8267
1768493700000,4621.845,4624.325,4611.088,4611.248,1.0454
1768494600000,4611.248,4613.098,4604.075,4606.975,0.9021
1768495500000,4606.948,4606.975,4600.975,4605.295,0.8427
1768496400000,4605.315,4610.948,4605.315,4609.348,0.621
1768497300000,4609.398,4613.355,4607.355,4610.465,0.5965
1768498200000,4610.445,4616.298,4609.895,4614.108,0.6286
1768499100000,4614.108,4616.625,4613.325,4616.198,0.7252
1768500000000,4616.065,4620.115,4616.048,4617.498,0.7584
1768500900000,4617.425,4620.848,4617.005,4619.178,0.852
1768501800000,4618.225,4618.388,4613.168,4615.248,1.1064
1768502700000,4615.258,4619.498,4615.118,4617.308,0.8086
1768503600000,4617.308,4621.295,4617.098,4618.728,0.8821
1768504500000,4618.595,4620.298,4617.338,4617.868,0.5191
1768505400000,4617.888,4618.778,4614.738,4616.478,0.657
1768506300000,4616.478,4616.845,4612.485,4615.635,0.4367
1768507200000,4615.635,4616.115,4603.765,4605.365,0.7414
1768508100000,4605.335,4608.565,4600.399,4604.735,1.5641
1768509000000,4604.765,4609.009,4603.535,4607.798,1.1693
1768509900000,4607.798,4608.745,4603.225,4605.555,1.0996
1768510800000,4605.545,4611.975,4604.175,4611.925,0.4268
1768511700000,4611.875,4615.315,4611.045,4613.895,0.4163
1768512600000,4613.949,4615.405,4613.375,4615.368,0.2616
1768513500000,4615.368,4616.088,4613.258,4614.819,0.3476
1768518000000,4613.498,4620.448,4613.455,4613.855,0.1904
1768518900000,4613.845,4614.855,4608.448,4608.565,0.3485
1768519800000,4608.648,4610.779,4606.675,4607.835,0.2991
1768520700000,4607.425,4610.395,4606.055,4609.855,0.2964
1768521600000,4609.835,4609.915,4602.948,4605.375,0.2916
1768522500000,4605.415,4610.845,4604.948,4607.298,0.2598
1768523400000,4607.398,4607.698,4600.615,4600.998,0.7077
1768524300000,4600.998,4601.545,4598.098,4599.648,0.587
1768525200000,4599.495,4604.695,4593.565,4603.445,0.7298
1768526100000,4603.475,4607.095,4599.525,4605.985,0.554
1768527000000,4605.955,4608.325,4601.315,4604.895,0.4711
1768527900000,4604.995,4605.205,4598.805,4600.335,0.5824
1768528800000,4600.305,4603.485,4597.105,4597.835,0.626
1768529700000,4597.919,4604.005,4596.545,4599.648,0.4976
1768530600000,4599.605,4600.615,4590.975,4595.748,0.7089
1768531500000,4595.745,4598.425,4591.695,4594.448,0.5271
1768532400000,4594.825,4599.115,4594.195,4598.385,0.4506
1768533300000,4598.405,4599.615,4595.015,4595.335,0.3932
1768534200000,4595.285,4597.185,4592.605,4596.085,0.2686
1768535100000,4596.115,4597.225,4594.975,4596.115,0.318
1768536000000,4596.055,4599.455,4595.835,4598.385,0.282
1768536900000,4598.365,4601.125,4597.848,4598.198,0.3252
1768537800000,4598.198,4600.635,4596.998,4599.689,0.3879
1768538700000,4599.689,4601.915,4598.755,4600.869,0.2859
1768539600000,4600.885,4601.115,4595.105,4596.305,0.381
1768540500000,4596.365,4601.325,4595.235,4601.075,0.4039
1768541400000,4601.005,4606.665,4596.095,4606.645,0.6804
1768542300000,4606.615,4615.735,4606.365,4611.275,0.5861
1768543200000,4611.235,4612.095,4603.695,4604.265,0.5971
1768544100000,4604.555,4608.969,4603.285,4604.325,0.6493
1768545000000,4604.325,4607.775,4595.465,4595.785,0.6255
1768545900000,4595.825,4599.015,4593.865,4597.845,0.583
1768546800000,4597.915,4611.825,4596.515,4609.805,0.3445
1768547700000,4609.805,4609.825,4604.655,4605.645,0.2897
1768548600000,4605.745,4611.635,4600.735,4602.665,0.5492
1768549500000,4602.685,4609.475,4601.635,4607.285,0.2552
1768550400000,4607.245,4610.345,4604.455,4604.605,0.3983
1768551300000,4604.605,4610.355,4604.298,4607.175,0.2848
1768552200000,4607.108,4608.775,4601.658,4601.785,0.2639
1768553100000,4601.795,4607.095,4600.945,4602.985,0.2508
1768554000000,4603.045,4608.335,4602.125,4604.665,0.2667
1768554900000,4604.685,4604.755,4599.425,4600.895,0.2347
1768555800000,4600.915,4603.225,4598.615,4603.095,0.1527
1768556700000,4603.075,4603.115,4599.975,4600.395,0.3336
1768557600000,4600.325,4607.745,4600.235,4606.785,0.2373
1768558500000,4606.765,4610.945,4606.675,4607.175,0.2415
1768559400000,4607.145,4609.125,4606.605,4607.275,0.1727
1768560300000,4607.255,4608.425,4599.465,4599.885,0.3066
1768561200000,4599.915,4606.515,4598.285,4606.305,0.5092
1768562100000,4606.245,4611.335,4605.305,4610.955,0.2581
1768563000000,4610.935,4615.665,4609.475,4615.235,0.2497
1768563900000,4615.265,4615.965,4612.235,4612.335,0.2011
1768564800000,4612.365,4612.535,4609.048,4610.555,0.2682
1768565700000,4610.645,4612.675,4604.265,4606.048,0.3079
1768566600000,4606.148,4606.448,4601.795,4603.098,0.352
1768567500000,4603.035,4605.048,4596.915,4601.598,0.8477
1768568400000,4601.628,4605.305,4594.348,4595.955,0.8344
1768569300000,4596.035,4597.448,4582.105,4586.595,1.0873
1768570200000,4586.655,4601.045,4584.885,4599.335,0.8
1768571100000,4599.325,4602.698,4596.785,4601.625,0.641
1768572000000,4601.605,4608.405,4598.015,4606.735,0.6037
1768572900000,4606.765,4609.235,4598.048,4598.718,0.6276
1768573800000,4598.619,4611.348,4595.748,4608.595,1.4512
1768574700000,4608.565,4614.505,4607.045,4607.445,1.714
1768575600000,4607.475,4620.035,4607.268,4615.748,1.2305
1768576500000,4615.848,4617.348,4564.295,4564.855,1.2231
1768577400000,4564.825,4570.105,4536.515,4555.145,1.9098
1768578300000,4555.315,4575.305,4555.315,4570.855,1.1128
1768579200000,4570.835,4592.885,4567.138,4592.695,1.0058
1768580100000,4592.798,4596.385,4584.098,4591.335,0.8614
1768581000000,4591.555,4598.835,4587.885,4596.005,0.6877
1768581900000,4596.095,4597.225,4581.655,4591.025,0.723
1768582800000,4590.965,4592.985,4584.945,4590.535,0.6292
1768583700000,4590.525,4590.635,4576.395,4578.205,0.7039
1768584600000,4578.195,4586.475,4576.575,4580.388,0.5599
1768585500000,4580.388,4583.475,4578.415,4581.185,0.5134
1768586400000,4581.155,4588.775,4579.648,4584.255,0.5983
1768587300000,4584.225,4591.365,4581.565,4589.735,0.5522
1768588200000,4589.795,4595.865,4588.305,4595.125,0.5103
1768589100000,4595.155,4595.695,4582.025,4582.415,0.499
1768590000000,4582.395,4588.065,4580.725,4583.775,0.4566
1768590900000,4583.635,4585.995,4580.655,4583.705,0.4308
1768591800000,4583.755,4591.435,4583.585,4588.965,0.4587
1768592700000,4588.975,4592.149,4588.175,4590.245,1.0192
1768593600000,4590.285,4595.655,4588.565,4592.848,1.031
1768594500000,4592.748,4592.848,4587.198,4587.935,1.1159
1768595400000,4587.929,4587.945,4580.335,4583.918,0.7193
1768596300000,4583.918,4588.825,4581.315,4581.685,0.766
1768597200000,4581.598,4586.545,4581.598,4586.345,0.208
1768598100000,4586.375,4598.085,4586.085,4591.985,0.3456
1768599000000,4592.085,4595.555,4591.348,4594.148,0.2001
1768599900000,4594.028,4596.648,4593.948,4595.515,0.3263
1768777200000,4625.755,4661.448,4618.988,4653.725,0.6594
1768778100000,4653.695,4683.715,4653.375,4678.205,0.8638
1768779000000,4678.335,4690.265,4661.175,4671.385,0.8149
1768779900000,4671.405,4677.115,4663.585,4672.365,0.4794
1768780800000,4672.375,4675.825,4664.965,4665.275,0.4954
1768781700000,4665.275,4678.085,4660.685,4675.445,0.456
1768782600000,4675.425,4681.735,4672.958,4677.398,0.5377
1768783500000,4677.698,4678.648,4671.755,4674.995,0.4422
1768784400000,4675.215,4678.285,4661.448,4662.765,0.9576
1768785300000,4662.735,4669.475,4656.195,4662.055,0.9939
1768786200000,4662.055,4664.255,4655.835,4662.225,0.5643
1768787100000,4662.275,4667.285,4656.815,4657.045,0.5295
1768788000000,4657.025,4664.775,4652.845,4658.865,0.5595
1768788900000,4658.885,4662.065,4656.655,4659.845,0.2579
1768789800000,4659.815,4663.665,4656.265,4658.275,0.4934
1768790700000,4658.305,4664.135,4654.655,4662.275,0.5976
1768791600000,4662.225,4669.385,4662.225,4668.665,0.4338
1768792500000,4668.645,4669.675,4663.635,4664.248,0.4728
1768793400000,4664.448,4665.685,4661.468,4662.548,0.4035
1768794300000,4662.548,4663.198,4657.845,4658.048,0.4156
1768795200000,4658.208,4662.155,4657.898,4662.145,0.3235
1768796100000,4662.125,4664.755,4660.235,4662.275,0.2882
1768797000000,4662.275,4662.945,4658.995,4661.415,0.192
1768797900000,4661.155,4665.865,4660.935,4663.095,0.2596
1768798800000,4663.075,4670.955,4662.955,4669.295,0.2422
1768799700000,4669.265,4671.955,4668.509,4668.815,0.249
1768800600000,4668.769,4674.165,4663.458,4663.985,0.4751
1768801500000,4664.015,4671.805,4663.835,4669.815,0.4046
1768802400000,4669.815,4670.255,4666.529,4668.989,0.4308
1768803300000,4669.009,4672.455,4668.235,4669.505,0.3521
1768804200000,4669.505,4676.305,4669.385,4672.235,0.3398
1768805100000,4672.275,4678.855,4672.205,4677.765,0.4588
1768806000000,4677.725,4678.415,4667.885,4669.505,0.4085
1768806900000,4669.455,4669.945,4663.335,4667.195,0.5729
1768807800000,4667.205,4669.535,4664.385,4664.485,0.2165
1768808700000,4664.515,4666.065,4661.628,4664.955,0.4246
1768809600000,4664.955,4673.655,4663.545,4669.078,0.3908
1768810500000,4669.078,4670.905,4666.845,4669.145,0.2636
1768811400000,4669.175,4670.725,4666.395,4667.615,0.2341
1768812300000,4667.585,4668.945,4661.345,4663.275,0.6849
1768813200000,4663.275,4671.405,4661.658,4670.655,0.5624
1768814100000,4670.685,4672.645,4665.778,4666.258,0.4665
1768815000000,4666.215,4670.265,4664.598,4669.365,0.3179
1768815900000,4669.395,4669.685,4666.898,4668.205,0.1843
1768816800000,4668.155,4670.105,4666.555,4670.075,0.1734
1768817700000,4670.365,4671.055,4665.245,4665.585,0.2192
1768818600000,4665.555,4666.895,4660.948,4661.315,0.552
1768819500000,4661.335,4666.775,4661.215,4663.565,0.2887
1768820400000,4663.595,4666.425,4661.685,4664.185,0.1536
1768821300000,4664.215,4667.005,4661.555,4666.725,0.1379
1768822200000,4666.755,4667.335,4659.725,4664.605,0.2077
1768823100000,4664.685,4665.885,4659.425,4660.295,0.4378
1768824000000,4660.335,4666.175,4659.825,4665.695,0.2545
1768824900000,4665.695,4671.895,4665.605,4670.775,0.3044
1768825800000,4670.735,4673.585,4669.785,4671.435,0.2639
1768826700000,4671.465,4672.665,4667.815,4671.805,0.3042
1768827600000,4671.599,4673.375,4668.298,4670.095,0.6905
1768828500000,4670.125,4671.865,4668.435,4671.625,0.5428
1768829400000,4671.575,4673.565,4666.165,4668.105,0.3222
1768830300000,4668.035,4669.105,4664.185,4665.905,0.3868
1768831200000,4665.885,4666.525,4661.198,4664.698,0.4851
1768832100000,4664.798,4668.355,4663.039,4667.915,0.4275
1768833000000,4667.885,4670.205,4663.705,4667.015,0.3578
1768833900000,4666.955,4668.775,4665.175,4666.355,0.3383
1768834800000,4666.315,4670.765,4664.375,4667.885,0.3876
1768835700000,4667.915,4668.665,4663.995,4666.415,1.0273
1768836600000,4666.445,4670.975,4665.715,4670.135,0.3257
1768837500000,4670.135,4675.955,4669.475,4674.055,0.3543
1768838400000,4674.085,4675.435,4671.145,4672.255,0.2556
1768839300000,4672.225,4672.635,4670.145,4671.335,0.2135
1768840200000,4671.488,4673.635,4670.298,4673.035,0.2196
1768841100000,4673.085,4673.535,4671.385,4671.945,0.3081
1768842000000,4671.975,4672.895,4670.285,4670.675,0.167
1768842900000,4670.645,4671.198,4668.848,4670.695,0.3501
1768843800000,4670.755,4676.125,4670.735,4676.055,0.3856
1768844700000,4676.075,4678.665,4673.888,4676.035,0.2983
1768845600000,4676.015,4676.015,4673.475,4675.205,0.2466
1768846500000,4675.245,4680.105,4674.905,4678.205,0.215
1768847400000,4678.305,4678.615,4674.635,4677.485,0.1374
1768848300000,4677.505,4677.925,4674.995,4676.248,0.1621
1768849200000,4676.248,4676.348,4671.548,4671.555,0.3089
1768850100000,4671.565,4672.298,4666.848,4669.975,0.3095
1768863600000,4671.298,4676.448,4665.578,4670.348,0.3215
1768864500000,4670.235,4671.898,4664.298,4665.825,0.1716
1768865400000,4666.035,4668.615,4664.185,4665.935,0.1641
1768866300000,4665.905,4666.735,4664.715,4665.135,0.1132
1768867200000,4665.145,4667.745,4663.798,4667.715,0.1827
1768868100000,4667.695,4667.815,4659.245,4659.425,0.192
1768869000000,4659.425,4666.195,4659.335,4662.965,0.2435
1768869900000,4662.935,4663.985,4660.085,4660.095,0.2816
1768870800000,4660.115,4673.335,4659.665,4670.075,0.6031
1768871700000,4670.095,4672.135,4665.835,4670.825,0.5227
1768872600000,4670.795,4675.885,4670.795,4672.915,0.3827
1768873500000,4672.795,4674.625,4665.475,4669.505,0.4982
1768874400000,4669.395,4671.765,4665.205,4665.865,0.5286
1768875300000,4665.745,4673.345,4665.355,4671.845,0.3218
1768876200000,4671.875,4674.645,4670.085,4673.855,0.4426
1768877100000,4673.925,4674.055,4666.515,4668.505,0.4957
1768878000000,4668.565,4671.385,4665.735,4671.385,0.4271
1768878900000,4671.435,4673.995,4670.955,4673.095,0.429
1768879800000,4672.965,4678.765,4672.565,4676.675,0.2816
1768880700000,4676.715,4681.355,4676.715,4679.985,0.2997
1768881600000,4679.965,4682.365,4679.405,4680.185,0.2982
1768882500000,4680.245,4686.915,4680.195,4685.548,0.4974
1768883400000,4685.465,4693.098,4684.145,4689.318,0.5833
1768884300000,4689.318,4696.785,4688.498,4695.025,0.5776
1768885200000,4694.995,4701.235,4694.355,4699.425,0.4429
1768886100000,4699.415,4700.405,4694.645,4695.735,0.2841
1768887000000,4695.765,4706.035,4694.115,4704.875,0.6482
1768887900000,4704.895,4716.395,4704.695,4714.148,0.5732
1768888800000,4714.148,4716.925,4707.175,4712.905,0.6177
1768889700000,4712.935,4715.295,4709.275,4712.275,0.4926
1768890600000,4712.295,4714.905,4705.355,4710.605,0.5543
1768891500000,4710.625,4715.075,4709.115,4712.285,0.361
1768892400000,4712.245,4717.545,4711.215,4715.335,0.3504
1768893300000,4715.315,4722.005,4714.548,4717.735,0.3923
1768894200000,4718.095,4721.415,4716.475,4719.855,0.3043
1768895100000,4719.835,4722.505,4714.575,4715.915,0.3508
1768896000000,4715.945,4725.395,4714.745,4724.305,0.3965
1768896900000,4724.235,4725.095,4717.658,4718.355,0.5765
1768897800000,4718.315,4724.325,4715.715,4722.725,0.5
1768898700000,4722.775,4731.435,4722.535,4729.205,0.458
1768899600000,4729.225,4731.445,4723.875,4725.065,0.4389
1768900500000,4725.045,4733.725,4720.998,4733.135,0.4433
1768901400000,4733.105,4736.045,4732.705,4734.075,0.39
1768902300000,4734.095,4737.285,4732.095,4732.165,0.3871
1768903200000,4732.195,4734.825,4729.988,4731.105,0.3291
1768904100000,4731.125,4733.195,4727.455,4727.558,0.4398
1768905000000,4727.578,4729.045,4723.075,4724.295,0.4397
1768905900000,4724.285,4728.035,4722.785,4726.355,0.3267
1768906800000,4726.375,4727.805,4721.415,4726.115,0.3117
1768907700000,4726.255,4729.115,4725.498,4726.645,0.3853
1768908600000,4726.805,4732.145,4725.605,4732.095,0.4216
1768909500000,4732.175,4735.145,4730.385,4732.885,0.4145
1768910400000,4732.678,4732.678,4728.195,4729.885,0.3518
1768911300000,4730.015,4730.225,4725.935,4726.355,0.3558
1768912200000,4726.415,4728.885,4723.765,4726.555,0.4154
1768913100000,4726.535,4729.145,4725.795,4727.365,0.3915
1768914000000,4727.345,4728.235,4721.875,4723.298,0.7047
1768914900000,4723.198,4725.798,4715.735,4719.105,0.7235
1768915800000,4719.135,4730.175,4715.075,4729.515,0.7157
1768916700000,4729.715,4738.165,4727.235,4736.855,0.8929
1768917600000,4736.905,4748.298,4732.055,4740.645,0.9695
1768918500000,4740.595,4750.455,4740.095,4750.395,1.446
1768919400000,4750.365,4750.835,4728.295,4738.035,1.3856
1768920300000,4737.808,4742.055,4732.925,4740.805,1.2077
1768921200000,4740.658,4748.295,4738.215,4744.335,0.919
1768922100000,4744.295,4744.375,4722.028,4723.795,1.8969
1768923000000,4723.815,4735.455,4722.285,4732.535,2.1411
1768923900000,4732.535,4738.955,4728.768,4737.215,2.0217
1768924800000,4737.235,4743.165,4728.685,4741.225,1.401
1768925700000,4741.445,4743.965,4735.165,4740.905,0.6526
1768926600000,4740.835,4745.385,4740.345,4745.025,0.5613
1768927500000,4745.065,4757.355,4745.045,4753.255,0.9875
1768928400000,4753.245,4754.085,4745.755,4753.825,0.6062
1768929300000,4753.705,4756.398,4751.498,4754.765,0.7915
1768930200000,4754.745,4757.755,4751.885,4756.325,0.625
1768931100000,4756.355,4762.205,4751.978,4758.898,0.7332
1768932000000,4758.915,4764.955,4758.285,4762.905,0.7907
1768932900000,4762.925,4766.045,4759.215,4761.315,0.5134
1768933800000,4761.275,4762.655,4756.955,4757.405,0.4859
1768934700000,4757.435,4760.098,4752.485,4759.205,0.598
1768935600000,4759.205,4760.248,4756.235,4758.955,0.9703
1768936500000,4758.898,4766.145,4758.035,4759.308,0.4436
1768937400000,4759.255,4763.795,4756.585,4763.225,0.3884
1768938300000,4763.058,4763.698,4758.335,4760.555,0.3357
1768939200000,4760.505,4760.995,4755.498,4759.915,0.5168
1768940100000,4759.865,4760.565,4747.048,4750.165,1.0287
1768941000000,4750.185,4754.945,4748.605,4749.525,0.58
1768941900000,4749.565,4757.715,4749.105,4756.405,0.7053
1768942800000,4756.415,4760.265,4756.055,4760.205,0.3191
1768943700000,4760.215,4760.725,4759.185,4759.505,0.2664
1768944600000,4759.505,4759.508,4757.005,4759.015,0.1301
1768945500000,4759.035,4763.775,4758.645,4762.945,0.15
1768950000000,4761.375,4765.798,4756.578,4757.825,0.2017
1768950900000,4758.025,4760.925,4757.585,4759.495,0.1365
1768951800000,4759.465,4773.405,4758.415,4773.405,0.1702
1768952700000,4773.435,4780.895,4771.745,4775.625,0.3708
1768953600000,4775.605,4777.565,4770.198,4776.465,0.2577
1768954500000,4776.445,4779.655,4773.485,4776.925,0.1881
1768955400000,4776.895,4785.655,4776.445,4784.855,0.3078
1768956300000,4784.815,4787.495,4781.985,4784.325,0.2941
1768957200000,4784.305,4809.735,4783.315,4807.575,0.8304
1768958100000,4807.545,4827.465,4804.815,4827.195,0.869
1768959000000,4827.165,4836.365,4814.725,4818.595,0.9591
1768959900000,4818.545,4843.925,4818.545,4835.045,0.6994
1768960800000,4835.155,4841.945,4822.385,4827.915,0.6874
1768961700000,4827.955,4827.985,4817.005,4824.705,0.5186
1768962600000,4824.675,4839.325,4822.065,4830.775,0.5862
1768963500000,4830.785,4836.835,4827.395,4836.465,0.556
1768964400000,4836.455,4849.545,4832.825,4833.435,0.6895
1768965300000,4832.898,4836.655,4826.795,4833.475,0.7179
1768966200000,4833.505,4846.095,4831.535,4842.625,0.4203
1768967100000,4842.655,4846.855,4839.698,4844.735,0.3392
1768968000000,4844.675,4846.245,4837.695,4844.615,0.4985
1768968900000,4844.665,4853.975,4843.705,4849.615,0.638
1768969800000,4849.595,4865.365,4849.585,4865.225,0.4186
1768970700000,4865.325,4870.685,4862.065,4865.795,0.3615
1768971600000,4865.695,4866.865,4858.605,4866.785,0.3542
1768972500000,4866.805,4873.945,4863.335,4868.605,0.3788
1768973400000,4868.575,4878.065,4863.635,4870.825,0.7616
1768974300000,4870.775,4876.945,4868.775,4869.745,0.4592
1768975200000,4869.805,4875.195,4864.025,4871.315,0.5054
1768976100000,4871.285,4888.075,4869.848,4883.585,0.5866
1768977000000,4883.565,4887.075,4858.748,4861.148,0.6971
1768977900000,4861.148,4865.805,4845.455,4847.275,0.7439
1768978800000,4847.255,4848.885,4834.465,4836.798,0.7914
1768979700000,4837.015,4850.525,4832.375,4848.855,0.687
1768980600000,4849.315,4851.435,4838.445,4848.975,0.546
1768981500000,4849.025,4856.875,4847.495,4855.055,0.3417
1768982400000,4855.075,4863.835,4853.455,4858.315,0.4006
1768983300000,4858.345,4869.375,4858.245,4866.615,0.3228
1768984200000,4866.575,4867.885,4858.748,4861.145,0.4317
1768985100000,4861.115,4862.835,4851.325,4854.435,0.3875
1768986000000,4854.455,4862.215,4852.115,4859.675,0.3051
1768986900000,4859.725,4876.485,4857.845,4875.525,0.4384
1768987800000,4875.485,4876.965,4863.915,4866.065,0.4916
1768988700000,4866.085,4867.365,4858.985,4860.175,0.3649
1768989600000,4860.135,4866.555,4859.235,4863.255,0.2927
1768990500000,4863.225,4864.255,4859.645,4860.215,0.2839
1768991400000,4860.175,4865.575,4859.825,4864.755,0.294
1768992300000,4864.775,4866.498,4861.898,4861.898,0.3172
1768993200000,4861.898,4865.298,4860.645,4864.998,0.2531
1768994100000,4864.998,4871.305,4864.798,4866.968,0.3108
1768995000000,4866.705,4867.155,4860.315,4861.995,0.3076
1768995900000,4861.975,4866.705,4854.975,4866.705,0.3481
1768996800000,4866.735,4867.325,4861.055,4862.065,0.313
1768997700000,4862.005,4864.685,4855.415,4864.675,0.3436
1768998600000,4864.695,4870.715,4863.485,4865.475,0.3025
1768999500000,4865.515,4867.095,4856.635,4864.975,0.3484
1769000400000,4865.313,4871.305,4858.255,4869.055,0.5824
1769001300000,4869.085,4871.375,4861.608,4867.815,0.5617
1769002200000,4867.845,4878.925,4866.768,4877.135,0.4975
1769003100000,4877.165,4880.135,4869.848,4879.215,0.538
1769004000000,4879.195,4880.635,4839.115,4844.085,1.0839
1769004900000,4844.065,4864.355,4841.568,4860.275,0.9138
1769005800000,4860.085,4872.245,4849.795,4860.545,1.1039
1769006700000,4860.555,4861.785,4846.485,4851.595,1.0475
1769007600000,4851.515,4868.575,4846.785,4860.085,0.9895
1769008500000,4860.055,4861.625,4812.415,4830.798,1.3141
1769009400000,4830.798,4845.275,4828.765,4837.185,1.0667
1769010300000,4837.145,4854.365,4833.815,4847.505,0.8319
1769011200000,4847.535,4855.435,4843.545,4846.875,0.7801
1769012100000,4846.865,4852.585,4828.915,4839.725,0.8484
1769013000000,4839.795,4849.595,4833.448,4834.565,0.7771
1769013900000,4834.545,4837.425,4819.615,4833.265,0.7797
1769014800000,4833.295,4834.135,4815.315,4818.225,0.7737
1769015700000,4817.809,4826.215,4814.278,4821.075,0.7733
1769016600000,4821.095,4821.535,4802.325,4809.685,0.8817
1769017500000,4809.645,4827.515,4808.415,4826.125,0.7145
1769018400000,4826.155,4831.545,4822.475,4825.235,1.1388
1769019300000,4825.255,4836.905,4819.515,4833.925,0.7946
1769020200000,4833.985,4838.515,4830.105,4837.645,0.6146
1769021100000,4837.505,4850.445,4835.885,4850.095,0.5344
1769022000000,4850.125,4850.725,4842.885,4848.735,0.5894
1769022900000,4848.705,4853.875,4805.005,4815.655,0.6956
1769023800000,4815.645,4821.225,4765.598,4765.598,1.6932
1769024700000,4765.685,4782.775,4755.345,4780.995,1.3143
1769025600000,4780.858,4787.415,4771.915,4787.055,1.0953
1769026500000,4787.255,4800.735,4784.405,4797.155,1.0235
1769027400000,4797.195,4821.255,4796.225,4819.865,1.0144
1769028300000,4819.925,4827.675,4816.025,4826.345,1.0453
1769029200000,4826.315,4826.315,4813.005,4823.735,0.4153
1769030100000,4823.775,4838.225,4823.445,4832.255,0.3997
1769031000000,4832.285,4839.205,4831.835,4834.855,0.3051
1769031900000,4834.875,4839.535,4827.775,4831.685,0.3358
1769036400000,4832.695,4833.415,4800.708,4814.705,0.3591
1769037300000,4814.745,4814.975,4784.808,4794.765,0.3674
1769038200000,4794.755,4801.495,4785.445,4786.648,0.3135
1769039100000,4786.648,4797.375,4777.265,4777.915,0.3283
1769040000000,4777.875,4793.795,4777.795,4789.845,0.3304
1769040900000,4789.865,4789.865,4779.995,4782.365,0.2492
1769041800000,4782.285,4795.455,4779.995,4792.895,0.3336
1769042700000,4792.925,4798.665,4787.265,4797.975,0.3688
1769043600000,4797.955,4797.955,4772.185,4791.185,0.9313
1769044500000,4791.285,4809.405,4788.075,4795.725,0.8149
1769045400000,4795.685,4804.445,4793.235,4803.015,0.6081
1769046300000,4803.045,4804.695,4797.665,4797.835,0.5965
1769047200000,4797.635,4798.165,4787.145,4793.345,0.6747
1769048100000,4793.425,4795.705,4786.465,4787.345,0.4455
1769049000000,4787.375,4787.995,4774.535,4781.585,0.7018
1769049900000,4781.695,4792.465,4781.675,4788.845,0.5102
1769050800000,4788.845,4791.048,4784.055,4789.498,0.5413
1769051700000,4789.498,4795.675,4785.535,4792.275,0.503
1769052600000,4792.325,4794.155,4790.005,4790.085,0.4656
1769053500000,4790.045,4796.565,4789.825,4796.365,0.3037
1769054400000,4796.395,4800.245,4795.048,4797.975,0.3376
1769055300000,4797.955,4799.625,4794.325,4795.785,0.457
1769056200000,4795.755,4798.205,4793.615,4795.255,0.325
1769057100000,4795.225,4797.925,4793.705,4797.305,0.2263
1769058000000,4797.275,4801.315,4793.505,4800.345,0.2825
1769058900000,4800.315,4800.335,4794.925,4795.185,0.3022
1769059800000,4795.145,4802.555,4794.935,4800.675,0.4272
1769060700000,4800.635,4821.265,4800.635,4821.115,0.4936
1769061600000,4821.145,4824.735,4816.205,4817.965,0.5
1769062500000,4817.925,4829.195,4816.745,4825.405,0.4567
1769063400000,4825.325,4827.915,4823.425,4823.665,0.3626
1769064300000,4823.605,4826.605,4821.285,4826.405,0.3239
1769065200000,4826.605,4834.815,4825.575,4833.245,0.3219
1769066100000,4833.235,4837.965,4830.035,4836.915,0.3114
1769067000000,4836.905,4839.353,4832.605,4833.285,0.2475
1769067900000,4833.315,4835.745,4830.545,4832.485,0.2356
1769068800000,4832.465,4835.325,4824.155,4827.595,0.3813
1769069700000,4827.645,4830.345,4825.515,4826.198,0.2716
1769070600000,4826.198,4828.435,4821.975,4826.335,0.295
1769071500000,4826.305,4831.675,4825.665,4830.435,0.3579
1769072400000,4830.495,4837.925,4829.415,4832.655,0.3252
1769073300000,4832.625,4833.515,4827.985,4829.365,0.3244
1769074200000,4829.425,4830.965,4813.605,4816.085,0.4056
1769075100000,4815.188,4823.055,4814.335,4822.945,0.2307
1769076000000,4822.965,4824.945,4819.305,4823.465,0.2777
1769076900000,4823.505,4827.465,4821.165,4826.675,0.261
1769077800000,4826.498,4829.105,4823.835,4828.145,0.2044
1769078700000,4828.195,4831.645,4827.035,4828.795,0.1914
1769079600000,4828.835,4831.675,4826.178,4826.178,0.1743
1769080500000,4826.068,4829.415,4824.445,4827.595,0.2525
1769081400000,4827.545,4831.365,4824.885,4830.625,0.2881
1769082300000,4830.665,4836.145,4830.195,4831.015,0.3043
1769083200000,4830.985,4830.985,4823.135,4824.495,0.5437
1769084100000,4824.555,4832.365,4824.155,4831.485,0.2592
1769085000000,4831.445,4832.315,4829.498,4829.545,0.2234
1769085900000,4829.595,4829.595,4818.615,4819.405,0.3538
1769086800000,4819.365,4827.445,4815.795,4826.675,0.5776
1769087700000,4826.995,4835.235,4825.925,4826.988,0.4915
1769088600000,4826.988,4826.988,4810.715,4813.555,0.5999
1769089500000,4813.545,4822.545,4810.535,4822.125,0.534
1769090400000,4822.095,4825.835,4820.225,4824.155,0.4031
1769091300000,4824.185,4830.405,4822.305,4829.255,0.3055
1769092200000,4829.295,4847.505,4828.065,4845.448,0.9614
1769093100000,4845.615,4846.548,4834.435,4834.845,0.8721
1769094000000,4834.498,4840.485,4825.358,4838.965,0.8958
1769094900000,4838.915,4855.895,4836.075,4853.805,0.7103
1769095800000,4853.545,4865.635,4853.325,4863.405,0.6965
1769096700000,4863.445,4873.535,4860.465,4871.615,0.6819
1769097600000,4871.645,4876.195,4867.915,4873.465,0.652
1769098500000,4873.505,4880.505,4870.455,4875.748,0.6302
1769099400000,4875.748,4884.715,4873.065,4880.695,0.569
1769100300000,4880.775,4885.235,4874.675,4877.835,0.4967
1769101200000,4877.875,4884.495,4869.195,4879.945,0.7255
1769102100000,4879.945,4893.695,4876.165,4889.785,0.6622
1769103000000,4889.805,4899.395,4889.055,4898.735,0.5573
1769103900000,4898.705,4906.095,4896.245,4904.385,0.5897
1769104800000,4904.355,4915.055,4901.115,4908.355,0.6797
1769105700000,4908.245,4913.375,4906.725,4910.065,0.6222
1769106600000,4909.898,4915.475,4907.205,4912.825,0.4384
1769107500000,4912.795,4919.385,4910.825,4915.815,0.3967
1769108400000,4915.775,4924.235,4915.275,4923.765,0.4228
1769109300000,4923.945,4923.945,4909.545,4914.515,0.5289
1769110200000,4914.545,4917.975,4913.325,4913.455,0.4137
1769111100000,4913.465,4913.465,4905.755,4911.575,0.5767
1769112000000,4911.595,4926.175,4911.375,4925.685,0.4366
1769112900000,4925.665,4928.295,4924.208,4925.505,0.4038
1769113800000,4925.525,4926.965,4918.255,4922.675,0.4291
1769114700000,4922.695,4924.745,4914.085,4916.875,0.5246
1769115600000,4916.805,4923.045,4914.485,4922.825,0.2417
1769116500000,4922.795,4925.255,4920.485,4925.085,0.1819
1769117400000,4925.005,4940.385,4923.965,4938.945,0.2919
1769118300000,4938.895,4940.615,4935.365,4935.685,0.2485
1769122800000,4935.698,4959.635,4935.698,4942.705,0.4671
1769123700000,4942.745,4946.365,4939.215,4940.025,0.2606
1769124600000,4939.995,4940.055,4929.945,4938.575,0.2361
1769125500000,4938.545,4960.435,4938.495,4958.795,0.4175
1769126400000,4958.785,4963.175,4950.495,4951.655,0.3196
1769127300000,4951.505,4958.285,4947.748,4951.885,0.249
1769128200000,4951.905,4955.865,4947.235,4949.115,0.299
1769129100000,4949.115,4965.765,4949.095,4965.025,0.2775
1769130000000,4965.055,4967.075,4935.995,4948.665,0.9378
1769130900000,4948.645,4954.175,4942.245,4947.115,0.6221
1769131800000,4947.155,4956.145,4946.435,4950.865,0.4314
1769132700000,4950.895,4962.795,4950.895,4953.315,0.4441
1769133600000,4953.295,4956.615,4946.945,4949.275,0.3575
1769134500000,4949.335,4953.345,4946.665,4952.815,0.2918
1769135400000,4952.795,4957.315,4952.395,4956.575,0.3885
1769136300000,4956.575,4962.125,4955.265,4955.395,0.2622
1769137200000,4955.365,4958.915,4953.135,4954.795,0.2956
1769138100000,4954.765,4955.225,4937.845,4943.725,0.3949
1769139000000,4943.695,4953.135,4942.625,4949.425,0.3066
1769139900000,4949.375,4954.345,4948.005,4951.855,0.168
1769140800000,4951.835,4953.475,4950.595,4952.285,0.1134
1769141700000,4952.265,4953.265,4950.025,4952.885,0.1133
1769142600000,4952.865,4957.875,4951.815,4956.495,0.1973
1769143500000,4956.335,4958.295,4954.718,4956.095,0.1142
1769144400000,4956.075,4957.475,4954.395,4956.135,0.133
1769145300000,4956.145,4960.085,4955.445,4957.355,0.1082
1769146200000,4957.305,4961.235,4956.325,4961.005,0.2587
1769147100000,4961.025,4967.235,4960.175,4960.425,0.342
1769148000000,4960.405,4963.035,4945.405,4952.475,0.4071
1769148900000,4952.525,4958.835,4951.235,4952.835,0.296
1769149800000,4952.845,4955.695,4949.905,4952.865,0.3794
1769150700000,4952.885,4956.155,4950.535,4953.595,0.3272
1769151600000,4953.635,4957.995,4952.135,4955.745,0.2688
1769152500000,4955.755,4959.505,4951.505,4956.725,0.247
1769153400000,4957.045,4958.295,4945.848,4945.875,0.4788
1769154300000,4945.925,4950.995,4943.105,4944.325,0.2961
1769155200000,4944.305,4947.565,4940.278,4941.805,0.2961
1769156100000,4941.795,4942.725,4901.005,4913.215,0.6267
1769157000000,4913.285,4926.065,4910.275,4924.765,0.4792
1769157900000,4924.795,4925.195,4908.495,4913.535,0.5039
1769158800000,4913.635,4919.875,4908.975,4911.735,0.4917
1769159700000,4911.765,4914.605,4899.545,4905.345,0.5071
1769160600000,4905.285,4917.605,4903.155,4916.745,0.6162
1769161500000,4916.685,4921.225,4914.315,4918.415,0.4732
1769162400000,4918.465,4922.585,4915.485,4921.125,0.2992
1769163300000,4921.155,4932.265,4921.155,4929.075,0.4143
1769164200000,4929.048,4930.058,4924.505,4927.925,0.2575
1769165100000,4927.955,4930.495,4924.405,4929.635,0.2612
1769166000000,4929.715,4929.735,4915.765,4918.205,0.2888
1769166900000,4918.255,4921.705,4911.625,4920.515,0.3208
1769167800000,4920.735,4924.955,4919.475,4923.275,0.2155
1769168700000,4923.295,4926.145,4920.725,4922.625,0.2798
1769169600000,4923.025,4934.205,4918.205,4933.615,0.3882
1769170500000,4933.645,4936.785,4930.295,4933.835,0.317
1769171400000,4933.795,4938.855,4932.205,4935.985,0.4445
1769172300000,4936.045,4942.295,4935.785,4939.225,0.4792
1769173200000,4939.175,4947.785,4933.285,4940.035,0.7751
1769174100000,4940.075,4940.335,4923.305,4931.075,0.7317
1769175000000,4930.765,4938.998,4927.075,4931.615,0.7281
1769175900000,4931.505,4940.785,4930.325,4938.945,0.516
1769176800000,4938.865,4947.715,4934.685,4944.365,0.5182
1769177700000,4944.735,4945.455,4939.475,4939.665,0.4191
1769178600000,4939.715,4949.585,4932.535,4946.515,0.8002
1769179500000,4946.595,4956.325,4942.145,4942.995,0.7078
1769180400000,4943.005,4955.695,4937.965,4952.565,0.7716
1769181300000,4952.585,4954.035,4942.155,4944.545,0.7447
1769182200000,4944.575,4960.775,4943.435,4959.045,0.629
1769183100000,4959.005,4963.265,4951.098,4960.295,0.7279
1769184000000,4960.345,4976.705,4958.898,4970.745,0.6841
1769184900000,4970.785,4986.365,4969.335,4985.335,0.6619
1769185800000,4985.365,4988.095,4978.665,4982.585,0.6691
1769186700000,4982.315,4982.735,4975.505,4980.125,0.6225
1769187600000,4980.165,4986.785,4977.065,4984.325,0.5123
1769188500000,4984.555,4987.535,4980.498,4982.865,0.4966
1769189400000,4982.835,4987.815,4981.985,4982.905,0.5278
1769190300000,4982.835,4984.875,4961.845,4965.525,0.7577
1769191200000,4965.585,4982.545,4965.045,4980.695,0.6249
1769192100000,4980.735,4983.885,4977.298,4978.335,0.5738
1769193000000,4978.295,4979.695,4963.645,4964.135,0.5302
1769193900000,4964.155,4969.595,4957.995,4966.375,0.5532
1769194800000,4966.505,4978.675,4966.505,4973.925,0.4519
1769195700000,4973.945,4978.635,4973.475,4977.075,0.3561
1769196600000,4977.015,4980.155,4974.155,4978.498,0.3614
1769197500000,4978.545,4989.675,4977.798,4983.945,0.4776
1769198400000,4983.875,4985.455,4970.385,4981.105,0.6912
1769199300000,4981.125,4985.305,4978.185,4980.765,0.5438
1769200200000,4980.775,4983.385,4975.448,4982.245,0.5371
1769201100000,4982.285,4984.075,4978.685,4980.725,0.505
1769202000000,4980.805,4985.985,4978.918,4981.305,0.2501
1769202900000,4981.265,4983.615,4977.925,4981.825,0.1682
1769203800000,4981.855,4983.208,4980.495,4982.265,0.1632
1769204700000,4982.235,4989.648,4980.755,4983.785,0.3244
1769382000000,5003.285,5026.648,5001.098,5021.305,1.1078
1769382900000,5020.565,5030.745,5011.895,5018.335,0.4532
1769383800000,5018.555,5031.585,5016.155,5024.955,0.428
1769384700000,5024.855,5039.695,5024.755,5039.395,0.3462
1769385600000,5039.525,5043.535,5034.205,5039.005,0.4494
1769386500000,5038.995,5042.655,5030.275,5042.655,0.4246
1769387400000,5042.515,5051.885,5041.925,5050.145,0.4126
1769388300000,5050.195,5051.625,5037.855,5041.495,0.5852
1769389200000,5041.565,5058.815,5028.745,5057.545,0.976
1769390100000,5057.505,5075.275,5056.395,5074.185,0.8399
1769391000000,5074.195,5085.355,5071.495,5083.075,0.8936
1769391900000,5083.035,5084.675,5067.465,5070.775,1.0486
1769392800000,5070.725,5078.945,5066.625,5074.795,0.9529
1769393700000,5074.625,5088.695,5072.335,5087.655,0.6728
1769394600000,5087.555,5092.785,5078.995,5088.085,0.8508
1769395500000,5088.085,5090.935,5080.505,5080.695,0.6766
1769396400000,5080.685,5084.855,5071.415,5084.625,0.677
1769397300000,5084.605,5087.575,5074.625,5079.175,0.7421
1769398200000,5079.155,5083.645,5075.675,5078.365,0.7434
1769399100000,5078.095,5079.265,5069.905,5076.525,0.5688
1769400000000,5076.445,5077.985,5071.985,5075.785,0.3617
1769400900000,5075.885,5076.395,5071.155,5072.015,0.3832
1769401800000,5072.035,5072.895,5064.015,5066.855,0.3899
1769402700000,5066.905,5072.075,5058.045,5070.175,0.4013
1769403600000,5070.145,5072.565,5054.895,5059.725,0.4792
1769404500000,5059.745,5066.885,5052.175,5065.295,0.5005
1769405400000,5065.255,5067.805,5052.755,5059.685,1.0829
1769406300000,5059.685,5076.325,5058.195,5074.185,0.6972
1769407200000,5074.165,5082.085,5067.145,5069.145,0.6557
1769408100000,5069.115,5077.045,5065.175,5075.045,0.6125
1769409000000,5075.195,5092.505,5074.565,5091.945,0.5105
1769409900000,5091.925,5110.885,5076.105,5077.235,0.9709
1769410800000,5077.235,5092.125,5073.575,5090.905,0.6905
1769411700000,5090.815,5095.585,5089.675,5095.255,0.4179
1769412600000,5095.275,5095.535,5085.735,5088.535,0.3926
1769413500000,5088.525,5094.055,5088.105,5088.855,0.364
1769414400000,5088.815,5096.535,5086.998,5095.995,0.4969
1769415300000,5095.965,5097.525,5094.855,5096.565,0.3692
1769416200000,5096.505,5098.225,5090.145,5093.315,0.4776
1769417100000,5093.345,5093.835,5080,5083.185,0.6014
1769418000000,5082.965,5092.885,5081.925,5091.095,0.4741
1769418900000,5091.135,5096.815,5087.865,5096.565,0.4392
1769419800000,5096.605,5098.376,5087.235,5091.355,0.382
1769420700000,5091.385,5093.065,5075.145,5083.995,0.5296
1769421600000,5084.57,5090.175,5078.395,5089.065,0.429
1769422500000,5089.025,5091.145,5086.155,5087.355,0.3203
1769423400000,5087.385,5094.895,5085.755,5092.785,0.3262
1769424300000,5092.765,5094.145,5090.105,5091.545,0.4117
1769425200000,5091.525,5092.755,5087.155,5087.715,0.3816
1769426100000,5087.805,5088.505,5078.215,5087.175,0.4809
1769427000000,5087.155,5092.365,5083.495,5089.795,0.3595
1769427900000,5089.825,5092.455,5087.145,5091.345,0.3227
1769428800000,5091.385,5093.605,5086.985,5090.275,0.4134
1769429700000,5090.135,5096.835,5086.015,5089.825,0.4403
1769430600000,5089.845,5089.845,5079.125,5083.255,0.5
1769431500000,5083.285,5085.695,5076.935,5078.745,0.5473
1769432400000,5078.665,5082.095,5066.025,5079.915,0.8007
1769433300000,5079.945,5082.915,5067.025,5071.285,0.7246
1769434200000,5071.295,5072.775,5054.375,5070.925,0.7811
1769435100000,5070.965,5075.915,5066.855,5068.395,0.6854
1769436000000,5068.515,5073.015,5058.125,5071.115,0.6634
1769436900000,5071.145,5082.485,5063.545,5078.225,0.5806
1769437800000,5078.195,5090.715,5074.515,5081.675,1.1045
1769438700000,5081.845,5096.805,5080.315,5095.898,0.8912
1769439600000,5095.898,5097.215,5085.375,5095.235,0.8668
1769440500000,5095.215,5096.835,5084.065,5090.085,0.8162
1769441400000,5090.105,5092.445,5073.845,5078.245,0.9401
1769442300000,5078.055,5095.095,5077.545,5090.615,0.7332
1769443200000,5090.655,5105.015,5089.445,5101.545,0.83
1769444100000,5101.515,5103.945,5070.105,5075.365,0.8563
1769445000000,5075.355,5083.185,5065.025,5076.945,1.0197
1769445900000,5076.885,5094.075,5076.435,5089.375,0.7504
1769446800000,5089.375,5097.315,5085.455,5094.165,0.7355
1769447700000,5094.135,5095.245,5080.205,5088.215,0.8296
1769448600000,5088.195,5102.285,5082.045,5102.085,0.7134
1769449500000,5102.055,5104.858,5097.065,5100.805,0.8138
1769450400000,5100.855,5103.105,5076.225,5078.285,0.967
1769451300000,5078.215,5090.555,5076.435,5084.985,1.12
1769452200000,5084.875,5085.215,5057.425,5064.065,1.2501
1769453100000,5064.035,5082.925,5063.565,5068.685,1.1556
1769454000000,5068.665,5069.555,5035.755,5060.085,1.4664
1769454900000,5059.785,5061.175,5020.135,5027.145,1.3377
1769455800000,5027.165,5043.565,5024.455,5034.055,1.1794
1769456700000,5033.885,5037.415,5008.018,5028.225,1.3724
1769457600000,5028.265,5053.745,5026.085,5049.725,1.3817
1769458500000,5049.725,5056.525,5040.415,5055.925,1.1433
1769459400000,5056.275,5062.055,5035.305,5046.435,1.3803
1769460300000,5046.395,5060.395,5042.769,5055.095,1.0187
1769461200000,5055.105,5058.799,5033.495,5033.495,0.7913
1769462100000,5033.405,5035.395,5010.785,5020.149,1.0334
1769463000000,5020.199,5020.645,4989.805,5004.665,1.1748
1769463900000,5004.175,5016.575,5003.685,5009.535,0.8263
1769468400000,5011.698,5040.095,5010.918,5039.635,0.5561
1769469300000,5039.535,5049.485,5037.115,5044.635,0.4488
1769470200000,5044.705,5057.565,5040.055,5056.425,0.355
1769471100000,5056.285,5061.195,5042.935,5043.195,0.4598
1769472000000,5043.225,5053.235,5038.235,5052.155,0.3351
1769472900000,5052.205,5053.765,5044.275,5044.755,0.2518
1769473800000,5044.765,5049.505,5028.255,5031.465,0.4404
1769474700000,5031.475,5035.415,5013.595,5032.645,0.7276
1769475600000,5032.665,5071.275,5018.248,5071.275,1.1781
1769476500000,5071.275,5075.635,5062.635,5066.375,0.8941
1769477400000,5066.445,5070.115,5053.915,5063.565,0.8951
1769478300000,5063.495,5066.655,5056.775,5059.815,0.6999
1769479200000,5059.935,5067.335,5049.415,5063.685,0.6885
1769480100000,5063.625,5070.105,5060.015,5067.835,0.5982
1769481000000,5067.865,5079.575,5067.045,5078.845,0.5518
1769481900000,5078.505,5079.475,5065.195,5072.315,0.6054
1769482800000,5072.345,5073.675,5063.435,5065.725,0.5602
1769483700000,5065.775,5072.685,5060.005,5064.565,0.5855
1769484600000,5064.395,5076.215,5063.975,5074.575,0.4686
1769485500000,5074.595,5078.985,5071.555,5076.815,0.4817
1769486400000,5076.785,5078.575,5068.395,5069.285,0.3764
1769487300000,5069.225,5075.925,5069.225,5074.645,0.4708
1769488200000,5074.545,5075.105,5061.325,5066.425,0.526
1769489100000,5066.455,5070.925,5062.145,5067.565,0.4826
1769490000000,5067.505,5068.445,5057.005,5063.385,0.5402
1769490900000,5063.555,5066.685,5057.775,5064.155,0.4893
1769491800000,5064.135,5074.655,5059.815,5074.425,0.6731
1769492700000,5074.455,5085.115,5074.455,5082.825,0.5826
1769493600000,5082.855,5086.765,5076.525,5083.315,0.5677
1769494500000,5083.235,5087.255,5079.435,5082.015,0.4491
1769495400000,5082.075,5088.295,5078.615,5085.645,0.4746
1769496300000,5085.695,5093.825,5081.645,5085.575,0.681
1769497200000,5085.585,5094.395,5082.335,5085.315,0.7074
1769498100000,5085.295,5090.395,5081.095,5087.695,0.6374
1769499000000,5087.655,5100.585,5087.655,5092.855,0.8002
1769499900000,5092.805,5096.285,5085.725,5085.725,0.555
1769500800000,5085.725,5087.985,5079.025,5086.525,0.6204
1769501700000,5086.495,5087.365,5075.105,5077.385,0.5907
1769502600000,5077.455,5082.625,5073.075,5082.215,0.6558
1769503500000,5082.255,5085.355,5077.405,5079.335,0.3766
1769504400000,5079.315,5083.995,5077.558,5083.125,0.4186
1769505300000,5083.145,5088.425,5082.205,5088.215,0.3708
1769506200000,5088.275,5094.175,5085.915,5087.625,0.4127
1769507100000,5087.558,5099.345,5082.555,5098.595,0.5703
1769508000000,5098.195,5098.425,5090.838,5096.335,0.4569
1769508900000,5096.415,5097.895,5087.475,5088.045,0.3333
1769509800000,5087.798,5089.095,5081.835,5084.445,0.4121
1769510700000,5084.695,5087.005,5081.745,5086.195,0.3028
1769511600000,5086.225,5090.035,5083.555,5090.025,0.3758
1769512500000,5089.985,5090.585,5084.705,5086.695,0.3011
1769513400000,5086.735,5088.135,5083.155,5085.645,0.2852
1769514300000,5085.425,5085.715,5066.808,5076.705,0.5888
1769515200000,5076.755,5082.615,5075.215,5080.885,0.4669
1769516100000,5080.845,5081.035,5073.395,5078.815,0.5271
1769517000000,5078.705,5090.145,5077.995,5089.065,0.4697
1769517900000,5089.095,5091.015,5081.105,5084.825,0.515
1769518800000,5084.835,5091.955,5078.045,5089.945,0.8243
1769519700000,5089.825,5092.695,5076.035,5080.725,0.7511
1769520600000,5080.755,5085.785,5069.435,5073.275,0.786
1769521500000,5073.245,5081.945,5071.295,5077.055,0.6978
1769522400000,5077.055,5077.055,5055.135,5059.815,0.942
1769523300000,5059.735,5065.845,5046.465,5059.235,1.2241
1769524200000,5059.275,5081.975,5059.225,5079.155,1.1756
1769525100000,5079.125,5079.215,5050.675,5052.555,1.1266
1769526000000,5052.048,5069.965,5047.485,5057.435,1.3277
1769526900000,5057.365,5076.955,5055.825,5068.925,1.1515
1769527800000,5068.975,5086.885,5068.515,5080.385,0.8953
1769528700000,5080.455,5091.075,5079.785,5090.775,0.8213
1769529600000,5090.575,5098.448,5083.605,5094.945,0.7844
1769530500000,5094.815,5103.075,5093.455,5098.375,0.8135
1769531400000,5098.345,5099.185,5086.048,5088.325,0.8984
1769532300000,5088.255,5091.745,5083.065,5087.295,0.7632
1769533200000,5087.265,5091.735,5080.085,5091.195,0.7733
1769534100000,5091.205,5093.845,5078.835,5087.165,0.7627
1769535000000,5087.851,5089.535,5078.375,5081.575,0.8298
1769535900000,5081.205,5085.485,5076.565,5081.005,0.751
1769536800000,5081.035,5087.065,5076.135,5081.475,0.688
1769537700000,5081.795,5088.705,5078.615,5084.765,0.8087
1769538600000,5084.855,5091.785,5084.245,5088.185,0.5834
1769539500000,5088.215,5095.415,5087.215,5087.855,0.604
1769540400000,5087.875,5088.865,5080.875,5086.875,0.5608
1769541300000,5086.845,5090.605,5085.375,5087.605,0.4562
1769542200000,5087.685,5093.135,5087.385,5092.875,0.3733
1769543100000,5092.915,5099.875,5090.355,5098.745,0.5074
1769544000000,5098.715,5143.155,5097.745,5141.675,1.348
1769544900000,5141.435,5151.425,5131.815,5141.495,1.17
1769545800000,5141.465,5148.925,5132.535,5142.095,1.0647
1769546700000,5141.898,5182.195,5141.875,5176.548,1.4384
1769547600000,5176.748,5187.815,5170.675,5176.085,0.8823
1769548500000,5175.938,5180.125,5168.845,5173.555,0.5481
1769549400000,5173.188,5186.555,5171.225,5185.075,0.4222
1769550300000,5185.055,5190.235,5174.465,5178.675,0.5216
1769554800000,5178.725,5183.998,5166.865,5170.395,0.4233
1769555700000,5170.225,5173.025,5158.525,5170.025,0.5077
1769556600000,5169.995,5171.695,5163.765,5164.115,0.4746
1769557500000,5164.075,5176.725,5163.705,5171.895,0.4551
1769558400000,5171.975,5172.615,5157.115,5165.575,0.5892
1769559300000,5165.615,5166.855,5160.305,5162.995,0.3314
1769560200000,5162.955,5170.485,5162.945,5168.105,0.4197
1769561100000,5168.125,5179.925,5168.125,5171.865,0.5704
1769562000000,5171.655,5202.355,5168.445,5190.665,1.127
1769562900000,5190.665,5196.035,5181.405,5193.725,0.9549
1769563800000,5193.705,5215.395,5185.905,5215.365,1.1287
1769564700000,5215.255,5224.985,5204.225,5204.265,1.0758
1769565600000,5204.305,5217.085,5201.375,5209.765,1.0073
1769566500000,5209.785,5220.465,5207.655,5217.945,0.5644
1769567400000,5217.895,5229.485,5216.305,5221.175,0.8886
1769568300000,5221.175,5234.415,5220.685,5231.815,0.8249
1769569200000,5231.455,5247.475,5230.115,5243.385,0.7868
1769570100000,5243.415,5246.205,5236.045,5236.895,0.7705
1769571000000,5236.905,5239.685,5224.265,5233.415,0.6649
1769571900000,5233.395,5244.335,5230.505,5234.945,0.6024
1769572800000,5234.845,5240.715,5232.685,5235.105,0.4317
1769573700000,5235.155,5241.135,5232.105,5237.688,0.3394
1769574600000,5237.688,5241.335,5234.155,5239.725,0.6005
1769575500000,5239.775,5248.755,5233.235,5245.385,0.4481
1769576400000,5245.395,5257.265,5241.325,5253.725,0.596
1769577300000,5253.795,5261.825,5251.475,5258.985,0.4743
1769578200000,5258.465,5266.005,5250.865,5264.565,0.6434
1769579100000,5264.565,5266.395,5257.085,5261.135,0.608
1769580000000,5261.185,5262.895,5251.938,5261.495,0.627
1769580900000,5261.475,5265.605,5251.695,5255.395,0.5535
1769581800000,5255.525,5264.555,5254.875,5261.485,0.5919
1769582700000,5261.515,5271.195,5256.825,5269.798,0.6305
1769583600000,5269.635,5275.155,5262.765,5273.635,0.598
1769584500000,5273.445,5283.975,5272.555,5280.945,0.6202
1769585400000,5280.965,5285.495,5271.755,5281.225,0.6649
1769586300000,5281.125,5292.565,5277.715,5290.335,0.5756
1769587200000,5290.285,5299.675,5286.319,5292.975,0.6991
1769588100000,5292.975,5300.885,5288.695,5299.265,0.6115
1769589000000,5299.305,5311.245,5289.765,5289.795,0.8536
1769589900000,5289.805,5295.565,5280.385,5293.345,0.7576
1769590800000,5293.375,5297.205,5279.935,5281.565,0.7368
1769591700000,5281.595,5281.675,5268.305,5275.475,0.7468
1769592600000,5275.098,5280.115,5262.915,5266.525,0.5808
1769593500000,5266.515,5278.795,5266.515,5278.055,0.4409
1769594400000,5278.095,5285.515,5272.335,5282.075,0.5075
1769595300000,5282.065,5282.065,5275.805,5278.515,0.3537
1769596200000,5278.405,5278.585,5269.245,5274.425,0.6152
1769597100000,5274.815,5280.605,5269.799,5269.819,0.5106
1769598000000,5269.855,5270.625,5238.345,5260.275,0.7712
1769598900000,5259.495,5261.815,5246.145,5259.035,0.8567
1769599800000,5259.035,5262.255,5251.875,5261.135,0.5409
1769600700000,5261.145,5267.505,5259.475,5261.375,0.5373
1769601600000,5261.385,5263.905,5251.515,5260.995,0.7778
1769602500000,5260.995,5268.635,5257.985,5261.095,0.7721
1769603400000,5261.545,5272.935,5261.285,5269.415,0.6466
1769604300000,5269.395,5279.115,5265.225,5279.025,0.656
1769605200000,5278.965,5289.235,5268.665,5275.155,1.298
1769606100000,5275.035,5285.265,5273.085,5281.088,1.4338
1769607000000,5280.805,5285.205,5259.045,5261.265,1.1403
1769607900000,5261.335,5268.645,5256.635,5266.295,0.7307
1769608800000,5266.575,5270.085,5248.535,5262.265,0.847
1769609700000,5262.265,5270.625,5258.805,5258.835,0.7386
1769610600000,5259.325,5283.935,5250.045,5278.955,1.2112
1769611500000,5279.125,5288.245,5269.915,5285.945,1.0578
1769612400000,5285.459,5298.125,5235.238,5256.565,1.3848
1769613300000,5255.935,5274.298,5244.255,5269.045,1.6983
1769614200000,5269.015,5283.915,5265.898,5279.905,1.3586
1769615100000,5279.905,5281.165,5266.815,5278.085,1.0703
1769616000000,5278.045,5288.785,5274.255,5284.025,0.96
1769616900000,5284.065,5292.845,5281.775,5287.225,1.0181
1769617800000,5287.265,5289.025,5276.005,5283.085,0.904
1769618700000,5282.935,5300.005,5281.565,5299.645,0.9319
1769619600000,5299.585,5306.795,5292.298,5295.585,0.8581
1769620500000,5295.328,5303.905,5288.685,5302.485,0.7629
1769621400000,5302.535,5303.225,5282.935,5287.785,0.8544
1769622300000,5287.795,5304.495,5284.415,5297.855,0.8742
1769623200000,5298.218,5305.365,5292.235,5299.725,0.8625
1769624100000,5299.795,5325.755,5298.645,5304.945,1.4639
1769625000000,5306.463,5307.805,5268.245,5273.315,1.3238
1769625900000,5273.405,5283.405,5271.195,5279.248,1.0968
1769626800000,5279.258,5297.225,5269.165,5296.988,1.4205
1769627700000,5296.988,5301.575,5282.355,5283.065,1.1973
1769628600000,5283.115,5311.985,5280.338,5310.615,1.2642
1769629500000,5310.635,5331.598,5304.205,5325.105,1.1899
1769630400000,5324.889,5338.575,5322.415,5326.365,1.0871
1769631300000,5326.305,5355.625,5320.955,5354.395,1.1782
1769632200000,5354.345,5391.175,5352.835,5383.265,1.2037
1769633100000,5383.555,5391.195,5366.998,5376.435,1.2899
1769634000000,5376.555,5395.755,5376.548,5386.545,0.7266
1769634900000,5386.555,5390.335,5379.635,5384.155,0.6305
1769635800000,5384.145,5389.585,5380.285,5386.325,0.5189
1769636700000,5385.905,5418.945,5382.755,5414.575,0.6347
1769641200000,5417.098,5474.915,5417.098,5474.395,1.0904
1769642100000,5474.445,5495.785,5471.765,5489.825,1.1924
1769643000000,5489.875,5596.805,5488.985,5530.398,1.3587
1769643900000,5530.095,5542.498,5483.298,5512.255,1.279
1769644800000,5512.795,5513.055,5452.305,5494.498,1.3756
1769645700000,5494.498,5501.195,5462.865,5496.865,0.7714
1769646600000,5496.935,5526.685,5492.055,5508.545,0.7728
1769647500000,5508.485,5522.915,5500.305,5519.898,0.7245
1769648400000,5519.865,5526.085,5444.348,5479.105,1.387
1769649300000,5479.235,5512.975,5479.175,5507.075,1.1419
1769650200000,5506.805,5551.315,5506.805,5539.615,1.0193
1769651100000,5539.675,5549.455,5526.195,5545.405,0.9766
1769652000000,5545.355,5546.065,5503.845,5521.655,0.9868
1769652900000,5521.425,5525.375,5509.745,5525.305,0.707
1769653800000,5525.305,5549.845,5517.625,5525.375,1.2423
1769654700000,5525.395,5543.235,5521.565,5535.565,0.8296
1769655600000,5535.625,5548.605,5507.835,5538.395,0.863
1769656500000,5538.395,5540.325,5521.575,5521.915,0.8743
1769657400000,5521.955,5537.825,5519.548,5528.015,0.7373
1769658300000,5528.025,5548.785,5527.065,5545.655,0.6454
1769659200000,5545.635,5552.285,5533.898,5534.225,0.6171
1769660100000,5534.195,5550.295,5532.975,5546.685,0.4975
1769661000000,5546.715,5564.335,5544.735,5557.175,0.6561
1769661900000,5557.325,5561.445,5550.398,5557.855,0.6628
1769662800000,5557.448,5561.075,5549.865,5559.495,0.4998
1769663700000,5559.615,5560.345,5515.485,5541.745,0.8257
1769664600000,5541.795,5555.143,5540.575,5549.435,0.8847
1769665500000,5549.435,5564.235,5548.275,5562.295,0.786
1769666400000,5562.475,5588.215,5562.145,5584.065,1.0897
1769667300000,5584.045,5595.275,5573.945,5585.555,1.0044
1769668200000,5585.475,5587.655,5577.545,5581.935,0.9004
1769669100000,5581.975,5585.045,5554.515,5561.065,1.1496
1769670000000,5561.025,5574.835,5560.315,5561.689,1.0429
1769670900000,5561.729,5564.749,5536.575,5541.255,1.4159
1769671800000,5541.735,5557.545,5541.645,5548.955,0.8335
1769672700000,5548.905,5552.098,5543.515,5548.755,0.7409
1769673600000,5548.725,5554.585,5522.878,5537.485,0.9306
1769674500000,5537.489,5542.745,5523.135,5530.065,0.9744
1769675400000,5530.065,5530.555,5475.165,5482.685,1.1853
1769676300000,5482.785,5517.175,5472.965,5509.645,0.8883
1769677200000,5509.365,5515.375,5497.575,5507.165,0.6821
1769678100000,5507.155,5518.655,5500.225,5516.285,0.6081
1769679000000,5515.875,5529.605,5512.275,5524.465,0.5739
1769679900000,5524.435,5527.498,5510.995,5513.715,0.754
1769680800000,5513.755,5523.955,5501.625,5523.645,0.6751
1769681700000,5523.655,5525.295,5505.565,5510.345,0.5427
1769682600000,5509.308,5510.055,5497.095,5507.875,0.5483
1769683500000,5508.365,5508.775,5482.225,5483.275,0.6001
1769684400000,5483.625,5506.625,5470.545,5506.575,1.1267
1769685300000,5506.605,5516.445,5504.925,5515.685,0.6012
1769686200000,5515.615,5519.355,5508.285,5514.265,0.5381
1769687100000,5514.305,5528.695,5514.305,5522.445,0.646
1769688000000,5522.425,5538.895,5518.305,5535.388,0.7177
1769688900000,5535.408,5542.835,5528.178,5540.695,0.6196
1769689800000,5540.705,5542.215,5525.985,5529.625,0.6885
1769690700000,5529.825,5541.785,5527.045,5533.915,0.7197
1769691600000,5533.955,5540.925,5513.435,5514.755,1.0237
1769692500000,5514.795,5525.665,5507.965,5519.485,1.1503
1769693400000,5519.355,5530.615,5499.625,5525.585,0.9891
1769694300000,5525.635,5526.215,5506.045,5510.155,0.9768
1769695200000,5510.325,5539.115,5510.325,5528.685,1.0228
1769696100000,5528.705,5549.335,5516.725,5543.298,1.0944
1769697000000,5543.205,5545.148,5501.229,5517.515,1.4379
1769697900000,5516.795,5522.345,5490.775,5496.045,1.4872
1769698800000,5496.055,5496.055,5365.525,5383.415,1.7738
1769699700000,5383.775,5385.648,5098.765,5188.798,1.4087
1769700600000,5188.798,5257.015,5103.905,5120.715,1.3942
1769701500000,5121.015,5210.385,5115.865,5181.848,0.8795
1769702400000,5181.825,5276.198,5171.455,5272.835,0.9106
1769703300000,5273.735,5296.415,5234.778,5289.325,1.171
1769704200000,5289.148,5310.815,5244.685,5271.945,1.5505
1769705100000,5272.198,5277.195,5227.305,5263.765,1.4978
1769706000000,5263.715,5298.675,5263.715,5296.385,1.2567
1769706900000,5296.295,5367.53,5294.435,5361.895,1.4661
1769707800000,5361.925,5375.255,5335.365,5367.915,1.2876
1769708700000,5367.925,5371.415,5314.325,5334.385,1.3741
1769709600000,5334.475,5358.715,5329.875,5354.485,1.2332
1769710500000,5354.635,5358.795,5306.825,5329.545,1.1423
1769711400000,5329.635,5360.055,5321.485,5341.365,1.1815
1769712300000,5341.415,5361.525,5335.995,5338.628,1.1594
1769713200000,5338.628,5344.935,5302.915,5306.275,1.1285
1769714100000,5306.235,5332.165,5304.445,5318.105,1.144
1769715000000,5318.145,5327.098,5289.655,5316.485,1.2775
1769715900000,5316.445,5325.098,5298.415,5305.385,1.0394
1769716800000,5305.395,5310.445,5282.335,5295.635,0.9314
1769717700000,5295.645,5325.395,5289.445,5318.275,0.9596
1769718600000,5318.435,5357.805,5309.465,5354.145,0.9932
1769719500000,5354.105,5406.785,5353.135,5393.565,1.4234
1769720400000,5393.595,5405.585,5382.275,5397.988,1.0349
1769721300000,5398.098,5425.165,5387.698,5410.885,1.3103
1769722200000,5410.885,5411.965,5377.425,5382.895,0.6747
1769723100000,5382.895,5398.045,5370,5378.815,0.5636
1769727600000,5384.575,5447.649,5376.098,5421.298,0.7311
1769728500000,5421.265,5427.415,5386.798,5416.255,0.6553
1769729400000,5416.255,5438.695,5406.355,5437.925,0.3777
1769730300000,5437.835,5447.555,5428.045,5437.995,0.4908
1769731200000,5437.995,5450.745,5430.965,5444.695,0.5248
1769732100000,5444.695,5450.475,5418.405,5426.255,0.6072
1769733000000,5426.275,5436.105,5405.385,5410.985,0.7102
1769733900000,5411.075,5420.735,5389.245,5406.815,0.6221
1769734800000,5407.265,5409.275,5301.219,5308.598,1.7894
1769735700000,5308.595,5363.155,5305.015,5356.885,1.303
1769736600000,5356.885,5372.465,5344.165,5348.875,0.9225
1769737500000,5348.845,5348.845,5290,5300.125,1.2008
1769738400000,5300.098,5312.098,5194.329,5211.498,2.0586
1769739300000,5211.298,5213.698,5111.398,5171.005,1.8013
1769740200000,5171.315,5230.17,5137.715,5215.505,1.4023
1769741100000,5215.635,5245.615,5201.265,5223.885,1.2389
1769742000000,5223.795,5228.645,5166.185,5179.895,1.2335
1769742900000,5179.845,5205.825,5172.345,5198.825,1.1471
1769743800000,5198.815,5221.465,5152.045,5154.305,1.0755
1769744700000,5154.155,5199.185,5150.235,5195.415,0.9582
1769745600000,5195.335,5225.065,5192.755,5214.055,1.0063
1769746500000,5214.015,5229.995,5198.445,5209.665,0.8217
1769747400000,5209.685,5226.998,5201.975,5203.055,0.649
1769748300000,5203.035,5216.495,5199.455,5214.545,0.5499
1769749200000,5213.513,5224.505,5203.285,5224.345,0.5672
1769750100000,5224.355,5240.865,5222.975,5229.585,0.7127
1769751000000,5229.615,5239.375,5212.335,5231.805,0.8972
1769751900000,5231.065,5235.285,5179.185,5184.035,0.88
1769752800000,5184.115,5204.835,5173.688,5190.295,0.8023
1769753700000,5190.435,5197.375,5155.085,5156.485,1.2429
1769754600000,5156.885,5178.975,5151.485,5157.275,1.1095
1769755500000,5157.585,5171.825,5145.095,5155.385,1.0888
1769756400000,5155.365,5185.665,5122.835,5173.035,1.2374
1769757300000,5173.055,5185.125,5164.235,5174.175,0.8691
1769758200000,5174.205,5178.105,5117.205,5146.295,1.1055
1769759100000,5146.415,5184.348,5142.615,5180.805,1.6071
1769760000000,5180.805,5180.805,5140.455,5145.165,1.4381
1769760900000,5145.245,5170.095,5132.515,5151.755,1.4605
1769761800000,5151.615,5154.075,5051.785,5095.715,1.1563
1769762700000,5095.755,5128.255,5090.655,5116.455,1.3212
1769763600000,5116.535,5132.275,5013.655,5027.195,2.3237
1769764500000,5027.415,5068.908,5019.798,5027.425,1.4896
1769765400000,5027.215,5068.215,4974.808,4974.988,2.4083
1769766300000,4974.878,5029.095,4940.895,5012.365,1.5548
1769767200000,5012.345,5051.648,4999.378,5037.798,1.734
1769768100000,5038.028,5075.678,5030.618,5059.285,1.0684
1769769000000,5058.978,5092.533,5054.165,5077.025,1.484
1769769900000,5077.455,5121.348,5075.705,5118.765,1.3073
1769770800000,5118.285,5126.385,5089.078,5120.115,1.3244
1769771700000,5120.125,5129.715,5104.948,5124.425,0.7724
1769772600000,5124.385,5137.475,5117.745,5120.635,0.704
1769773500000,5120.655,5144.288,5087.215,5135.285,1.9455
1769774400000,5135.285,5145.445,5120.765,5128.485,1.1266
1769775300000,5128.585,5139.618,5109.245,5118.945,1.3727
1769776200000,5118.955,5135.678,5102.138,5113.515,1.3958
1769777100000,5113.515,5115.665,5054.185,5063.545,1.6928
1769778000000,5063.545,5099.255,5052.918,5075.798,1.7394
1769778900000,5074.525,5076.225,5012.945,5024.908,1.5071
1769779800000,5022.788,5047.398,5009.998,5037.448,1.3672
1769780700000,5036.595,5037.148,4990.875,5018.965,2.3224
1769781600000,5018.805,5072.715,5016.705,5051.875,1.5988
1769782500000,5051.865,5087.175,5040.285,5071.535,1.0035
1769783400000,5071.535,5112.258,5055.755,5079.985,2.7644
1769784300000,5079.998,5097.098,5013.825,5031.825,2.6835
1769785200000,5031.698,5045.565,4979.725,5026.845,1.298
1769786100000,5026.925,5059.565,5026.185,5044.608,2.2246
1769787000000,5044.628,5072.845,5039.235,5058.098,1.6217
1769787900000,5058.098,5073.408,5037.848,5050.045,1.7047
1769788800000,5050.035,5051.528,5016.095,5029.798,1.4916
1769789700000,5029.815,5034.595,4986.965,4995.225,1.9471
1769790600000,4995.175,5016.565,4959.485,5009.585,1.2616
1769791500000,5009.498,5013.965,4943.195,4984.465,1.4085
1769792400000,4984.515,4985.515,4899.565,4914.475,1.5798
1769793300000,4914.645,4939.898,4897.229,4925.198,1.9501
1769794200000,4925.198,4925.198,4834.866,4857.705,2.0302
1769795100000,4858.408,4877.898,4799.458,4848.898,2.3873
1769796000000,4848.798,4889.158,4786.295,4806.848,1.9531
1769796900000,4806.848,4816.848,4692.758,4741.398,2.2953
1769797800000,4741.398,4783.78,4679.725,4778.148,1.284
1769798700000,4777.448,4892.365,4771.355,4877.498,1.3146
1769799600000,4877.798,4917.698,4870.348,4888.848,1.3312
1769800500000,4888.848,4899.395,4841.805,4891.648,1.24
1769801400000,4892.075,4928.998,4879.748,4925.805,1.0832
1769802300000,4925.805,4947.475,4907.255,4931.925,1.1321
1769803200000,4931.975,4932.245,4877.595,4898.585,1.2898
1769804100000,4898.579,4913.548,4879.655,4890.109,1.4213
1769805000000,4889.679,4893.519,4842.498,4861.105,1.6749
1769805900000,4861.065,4878.975,4806.428,4846.808,1.4005
1769806800000,4846.298,4862.978,4830.875,4839.625,1.0148
1769807700000,4839.845,4889.408,4836.275,4873.855,0.7176
1769808600000,4873.775,4881.075,4849.675,4860.485,0.8372
1769809500000,4860.505,4895.615,4855.508,4895.118,0.9217
1769986800000,4817.598,4820.748,4739.948,4739.948,0.0575
1769987700000,4746.198,4746.198,4694.575,4726.965,0.0649
1769988600000,4727.485,4787.405,4715.765,4773.575,0.6003
1769989500000,4773.635,4777.148,4720.435,4741.745,1.043
1769990400000,4741.725,4845.555,4739.545,4844.655,1.1139
1769991300000,4844.615,4884.248,4825.258,4845.268,1.2726
1769992200000,4845.548,4846.148,4794.315,4803.455,1.3305
1769993100000,4803.925,4807.665,4758.388,4765.848,1.3099
1769994000000,4764.948,4783.748,4582.798,4641.789,1.5653
1769994900000,4641.795,4708.908,4636.835,4695.945,1.858
1769995800000,4695.925,4738.448,4664.945,4713.605,1.8389
1769996700000,4713.855,4748.748,4703.145,4736.205,1.5954
1769997600000,4735.975,4747.788,4696.528,4730.538,1.5362
1769998500000,4730.548,4745.328,4714.928,4737.725,1.0854
1769999400000,4738.925,4772.045,4734.688,4763.485,1.0849
1770000300000,4763.775,4763.775,4696.025,4709.698,1.3808
1770001200000,4709.698,4727.458,4687.125,4690.458,1.1691
1770002100000,4690.898,4728.258,4657.475,4694.958,1.6416
1770003000000,4695.128,4699.448,4629.425,4664.308,1.7386
1770003900000,4665.628,4693.505,4637.468,4645.605,1.6999
1770004800000,4646.125,4662.698,4602.425,4660.798,1.4747
1770005700000,4661.098,4703.878,4659.198,4669.555,1.0901
1770006600000,4669.558,4698.748,4657.115,4687.205,1.0547
1770007500000,4687.205,4712.188,4671.315,4678.565,1.0299
1770008400000,4678.565,4695.568,4648.755,4660.975,1.0193
1770009300000,4661.565,4673.265,4648.315,4657.738,0.8563
1770010200000,4657.708,4657.708,4571.115,4574.245,1.2906
1770011100000,4574.098,4578.235,4496.635,4547.988,2.082
1770012000000,4547.265,4572.658,4519.328,4534.155,2.0084
1770012900000,4533.958,4548.348,4432.475,4484.728,2.0419
1770013800000,4484.735,4499.148,4401.038,4451.475,1.9722
1770014700000,4450.545,4521.748,4429.005,4504.005,1.7303
1770015600000,4504.315,4553.648,4482.468,4535.648,1.6678
1770016500000,4536.075,4573.568,4522.075,4558.905,2.8114
1770017400000,4559.218,4592.055,4523.568,4582.048,1.5371
1770018300000,4582.048,4618.295,4580.748,4586.155,1.5374
1770019200000,4586.195,4627.315,4557.905,4609.488,2.3496
1770020100000,4609.248,4649.165,4599.715,4645.238,2.0979
1770021000000,4645.268,4649.675,4606.195,4640.825,1.2237
1770021900000,4640.805,4650.585,4626.535,4639.735,1.1358
1770022800000,4639.715,4657.758,4602.255,4645.608,2.6053
1770023700000,4645.588,4699.165,4625.355,4688.958,1.611
1770024600000,4689.055,4712.288,4678.048,4687.048,2.1935
1770025500000,4687.048,4730.268,4683.448,4718.315,2.0372
1770026400000,4718.285,4732.848,4703.255,4729.555,0.9331
1770027300000,4729.535,4730.125,4669.575,4681.495,1.1633
1770028200000,4681.508,4697.748,4660.828,4672.418,1.0845
1770029100000,4672.418,4710.948,4655.628,4704.508,1.381
1770030000000,4704.508,4748.675,4702.708,4748.495,0.9871
1770030900000,4748.568,4759.765,4739.438,4752.545,1.4221
1770031800000,4752.525,4778.185,4746.785,4772.505,1.1495
1770032700000,4772.485,4779.025,4756.375,4765.245,0.7741
1770033600000,4765.345,4776.555,4742.705,4761.955,0.8979
1770034500000,4761.945,4789.388,4758.935,4777.065,0.7953
1770035400000,4777.085,4797.105,4769.665,4796.915,0.6015
1770036300000,4797.705,4811.895,4772.308,4793.485,1.0149
1770037200000,4793.505,4803.268,4719.395,4782.248,2.3558
1770038100000,4782.248,4793.168,4727.538,4738.429,3.0238
1770039000000,4738.429,4741.298,4668.448,4685.278,2.6925
1770039900000,4684.959,4721.468,4683.018,4705.619,1.5187
1770040800000,4705.769,4738.038,4699.088,4725.699,1.7091
1770041700000,4725.628,4729.348,4679.475,4721.248,1.6076
1770042600000,4721.258,4792.989,4709.175,4752.629,2.406
1770043500000,4752.629,4761.648,4699.695,4715.975,1.8668
1770044400000,4705.108,4744.698,4689.248,4710.675,1.6749
1770045300000,4710.585,4727.065,4672.655,4680.435,1.8841
1770046200000,4680.265,4704.288,4647.238,4675.078,2.0398
1770047100000,4674.978,4677.158,4616.395,4619.345,1.85
1770048000000,4619.235,4703.548,4596.125,4696.298,1.7641
1770048900000,4696.298,4708.098,4661.305,4670.398,2.1354
1770049800000,4670.398,4687.898,4644.788,4668.298,1.8327
1770050700000,4668.338,4675.978,4649.098,4665.528,2.0486
1770051600000,4665.528,4713.318,4659.478,4707.298,1.6212
1770052500000,4707.308,4713.208,4659.828,4667.168,1.1201
1770053400000,4667.195,4687.765,4655.985,4674.145,1.0095
1770054300000,4673.998,4688.025,4662.478,4673.385,1
1770055200000,4673.395,4673.645,4633.195,4635.475,1.1008
1770056100000,4635.475,4646.625,4617.758,4631.695,1.2757
1770057000000,4632.315,4673.365,4632.315,4656.335,1.1257
1770057900000,4656.335,4671.435,4644.005,4657.385,0.7511
1770058800000,4657.285,4661.565,4636.395,4646.455,0.8669
1770059700000,4646.465,4653.875,4631.005,4643.135,0.7538
1770060600000,4643.115,4699.328,4636.725,4693.905,0.9813
1770061500000,4694.155,4712.218,4676.515,4684.708,1.8126
1770062400000,4684.708,4700.295,4668.479,4691.795,1.9623
1770063300000,4691.795,4692.505,4650.635,4669.925,1.272
1770064200000,4671.045,4692.055,4656.365,4679.925,0.8779
1770065100000,4679.955,4681.845,4647.355,4652.675,1.1068
1770066000000,4652.348,4676.249,4643.325,4674.435,0.5896
1770066900000,4674.515,4686.495,4659.495,4680.165,0.6601
1770067800000,4680.118,4685.465,4666.598,4668.415,0.5634
1770068700000,4668.449,4672.205,4647.635,4657.245,0.5221
1770073200000,4670.098,4722.548,4661.788,4717.435,0.4654
1770074100000,4717.455,4762.975,4715.305,4737.065,0.8666
1770075000000,4736.985,4750.145,4715.975,4730.735,1.0266
1770075900000,4730.435,4775.415,4728.405,4773.935,0.5404
1770076800000,4773.975,4796.525,4765.425,4786.135,0.7976
1770077700000,4787.818,4828.895,4787.605,4818.925,1.0115
1770078600000,4818.945,4829.895,4812.205,4820.225,0.8252
1770079500000,4820.405,4827.005,4772.988,4779.425,0.9001
1770080400000,4781.445,4829.768,4765.348,4828.748,2.4056
1770081300000,4828.948,4856.248,4822.258,4852.925,2.1199
1770082200000,4852.935,4855.425,4829.705,4845.175,1.3541
1770083100000,4845.085,4849.875,4819.915,4840.875,1.2619
1770084000000,4840.795,4841.195,4789.108,4800.465,1.929
1770084900000,4800.555,4801.135,4760.265,4771.695,1.635
1770085800000,4771.715,4786.975,4754.248,4754.295,1.369
1770086700000,4753.485,4784.225,4744.808,4782.845,1.7769
1770087600000,4782.875,4793.555,4761.655,4768.005,1.2719
1770088500000,4767.975,4779.855,4751.165,4772.805,1.075
1770089400000,4772.805,4811.905,4769.555,4804.975,1.0406
1770090300000,4804.975,4812.865,4786.035,4808.795,0.9735
1770091200000,4808.665,4824.685,4807.635,4815.635,0.8119
1770092100000,4815.145,4818.355,4800.215,4805.665,0.6016
1770093000000,4805.785,4824.765,4805.455,4820.035,0.7177
1770093900000,4820.125,4824.525,4807.485,4808.765,0.3951
1770094800000,4809.255,4821.175,4808.608,4812.305,0.6716
1770095700000,4812.295,4841.365,4811.485,4839.245,0.521
1770096600000,4839.145,4839.605,4816.335,4820.215,1.1445
1770097500000,4820.235,4829.865,4812.835,4824.605,0.8933
1770098400000,4824.615,4848.325,4815.895,4842.465,0.8446
1770099300000,4842.385,4874.795,4841.165,4870.935,0.9107
1770100200000,4870.855,4893.075,4867.975,4890.925,1.1946
1770101100000,4890.985,4893.535,4864.485,4880.745,1.275
1770102000000,4880.595,4893.145,4871.525,4892.985,0.6315
1770102900000,4892.845,4901.315,4879.355,4899.895,0.6079
1770103800000,4899.925,4933.305,4898.465,4920.898,0.7447
1770104700000,4920.908,4927.035,4912.785,4916.935,0.5986
1770105600000,4916.905,4931.995,4897.995,4928.095,0.7691
1770106500000,4928.145,4941.785,4927.195,4936.225,0.751
1770107400000,4936.205,4949.395,4930.325,4935.385,0.566
1770108300000,4935.425,4938.265,4910.875,4912.125,0.5786
1770109200000,4912.085,4923.595,4907.765,4915.995,0.6574
1770110100000,4915.975,4916.195,4889.838,4890.748,0.6888
1770111000000,4890.748,4922.095,4884.275,4921.105,0.5833
1770111900000,4921.095,4925.915,4914.455,4915.835,0.4545
1770112800000,4915.845,4929.515,4913.775,4922.675,0.4456
1770113700000,4922.705,4922.835,4913.975,4914.465,0.4243
1770114600000,4914.535,4923.635,4913.988,4919.695,0.4187
1770115500000,4919.645,4923.875,4901.415,4901.965,0.4105
1770116400000,4901.985,4912.318,4889.465,4906.285,0.5272
1770117300000,4906.055,4909.775,4883.445,4900.805,0.5781
1770118200000,4900.765,4918.905,4897.955,4909.235,0.53
1770119100000,4909.195,4916.895,4898.345,4916.475,0.6781
1770120000000,4916.991,4935.308,4909.715,4924.425,0.8035
1770120900000,4924.525,4925.595,4891.855,4902.165,0.6497
1770121800000,4902.185,4918.778,4899.865,4911.955,0.5129
1770122700000,4911.965,4918.255,4906.865,4913.405,0.419
1770123600000,4913.395,4930.685,4902.325,4928.415,0.8913
1770124500000,4928.525,4938.945,4916.695,4933.805,0.8721
1770125400000,4933.795,4941.675,4928.415,4941.385,0.8391
1770126300000,4941.425,4950.835,4920.335,4932.745,0.9082
1770127200000,4932.685,4936.195,4917.205,4923.515,0.8528
1770128100000,4923.515,4925.065,4895.975,4924.645,0.9058
1770129000000,4924.645,4928.675,4892.895,4917.745,1.1306
1770129900000,4917.755,4929.915,4909.315,4916.245,1.2075
1770130800000,4916.315,4948.355,4904.025,4936.055,1.1302
1770131700000,4936.055,4942.748,4907.595,4924.708,1.3018
1770132600000,4924.708,4928.575,4907.465,4923.435,0.9445
1770133500000,4923.445,4935.465,4917.975,4935.115,0.8721
1770134400000,4935.265,4945.708,4929.425,4943.945,0.6895
1770135300000,4943.915,4980.255,4941.015,4973.035,1.0127
1770136200000,4973.065,4993.458,4963.795,4980.695,1.0907
1770137100000,4980.665,4983.055,4951.395,4955.348,1.15
1770138000000,4955.358,4962.215,4922.965,4943.418,1.3201
1770138900000,4943.495,4969.425,4936.558,4948.025,1.5807
1770139800000,4948.088,4964.308,4913.178,4921.715,1.9213
1770140700000,4921.695,4947.715,4906.975,4928.405,1.4067
1770141600000,4928.405,4953.635,4925.795,4942.718,1.686
1770142500000,4942.708,4948.225,4904.515,4908.525,1.0928
1770143400000,4908.575,4918.285,4882.365,4905.685,1.1675
1770144300000,4905.725,4914.745,4891.055,4908.075,0.9906
1770145200000,4908.075,4917.425,4880.295,4915.328,1.3674
1770146100000,4915.318,4933.305,4914.335,4930.155,1.1534
1770147000000,4930.048,4948.538,4921.805,4940.035,1.155
1770147900000,4940.075,4941.885,4915.545,4926.945,1.0643
1770148800000,4926.925,4927.015,4901.945,4920.625,1.0665
1770149700000,4920.755,4941.755,4911.635,4938.895,1.0653
1770150600000,4938.965,4956.698,4937.295,4951.365,0.9113
1770151500000,4951.355,4956.465,4932.365,4943.988,1.1583
1770152400000,4944.078,4963.965,4937.985,4957.609,0.5863
1770153300000,4957.609,4958.179,4942.565,4950.525,0.2834
1770154200000,4950.535,4957.915,4935.265,4939.845,0.4153
1770155100000,4939.825,4948.315,4933.328,4944.665,0.315
1770159600000,4940.908,4971.098,4904.069,4932.015,0.6081
1770160500000,4931.535,4944.325,4919.265,4922.585,0.438
1770161400000,4922.675,4949.875,4919.515,4947.985,0.4322
1770162300000,4947.955,4954.765,4938.965,4946.875,0.4734
1770163200000,4946.895,4987.535,4945.725,4986.565,0.6375
1770164100000,4986.585,4999.288,4977.548,4980.778,0.9836
1770165000000,4980.558,4993.805,4967.788,4986.335,0.8108
1770165900000,4986.335,5015.868,4986.275,5015.425,0.6545
1770166800000,5015.865,5052.815,4984.635,5050.545,1.3017
1770167700000,5050.535,5052.865,5030.765,5036.565,0.9038
1770168600000,5036.485,5038.635,5010.145,5031.615,1.0256
1770169500000,5031.855,5049.975,5027.735,5046.125,0.7173
1770170400000,5046.115,5065.325,5045.995,5059.455,0.565
1770171300000,5059.485,5064.635,5052.585,5057.355,0.421
1770172200000,5057.335,5061.755,5038.815,5060.235,0.6441
1770173100000,5060.255,5060.685,5035.085,5039.645,0.6708
1770174000000,5039.309,5055.805,5035.675,5048.839,0.8709
1770174900000,5048.499,5054.345,5038.505,5052.145,0.484
1770175800000,5051.275,5071.609,5051.205,5062.109,0.5609
1770176700000,5062.099,5073.315,5060.785,5069.805,0.4233
1770177600000,5069.815,5073.478,5062.345,5072.278,0.5435
1770178500000,5072.288,5073.578,5055.895,5061.515,0.4554
1770179400000,5061.545,5072.715,5059.975,5071.525,0.2651
1770180300000,5071.495,5081.225,5070.905,5080.195,0.273
1770181200000,5080.125,5083.508,5076.365,5082.735,0.2516
1770182100000,5082.735,5085.075,5078.508,5079.875,0.2159
1770183000000,5079.955,5086.355,5068.855,5080.835,0.9259
1770183900000,5081.965,5090.145,5076.908,5079.155,0.3875
1770184800000,5079.185,5082.595,5055.565,5059.105,0.6458
1770185700000,5059.305,5067.965,5050.745,5054.155,0.6154
1770186600000,5054.175,5070.245,5053.445,5070.125,0.5314
1770187500000,5070.045,5079.595,5067.095,5076.275,0.5712
1770188400000,5076.265,5082.345,5062.775,5062.865,0.4884
1770189300000,5062.885,5089.105,5061.785,5088.935,0.4261
1770190200000,5088.919,5090.095,5066.625,5080.475,0.6695
1770191100000,5080.365,5091.115,5080.005,5084.298,0.423
1770192000000,5084.298,5091.395,5074.318,5077.115,0.8419
1770192900000,5077.165,5087.155,5076.405,5083.875,0.4296
1770193800000,5083.945,5085.025,5068.475,5079.045,0.588
1770194700000,5079.055,5084.669,5070.898,5083.138,0.4737
1770195600000,5083.148,5086.445,5067.508,5068.829,0.6577
1770196500000,5068.829,5068.829,5052.675,5056.475,0.8768
1770197400000,5056.545,5065.745,5042.655,5057.025,0.6023
1770198300000,5056.975,5063.979,5046.975,5059.835,0.5431
1770199200000,5059.855,5064.068,5047.815,5053.535,0.4665
1770200100000,5053.515,5056.325,5041.595,5043.015,0.3897
1770201000000,5042.799,5061.059,5042.799,5059.715,0.629
1770201900000,5059.695,5060.805,5045.628,5048.285,0.4074
1770202800000,5048.295,5053.015,5042.195,5042.365,0.4247
1770203700000,5042.305,5043.935,5013.015,5023.475,0.7089
1770204600000,5023.495,5039.725,5021.805,5031.975,0.5203
1770205500000,5031.985,5050.155,5030.075,5047.255,0.4104
1770206400000,5047.165,5055.115,5037.115,5044.915,0.5581
1770207300000,5044.965,5049.795,5039.645,5047.185,0.3339
1770208200000,5047.195,5062.905,5047.145,5055.605,0.4555
1770209100000,5055.605,5057.705,5036.135,5040.645,0.4017
1770210000000,5040.955,5045.465,5022.975,5028.625,1.0044
1770210900000,5029.215,5053.845,5027.715,5048.405,0.808
1770211800000,5048.645,5058.725,5032.845,5036.565,0.6039
1770212700000,5036.585,5063.155,5035.225,5053.765,0.6265
1770213600000,5053.775,5058.835,5034.285,5047.715,0.6473
1770214500000,5047.695,5051.018,5028.585,5030.895,0.637
1770215400000,5031.095,5037.865,4966.515,4995.425,1.4642
1770216300000,4995.915,5017.518,4970.365,4984.445,1.6233
1770217200000,4984.379,5007.485,4971.398,4989.858,1.6719
1770218100000,4989.798,4993.295,4950.335,4957.525,1.3621
1770219000000,4957.465,4961.855,4886.798,4943.785,1.8196
1770219900000,4943.715,4949.868,4909.188,4919.995,1.282
1770220800000,4919.975,4939.555,4894.988,4931.458,1.5256
1770221700000,4931.458,4935.918,4890.078,4923.915,1.2323
1770222600000,4923.945,4934.238,4894.845,4896.305,1.107
1770223500000,4896.295,4909.498,4844.165,4904.165,1.5188
1770224400000,4904.175,4922.388,4891.738,4920.615,1.5113
1770225300000,4920.805,4925.275,4887.995,4917.145,1.5402
1770226200000,4917.085,4930.625,4903.298,4907.118,1.3553
1770227100000,4907.118,4909.488,4895.518,4897.435,1.2473
1770228000000,4897.405,4920.778,4872.365,4909.705,1.1092
1770228900000,4909.675,4934.625,4895.885,4926.015,1.3576
1770229800000,4925.989,4928.145,4903.495,4919.745,0.7285
1770230700000,4919.755,4931.925,4910.495,4926.965,0.5294
1770231600000,4927.048,4946.638,4914.155,4946.638,0.7895
1770232500000,4946.595,4949.885,4920.088,4933.545,0.8458
1770233400000,4933.585,4944.865,4928.195,4942.085,0.6062
1770234300000,4941.445,4957.335,4930.888,4941.535,0.8111
1770235200000,4941.515,4945.525,4920.955,4933.305,0.6046
1770236100000,4933.295,4936.425,4919.035,4922.275,0.6175
1770237000000,4922.305,4951.035,4914.135,4942.135,0.7408
1770237900000,4942.185,4950.988,4933.768,4937.705,1.0899
1770238800000,4937.825,4953.315,4937.125,4953.235,0.4162
1770239700000,4953.195,4959.205,4949.155,4958.635,0.2072
1770240600000,4958.565,4969.825,4952.235,4961.305,0.3081
1770241500000,4961.325,4970.475,4958.225,4964.125,0.215
1770246000000,4960.488,5009.195,4958.417,5009.195,0.285
1770246900000,5009.205,5020.665,4999.715,5019.175,0.3597
1770247800000,5019.125,5023.375,5008.935,5022.295,0.3805
1770248700000,5022.355,5023.405,5007.605,5011.895,0.4334
1770249600000,5011.705,5018.065,4996.305,4997.785,0.6214
1770250500000,4997.865,5019.088,4997.115,5015.039,0.5027
1770251400000,5015.039,5018.085,5008.858,5018.025,0.5006
1770252300000,5017.995,5020.175,5003.825,5006.335,0.4395
1770253200000,5007.647,5011.725,4966.655,4967.615,1.1158
1770254100000,4967.775,4972.925,4935.215,4951.775,1.6146
1770255000000,4951.785,4984.485,4951.725,4979.475,0.9445
1770255900000,4979.315,4985.875,4957.255,4958.285,0.8883
1770256800000,4958.315,4961.565,4899.029,4914.295,1.0892
1770257700000,4914.065,4941.579,4893.105,4936.389,1.2249
1770258600000,4936.459,4940.245,4894.805,4895.835,1.5264
1770259500000,4896.015,4898.515,4803.798,4810.648,2.1023
1770260400000,4810.768,4857.489,4787.685,4846.235,1.7825
1770261300000,4846.045,4887.095,4832.355,4858.025,1.1582
1770262200000,4858.025,4878.065,4838.375,4866.175,1.4689
1770263100000,4866.175,4885.215,4852.045,4879.905,0.8961
1770264000000,4879.895,4884.575,4862.765,4874.495,0.7001
1770264900000,4874.565,4890.705,4870.285,4886.285,0.6425
1770265800000,4886.585,4887.775,4869.555,4885.865,0.5527
1770266700000,4885.985,4887.815,4863.195,4863.425,0.5806
1770267600000,4863.425,4875.565,4848.675,4852.415,0.5846
1770268500000,4852.215,4869.675,4839.945,4868.155,0.5892
1770269400000,4868.055,4886.488,4824.115,4884.468,1.3246
1770270300000,4884.875,4905.508,4884.518,4895.655,1.2366
1770271200000,4895.625,4920.095,4876.285,4909.775,0.8313
1770272100000,4909.615,4929.515,4900.735,4928.895,0.9637
1770273000000,4928.925,4929.935,4908.785,4929.065,0.7301
1770273900000,4929.175,4933.575,4897.735,4919.315,0.9718
1770274800000,4919.265,4930.778,4915.175,4921.438,1.0075
1770275700000,4921.428,4939.925,4910.575,4932.095,1.1476
1770276600000,4932.428,4933.015,4895.385,4909.965,0.9369
1770277500000,4909.965,4919.785,4906.655,4915.505,0.6797
1770278400000,4914.805,4941.985,4912.255,4940.315,0.8164
1770279300000,4940.415,4943.215,4919.015,4920.855,0.7065
1770280200000,4920.855,4929.198,4916.955,4921.925,0.7352
1770281100000,4921.925,4922.835,4900.459,4911.275,0.813
1770282000000,4911.389,4913.625,4862.075,4862.245,1.1235
1770282900000,4862.245,4885.955,4852.935,4873.175,0.9821
1770283800000,4873.715,4890.895,4872.895,4889.535,0.5977
1770284700000,4889.455,4893.885,4849.145,4853.935,0.8924
1770285600000,4853.925,4874.325,4851.365,4873.865,0.8194
1770286500000,4873.608,4877.645,4847.205,4861.045,0.6773
1770287400000,4862.195,4878.995,4851.365,4876.015,0.6521
1770288300000,4876.005,4886.871,4867.765,4876.565,0.4894
1770289200000,4876.565,4888.535,4876.225,4886.765,0.4645
1770290100000,4886.765,4894.195,4878.845,4891.605,0.5786
1770291000000,4891.675,4892.555,4870.045,4871.325,0.6553
1770291900000,4871.365,4885.525,4864.095,4867.845,0.6084
1770292800000,4867.498,4877.905,4833.125,4839.645,1.0968
1770293700000,4839.535,4848.045,4810.085,4847.689,1.0163
1770294600000,4847.635,4870.445,4840.145,4847.408,1.1217
1770295500000,4847.408,4867.785,4837.895,4853.075,1.8511
1770296400000,4853.039,4854.085,4801.388,4824.995,2.5554
1770297300000,4824.715,4865.248,4824.035,4849.798,1.6978
1770298200000,4850.698,4866.955,4822.245,4824.305,1.2922
1770299100000,4824.095,4846.255,4819.635,4835.055,0.8453
1770300000000,4835.075,4849.785,4811.295,4813.895,1.0714
1770300900000,4814.205,4837.875,4809.795,4835.015,0.8873
1770301800000,4834.985,4865.265,4805.735,4858.695,1.2362
1770302700000,4858.755,4869.198,4838.885,4845.215,1.6309
1770303600000,4844.475,4865.575,4821.475,4827.905,1.3979
1770304500000,4827.895,4845.205,4812.965,4819.208,1.1808
1770305400000,4818.825,4837.915,4809.495,4811.175,0.9974
1770306300000,4811.325,4824.875,4800.055,4817.345,1.0632
1770307200000,4817.265,4840.975,4812.155,4820.089,1.3456
1770308100000,4820.089,4856.595,4817.948,4849.198,2.0247
1770309000000,4849.425,4879.895,4844.288,4878.055,1.338
1770309900000,4877.975,4906.095,4863.905,4888.708,1.2573
1770310800000,4888.708,4890.045,4865.565,4875.095,0.9124
1770311700000,4875.125,4880.045,4858.775,4867.035,0.8125
1770312600000,4867.045,4878.195,4859.125,4870.345,0.7077
1770313500000,4870.325,4884.675,4863.435,4868.625,0.9177
1770314400000,4868.655,4874.865,4854.695,4860.965,0.7703
1770315300000,4861.005,4874.855,4850.735,4868.715,0.88
1770316200000,4869.245,4872.725,4853.955,4870.225,0.6089
1770317100000,4870.655,4872.955,4850.905,4857.855,0.4948
1770318000000,4857.895,4864.995,4841.715,4850.855,0.5471
1770318900000,4850.825,4859.505,4846.465,4851.075,0.5003
1770319800000,4851.035,4853.475,4827.908,4836.835,0.7196
1770320700000,4836.815,4843.585,4823.405,4829.135,0.5835
1770321600000,4828.879,4842.985,4813.325,4832.875,0.589
1770322500000,4832.855,4835.565,4810.368,4825.235,0.5786
1770323400000,4825.315,4831.715,4806.555,4812.495,0.5775
1770324300000,4812.295,4816.855,4792.575,4811.135,0.8058
1770325200000,4811.105,4825.855,4804.435,4810.075,0.317
1770326100000,4810.135,4813.355,4795.045,4802.225,0.3115
1770327000000,4802.185,4804.395,4759.365,4764.165,0.4874
1770327900000,4763.555,4780.505,4759.915,4775.805,0.3725
1770332400000,4791.698,4792.498,4754.828,4768.355,0.3994
1770333300000,4768.375,4772.525,4748.265,4751.445,0.5863
1770334200000,4751.415,4756.445,4732.405,4741.365,0.9224
1770335100000,4741.335,4742.465,4702.915,4703.275,0.9546
1770336000000,4703.265,4706.855,4678.825,4681.665,0.8638
1770336900000,4681.705,4729.755,4654.355,4723.525,1.3764
1770337800000,4723.555,4760.075,4707.255,4757.255,1.3265
1770338700000,4757.645,4764.025,4738.615,4762.295,1.0266
1770339600000,4762.275,4762.835,4692.648,4746.399,2.5831
1770340500000,4746.399,4761.709,4702.728,4710.508,1.841
1770341400000,4710.508,4746.465,4703.915,4740.895,1.1922
1770342300000,4740.825,4784.255,4735.745,4773.725,0.9048
1770343200000,4773.765,4796.315,4759.705,4787.095,0.956
1770344100000,4786.905,4821.125,4782.215,4819.955,0.6872
1770345000000,4820.075,4846.045,4808.775,4825.595,1.0563
1770345900000,4826.165,4831.925,4808.068,4815.995,1.0745
1770346800000,4815.905,4838.825,4808.465,4814.095,0.7053
1770347700000,4814.095,4827.675,4800.745,4810.845,0.6564
1770348600000,4810.869,4824.645,4800.288,4804.785,0.789
1770349500000,4804.415,4826.295,4804.315,4823.995,0.485
1770350400000,4823.915,4827.305,4814.525,4818.609,0.5594
1770351300000,4818.739,4827.425,4806.895,4826.245,0.3604
1770352200000,4826.285,4831.445,4819.205,4821.785,0.3727
1770353100000,4821.805,4824.045,4809.805,4813.185,0.2945
1770354000000,4814.105,4825.185,4807.075,4823.375,0.3748
1770354900000,4823.375,4851.865,4818.735,4851.785,0.4113
1770355800000,4851.765,4871.005,4836.375,4865.075,0.8726
1770356700000,4865.095,4897.565,4861.785,4896.978,0.7478
1770357600000,4896.885,4902.975,4864.898,4866.025,0.8824
1770358500000,4865.875,4871.815,4847.675,4852.689,1.1646
1770359400000,4852.689,4866.405,4835.995,4845.625,0.8184
1770360300000,4845.605,4855.655,4824.548,4845.895,0.6535
1770361200000,4845.925,4854.215,4837.435,4848.428,0.5052
1770362100000,4848.375,4861.485,4842.115,4858.545,0.5513
1770363000000,4858.195,4859.565,4847.175,4856.555,0.4504
1770363900000,4856.525,4856.705,4839.725,4840.185,0.5805
1770364800000,4840.185,4853.065,4828.575,4850.845,1.0052
1770365700000,4850.855,4874.035,4847.685,4866.979,0.5794
1770366600000,4866.969,4881.829,4854.835,4859.698,0.6589
1770367500000,4859.695,4864.115,4852.035,4861.279,0.8005
1770368400000,4861.279,4871.185,4839.045,4839.725,0.5901
1770369300000,4839.695,4866.485,4837.905,4863.065,0.433
1770370200000,4863.035,4872.438,4858.098,4858.138,0.3444
1770371100000,4857.435,4870.598,4855.805,4866.388,0.453
1770372000000,4866.165,4877.818,4865.558,4871.758,0.4045
1770372900000,4871.675,4875.945,4851.555,4854.639,0.4608
1770373800000,4854.669,4877.855,4852.278,4875.165,0.4564
1770374700000,4875.125,4879.875,4866.935,4878.185,0.3759
1770375600000,4878.075,4887.575,4863.468,4884.215,0.5618
1770376500000,4884.055,4893.675,4878.228,4890.489,0.5634
1770377400000,4890.549,4893.195,4879.878,4886.675,0.5589
1770378300000,4886.385,4895.498,4882.208,4886.735,0.4314
1770379200000,4886.725,4903.165,4883.475,4895.595,0.5598
1770380100000,4895.655,4896.245,4871.555,4877.355,0.4
1770381000000,4877.395,4895.655,4876.855,4894.175,0.3245
1770381900000,4894.205,4903.035,4893.875,4900.125,0.3476
1770382800000,4900.145,4926.825,4896.965,4909.405,1.098
1770383700000,4909.385,4928.048,4904.735,4908.649,0.9297
1770384600000,4908.469,4938.035,4908.329,4931.808,0.7807
1770385500000,4931.808,4934.445,4921.898,4928.605,0.842
1770386400000,4928.625,4932.445,4909.608,4921.695,0.5498
1770387300000,4921.725,4926.205,4894.135,4904.855,0.6069
1770388200000,4904.805,4946.898,4897.285,4932.099,1.1947
1770389100000,4932.245,4949.408,4926.818,4947.058,1.4526
1770390000000,4947.038,4964.338,4938.618,4947.628,1.2534
1770390900000,4947.688,4959.665,4934.898,4955.275,1.0052
1770391800000,4955.295,4960.255,4938.775,4942.355,0.8343
1770392700000,4942.415,4950.585,4928.055,4943.365,0.7737
1770393600000,4943.455,4950.138,4936.978,4940.585,0.721
1770394500000,4940.545,4945.685,4921.578,4938.255,0.5888
1770395400000,4938.225,4948.055,4929.458,4939.825,0.614
1770396300000,4939.865,4953.095,4936.035,4951.455,0.5414
1770397200000,4951.525,4960.555,4948.925,4957.378,0.4455
1770398100000,4957.378,4959.225,4952.495,4954.485,0.3706
1770399000000,4954.505,4968.255,4947.805,4953.975,0.6108
1770399900000,4953.995,4963.895,4953.645,4960.165,0.3526
1770400800000,4960.305,4970.898,4958.545,4965.238,0.6368
1770401700000,4965.238,4966.048,4943.615,4955.805,0.6841
1770402600000,4955.935,4965.315,4951.388,4964.195,0.2878
1770403500000,4964.215,4968.245,4960.525,4962.245,0.2311
1770404400000,4962.285,4963.085,4953.505,4958.455,0.2616
1770405300000,4958.435,4961.885,4956.935,4957.315,0.2403
1770406200000,4957.365,4958.505,4948.505,4951.785,0.27
1770407100000,4951.625,4962.605,4951.585,4957.015,0.2458
1770408000000,4957.065,4958.995,4950.825,4953.065,0.2961
1770408900000,4952.985,4956.825,4946.445,4954.645,0.298
1770409800000,4954.755,4954.795,4936.385,4943.745,0.4566
1770410700000,4943.955,4953.835,4940.025,4953.098,0.5208
1770411600000,4953.098,4958.135,4946.195,4949.335,0.1509
1770412500000,4949.365,4954.755,4947.315,4953.615,0.1303
1770413400000,4953.645,4963.708,4953.565,4959.988,0.2635
1770414300000,4959.609,4967.598,4957.138,4964.298,0.45
1770591600000,4980.098,4990.048,4962.605,4979.505,0.6448
1770592500000,4979.315,5025.655,4976.445,5024.245,0.5183
1770593400000,5024.245,5043.595,5019.485,5040.975,0.64
1770594300000,5040.935,5046.805,5033.195,5035.475,0.3768
1770595200000,5035.475,5044.195,5024.245,5028.888,0.8047
1770596100000,5028.858,5040.695,5021.205,5034.655,0.5741
1770597000000,5034.795,5037.085,5016.335,5027.375,0.4086
1770597900000,5027.405,5027.405,5011.298,5019.125,0.4712
1770598800000,5020.135,5041.465,5004.825,5018.535,1.1528
1770599700000,5018.425,5031.635,5009.455,5016.095,0.9729
1770600600000,5016.095,5021.745,4975.485,5009.048,1.0966
1770601500000,5009.085,5011.735,4979.695,4981.985,0.7887
1770602400000,4981.985,5000.305,4967.835,4996.935,0.9177
1770603300000,4996.855,5001.335,4988.665,5000.715,0.6234
1770604200000,5000.685,5006.065,4988.878,4996.328,1.2095
1770605100000,4996.755,5016.935,4985.925,5006.725,0.8541
1770606000000,5006.619,5021.175,5005.305,5020.085,0.6752
1770606900000,5020.115,5026.595,5011.098,5024.985,0.7244
1770607800000,5024.995,5030.945,5018.208,5024.478,0.5478
1770608700000,5024.595,5027.415,5011.878,5015.735,0.5191
1770609600000,5015.885,5023.705,5011.625,5011.655,0.3341
1770610500000,5011.655,5024.135,5008.178,5017.065,0.5038
1770611400000,5017.055,5022.655,5014.438,5018.039,0.3782
1770612300000,5018.019,5019.559,5006.895,5011.749,0.6017
1770613200000,5011.749,5019.755,5011.015,5014.845,0.2464
1770614100000,5014.855,5031.265,5014.855,5029.955,0.2003
1770615000000,5029.895,5041.075,5025.315,5034.125,0.6162
1770615900000,5034.165,5037.885,5022.755,5036.155,0.6143
1770616800000,5036.175,5045.615,5031.308,5033.995,0.5127
1770617700000,5033.435,5037.265,5013.378,5025.115,0.5282
1770618600000,5024.855,5035.995,5020.665,5035.045,0.4879
1770619500000,5035.045,5039.655,5026.555,5030.889,0.4819
1770620400000,5030.905,5030.905,5007.808,5012.735,0.373
1770621300000,5012.735,5014.875,4994.955,5008.135,0.5682
1770622200000,5008.315,5014.935,5006.945,5012.085,0.4488
1770623100000,5012.195,5012.575,5000.585,5006.095,0.3551
1770624000000,5006.125,5021.065,5002.505,5019.865,0.3998
1770624900000,5019.905,5031.695,5019.905,5025.445,0.382
1770625800000,5025.175,5032.415,5021.215,5029.365,0.2883
1770626700000,5029.345,5035.605,5023.805,5027.125,0.3014
1770627600000,5027.165,5040.785,5022.735,5025.675,0.3221
1770628500000,5025.655,5027.225,5016.075,5024.105,0.3069
1770629400000,5024.065,5027.145,5011.555,5014.175,0.2804
1770630300000,5014.125,5015.165,5002.355,5007.545,0.342
1770631200000,5007.585,5013.515,4996.245,5010.025,0.3629
1770632100000,5009.975,5015.075,4985.795,4990.775,0.3837
1770633000000,4990.805,4999.075,4982.125,4986.615,0.4103
1770633900000,4986.615,4998.855,4982.545,4990.785,0.3595
1770634800000,4990.785,4998.805,4988.425,4992.785,0.3248
1770635700000,4992.825,5006.295,4990.895,5005.805,0.234
1770636600000,5005.835,5012.815,5001.235,5008.435,0.2449
1770637500000,5008.385,5017.795,5006.999,5010.585,0.2561
1770638400000,5010.615,5017.135,5007.085,5016.225,0.2954
1770639300000,5016.465,5017.555,5010.385,5013.815,0.1955
1770640200000,5014.055,5021.655,5009.355,5015.015,0.2159
1770641100000,5015.085,5018.705,5007.175,5013.105,0.2891
1770642000000,5013.135,5024.605,5007.485,5021.875,0.59
1770642900000,5021.895,5024.135,5003.085,5004.055,0.5482
1770643800000,5004.035,5014.705,4994.855,4998.455,0.5209
1770644700000,4998.445,5010.465,4995.855,5006.795,0.4736
1770645600000,5006.745,5017.375,5001.975,5015.125,0.3884
1770646500000,5015.395,5023.695,5009.435,5020.745,0.4308
1770647400000,5020.685,5036.855,5013.565,5036.255,1.5737
1770648300000,5036.275,5040.695,5030.628,5037.875,0.7895
1770649200000,5037.605,5041.945,5028.288,5029.855,0.6772
1770650100000,5029.885,5035.375,5023.345,5033.095,0.6656
1770651000000,5033.145,5056.025,5033.105,5055.645,0.6818
1770651900000,5055.775,5060.045,5052.175,5058.675,0.4596
1770652800000,5058.705,5068.405,5056.118,5063.298,0.5075
1770653700000,5063.298,5079.615,5063.205,5072.245,0.5426
1770654600000,5072.395,5078.075,5066.595,5077.725,0.465
1770655500000,5077.725,5080.495,5070.935,5073.115,0.4481
1770656400000,5073.105,5075.325,5060.635,5063.255,0.4449
1770657300000,5063.225,5071.745,5063.215,5067.895,0.2702
1770658200000,5068.635,5070.205,5060.925,5062.175,0.3564
1770659100000,5062.155,5063.865,5040.635,5046.125,0.5449
1770660000000,5045.965,5058.965,5045.915,5058.095,0.462
1770660900000,5058.145,5059.495,5044.025,5053.955,0.5805
1770661800000,5054.295,5059.375,5048.265,5056.085,0.3979
1770662700000,5056.125,5063.745,5051.215,5062.525,0.3102
1770663600000,5062.505,5068.975,5062.188,5066.145,0.2958
1770664500000,5066.005,5074.155,5063.995,5074.105,0.298
1770665400000,5074.155,5079.845,5072.498,5075.495,0.3019
1770666300000,5075.545,5077.715,5072.715,5074.195,0.3135
1770667200000,5074.275,5080.195,5073.185,5078.845,0.5427
1770668100000,5078.875,5081.298,5075.315,5079.945,0.7367
1770669000000,5079.945,5086.265,5072.015,5077.555,0.6599
1770669900000,5077.595,5082.665,5073.185,5079.385,0.538
1770670800000,5079.655,5082.955,5061.238,5063.055,0.1825
1770671700000,5063.035,5066.105,5048.315,5054.935,0.219
1770672600000,5054.965,5064.275,5053.698,5061.245,0.2022
1770673500000,5061.775,5066.115,5056.285,5058.315,0.1675
1770678000000,5048.968,5074.398,4985.748,5011.948,0.7069
1770678900000,5012.148,5027.705,5000.833,5022.728,0.7774
1770679800000,5022.718,5039.775,5012.595,5039.315,0.5394
1770680700000,5039.315,5041.115,5029.425,5031.245,0.4056
1770681600000,5031.095,5048.045,5031.095,5034.445,0.5059
1770682500000,5034.365,5044.065,5031.165,5033.535,0.3826
1770683400000,5033.605,5040.515,5015.145,5023.265,0.434
1770684300000,5023.265,5025.015,5008.155,5018.405,0.4478
1770685200000,5018.285,5033.965,5012.125,5030.525,1.0357
1770686100000,5030.595,5037.205,5013.005,5016.595,1.005
1770687000000,5016.555,5032.315,5014.105,5028.465,0.8918
1770687900000,5028.475,5035.308,5023.685,5031.915,0.6393
1770688800000,5031.915,5045.305,5031.028,5041.775,0.896
1770689700000,5041.745,5055.935,5039.845,5046.965,0.6842
1770690600000,5046.975,5052.855,5041.615,5050.005,0.7828
1770691500000,5050.035,5052.385,5034.445,5037.875,0.6451
1770692400000,5037.595,5037.595,5024.538,5026.375,0.8178
1770693300000,5026.365,5027.958,5016.035,5021.455,0.6796
1770694200000,5021.395,5031.515,5019.815,5023.738,0.5351
1770695100000,5023.975,5029.855,5015.705,5029.855,0.6241
1770696000000,5029.655,5030.805,5017.195,5023.545,0.5482
1770696900000,5023.555,5029.465,5022.385,5027.125,0.4041
1770697800000,5027.135,5029.465,5021.545,5026.395,0.3569
1770698700000,5026.425,5033.505,5024.255,5031.295,0.3167
1770699600000,5031.119,5034.945,5027.155,5029.339,0.3798
1770700500000,5029.329,5029.609,5010.925,5019.075,0.4871
1770701400000,5018.945,5032.275,5012.565,5032.255,0.6281
1770702300000,5032.285,5040.235,5031.015,5039.085,0.5277
1770703200000,5039.055,5045.195,5034.868,5036.695,0.5391
1770704100000,5036.705,5037.465,5030.525,5031.365,0.4311
1770705000000,5031.355,5038.765,5026.485,5028.345,0.4345
1770705900000,5027.975,5035.845,5018.465,5023.425,0.5199
1770706800000,5023.445,5034.075,5018.125,5028.505,0.3254
1770707700000,5028.475,5031.585,5019.235,5025.085,0.418
1770708600000,5025.085,5034.645,5024.495,5028.655,0.3033
1770709500000,5028.655,5035.825,5026.565,5033.765,0.3381
1770710400000,5033.519,5040.785,5028.605,5032.755,0.4403
1770711300000,5032.795,5040.925,5031.955,5035.395,0.3202
1770712200000,5035.375,5048.715,5033.995,5048.505,0.2662
1770713100000,5048.485,5054.985,5038.658,5041.555,0.3889
1770714000000,5041.505,5063.055,5040.315,5051.345,0.4002
1770714900000,5051.445,5055.435,5045.175,5051.808,0.4357
1770715800000,5051.808,5052.855,5045.095,5048.465,0.2834
1770716700000,5048.485,5049.635,5041.865,5046.535,0.2797
1770717600000,5046.555,5052.455,5040.515,5040.985,0.265
1770718500000,5040.905,5050.435,5036.745,5047.225,0.2966
1770719400000,5047.255,5057.925,5045.375,5053.855,0.2877
1770720300000,5053.945,5056.445,5043.628,5046.585,0.2271
1770721200000,5046.555,5052.835,5044.255,5050.125,0.1889
1770722100000,5050.065,5051.385,5044.948,5047.585,0.2019
1770723000000,5047.555,5053.905,5045.668,5047.055,0.1814
1770723900000,5047.015,5057.205,5044.725,5055.675,0.2078
1770724800000,5055.695,5056.925,5040.725,5043.715,0.3172
1770725700000,5043.318,5051.085,5042.115,5046.235,0.2796
1770726600000,5046.965,5047.475,5023.525,5029.365,0.2902
1770727500000,5029.345,5034.185,5019.415,5031.975,0.5437
1770728400000,5031.995,5042.185,5026.565,5041.945,0.5997
1770729300000,5041.945,5046.095,5033.145,5037.235,0.4055
1770730200000,5037.285,5058.725,5036.905,5052.675,0.5804
1770731100000,5052.705,5056.885,5049.115,5050.765,0.4824
1770732000000,5050.795,5058.085,5046.535,5055.668,0.4105
1770732900000,5055.658,5074.305,5055.658,5070.025,0.6073
1770733800000,5070.045,5078.485,5053.145,5055.505,1.1733
1770734700000,5055.525,5055.935,5020.225,5039.295,1.0297
1770735600000,5038.988,5043.505,5028.388,5042.125,0.7577
1770736500000,5042.075,5047.865,5032.005,5032.045,0.6312
1770737400000,5031.845,5037.105,4998.685,5013.795,0.9549
1770738300000,5013.815,5029.405,5012.125,5019.028,0.9001
1770739200000,5019.035,5022.625,5006.315,5020.515,0.6993
1770740100000,5020.485,5024.125,5005.495,5009.965,0.6256
1770741000000,5009.945,5023.435,5008.325,5021.675,0.5164
1770741900000,5022.015,5026.215,5015.665,5023.645,0.5122
1770742800000,5023.575,5027.265,5020.385,5024.265,0.3876
1770743700000,5024.235,5038.898,5024.165,5036.335,0.389
1770744600000,5036.355,5039.045,5031.755,5037.335,0.2855
1770745500000,5037.375,5039.875,5024.755,5025.915,0.3379
1770746400000,5025.639,5027.535,5013.378,5016.245,0.4004
1770747300000,5016.205,5018.285,5004.558,5008.055,0.5648
1770748200000,5008.285,5016.185,5004.775,5015.235,0.4817
1770749100000,5015.205,5016.915,5006.635,5012.755,0.4885
1770750000000,5012.725,5013.688,5008.585,5012.235,0.3203
1770750900000,5012.298,5021.535,5012.098,5020.805,0.4293
1770751800000,5020.845,5029.835,5020.825,5024.158,0.3481
1770752700000,5024.168,5029.995,5024.168,5027.685,0.2603
1770753600000,5027.705,5029.775,5020.125,5025.755,0.3462
1770754500000,5025.805,5033.775,5023.075,5027.975,0.438
1770755400000,5027.935,5036.255,5027.075,5035.995,0.3545
1770756300000,5035.955,5045.155,5027.548,5029.898,0.6565
1770757200000,5029.898,5032.505,5025.305,5028.975,0.1472
1770758100000,5028.935,5029.435,5022.915,5025.815,0.2117
1770759000000,5025.785,5027.998,5022.765,5023.905,0.2346
1770759900000,5023.905,5027.075,5020.045,5024.378,0.1613
1770764400000,5022.498,5036.498,5022.498,5033.835,0.1761
1770765300000,5033.875,5054.435,5033.695,5046.235,0.3135
1770766200000,5046.215,5047.795,5038.098,5042.015,0.1769
1770767100000,5041.955,5047.075,5038.525,5041.575,0.1
1770768000000,5041.535,5044.385,5030.608,5033.945,0.2412
1770768900000,5033.935,5040.635,5027.755,5039.395,0.3024
1770769800000,5039.615,5049.225,5038.798,5040.908,0.2535
1770770700000,5040.948,5041.938,5034.055,5037.535,0.358
1770771600000,5037.565,5047.435,5030.125,5041.025,0.6036
1770772500000,5040.995,5045.165,5034.755,5037.405,0.386
1770773400000,5037.375,5045.545,5032.368,5043.838,0.3128
1770774300000,5043.838,5052.928,5040.775,5052.245,0.3289
1770775200000,5052.215,5056.525,5034.325,5036.665,0.4214
1770776100000,5036.665,5046.345,5032.255,5041.855,0.2523
1770777000000,5041.198,5053.895,5040.815,5053.765,0.2718
1770777900000,5053.765,5057.535,5050.515,5055.465,0.3429
1770778800000,5055.435,5055.965,5048.845,5048.855,0.2551
1770779700000,5048.905,5058.725,5044.508,5056.715,0.3622
1770780600000,5056.695,5060.335,5053.405,5058.125,0.2479
1770781500000,5058.298,5060.425,5052.785,5054.055,0.1997
1770782400000,5054.025,5058.175,5052.845,5057.265,0.1108
1770783300000,5057.285,5059.415,5056.265,5058.185,0.0977
1770784200000,5058.165,5059.145,5051.455,5051.875,0.1135
1770785100000,5051.855,5055.795,5045.538,5045.985,0.1757
1770786000000,5046.005,5049.885,5043.285,5047.935,0.1821
1770786900000,5048.065,5053.365,5045.555,5052.885,0.1292
1770787800000,5052.915,5063.675,5052.345,5062.065,0.2939
1770788700000,5062.085,5062.655,5045.975,5052.485,0.333
1770789600000,5052.515,5057.195,5049.145,5054.245,0.2377
1770790500000,5054.275,5061.325,5053.175,5056.245,0.2974
1770791400000,5056.285,5060.165,5053.165,5053.625,0.2466
1770792300000,5053.655,5064.295,5051.775,5063.865,0.3733
1770793200000,5063.905,5069.125,5057.115,5059.055,0.3768
1770794100000,5059.065,5065.855,5052.358,5059.645,0.3778
1770795000000,5059.695,5061.695,5052.635,5054.285,0.3382
1770795900000,5054.285,5056.045,5048.475,5055.255,0.1997
1770796800000,5054.735,5060.215,5051.408,5051.418,0.3206
1770797700000,5051.418,5055.405,5050.125,5051.295,0.2582
1770798600000,5051.275,5053.275,5045.365,5052.098,0.2636
1770799500000,5052.049,5054.668,5050.355,5053.315,0.1695
1770800400000,5053.295,5055.565,5046.755,5051.255,0.2569
1770801300000,5051.225,5054.805,5049.785,5054.125,0.1767
1770802200000,5054.155,5065.715,5053.315,5064.305,0.3788
1770803100000,5064.355,5071.955,5059.618,5062.485,0.3451
1770804000000,5062.545,5069.615,5062.095,5068.635,0.4137
1770804900000,5068.675,5076.138,5068.035,5070.738,0.3988
1770805800000,5070.655,5099.991,5067.925,5099.498,0.4666
1770806700000,5099.265,5100.915,5090.848,5092.985,0.6529
1770807600000,5093.015,5095.755,5082.358,5089.468,0.3027
1770808500000,5089.468,5107.605,5089.468,5107.075,0.2685
1770809400000,5107.105,5109.938,5100.398,5108.285,0.5692
1770810300000,5108.315,5116.185,5108.018,5111.405,0.4459
1770811200000,5112.065,5118.815,5098.365,5105.785,0.6487
1770812100000,5105.755,5106.975,5086.028,5094.835,0.465
1770813000000,5094.785,5098.395,5049.495,5068.385,0.6233
1770813900000,5068.085,5083.438,5065.365,5083.055,0.4956
1770814800000,5083.025,5087.445,5072.928,5082.085,0.5715
1770815700000,5081.945,5089.745,5063.545,5080.508,0.5597
1770816600000,5080.508,5085.768,5017.995,5059.775,1.2964
1770817500000,5059.545,5072.885,5054.265,5065.455,0.9799
1770818400000,5065.495,5077.135,5061.565,5073.685,0.6643
1770819300000,5073.675,5083.008,5066.995,5070.645,0.635
1770820200000,5070.685,5075.565,5035.535,5042.385,1.1575
1770821100000,5042.495,5065.175,5040.205,5059.008,0.8792
1770822000000,5059.008,5081.485,5053.365,5066.735,0.8729
1770822900000,5066.765,5074.215,5043.195,5048.675,1.0312
1770823800000,5048.485,5057.195,5038.885,5048.155,0.909
1770824700000,5048.165,5062.825,5044.225,5059.885,0.8627
1770825600000,5059.515,5064.215,5051.675,5055.895,0.8082
1770826500000,5055.955,5061.895,5042.745,5060.525,0.68
1770827400000,5060.875,5078.005,5055.825,5073.698,0.6467
1770828300000,5074.045,5076.498,5071.055,5074.775,0.5535
1770829200000,5074.748,5085.098,5067.815,5084.548,0.7756
1770830100000,5084.548,5090.965,5078.235,5087.305,0.7188
1770831000000,5087.305,5098.765,5081.265,5095.935,0.583
1770831900000,5095.985,5097.315,5087.595,5091.245,0.557
1770832800000,5091.195,5092.508,5066.615,5072.775,1.1631
1770833700000,5072.795,5079.205,5068.455,5073.395,0.7831
1770834600000,5073.415,5085.145,5070.945,5083.255,0.4411
1770835500000,5083.285,5087.115,5079.925,5082.275,0.5627
1770836400000,5082.265,5092.445,5081.538,5088.955,0.4142
1770837300000,5088.935,5094.015,5087.298,5091.435,0.3225
1770838200000,5091.405,5091.785,5080.965,5085.445,0.3742
1770839100000,5085.425,5088.175,5076.955,5081.705,0.468
1770840000000,5081.695,5088.015,5079.475,5087.935,0.4434
1770840900000,5087.985,5088.785,5083.475,5084.825,0.4743
1770841800000,5084.805,5087.098,5077.898,5086.335,1.1614
1770842700000,5086.375,5089.948,5084.315,5086.625,1.1042
1770843600000,5086.615,5088.905,5084.235,5088.085,0.1261
1770844500000,5088.045,5092.605,5078.118,5081.995,0.1679
1770845400000,5082.015,5084.215,5069.665,5080.405,0.2433
1770846300000,5079.909,5084.675,5076.595,5083.525,0.1972
1770850800000,5084.198,5099.798,5051.925,5062.995,0.382
1770851700000,5062.995,5070.695,5058.415,5068.495,0.3918
1770852600000,5068.465,5069.085,5059.525,5062.685,0.2934
1770853500000,5062.675,5070.615,5059.465,5060.785,0.2588
1770854400000,5060.625,5067.385,5049.505,5056.485,0.4903
1770855300000,5056.365,5066.045,5053.195,5060.335,0.4486
1770856200000,5060.335,5065.545,5055.565,5058.885,0.273
1770857100000,5058.865,5065.385,5058.098,5062.645,0.3017
1770858000000,5062.295,5062.555,5044.368,5048.955,0.7933
1770858900000,5048.955,5060.755,5046.055,5058.505,0.5129
1770859800000,5058.505,5063.935,5055.145,5060.595,0.4726
1770860700000,5060.605,5063.095,5052.585,5063.095,0.5346
1770861600000,5063.115,5072.185,5063.115,5067.875,0.3653
1770862500000,5068.105,5072.665,5061.745,5066.405,0.3166
1770863400000,5066.395,5069.535,5056.085,5057.705,0.4788
1770864300000,5057.685,5066.535,5054.745,5065.705,0.3087
1770865200000,5065.675,5074.425,5062.485,5068.255,0.3443
1770866100000,5068.275,5070.825,5054.419,5059.735,0.2668
1770867000000,5059.705,5066.595,5058.495,5065.145,0.2173
1770867900000,5065.145,5065.145,5054.615,5056.655,0.3034
1770868800000,5056.605,5058.755,5052.008,5054.675,0.1396
1770869700000,5054.615,5057.335,5050.568,5056.095,0.1468
1770870600000,5056.115,5059.955,5053.965,5057.685,0.1
1770871500000,5057.685,5069.845,5054.955,5069.165,0.1423
1770872400000,5069.215,5077.995,5065.385,5074.485,0.227
1770873300000,5074.465,5077.665,5070.148,5071.565,0.1679
1770874200000,5071.525,5072.175,5064.285,5071.795,0.2853
1770875100000,5071.825,5075.805,5067.085,5075.315,0.2316
1770876000000,5075.575,5076.095,5061.935,5068.725,0.2672
1770876900000,5068.755,5070.045,5054.998,5055.095,0.2709
1770877800000,5055.075,5057.755,5046.678,5057.465,0.4816
1770878700000,5057.495,5061.515,5053.535,5059.445,0.4161
1770879600000,5059.435,5065.938,5051.535,5062.739,0.3301
1770880500000,5062.739,5064.135,5056.628,5061.939,0.5713
1770881400000,5061.979,5063.665,5057.665,5058.015,0.2303
1770882300000,5057.795,5065.355,5056.335,5063.385,0.2271
1770883200000,5063.415,5073.128,5062.659,5067.725,0.3088
1770884100000,5067.745,5069.285,5060.358,5060.358,0.2966
1770885000000,5060.365,5063.175,5051.895,5062.765,0.2523
1770885900000,5062.795,5072.095,5060.025,5068.345,0.244
1770886800000,5068.325,5075.965,5066.075,5073.725,0.288
1770887700000,5073.705,5077.595,5070.895,5071.045,0.1824
1770888600000,5071.065,5073.795,5068.365,5072.605,0.1668
1770889500000,5072.625,5080.535,5070.915,5072.705,0.2155
1770890400000,5072.735,5076.775,5063.585,5065.765,0.267
1770891300000,5065.725,5065.748,5061.018,5061.018,0.3719
1770892200000,5061.018,5065.725,5060.765,5061.895,0.2839
1770893100000,5061.875,5062.465,5055.835,5061.805,0.2551
1770894000000,5061.925,5065.188,5059.175,5060.785,0.1801
1770894900000,5060.785,5065.425,5060.785,5062.385,0.2313
1770895800000,5062.385,5065.105,5061.098,5063.505,0.199
1770896700000,5063.535,5068.055,5061.245,5063.505,0.2457
1770897600000,5063.558,5066.505,5056.295,5061.995,0.3173
1770898500000,5061.765,5063.915,5059.745,5062.095,0.1534
1770899400000,5062.115,5068.455,5054.678,5057.325,0.2187
1770900300000,5057.285,5058.225,5048.485,5052.515,0.3464
1770901200000,5052.475,5065.595,5051.165,5065.395,0.4581
1770902100000,5065.375,5074.115,5061.715,5062.205,0.3643
1770903000000,5062.125,5077.005,5060.125,5075.245,0.439
1770903900000,5075.275,5083.475,5074.435,5075.098,0.3399
1770904800000,5075.098,5077.485,5060.965,5064.925,0.5126
1770905700000,5064.895,5068.065,5054.525,5059.665,0.4565
1770906600000,5059.695,5071.355,5053.495,5055.955,0.7777
1770907500000,5055.925,5061.105,5039.265,5044.055,0.7798
1770908400000,5044.045,5065.363,5039.575,5064.755,0.7463
1770909300000,5064.725,5069.645,5062.378,5065.805,0.3934
1770910200000,5065.285,5072.145,5065.115,5070.435,0.482
1770911100000,5070.465,5074.655,5059.805,5060.248,0.5765
1770912000000,5060.295,5067.895,4947.638,4950.978,0.9766
1770912900000,4950.998,4965.425,4877.255,4896.428,1.7779
1770913800000,4896.528,4968.905,4893.598,4952.798,1.7379
1770914700000,4952.635,4961.845,4930.635,4954.275,1.4509
1770915600000,4954.295,4966.758,4939.055,4959.145,1.1285
1770916500000,4959.055,4982.335,4955.258,4965.428,1.0763
1770917400000,4965.438,4974.605,4957.285,4969.235,0.935
1770918300000,4969.295,4970.915,4939.225,4940.865,0.9437
1770919200000,4940.645,4949.715,4921.055,4934.135,1.0654
1770920100000,4934.185,4934.985,4906.185,4928.035,1.1209
1770921000000,4928.035,4946.275,4925.805,4939.915,1.305
1770921900000,4939.978,4951.855,4932.925,4935.245,0.7878
1770922800000,4935.435,4941.325,4927.345,4932.985,0.7604
1770923700000,4932.955,4944.045,4929.225,4931.018,0.6962
1770924600000,4931.025,4950.095,4931.025,4946.505,0.8266
1770925500000,4946.505,4957.955,4943.165,4945.325,1.8321
1770926400000,4945.425,4948.205,4933.495,4940.635,1.0182
1770927300000,4940.655,4940.765,4921.465,4922.298,0.7335
1770928200000,4922.345,4927.945,4910.865,4920.415,0.8869
1770929100000,4920.555,4923.365,4911.625,4914.859,1.2276
1770930000000,4914.615,4922.539,4911.455,4916.709,0.7096
1770930900000,4916.739,4924.195,4912.615,4920.045,0.315
1770931800000,4920.015,4926.185,4917.389,4917.965,0.1987
1770932700000,4917.995,4926.655,4915.555,4921.265,0.2384
1770937200000,4916.308,4916.308,4886.258,4910.115,0.0462
1770938100000,4909.815,4928.195,4909.805,4919.635,0.2164
1770939000000,4919.535,4925.995,4906.018,4913.515,0.3172
1770939900000,4913.535,4919.805,4905.475,4919.775,0.2011
1770940800000,4919.875,4948.125,4913.505,4941.385,0.4292
1770941700000,4941.225,4946.725,4933.945,4935.755,0.3403
1770942600000,4935.785,4945.235,4932.375,4940.215,0.3409
1770943500000,4940.525,4944.185,4926.555,4927.705,0.2955
1770944400000,4928.235,4967.285,4926.675,4965.045,0.7352
1770945300000,4964.735,4978.985,4961.775,4969.505,0.6099
1770946200000,4969.495,4982.075,4963.805,4979.465,0.7984
1770947100000,4979.635,4988.285,4974.905,4980.475,0.4824
1770948000000,4980.445,4984.395,4972.525,4977.805,0.39
1770948900000,4977.775,4985.865,4975.375,4985.745,0.2608
1770949800000,4985.805,4989.125,4973.045,4983.905,0.4236
1770950700000,4983.925,4991.315,4971.815,4988.215,0.5448
1770951600000,4988.185,4988.905,4980.325,4983.575,0.3572
1770952500000,4982.965,4984.105,4973.575,4977.905,0.3665
1770953400000,4977.925,4983.475,4974.755,4976.935,0.1478
1770954300000,4976.955,4984.165,4976.075,4981.115,0.1642
1770955200000,4981.095,4987.215,4975.375,4985.595,0.1849
1770956100000,4985.625,4996.955,4984.545,4984.955,0.2547
1770957000000,4984.985,4985.985,4974.855,4976.485,0.1871
1770957900000,4976.475,4978.035,4972.655,4976.365,0.1717
1770958800000,4976.375,4981.725,4974.455,4977.995,0.1706
1770959700000,4977.975,4986.305,4964.718,4979.425,0.3104
1770960600000,4979.445,4979.995,4959.285,4963.785,0.4166
1770961500000,4963.805,4965.495,4944.475,4945.855,0.4518
1770962400000,4946.185,4961.655,4945.835,4957.965,0.4292
1770963300000,4958.355,4960.935,4949.615,4952.935,0.3781
1770964200000,4950.648,4961.725,4950.428,4954.785,0.3506
1770965100000,4954.845,4968.515,4950.465,4966.875,0.4444
1770966000000,4966.915,4967.685,4950.855,4959.975,0.3704
1770966900000,4959.945,4976.365,4958.755,4968.095,0.4139
1770967800000,4968.065,4982.485,4965.799,4970.305,0.4184
1770968700000,4970.285,4981.545,4968.525,4974.845,0.3657
1770969600000,4974.705,4989.315,4971.875,4979.085,0.503
1770970500000,4979.118,4985.755,4976.685,4982.305,0.3999
1770971400000,4982.305,4985.475,4978.265,4983.039,0.5371
1770972300000,4983.445,4986.675,4971.318,4982.389,0.5209
1770973200000,4982.389,4982.545,4976.385,4977.165,0.4461
1770974100000,4977.155,4981.535,4963.995,4964.625,0.4502
1770975000000,4964.595,4973.595,4961.105,4970.669,0.4677
1770975900000,4970.669,4976.565,4968.655,4970.085,0.3355
1770976800000,4970.085,4977.655,4966.885,4972.235,0.3722
1770977700000,4972.255,4980.495,4966.048,4977.245,0.3291
1770978600000,4977.265,4978.365,4967.405,4969.059,0.3903
1770979500000,4969.059,4970.119,4946.825,4949.755,0.4668
1770980400000,4949.829,4953.485,4940.785,4951.265,0.5096
1770981300000,4951.255,4952.425,4933.495,4944.715,0.3965
1770982200000,4944.745,4948.465,4935.155,4943.785,0.4001
1770983100000,4943.735,4955.155,4939.115,4953.795,0.379
1770984000000,4953.355,4964.215,4951.795,4963.605,0.4924
1770984900000,4963.585,4972.825,4962.405,4967.095,0.2615
1770985800000,4967.075,4973.425,4963.605,4965.825,0.2406
1770986700000,4965.875,4973.755,4964.228,4969.275,0.2777
1770987600000,4969.275,4975.985,4965.165,4966.855,0.2975
1770988500000,4966.915,4970.495,4957.385,4966.695,0.368
1770989400000,4966.485,4999.185,4966.338,4983.668,1.1232
1770990300000,4983.668,4992.635,4971.885,4986.775,0.5104
1770991200000,4986.298,4999.995,4984.498,4998.395,0.4403
1770992100000,4998.385,5007.715,4994.735,5002.258,0.4531
1770993000000,5002.355,5010.636,4963.748,4991.205,1.0806
1770993900000,4991.205,5006.648,4989.015,4995.185,1.194
1770994800000,4995.225,5011.025,4991.778,5002.945,1.142
1770995700000,5002.975,5011.338,4994.425,5009.645,0.9451
1770996600000,5009.675,5020.155,5004.355,5006.375,0.7557
1770997500000,5006.395,5009.945,4973.688,4976.338,0.8693
1770998400000,4976.375,4997.385,4975.298,4997.285,0.7478
1770999300000,4997.275,5033.618,4995.745,5027.548,0.8259
1771000200000,5027.235,5028.048,5012.839,5016.655,0.7905
1771001100000,5016.645,5018.625,5005.795,5007.605,0.5408
1771002000000,5007.635,5022.085,5006.239,5015.395,0.4216
1771002900000,5015.395,5019.165,5005.655,5017.385,0.4001
1771003800000,5017.415,5028.898,5015.805,5022.065,0.4044
1771004700000,5022.185,5023.795,5015.865,5020.715,0.4092
1771005600000,5020.745,5029.395,5015.098,5028.835,0.5002
1771006500000,5028.755,5030.405,5019.935,5022.025,0.4482
1771007400000,5021.748,5031.125,5020.205,5029.635,0.4273
1771008300000,5029.605,5035.215,5026.355,5030.855,0.3742
1771009200000,5030.915,5045.805,5030.115,5039.325,0.4061
1771010100000,5039.295,5044.745,5036.345,5041.098,0.4182
1771011000000,5041.098,5042.725,5032.545,5034.175,0.4331
1771011900000,5034.155,5037.735,5023.285,5023.285,0.3221
1771012800000,5023.595,5033.965,5023.475,5028.755,0.5371
1771013700000,5028.725,5033.015,5026.595,5028.625,0.4369
1771014600000,5028.509,5033.875,5024.085,5030.155,0.4824
1771015500000,5030.235,5034.498,5021.275,5032.315,0.6138
1771016400000,5032.295,5035.795,5029.425,5033.025,0.1598
1771017300000,5033.055,5034.355,5030.518,5032.835,0.1082
1771018200000,5032.805,5039.085,5031.075,5038.635,0.1031
1771019100000,5038.615,5045.965,5037.375,5040.285,0.2863
1771196400000,5035.898,5051.678,5006.628,5022.055,0.5114
1771197300000,5022.095,5031.815,5020.648,5028.735,0.5887
1771198200000,5028.725,5031.255,5016.448,5018.305,0.3195
1771199100000,5018.305,5020.925,5012.935,5019.898,0.3949
1771200000000,5019.655,5021.498,4999.428,5016.975,0.5718
1771200900000,5016.718,5020.535,5007.775,5011.955,0.3624
1771201800000,5011.945,5014.445,5008.545,5013.755,0.2105
1771202700000,5013.378,5022.235,5010.255,5015.265,0.1892
1771203600000,5015.215,5023.375,5006.685,5022.855,0.3268
1771204500000,5022.545,5030.945,5022.485,5028.935,0.2777
1771205400000,5029.045,5030.665,5026.035,5030.155,0.3072
1771206300000,5030.155,5030.365,5025.165,5028.585,0.21
1771207200000,5028.605,5030.885,5020.165,5021.995,0.2706
1771208100000,5022.065,5025.875,5018.665,5019.225,0.2198
1771209000000,5019.265,5021.595,5001.725,5001.835,0.4166
1771209900000,5001.805,5002.738,4991.815,4994.405,0.5532
1771210800000,4994.405,4999.665,4988.258,4997.315,0.3677
1771211700000,4997.355,4998.405,4993.265,4994.575,0.2728
1771212600000,4994.539,4996.525,4988.825,4990.625,0.2571
1771213500000,4990.645,4993.375,4967.305,4987.195,0.3704
1771214400000,4987.195,4991.915,4971.238,4976.728,0.3409
1771215300000,4976.728,4979.918,4972.825,4976.105,0.3105
1771216200000,4976.075,4978.115,4973.225,4975.815,0.2811
1771217100000,4975.795,4979.855,4973.835,4977.525,0.2952
1771218000000,4977.515,4985.625,4964.868,4983.195,0.3479
1771218900000,4983.225,4988.375,4982.965,4986.045,0.2291
1771219800000,4986.115,4989.965,4982.715,4985.755,0.2365
1771220700000,4985.725,4990.485,4984.625,4990.375,0.2519
1771221600000,4990.155,4992.615,4987.355,4990.085,0.1341
1771222500000,4990.198,4994.545,4984.325,4992.775,0.1716
1771223400000,4992.725,5002.775,4990.225,5002.045,0.1909
1771224300000,5001.925,5002.465,4993.965,4994.445,0.1658
1771225200000,4994.505,4997.615,4988.745,4996.095,0.1781
1771226100000,4996.065,4999.125,4993.925,4997.835,0.1321
1771227000000,4997.245,5005.695,4996.575,5001.125,0.2187
1771227900000,5001.095,5009.738,5000.705,5006.985,0.2712
1771228800000,5006.985,5013.015,4996.118,4997.895,0.2975
1771229700000,4997.875,5006.275,4995.295,5005.945,0.2527
1771230600000,5005.985,5008.375,5004.685,5006.125,0.1824
1771231500000,5006.165,5009.945,5003.215,5007.825,0.1702
1771232400000,5007.715,5015.095,5007.695,5011.085,0.1829
1771233300000,5011.175,5016.055,5010.905,5013.215,0.1572
1771234200000,5013.185,5014.515,5009.845,5010.215,0.1215
1771235100000,5010.185,5017.055,5008.185,5013.195,0.1789
1771236000000,5012.955,5016.975,5006.295,5007.255,0.1513
1771236900000,5007.225,5011.875,5004.445,5004.795,0.1731
1771237800000,5004.585,5009.438,4999.945,5007.895,0.2373
1771238700000,5007.865,5010.515,5005.365,5005.735,0.1108
1771239600000,5005.765,5006.755,4998.625,5000.735,0.1648
1771240500000,5000.755,5005.215,4999.438,5004.315,0.1328
1771241400000,5004.845,5006.595,5002.575,5006.475,0.0858
1771242300000,5006.365,5007.845,5001.885,5004.075,0.1215
1771243200000,5004.115,5004.715,4997.335,4997.415,0.1425
1771244100000,4997.395,4999.085,4992.558,4995.905,0.1837
1771245000000,4995.928,5007.865,4994.725,5004.755,0.2339
1771245900000,5004.715,5005.715,4998.985,5001.625,0.1333
1771246800000,5001.585,5003.405,4997.555,4997.825,0.1406
1771247700000,4997.895,5001.725,4992.798,4993.898,0.3066
1771248600000,4993.919,4998.355,4992.295,4994.945,0.2697
1771249500000,4995.035,4998.238,4989.218,4996.995,0.2665
1771250400000,4996.975,4998.105,4993.945,4994.955,0.1828
1771251300000,4994.925,4999.395,4989.535,4992.065,0.2483
1771252200000,4992.025,4994.275,4983.228,4988.575,0.2856
1771253100000,4988.555,4989.025,4981.425,4988.105,0.2575
1771254000000,4987.779,4988.025,4968.665,4976.245,0.4426
1771254900000,4976.265,4981.225,4975.335,4980.135,0.1891
1771255800000,4980.045,4980.525,4974.715,4980.435,0.2078
1771256700000,4980.455,4982.849,4976.645,4979.405,0.1794
1771257600000,4979.365,4979.905,4972.875,4979.185,0.2257
1771258500000,4979.165,4987.255,4975.115,4985.955,0.2452
1771259400000,4985.995,4990.135,4985.655,4988.675,0.2065
1771260300000,4988.655,4988.715,4984.785,4987.875,0.1109
1771261200000,4987.875,4994.025,4987.855,4991.045,0.1126
1771262100000,4990.995,4995.048,4990.455,4994.495,0.1072
1771263000000,4994.465,4995.795,4991.245,4992.695,0.1096
1771263900000,4992.805,4992.855,4989.798,4991.375,0.1074
1771264800000,4991.695,4993.945,4988.305,4993.295,0.1639
1771265700000,4993.065,4997.225,4992.298,4994.038,0.1231
1771266600000,4994.038,4995.115,4990.945,4995.115,0.1573
1771267500000,4995.085,4997.535,4994.125,4994.255,0.1303
1771268400000,4994.235,4995.785,4990.408,4990.795,0.1644
1771269300000,4990.785,4996.025,4990.148,4990.375,0.1835
1771282800000,4994.098,4998.648,4985.448,4990.218,0.2433
1771283700000,4989.925,5000.645,4984.445,4993.748,0.2576
1771284600000,4993.775,4995.395,4986.165,4989.525,0.1496
1771285500000,4989.485,4994.035,4988.475,4989.435,0.0941
1771286400000,4989.465,4991.005,4975.148,4978.985,0.2627
1771287300000,4978.985,4981.285,4970.598,4972.965,0.2071
1771288200000,4972.995,4978.645,4968.305,4970.105,0.2765
1771289100000,4970.025,4970.025,4931.785,4935.275,0.6964
1771290000000,4935.405,4950.928,4922.558,4949.815,0.7883
1771290900000,4949.918,4957.725,4944.235,4956.515,0.5254
1771291800000,4956.545,4963.565,4954.398,4962.945,0.2827
1771292700000,4962.968,4963.405,4955.235,4957.535,0.2634
1771293600000,4957.178,4965.355,4954.225,4964.635,0.2898
1771294500000,4964.655,4970.845,4963.015,4965.065,0.2103
1771295400000,4965.055,4966.515,4959.115,4960.695,0.213
1771296300000,4960.735,4966.825,4959.925,4966.638,0.2332
1771297200000,4966.578,4969.778,4958.765,4961.215,0.2825
1771298100000,4961.155,4961.495,4953.475,4955.085,0.2353
1771299000000,4955.125,4960.025,4949.645,4953.275,0.2431
1771299900000,4953.325,4960.045,4952.965,4956.505,0.15
1771300800000,4956.425,4956.425,4946.245,4951.745,0.2745
1771301700000,4951.745,4960.055,4950.205,4959.395,0.2208
1771302600000,4959.395,4959.945,4950.135,4951.945,0.1921
1771303500000,4951.925,4953.645,4949.155,4952.545,0.1037
1771304400000,4952.515,4953.975,4926.865,4927.678,0.3066
1771305300000,4927.505,4927.895,4888.065,4900.305,1.0761
1771306200000,4900.375,4901.895,4856.648,4879.025,1.191
1771307100000,4879.025,4897.515,4873.245,4888.485,0.5358
1771308000000,4888.315,4894.198,4887.435,4891.335,0.4199
1771308900000,4891.355,4901.325,4886.205,4894.445,0.3275
1771309800000,4894.415,4913.848,4890.985,4908.545,0.2869
1771310700000,4908.565,4913.675,4899.065,4910.105,0.2024
1771311600000,4910.115,4913.535,4903.595,4906.535,0.3509
1771312500000,4906.525,4916.445,4905.335,4907.805,0.2131
1771313400000,4907.785,4920.865,4903.885,4917.155,0.2615
1771314300000,4916.898,4921.905,4914.445,4916.765,0.2119
1771315200000,4916.885,4930.195,4916.195,4927.335,0.3876
1771316100000,4927.315,4928.815,4918.945,4919.755,0.2292
1771317000000,4919.735,4925.365,4916.165,4917.665,0.2358
1771317900000,4917.625,4925.105,4917.625,4920.385,0.2102
1771318800000,4920.185,4928.958,4919.755,4921.475,0.2703
1771319700000,4921.455,4923.655,4917.758,4918.575,0.2118
1771320600000,4918.555,4924.115,4916.165,4920.695,0.2211
1771321500000,4920.725,4932.175,4912.735,4925.655,0.2798
1771322400000,4925.635,4938.965,4923.385,4936.035,0.2412
1771323300000,4936.095,4937.505,4927.785,4927.825,0.1573
1771324200000,4927.755,4927.985,4919.225,4921.515,0.2328
1771325100000,4921.215,4922.565,4907.355,4912.925,0.3119
1771326000000,4912.955,4926.635,4912.835,4925.985,0.236
1771326900000,4926.035,4930.735,4924.375,4927.545,0.1921
1771327800000,4927.575,4929.765,4921.835,4927.575,0.1667
1771328700000,4927.615,4930.648,4921.195,4929.015,0.1888
1771329600000,4928.679,4938.495,4927.925,4933.435,0.312
1771330500000,4933.475,4944.255,4933.475,4942.665,0.2469
1771331400000,4942.625,4943.885,4933.255,4937.035,0.2283
1771332300000,4937.365,4937.425,4928.645,4931.685,0.2209
1771333200000,4931.795,4933.055,4918.075,4921.658,0.34
1771334100000,4921.285,4922.695,4910.585,4918.775,0.4359
1771335000000,4919.285,4922.305,4907.578,4921.445,0.4654
1771335900000,4921.485,4924.095,4869.705,4870.485,0.6826
1771336800000,4870.525,4899.325,4840.095,4895.848,1.1825
1771337700000,4895.748,4904.035,4889.428,4897.805,0.6296
1771338600000,4897.825,4906.675,4866.945,4869.905,1.2763
1771339500000,4869.905,4880.125,4855.715,4863.305,1.235
1771340400000,4862.825,4872.625,4848.485,4856.735,1.4679
1771341300000,4856.735,4877.205,4853.195,4861.145,1.7018
1771342200000,4861.105,4872.875,4852.325,4868.045,0.9619
1771343100000,4868.135,4882.098,4861.008,4878.135,0.9397
1771344000000,4878.165,4893.085,4876.199,4883.225,0.882
1771344900000,4883.275,4891.075,4880.335,4883.365,0.8159
1771345800000,4883.285,4887.395,4873.565,4877.025,0.6687
1771346700000,4877.055,4882.955,4868.118,4868.755,0.6617
1771347600000,4868.775,4870.985,4849.645,4854.955,0.7565
1771348500000,4854.935,4864.895,4854.645,4864.585,0.5518
1771349400000,4864.115,4868.155,4859.018,4859.555,0.4839
1771350300000,4859.545,4867.545,4853.385,4864.615,0.6597
1771351200000,4864.675,4871.565,4862.085,4866.725,0.5263
1771352100000,4866.775,4890.355,4866.655,4886.705,0.7414
1771353000000,4886.645,4895.245,4879.525,4889.058,0.4675
1771353900000,4889.058,4910.165,4884.815,4898.505,0.6107
1771354800000,4898.525,4900.808,4892.515,4893.315,0.6063
1771355700000,4893.285,4897.595,4881.435,4883.235,0.5443
1771356600000,4883.208,4888.015,4876.135,4884.195,0.5025
1771357500000,4884.225,4885.315,4879.628,4879.975,0.4192
1771358400000,4879.925,4882.145,4873.595,4879.355,1.0095
1771359300000,4879.365,4880.015,4872.985,4877.475,0.7839
1771360200000,4877.495,4883.005,4873.485,4878.295,0.8647
1771361100000,4878.295,4883.885,4876.118,4877.558,0.9793
1771362000000,4877.575,4884.155,4874.545,4880.685,0.2459
1771362900000,4880.685,4886.485,4877.405,4880.075,0.1902
1771363800000,4880.065,4881.715,4878.305,4879.175,0.1034
1771364700000,4879.169,4879.595,4876.455,4878.465,0.153
1771369200000,4874.828,4883.325,4861.245,4882.235,0.1367
1771370100000,4882.245,4884.155,4867.445,4877.375,0.2541
1771371000000,4877.405,4883.365,4865.775,4875.925,0.2065
1771371900000,4875.835,4876.525,4853.775,4858.815,0.3184
1771372800000,4858.855,4869.495,4857.995,4863.515,0.3287
1771373700000,4863.485,4871.965,4857.848,4869.745,0.2721
1771374600000,4869.775,4881.545,4867.415,4877.745,0.2576
1771375500000,4877.725,4882.925,4871.868,4874.495,0.2731
1771376400000,4874.435,4891.078,4874.185,4886.395,0.4411
1771377300000,4886.375,4891.325,4880.855,4886.805,0.4365
1771378200000,4886.775,4892.448,4883.565,4885.525,0.2284
1771379100000,4885.485,4892.355,4882.745,4889.615,0.1861
1771380000000,4889.555,4901.135,4886.115,4898.175,0.255
1771380900000,4898.155,4904.055,4894.985,4900.745,0.2195
1771381800000,4900.715,4906.098,4900.285,4904.548,0.1967
1771382700000,4904.548,4906.985,4902.575,4904.945,0.108
1771383600000,4904.975,4915.945,4903.825,4912.365,0.2833
1771384500000,4912.415,4919.775,4912.385,4918.995,0.1973
1771385400000,4918.975,4920.425,4916.245,4918.465,0.1424
1771386300000,4918.395,4921.975,4917.515,4920.425,0.1839
1771387200000,4920.445,4930.825,4918.015,4928.198,0.2156
1771388100000,4928.515,4933.175,4924.245,4932.725,0.1468
1771389000000,4932.775,4936.585,4931.125,4932.798,0.24
1771389900000,4932.798,4939.845,4931.898,4933.585,0.2872
1771390800000,4933.655,4938.198,4929.555,4932.865,0.2319
1771391700000,4932.775,4939.035,4931.385,4935.055,0.1167
1771392600000,4935.085,4939.525,4934.175,4934.478,0.1178
1771393500000,4934.478,4938.415,4932.895,4933.165,0.117
1771394400000,4933.205,4933.875,4925.745,4926.575,0.2009
1771395300000,4926.595,4932.423,4924.925,4930.265,0.1397
1771396200000,4930.285,4932.445,4926.435,4930.785,0.1619
1771397100000,4930.805,4935.745,4930.335,4930.525,0.1178
1771398000000,4930.495,4942.095,4929.815,4938.165,0.1821
1771398900000,4938.155,4941.35,4932.175,4938.895,0.1636
1771399800000,4938.875,4940.325,4933.505,4933.825,0.1266
1771400700000,4933.855,4935.295,4928.865,4929.995,0.1147
1771401600000,4929.945,4932.098,4926.498,4929.065,0.2674
1771402500000,4929.095,4929.225,4922.405,4925.685,0.1618
1771403400000,4925.985,4926.775,4919.205,4920.905,0.1791
1771404300000,4920.945,4922.415,4916.345,4916.825,0.2002
1771405200000,4917.393,4920.265,4912.775,4916.465,0.2371
1771406100000,4916.545,4922.805,4912.735,4921.045,0.1936
1771407000000,4921.045,4922.875,4915.995,4920.325,0.1384
1771407900000,4920.375,4922.145,4915.975,4917.105,0.1308
1771408800000,4917.135,4924.175,4916.595,4919.885,0.2371
1771409700000,4919.915,4924.335,4917.695,4921.228,0.3149
1771410600000,4921.165,4921.165,4909.225,4911.885,0.3055
1771411500000,4911.805,4916.485,4909.935,4914.175,0.1213
1771412400000,4914.155,4915.955,4912.135,4915.505,0.1153
1771413300000,4915.505,4917.435,4914.275,4915.145,0.151
1771414200000,4915.095,4916.345,4910.825,4911.075,0.1216
1771415100000,4911.095,4915.705,4906.055,4912.735,0.182
1771416000000,4912.775,4925.905,4911.765,4921.415,0.291
1771416900000,4921.445,4929.168,4920.825,4920.825,0.3255
1771417800000,4920.775,4930.965,4917.495,4928.945,0.2081
1771418700000,4928.985,4946.935,4928.095,4942.735,0.2432
1771419600000,4942.915,4958.818,4942.765,4957.415,0.4942
1771420500000,4957.445,4959.388,4952.085,4955.825,0.3094
1771421400000,4955.815,4968.585,4952.055,4955.855,0.4478
1771422300000,4955.875,4956.455,4948.845,4954.265,0.2812
1771423200000,4954.285,4961.155,4951.985,4957.865,0.3008
1771424100000,4957.945,4963.435,4955.265,4960.575,0.2671
1771425000000,4960.715,4986.035,4955.278,4981.505,0.8873
1771425900000,4981.535,4994.098,4980.105,4991.595,0.7626
1771426800000,4991.535,5007.825,4991.215,5003.748,0.7559
1771427700000,5003.915,5008.698,5000.145,5004.665,0.528
1771428600000,5004.445,5005.015,4996.955,5000.165,0.5578
1771429500000,5000.205,5000.295,4994.745,4997.625,0.4537
1771430400000,4997.765,5002.995,4996.565,4999.355,0.4703
1771431300000,4999.335,5000.005,4991.145,4996.685,0.3927
1771432200000,4996.655,5006.375,4994.185,5005.355,0.5049
1771433100000,5005.325,5010.815,4999.355,5000.215,0.4743
1771434000000,5000.185,5001.395,4995.945,4998.835,0.3794
1771434900000,4998.815,5000.495,4997.175,4999.145,0.3283
1771435800000,4999.025,4999.785,4993.135,4997.475,0.3889
1771436700000,4997.518,5000.505,4996.965,4998.875,0.3222
1771437600000,4998.855,5002.828,4997.475,4997.675,0.4563
1771438500000,4997.765,4999.025,4986.375,4987.835,0.4813
1771439400000,4987.885,4992.775,4980.295,4983.165,0.5063
1771440300000,4983.185,4987.365,4982.245,4986.508,0.4086
1771441200000,4986.448,4994.208,4983.225,4991.795,0.463
1771442100000,4991.795,4995.215,4972.685,4978.405,0.4442
1771443000000,4978.435,4984.105,4972.655,4982.315,0.5734
1771443900000,4982.315,4984.335,4978.295,4980.315,0.4166
1771444800000,4980.335,4984.455,4975.225,4978.325,0.4743
1771445700000,4978.325,4980.775,4976.445,4977.415,0.5177
1771446600000,4977.075,4987.335,4976.505,4985.165,0.3728
1771447500000,4985.145,4985.835,4979.195,4984.595,0.5942
1771448400000,4984.505,4986.125,4980.265,4980.548,0.0862
1771449300000,4980.405,4983.985,4980.185,4981.285,0.0605
1771450200000,4981.315,4982.205,4978.445,4979.855,0.0665
1771451100000,4979.685,4980.335,4975.235,4975.715,0.1091
1771455600000,4971.648,4980.555,4965.255,4976.175,0.2813
1771456500000,4976.395,4983.545,4971.525,4981.465,0.2373
1771457400000,4981.495,4988.495,4979.745,4981.405,0.2401
1771458300000,4981.365,4982.645,4967.998,4975.635,0.182
1771459200000,4975.615,4975.975,4960.875,4967.675,0.3038
1771460100000,4967.655,4971.765,4963.585,4967.015,0.1553
1771461000000,4967.475,4972.845,4964.565,4964.905,0.1711
1771461900000,4964.605,4965.525,4960.048,4960.995,0.1859
1771462800000,4960.985,4968.358,4960.198,4965.535,0.3029
1771463700000,4965.535,4966.945,4961.235,4963.825,0.1436
1771464600000,4963.855,4970.375,4961.535,4969.995,0.1521
1771465500000,4970.105,4975.225,4969.005,4972.755,0.1499
1771466400000,4972.725,4977.095,4970.775,4973.815,0.1444
1771467300000,4973.905,4974.435,4965.455,4972.505,0.2007
1771468200000,4972.455,4972.985,4968.195,4971.075,0.1195
1771469100000,4971.055,4972.915,4967.235,4967.925,0.0839
1771470000000,4967.885,4970.695,4966.075,4969.195,0.1053
1771470900000,4969.135,4971.535,4966.595,4969.285,0.0844
1771471800000,4969.315,4978.665,4969.315,4976.885,0.1728
1771472700000,4976.905,4982.925,4976.655,4981.278,0.1293
1771473600000,4981.115,4984.635,4978.255,4981.245,0.1101
1771474500000,4981.195,4983.095,4977.495,4979.525,0.0841
1771475400000,4979.475,4985.205,4979.075,4980.245,0.0928
1771476300000,4980.295,4985.115,4976.655,4984.025,0.1337
1771477200000,4983.925,4993.055,4983.925,4990.085,0.1145
1771478100000,4990.135,4990.135,4987.335,4988.835,0.0843
1771479000000,4988.875,4996.085,4988.625,4995.745,0.1454
1771479900000,4995.705,4998.405,4995.165,4996.665,0.1267
1771480800000,4996.645,4999.755,4996.335,4998.875,0.134
1771481700000,4998.845,5002.095,4996.728,5001.015,0.1079
1771482600000,5000.795,5010.315,5000.685,5008.885,0.1658
1771483500000,5009.905,5019.685,5009.905,5017.955,0.2291
1771484400000,5017.995,5021.555,5016.585,5017.745,0.212
1771485300000,5017.735,5019.865,5014.575,5017.655,0.1433
1771486200000,5017.705,5020.055,5014.545,5015.175,0.106
1771487100000,5015.155,5016.915,5008.585,5010.025,0.1681
1771488000000,5010.005,5011.965,5006.045,5011.525,0.2862
1771488900000,5011.485,5014.735,5008.955,5014.605,0.1822
1771489800000,5014.575,5019.825,5010.198,5019.635,0.1603
1771490700000,5019.585,5022.015,5013.235,5016.885,0.2415
1771491600000,5016.925,5020.045,5015.565,5019.095,0.1657
1771492500000,5019.575,5020.265,4999.445,5000.325,0.3053
1771493400000,5000.295,5005.405,4992.778,5003.185,0.2909
1771494300000,5003.165,5005.135,4995.245,4995.485,0.2257
1771495200000,4995.445,4995.995,4983.125,4988.995,0.3581
1771496100000,4988.975,4991.385,4985.035,4986.585,0.2313
1771497000000,4986.635,4995.088,4981.138,4988.385,0.3403
1771497900000,4988.355,4993.105,4987.565,4993.015,0.1503
1771498800000,4992.975,4996.215,4988.958,4992.365,0.2188
1771499700000,4992.385,4994.175,4977.905,4984.475,0.3121
1771500600000,4984.655,4986.915,4981.555,4982.305,0.306
1771501500000,4982.235,4985.885,4977.695,4984.115,0.5499
1771502400000,4984.125,4990.025,4980.135,4988.085,0.3395
1771503300000,4988.115,4991.855,4984.338,4991.835,0.2307
1771504200000,4991.865,4992.575,4983.155,4986.055,0.2978
1771505100000,4986.015,4987.195,4980.665,4984.498,0.1722
1771506000000,4984.635,4985.825,4974.395,4983.565,0.39
1771506900000,4983.545,4987.395,4979.345,4982.488,0.3545
1771507800000,4982.895,4996.985,4971.978,4993.445,0.5282
1771508700000,4993.445,4998.205,4991.055,4996.815,0.3409
1771509600000,4996.795,4996.835,4971.775,4972.425,0.4916
1771510500000,4972.405,4982.165,4971.578,4977.905,0.3797
1771511400000,4978.025,4994.995,4962.638,4992.315,0.9947
1771512300000,4992.265,5010.175,4987.275,5005.138,0.9044
1771513200000,5005.138,5009.448,4998.738,4999.265,0.9117
1771514100000,4999.735,5016.115,4995.988,5015.735,1.0004
1771515000000,5016.005,5021.948,5012.158,5015.085,0.7991
1771515900000,5015.405,5015.815,5006.205,5013.445,0.6918
1771516800000,5013.398,5014.025,5000.735,5005.125,0.5936
1771517700000,5005.055,5006.085,4991.285,4998.115,0.5895
1771518600000,4997.675,5008.705,4997.675,5006.085,0.5146
1771519500000,5006.065,5006.875,4989.965,4994.745,0.4388
1771520400000,4994.885,4999.255,4991.865,4996.265,0.358
1771521300000,4996.175,5001.495,4992.235,4993.755,0.3286
1771522200000,4993.805,4996.075,4986.025,4993.005,0.3869
1771523100000,4992.915,4994.075,4982.565,4984.605,0.3895
1771524000000,4984.635,4988.555,4979.275,4987.915,0.3821
1771524900000,4987.865,4989.155,4975.805,4977.775,0.4156
1771525800000,4977.885,4982.885,4975.065,4975.545,0.2958
1771526700000,4975.575,4984.365,4975.575,4981.485,0.3611
1771527600000,4981.465,4989.425,4980.365,4986.735,0.324
1771528500000,4986.705,4990.035,4985.755,4989.095,0.2349
1771529400000,4989.065,4989.595,4978.015,4984.585,0.3062
1771530300000,4984.625,4988.515,4981.925,4987.675,0.2782
1771531200000,4987.715,4991.835,4987.715,4990.775,0.2873
1771532100000,4990.805,4996.855,4988.935,4995.415,0.3572
1771533000000,4995.445,5000.345,4994.725,4999.045,0.3877
1771533900000,4999.075,5003.175,4998.765,5001.505,0.5947
1771534800000,5001.475,5003.885,4997.595,4999.645,0.112
1771535700000,4999.595,5000.965,4991.715,4993.695,0.0994
1771536600000,4993.665,4998.875,4993.358,4998.725,0.0709
1771537500000,4998.298,4999.665,4992.915,4993.685,0.1938
1771542000000,4992.808,5007.498,4991.865,4998.285,0.2425
1771542900000,4998.305,5003.145,4992.685,4996.925,0.2303
1771543800000,4996.955,5001.065,4994.605,4996.035,0.1074
1771544700000,4995.985,5000.505,4985.135,4987.445,0.1653
1771545600000,4987.508,4996.285,4985.045,4993.155,0.1906
1771546500000,4993.165,4995.875,4987.695,4990.345,0.1137
1771547400000,4990.535,4995.835,4986.455,4993.825,0.1225
1771548300000,4993.865,5006.565,4993.465,5006.085,0.1347
1771549200000,5006.065,5014.515,5005.445,5013.025,0.3042
1771550100000,5013.045,5013.215,4995.445,4999.165,0.2873
1771551000000,4999.135,5003.415,4994.965,4997.275,0.2004
1771551900000,4997.225,5000.205,4995.155,4996.615,0.1335
1771552800000,4996.645,5007.145,4992.415,4996.585,0.2243
1771553700000,4996.665,4998.835,4992.455,4997.195,0.1526
1771554600000,4997.215,5003.245,4997.215,4999.405,0.1325
1771555500000,4999.455,4999.565,4992.825,4995.825,0.1428
1771556400000,4995.845,4997.215,4989.465,4994.045,0.1328
1771557300000,4994.085,4998.095,4991.795,4991.925,0.0737
1771558200000,4991.905,4998.885,4981.315,4987.075,0.1901
1771559100000,4987.415,4995.555,4985.915,4987.685,0.2287
1771560000000,4988.045,4992.915,4986.365,4992.175,0.085
1771560900000,4992.205,4994.405,4990.175,4994.155,0.063
1771561800000,4994.195,5003.015,4993.315,4998.485,0.1154
1771562700000,4998.435,5000.015,4995.925,4999.445,0.1222
1771563600000,4999.605,5005.755,4999.345,5000.995,0.1484
1771564500000,5000.895,5002.225,4998.275,5001.235,0.1931
1771565400000,5001.195,5004.485,4997.598,4998.998,0.1328
1771566300000,4998.978,5011.555,4997.885,5011.535,0.1969
1771567200000,5011.578,5019.755,5011.498,5016.015,0.2915
1771568100000,5016.015,5029.065,5015.935,5021.855,0.2411
1771569000000,5021.825,5027.845,5020.345,5026.595,0.1939
1771569900000,5026.575,5029.675,5020.098,5020.305,0.1774
1771570800000,5020.365,5027.975,5015.365,5022.425,0.2646
1771571700000,5022.415,5023.305,5009.118,5015.125,0.2429
1771572600000,5015.155,5017.805,5012.375,5016.005,0.1879
1771573500000,5016.045,5016.055,5005.835,5006.005,0.2074
1771574400000,5006.035,5016.225,5004.665,5012.215,0.3181
1771575300000,5012.235,5019.605,5011.045,5018.235,0.216
1771576200000,5018.265,5027.215,5017.555,5022.335,0.3274
1771577100000,5022.365,5030.845,5022.355,5028.645,0.2736
1771578000000,5029.245,5040.395,5027.925,5038.965,0.4296
1771578900000,5038.935,5042.325,5033.085,5033.815,0.4722
1771579800000,5033.785,5035.415,5030,5031.945,0.248
1771580700000,5031.975,5034.398,5027.195,5027.345,0.1857
1771581600000,5027.485,5028.255,5019.258,5025.615,0.2629
1771582500000,5025.815,5030.665,5022.988,5026.245,0.2274
1771583400000,5026.185,5038.095,5026.185,5033.635,0.2736
1771584300000,5033.685,5036.72,5025.465,5034.415,0.2437
1771585200000,5034.375,5034.505,5030.655,5031.005,0.1363
1771586100000,5031.055,5031.985,5025.595,5028.575,0.1655
1771587000000,5028.635,5033.155,5022.215,5026.805,0.2255
1771587900000,5026.755,5028.405,5015.085,5016.955,0.3475
1771588800000,5017.395,5023.555,5013.435,5022.035,0.305
1771589700000,5022.085,5023.235,5011.435,5011.585,0.2308
1771590600000,5011.645,5025.325,5006.775,5024.915,0.3704
1771591500000,5024.865,5026.425,5021.305,5024.935,0.1814
1771592400000,5024.955,5028.395,5023.315,5025.155,0.2535
1771593300000,5025.115,5031.665,5024.875,5028.388,0.3047
1771594200000,5028.388,5031.795,5017.795,5030.775,0.5468
1771595100000,5030.735,5048.555,5030.585,5043.285,0.5742
1771596000000,5043.265,5047.135,5036.885,5042.578,0.4456
1771596900000,5042.645,5044.545,5038.385,5041.205,0.3322
1771597800000,5041.025,5054.425,5037.325,5052.485,0.9637
1771598700000,5053.325,5060.255,5048.285,5054.045,0.6765
1771599600000,5053.915,5063.775,4989.025,5021.948,1.6023
1771600500000,5021.948,5044.558,5010.918,5025.225,1.9731
1771601400000,5025.135,5046.065,5016.505,5044.765,1.3419
1771602300000,5044.915,5052.198,5036.145,5042.318,0.9772
1771603200000,5042.318,5055.575,5038.365,5054.215,0.7638
1771604100000,5054.305,5056.395,5045.065,5053.585,0.8871
1771605000000,5053.625,5068.825,5052.535,5062.635,0.7508
1771605900000,5062.675,5067.535,5059.955,5066.435,0.5041
1771606800000,5065.968,5073.255,5064.085,5066.445,0.6097
1771607700000,5066.425,5067.995,5054.155,5063.895,0.6458
1771608600000,5063.925,5069.725,5061.345,5068.075,0.5292
1771609500000,5068.005,5076.038,5067.095,5072.695,0.5594
1771610400000,5072.625,5073.345,5066.135,5069.405,0.5271
1771611300000,5069.385,5070.555,5053.715,5058.045,0.6852
1771612200000,5057.995,5074.755,5057.098,5066.378,1.0004
1771613100000,5066.345,5073.648,5066.275,5071.098,0.6379
1771614000000,5071.105,5075.125,5068.498,5071.248,0.39
1771614900000,5071.248,5075.185,5068.525,5069.315,0.3143
1771615800000,5069.415,5073.795,5069.395,5073.385,0.2978
1771616700000,5073.355,5079.675,5071.958,5079.098,0.3851
1771617600000,5079.165,5081.235,5076.555,5079.335,0.4349
1771618500000,5079.298,5086.255,5078.335,5084.465,0.4402
1771619400000,5084.465,5087.135,5082.365,5084.585,0.4509
1771620300000,5084.685,5098.035,5083.305,5096.635,0.8541
1771621200000,5096.825,5098.795,5091.665,5093.045,0.2185
1771622100000,5093.065,5098.555,5091.465,5097.725,0.1699
1771623000000,5097.725,5100.065,5097.345,5099.148,0.1398
1771623900000,5098.878,5107.698,5098.198,5106.169,0.5547
1771801200000,5106.098,5146.285,5096.958,5145.985,0.8509
1771802100000,5145.955,5151.875,5140.235,5146.075,0.4769
1771803000000,5146.025,5158.885,5144.145,5158.365,0.4154
1771803900000,5158.345,5171.565,5153.455,5165.025,0.3431
1771804800000,5164.255,5166.295,5132.378,5137.775,0.7367
1771805700000,5137.825,5153.138,5129.035,5152.875,0.5222
1771806600000,5152.975,5160.565,5138.945,5140.515,0.4303
1771807500000,5140.535,5146.145,5134.625,5144.235,0.3367
1771808400000,5144.255,5157.795,5139.745,5147.169,0.6815
1771809300000,5147.209,5159.235,5146.035,5158.945,0.4417
1771810200000,5158.815,5166.185,5155.195,5165.805,0.4232
1771811100000,5165.825,5167.465,5155.968,5157.015,0.4781
1771812000000,5156.885,5166.715,5156.275,5160.145,0.4113
1771812900000,5160.165,5166.985,5157.205,5160.895,0.3787
1771813800000,5160.829,5176.255,5160.695,5174.145,0.4073
1771814700000,5174.095,5176.385,5163.515,5173.365,0.4054
1771815600000,5173.365,5175.685,5151.655,5157.885,0.5223
1771816500000,5157.865,5164.355,5153.268,5163.965,0.4109
1771817400000,5163.915,5170.435,5163.915,5168.395,0.3569
1771818300000,5168.345,5170.915,5166.218,5166.415,0.3054
1771819200000,5166.345,5168.585,5155.105,5162.005,0.3953
1771820100000,5161.945,5164.325,5158.718,5159.925,0.2336
1771821000000,5159.895,5163.535,5155.665,5159.095,0.2922
1771821900000,5159.135,5161.595,5157.545,5160.425,0.2554
1771822800000,5160.405,5161.438,5151.938,5158.105,0.393
1771823700000,5158.165,5159.135,5152.695,5157.685,0.2493
1771824600000,5157.725,5157.925,5153.148,5156.705,0.2302
1771825500000,5156.725,5159.615,5155.805,5157.965,0.202
1771826400000,5157.945,5160.935,5156.978,5159.095,0.2126
1771827300000,5159.518,5161.265,5151.818,5152.285,0.1829
1771828200000,5152.325,5156.645,5146.895,5148.025,0.2783
1771829100000,5148.075,5152.895,5144.715,5145.385,0.239
1771830000000,5145.585,5154.175,5137.755,5146.565,0.388
1771830900000,5146.565,5149.035,5125.378,5136.085,0.4223
1771831800000,5136.225,5137.015,5124.965,5136.595,0.3637
1771832700000,5136.635,5139.085,5134.545,5136.535,0.3136
1771833600000,5136.245,5139.325,5130.805,5137.975,0.335
1771834500000,5138.005,5139.265,5122.218,5124.885,0.3289
1771835400000,5124.875,5132.165,5121.818,5127.895,0.3016
1771836300000,5127.865,5141.905,5127.445,5139.975,0.2748
1771837200000,5139.925,5146.745,5139.275,5145.665,0.3152
1771838100000,5145.725,5149.255,5144.705,5148.905,0.2063
1771839000000,5148.875,5149.835,5142.855,5146.355,0.1909
1771839900000,5146.455,5149.595,5143.935,5149.375,0.1444
1771840800000,5149.395,5152.865,5146.155,5149.248,0.236
1771841700000,5149.248,5156.375,5148.985,5155.795,0.3014
1771842600000,5155.775,5157.465,5144.748,5152.035,0.3125
1771843500000,5152.065,5163.295,5151.715,5162.705,0.2513
1771844400000,5162.725,5163.215,5152.765,5153.125,0.2302
1771845300000,5153.145,5154.165,5146.325,5150.445,0.2477
1771846200000,5150.415,5153.445,5147.595,5150.785,0.1952
1771847100000,5150.825,5154.415,5149.305,5149.475,0.1753
1771848000000,5149.275,5154.385,5146.735,5149.415,0.2914
1771848900000,5149.445,5152.165,5145.225,5149.935,0.227
1771849800000,5149.985,5164.385,5149.485,5164.235,0.2947
1771850700000,5164.195,5165.235,5159.465,5163.875,0.2359
1771851600000,5163.835,5165.188,5152.755,5154.705,0.3759
1771852500000,5154.725,5156.415,5143.405,5149.445,0.4234
1771853400000,5149.465,5153.845,5147.045,5152.565,0.3267
1771854300000,5152.395,5153.045,5145.305,5146.055,0.3185
1771855200000,5145.995,5156.905,5141.225,5156.695,0.3584
1771856100000,5156.805,5165.225,5155.855,5165.095,0.3968
1771857000000,5165.015,5190.565,5164.638,5190.358,0.9849
1771857900000,5190.525,5200.198,5187.185,5192.245,1.0217
1771858800000,5192.245,5198.955,5180.355,5198.865,0.8251
1771859700000,5198.885,5203.408,5190.998,5197.415,1.0896
1771860600000,5197.365,5202.715,5185.955,5201.025,0.7369
1771861500000,5201.045,5204.875,5190.145,5195.928,0.8181
1771862400000,5195.588,5204.165,5175.545,5202.215,0.9625
1771863300000,5202.265,5218.865,5201.215,5214.328,0.8059
1771864200000,5214.485,5215.395,5206.225,5209.435,0.8969
1771865100000,5209.818,5217.635,5206.335,5209.705,0.6142
1771866000000,5209.755,5213.225,5199.335,5203.525,0.5815
1771866900000,5203.505,5212.375,5202.385,5210.095,0.5536
1771867800000,5209.875,5210.915,5190.675,5199.395,0.5864
1771868700000,5199.345,5207.925,5196.305,5207.665,0.4456
1771869600000,5207.748,5215.655,5206.895,5212.275,0.3733
1771870500000,5212.365,5213.075,5200.998,5205.875,0.5187
1771871400000,5205.975,5213.265,5205.238,5206.498,0.3906
1771872300000,5206.498,5211.915,5205.685,5209.285,0.3178
1771873200000,5209.315,5211.895,5206.325,5211.135,0.28
1771874100000,5211.115,5214.765,5206.645,5208.945,0.3433
1771875000000,5208.898,5217.175,5207.845,5216.698,0.4447
1771875900000,5216.698,5217.935,5214.005,5215.298,0.4604
1771876800000,5215.265,5224.098,5214.515,5222.895,0.7635
1771877700000,5222.799,5225.805,5221.665,5224.935,0.4525
1771878600000,5224.905,5229.725,5224.295,5227.525,0.5262
1771879500000,5227.405,5237.725,5224.425,5236.205,0.829
1771880400000,5236.145,5237.055,5229.498,5230.698,0.243
1771881300000,5230.698,5231.895,5228.638,5229.645,0.1355
1771882200000,5229.488,5232.765,5226.265,5228.505,0.1444
1771883100000,5228.475,5231.425,5226.335,5226.635,0.1837
1771887600000,5225.898,5248.765,5221.639,5244.275,0.4612
1771888500000,5244.275,5249.575,5233.645,5236.115,0.3507
1771889400000,5236.175,5246.725,5234.088,5242.255,0.2239
1771890300000,5242.235,5242.585,5233.958,5235.345,0.1713
1771891200000,5235.395,5235.395,5217.295,5229.505,0.463
1771892100000,5229.718,5237.825,5224.298,5226.375,0.2795
1771893000000,5226.455,5232.295,5224.295,5230.135,0.2347
1771893900000,5229.525,5231.865,5220.825,5223.555,0.3014
1771894800000,5223.505,5223.715,5183.145,5184.995,1.3861
1771895700000,5185.088,5188.695,5144.698,5164.448,1.481
1771896600000,5164.665,5175.838,5160.965,5173.515,0.9483
1771897500000,5173.545,5179.025,5163.658,5176.855,0.6023
1771898400000,5177.125,5181.435,5166.325,5172.275,0.7218
1771899300000,5172.189,5174.465,5165.168,5172.965,0.2785
1771900200000,5172.835,5187.625,5172.245,5183.285,0.4115
1771901100000,5183.305,5190.665,5183.105,5189.695,0.3049
1771902000000,5189.665,5191.605,5185.245,5188.605,0.2433
1771902900000,5188.625,5189.635,5181.648,5182.405,0.2281
1771903800000,5182.235,5188.475,5175.778,5179.095,0.3006
1771904700000,5179.075,5179.675,5170.735,5171.765,0.2784
1771905600000,5171.765,5171.765,5160.698,5167.915,0.3215
1771906500000,5167.935,5174.985,5167.935,5171.755,0.1656
1771907400000,5171.785,5172.965,5164.305,5164.355,0.187
1771908300000,5164.335,5170.585,5163.105,5167.935,0.151
1771909200000,5167.865,5174.145,5163.715,5171.905,0.2311
1771910100000,5171.905,5175.125,5166.305,5167.115,0.2154
1771911000000,5167.085,5174.485,5164.155,5172.398,0.4294
1771911900000,5172.388,5185.545,5171.905,5182.205,0.3066
1771912800000,5182.225,5184.545,5176.775,5182.375,0.2819
1771913700000,5182.445,5183.395,5166.595,5168.465,0.2533
1771914600000,5168.535,5173.185,5156.305,5168.675,0.413
1771915500000,5168.748,5174.885,5167.508,5173.165,0.2184
1771916400000,5173.305,5173.455,5163.845,5171.075,0.3296
1771917300000,5171.075,5183.135,5169.095,5183.135,0.3483
1771918200000,5182.965,5183.555,5174.238,5179.555,0.3734
1771919100000,5179.515,5182.795,5175.005,5179.125,0.1826
1771920000000,5178.869,5179.185,5169.205,5170.765,0.3413
1771920900000,5170.725,5174.595,5164.575,5169.975,0.4405
1771921800000,5169.945,5181.648,5169.125,5174.305,0.4737
1771922700000,5174.285,5176.438,5168.545,5173.175,0.431
1771923600000,5172.928,5179.958,5171.215,5172.105,0.394
1771924500000,5172.085,5174.415,5167.458,5168.398,0.3799
1771925400000,5168.398,5173.385,5166.225,5169.498,0.3499
1771926300000,5169.498,5172.675,5166.875,5171.038,0.1988
1771927200000,5171.038,5175.855,5170.605,5174.255,0.1752
1771928100000,5174.145,5181.275,5171.955,5175.655,0.1871
1771929000000,5175.885,5176.675,5162.845,5170.055,0.3385
1771929900000,5169.985,5174.295,5168.548,5172.595,0.1599
1771930800000,5172.615,5177.205,5172.045,5176.175,0.1376
1771931700000,5176.205,5176.665,5170.655,5174.545,0.1216
1771932600000,5174.505,5177.975,5172.785,5177.875,0.1174
1771933500000,5177.915,5178.295,5171.885,5172.545,0.1584
1771934400000,5172.525,5173.255,5164.778,5167.355,0.2436
1771935300000,5167.385,5168.215,5146.865,5161.275,0.4229
1771936200000,5161.315,5164.305,5153.585,5157.605,0.3499
1771937100000,5157.575,5158.605,5144.815,5150.415,0.3789
1771938000000,5150.325,5161.105,5150.325,5158.645,0.6229
1771938900000,5158.655,5158.865,5151.599,5156.085,0.4394
1771939800000,5156.035,5158.505,5133.085,5145.525,0.6103
1771940700000,5145.295,5145.915,5110.565,5114.635,1.0056
1771941600000,5114.665,5127.145,5093.225,5104.545,1.0011
1771942500000,5104.575,5119.195,5100.295,5114.605,0.712
1771943400000,5114.915,5138.875,5109.405,5136.865,1.1431
1771944300000,5136.985,5139.015,5126.348,5127.405,1.4059
1771945200000,5127.615,5137.445,5117.775,5136.675,1.2164
1771946100000,5136.615,5145.895,5134.545,5138.105,0.7512
1771947000000,5138.075,5149.945,5133.805,5149.695,0.6126
1771947900000,5149.715,5155.045,5144.785,5150.098,0.5128
1771948800000,5150.098,5152.055,5141.055,5147.165,0.5514
1771949700000,5147.145,5150.505,5141.215,5143.375,0.4598
1771950600000,5143.535,5150.698,5134.965,5145.298,0.5985
1771951500000,5145.298,5145.485,5130.498,5141.715,1.0495
1771952400000,5141.795,5157.615,5141.485,5156.095,0.5945
1771953300000,5156.125,5163.225,5154.548,5158.355,0.5498
1771954200000,5158.358,5160.975,5156.225,5160.165,0.3848
1771955100000,5160.005,5163.555,5157.235,5163.435,0.4687
1771956000000,5163.348,5170.045,5163.285,5163.938,0.5707
1771956900000,5164.058,5165.405,5155.325,5158.225,0.5828
1771957800000,5158.525,5161.165,5153.305,5158.855,0.3924
1771958700000,5159.145,5162.705,5155.745,5159.785,0.3326
1771959600000,5159.485,5160.185,5149.225,5156.075,0.4118
1771960500000,5156.095,5157.325,5146.165,5151.255,0.405
1771961400000,5151.285,5156.425,5148.705,5151.898,0.3241
1771962300000,5151.855,5155.235,5151.045,5153.705,0.2953
1771963200000,5153.735,5155.635,5146.415,5148.905,0.4161
1771964100000,5148.965,5169.965,5147.965,5168.105,0.4185
1771965000000,5168.155,5173.075,5165.298,5171.895,0.5084
1771965900000,5171.865,5172.235,5157.815,5163.655,0.6366
1771966800000,5163.898,5165.615,5156.148,5160.748,0.2097
1771967700000,5160.675,5161.965,5153.515,5155.185,0.2202
1771968600000,5155.185,5155.585,5145.715,5150.555,0.3658
1771969500000,5150.535,5150.535,5139.675,5141.345,0.1828
1771974000000,5137.095,5139.998,5127.048,5135.425,0.1703
1771974900000,5135.945,5137.505,5128.035,5130.655,0.1544
1771975800000,5130.605,5149.375,5129.195,5146.875,0.2317
1771976700000,5146.548,5152.005,5145.118,5146.365,0.1579
1771977600000,5146.395,5149.405,5136.535,5140.135,0.1857
1771978500000,5139.965,5145.925,5137.595,5140.115,0.1695
1771979400000,5140.175,5155.185,5140.175,5146.865,0.3116
1771980300000,5146.825,5155.835,5141.535,5151.855,0.2624
1771981200000,5151.885,5176.255,5143.798,5173.955,0.6811
1771982100000,5173.945,5188.215,5173.495,5185.055,0.5821
1771983000000,5184.865,5189.635,5178.255,5180.165,0.3685
1771983900000,5180.145,5186.085,5174.265,5176.505,0.3257
1771984800000,5176.465,5189.015,5176.115,5188.345,0.3789
1771985700000,5188.285,5193.518,5184.445,5189.385,0.2876
1771986600000,5189.425,5190.365,5182.465,5185.715,0.3744
1771987500000,5185.685,5186.555,5166.205,5180.325,0.3866
1771988400000,5180.365,5189.805,5180.365,5185.965,0.3627
1771989300000,5186.025,5187.175,5179.055,5185.995,0.2763
1771990200000,5186.115,5188.265,5179.045,5183.645,0.2131
1771991100000,5183.365,5187.355,5177.905,5181.648,0.2161
1771992000000,5181.648,5183.125,5171.945,5180.605,0.2402
1771992900000,5180.465,5184.805,5180.175,5182.485,0.1501
1771993800000,5182.445,5183.875,5179.595,5183.855,0.0948
1771994700000,5183.885,5184.825,5179.548,5182.365,0.1213
1771995600000,5182.685,5191.365,5182.398,5188.095,0.1851
1771996500000,5188.125,5195.945,5187.515,5195.115,0.1659
1771997400000,5195.085,5203.805,5192.115,5202.498,0.6041
1771998300000,5202.525,5210.335,5200.798,5201.275,0.4704
1771999200000,5201.298,5201.298,5182.175,5191.575,0.4773
1772000100000,5191.595,5194.915,5188.538,5189.358,0.3156
1772001000000,5189.005,5194.278,5188.408,5191.138,0.2678
1772001900000,5191.158,5194.425,5188.898,5194.425,0.2322
1772002800000,5194.415,5194.865,5187.055,5188.365,0.1896
1772003700000,5188.355,5190.075,5181.985,5189.245,0.1546
1772004600000,5189.245,5190.205,5185.535,5185.965,0.1368
1772005500000,5185.805,5189.095,5180.065,5184.455,0.1998
1772006400000,5184.415,5190.155,5184.148,5186.995,0.2096
1772007300000,5186.975,5194.055,5186.545,5193.235,0.2237
1772008200000,5193.255,5197.025,5190.995,5191.945,0.2135
1772009100000,5192.005,5192.105,5183.895,5185.055,0.2063
1772010000000,5185.155,5187.855,5176.325,5183.605,0.3372
1772010900000,5183.545,5188.245,5181.448,5186.515,0.2093
1772011800000,5186.475,5193.565,5185.625,5190.685,0.227
1772012700000,5190.745,5194.375,5187.648,5193.095,0.2498
1772013600000,5193.115,5195.025,5182.558,5184.375,0.2301
1772014500000,5184.138,5184.565,5172.045,5175.015,0.3056
1772015400000,5174.995,5180.738,5169.745,5176.625,0.2646
1772016300000,5176.545,5177.015,5172.135,5174.785,0.1462
1772017200000,5174.715,5175.675,5162.695,5163.465,0.2865
1772018100000,5163.445,5169.205,5154.895,5168.565,0.3509
1772019000000,5168.595,5173.685,5166.415,5172.975,0.2008
1772019900000,5173.005,5182.305,5172.055,5181.315,0.201
1772020800000,5181.295,5182.665,5177.888,5181.705,0.2386
1772021700000,5181.755,5187.175,5181.555,5183.375,0.223
1772022600000,5183.295,5186.205,5177.035,5184.525,0.4027
1772023500000,5184.925,5185.078,5178.375,5182.525,0.2024
1772024400000,5182.505,5189.635,5180.855,5186.895,0.4095
1772025300000,5187.275,5191.275,5185.745,5187.705,0.3584
1772026200000,5187.685,5191.045,5181.745,5186.865,0.4651
1772027100000,5186.905,5190.935,5183.955,5184.935,0.359
1772028000000,5184.895,5190.865,5183.355,5185.005,0.3747
1772028900000,5185.035,5185.745,5174.575,5177.505,0.4063
1772029800000,5177.495,5180.738,5158.445,5174.815,1.0229
1772030700000,5174.668,5193.065,5174.425,5190.935,0.7776
1772031600000,5190.925,5202.355,5190.075,5192.915,0.7694
1772032500000,5193.085,5195.475,5173.665,5180.025,0.7225
1772033400000,5180.005,5192.965,5171.758,5190.725,0.645
1772034300000,5190.705,5198.105,5186.385,5194.645,0.6589
1772035200000,5194.625,5198.405,5189.445,5192.225,0.4672
1772036100000,5192.255,5205.975,5191.425,5202.615,0.4373
1772037000000,5202.595,5207.485,5198.875,5207.285,0.4274
1772037900000,5207.445,5213.615,5206.475,5212.005,0.4732
1772038800000,5211.985,5217.385,5207.445,5214.895,0.4381
1772039700000,5214.985,5215.845,5211.365,5212.825,0.419
1772040600000,5212.915,5214.198,5208.108,5208.178,0.4288
1772041500000,5208.225,5210.505,5203.445,5206.585,0.3974
1772042400000,5206.615,5207.335,5206.545,5206.625,0.0946
1772043300000,5206.578,5207.205,5206.338,5206.805,0.1764
1772044200000,5206.805,5207.375,5204.898,5205.005,0.1639
1772045100000,5204.958,5205.245,5200.375,5201.805,0.2504
1772046000000,5201.855,5207.705,5191.325,5206.885,0.3058
1772046900000,5206.975,5207.035,5193.665,5202.145,0.2965
1772047800000,5202.295,5205.965,5199.175,5203.945,0.4615
1772048700000,5203.915,5207.948,5198.775,5204.745,0.6457
1772049600000,5204.785,5206.098,5195.005,5195.098,0.5373
1772050500000,5195.345,5196.205,5182.625,5185.835,0.4879
1772051400000,5185.855,5190.335,5176.948,5181.165,0.4547
1772052300000,5181.195,5181.285,5144.958,5151.765,0.7994
1772053200000,5151.905,5165.355,5150.095,5161.625,0.4149
1772054100000,5161.625,5173.115,5160.575,5168.815,0.2765
1772055000000,5169.075,5173.235,5166.325,5170.015,0.2608
1772055900000,5169.975,5171.345,5161.848,5164.915,0.2852
1772060400000,5157.898,5181.278,5154.955,5168.245,0.2515
1772061300000,5168.215,5179.555,5163.295,5169.585,0.2417
1772062200000,5169.725,5174.075,5163.065,5172.285,0.2152
1772063100000,5172.265,5178.946,5161.018,5162.905,0.352
1772064000000,5162.925,5169.225,5154.835,5167.305,0.4028
1772064900000,5167.375,5185.935,5167.085,5185.015,0.3046
1772065800000,5184.995,5189.015,5180.925,5188.115,0.2882
1772066700000,5188.155,5191.965,5184.635,5187.995,0.2554
1772067600000,5187.965,5198.285,5182.505,5187.355,0.6124
1772068500000,5187.375,5194.895,5178.255,5180.025,0.8971
1772069400000,5179.975,5192.255,5178.175,5189.155,0.4154
1772070300000,5189.205,5193.595,5184.795,5191.235,0.3733
1772071200000,5191.195,5195.515,5181.965,5182.855,0.3594
1772072100000,5182.855,5189.685,5180.225,5180.475,0.2555
1772073000000,5180.595,5183.935,5173.698,5175.615,0.5133
1772073900000,5175.575,5185.928,5175.575,5184.095,0.3252
1772074800000,5184.075,5187.845,5182.695,5186.895,0.322
1772075700000,5186.915,5193.565,5185.165,5187.915,0.3272
1772076600000,5187.975,5189.578,5185.628,5185.875,0.5222
1772077500000,5185.855,5192.675,5183.815,5192.455,0.2411
1772078400000,5192.425,5199.165,5192.135,5196.485,0.2395
1772079300000,5196.445,5196.798,5191.145,5193.865,0.2241
1772080200000,5193.845,5195.515,5192.615,5193.805,0.2024
1772081100000,5193.825,5194.445,5190.065,5192.265,0.3404
1772082000000,5192.268,5199.445,5189.765,5197.735,0.2635
1772082900000,5197.725,5205.215,5196.235,5200.055,0.3804
1772083800000,5200.055,5203.245,5195.695,5199.305,0.4481
1772084700000,5199.275,5199.725,5191.025,5198.105,0.3993
1772085600000,5198.085,5199.385,5193.325,5197.695,0.3089
1772086500000,5197.675,5198.015,5192.655,5193.525,0.2505
1772087400000,5193.525,5198.145,5193.235,5196.355,0.3018
1772088300000,5196.355,5196.885,5190.105,5192.935,0.2828
1772089200000,5192.975,5194.595,5182.115,5187.185,0.2796
1772090100000,5187.215,5190.375,5181.855,5184.695,0.2393
1772091000000,5184.915,5189.615,5184.115,5186.205,0.1579
1772091900000,5186.045,5187.945,5179.358,5185.745,0.2159
1772092800000,5186.075,5190.585,5179.058,5189.165,0.4184
1772093700000,5189.195,5190.605,5174.985,5176.665,0.325
1772094600000,5176.685,5180.495,5170.295,5173.788,0.4417
1772095500000,5173.855,5181.965,5167.265,5179.145,0.3824
1772096400000,5178.858,5182.335,5173.595,5181.435,0.2574
1772097300000,5181.475,5182.075,5174.405,5180.885,0.242
1772098200000,5180.845,5183.605,5179.015,5181.385,0.1933
1772099100000,5181.405,5189.335,5181.405,5186.215,0.2073
1772100000000,5186.155,5189.905,5185.278,5187.635,0.1787
1772100900000,5187.655,5188.515,5178.585,5178.808,0.2378
1772101800000,5178.205,5179.185,5171.485,5171.798,0.3011
1772102700000,5171.778,5174.925,5165.458,5171.245,0.2663
1772103600000,5171.175,5178.145,5169.005,5175.575,0.234
1772104500000,5175.545,5175.915,5170.695,5171.745,0.1746
1772105400000,5171.705,5175.125,5171.545,5174.335,0.13
1772106300000,5174.155,5174.205,5160.985,5164.405,0.2182
1772107200000,5164.465,5169.665,5157.495,5168.235,0.391
1772108100000,5168.215,5180.005,5165.755,5178.215,0.2958
1772109000000,5178.255,5187.455,5177.495,5187.245,0.2866
1772109900000,5187.275,5187.585,5179.295,5183.475,0.2341
1772110800000,5183.495,5185.395,5167.995,5173.785,0.6129
1772111700000,5173.805,5178.665,5171.018,5174.115,0.4284
1772112600000,5174.095,5177.055,5163.905,5164.805,0.5074
1772113500000,5164.818,5171.365,5164.335,5165.765,0.3768
1772114400000,5165.735,5169.905,5159.945,5166.015,0.4977
1772115300000,5165.955,5172.125,5163.265,5170.035,0.4939
1772116200000,5170.005,5174.595,5139.485,5171.898,1.218
1772117100000,5171.915,5175.695,5162.855,5164.425,0.9851
1772118000000,5164.365,5172.045,5158.395,5162.015,1.0661
1772118900000,5162.105,5163.015,5129.495,5141.375,1.0543
1772119800000,5141.295,5176.218,5140.285,5175.485,1.3616
1772120700000,5175.465,5192.535,5175.015,5185.388,1.0547
1772121600000,5185.388,5186.905,5172.735,5176.605,0.7051
1772122500000,5176.645,5184.435,5173.575,5180.115,0.5963
1772123400000,5180.135,5186.105,5177.735,5182.935,0.5786
1772124300000,5182.955,5185.295,5175.095,5179.395,0.4701
1772125200000,5179.475,5190.035,5178.045,5179.565,0.5154
1772126100000,5179.575,5181.625,5173.455,5174.045,0.4216
1772127000000,5174.025,5177.695,5171.695,5174.545,0.511
1772127900000,5174.485,5175.205,5161.645,5167.005,0.5377
1772128800000,5167.315,5173.405,5163.295,5173.095,0.4652
1772129700000,5173.065,5178.205,5171.755,5176.925,0.4406
1772130600000,5176.895,5182.108,5160.115,5180.795,0.6055
1772131500000,5180.815,5185.785,5178.655,5180.145,0.3784
1772132400000,5180.245,5188.135,5179.258,5186.145,0.3361
1772133300000,5186.165,5189.015,5184.338,5185.255,0.2697
1772134200000,5185.305,5190.645,5183.108,5186.045,0.2709
1772135100000,5186.145,5193.845,5186.095,5186.765,0.3263
1772136000000,5186.548,5197.855,5186.495,5196.615,0.3758
1772136900000,5196.585,5197.725,5191.678,5193.425,0.517
1772137800000,5193.365,5199.235,5190.495,5197.968,1.364
1772138700000,5198.095,5200.865,5189.098,5196.195,1.0189
1772139600000,5196.205,5200.485,5196.075,5196.235,0.1436
1772140500000,5196.105,5196.695,5184.645,5185.685,0.1339
1772141400000,5185.705,5191.055,5184.115,5190.035,0.1069
1772142300000,5189.685,5189.685,5179.825,5182.715,0.1134
1772146800000,5180.488,5188.678,5172.845,5183.685,0.1935
1772147700000,5183.665,5186.875,5180.935,5183.675,0.1119
1772148600000,5183.595,5189.025,5181.255,5185.425,0.155
1772149500000,5185.445,5188.195,5181.975,5184.345,0.1026
1772150400000,5184.375,5186.425,5178.498,5185.495,0.2079
1772151300000,5185.465,5194.565,5184.925,5187.568,0.3
1772152200000,5187.568,5189.358,5169.865,5174.678,0.4457
1772153100000,5174.795,5177.315,5171.485,5174.575,0.2375
1772154000000,5174.605,5178.345,5166.535,5176.235,0.565
1772154900000,5176.255,5179.685,5174.395,5174.505,0.3172
1772155800000,5174.445,5190.985,5172.655,5188.115,0.3984
1772156700000,5188.175,5194.155,5186.995,5193.825,0.4154
1772157600000,5193.775,5199.425,5191.465,5194.068,0.9278
1772158500000,5194.065,5195.008,5183.745,5183.948,0.7296
1772159400000,5183.975,5186.015,5174.025,5181.205,0.5721
1772160300000,5181.285,5183.815,5173.185,5183.345,0.4244
1772161200000,5183.265,5184.745,5180.955,5182.435,0.2959
1772162100000,5182.585,5187.945,5181.215,5186.785,0.3933
1772163000000,5186.755,5188.955,5183.098,5186.775,0.2631
1772163900000,5186.775,5190.435,5183.605,5183.675,0.2475
1772164800000,5183.645,5187.415,5183.195,5186.315,0.228
1772165700000,5186.295,5188.585,5181.285,5186.985,0.2304
1772166600000,5186.985,5188.315,5185.065,5187.085,0.217
1772167500000,5187.055,5187.375,5180.645,5181.435,0.2314
1772168400000,5181.405,5187.135,5181.075,5186.925,0.2168
1772169300000,5187.175,5194.565,5185.395,5194.425,0.2495
1772170200000,5194.415,5197.155,5189.848,5191.785,0.6805
1772171100000,5191.805,5200.075,5190.498,5197.465,0.3911
1772172000000,5197.285,5198.165,5192.605,5196.785,0.526
1772172900000,5196.688,5199.178,5192.125,5192.955,0.3896
1772173800000,5192.985,5196.105,5191.048,5193.155,0.3917
1772174700000,5193.465,5193.545,5184.645,5185.395,0.4032
1772175600000,5185.385,5189.475,5180.975,5181.355,0.2892
1772176500000,5181.335,5185.405,5177.215,5178.335,0.3609
1772177400000,5178.335,5182.585,5175.375,5180.195,0.2404
1772178300000,5180.215,5182.445,5175.445,5175.705,0.3435
1772179200000,5176.135,5182.165,5175.945,5178.255,0.4942
1772180100000,5178.315,5179.465,5174.045,5177.375,0.3876
1772181000000,5177.355,5182.035,5176.435,5180.045,0.2694
1772181900000,5180.065,5181.885,5176.188,5178.545,0.1984
1772182800000,5178.525,5181.448,5174.815,5178.275,0.2227
1772183700000,5178.215,5181.975,5176.585,5178.695,0.1712
1772184600000,5178.575,5181.455,5177.475,5180.715,0.1674
1772185500000,5180.925,5182.355,5171.858,5175.645,0.3146
1772186400000,5175.665,5176.535,5168.155,5174.185,0.2572
1772187300000,5174.135,5180.625,5172.045,5173.225,0.2181
1772188200000,5173.048,5176.115,5168.995,5175.965,0.2493
1772189100000,5175.925,5178.435,5175.225,5177.415,0.1919
1772190000000,5177.435,5178.095,5173.025,5173.605,0.1688
1772190900000,5173.605,5178.626,5172.235,5177.495,0.2104
1772191800000,5177.535,5180.048,5176.145,5177.505,0.3616
1772192700000,5177.475,5185.515,5177.475,5185.495,0.4968
1772193600000,5185.465,5190.455,5184.785,5185.205,0.395
1772194500000,5185.225,5189.535,5184.885,5186.525,0.6316
1772195400000,5186.575,5188.045,5183.495,5184.555,0.4028
1772196300000,5184.545,5188.635,5182.638,5187.135,1.1245
1772197200000,5187.205,5214.505,5186.415,5212.618,1.0543
1772198100000,5212.598,5240.235,5212.298,5234.708,1.037
1772199000000,5234.938,5235.748,5207.375,5216.265,0.8331
1772199900000,5216.225,5225.585,5210.865,5222.795,0.6449
1772200800000,5222.575,5230.035,5217.098,5226.315,0.5959
1772201700000,5226.285,5236.145,5223.365,5230.925,0.5814
1772202600000,5231.025,5233.545,5213.535,5225.175,1.0189
1772203500000,5225.155,5229.265,5215.775,5223.395,0.9309
1772204400000,5223.315,5239.785,5220,5237.615,0.9844
1772205300000,5237.635,5239.885,5214.378,5231.195,0.924
1772206200000,5231.245,5235.845,5226.825,5230.815,0.7966
1772207100000,5230.875,5246.248,5229.655,5239.215,0.926
1772208000000,5239.365,5255.385,5233.698,5253.535,0.8859
1772208900000,5253.465,5257.405,5221.635,5233.718,0.8262
1772209800000,5233.718,5238.305,5228.995,5235.645,0.8042
1772210700000,5235.615,5237.805,5228.495,5228.855,0.9096
1772211600000,5228.785,5235.795,5225.815,5231.105,0.7248
1772212500000,5231.085,5232.065,5223.345,5228.435,0.7652
1772213400000,5228.395,5236.485,5220.375,5234.265,0.6101
1772214300000,5234.055,5236.705,5231.855,5234.375,0.5479
1772215200000,5234.348,5238.245,5233.085,5233.295,0.7089
1772216100000,5233.295,5234.215,5222.295,5230.145,0.7944
1772217000000,5230.285,5239.865,5226.255,5239.495,0.5623
1772217900000,5239.475,5246.565,5238.555,5245.065,0.5176
1772218800000,5245.045,5250.915,5239.778,5246.515,0.5743
1772219700000,5246.565,5252.105,5244.945,5247.915,0.5282
1772220600000,5247.955,5250.985,5243.398,5245.815,0.4674
1772221500000,5245.815,5251.045,5245.215,5249.698,0.5397
1772222400000,5249.705,5252.155,5248.335,5251.248,0.6477
1772223300000,5251.148,5261.985,5251.148,5256.625,0.897
1772224200000,5256.645,5263.005,5254.295,5259.585,0.8233
1772225100000,5259.655,5265.198,5259.235,5262.995,0.9892
1772226000000,5263.005,5263.715,5257.555,5259.455,0.3114
1772226900000,5259.449,5263.395,5256.858,5261.895,0.1796
1772227800000,5261.865,5276.118,5260.095,5274.159,0.269
1772228700000,5274.198,5280.878,5271.758,5277.419,0.5075
1772406000000,5372.198,5378.378,5296.668,5346.645,0.7263
1772406900000,5346.945,5357.915,5342.925,5354.625,0.9876
1772407800000,5354.455,5392.995,5352.275,5381.655,0.8536
1772408700000,5381.675,5389.905,5373.535,5386.545,0.6031
1772409600000,5386.675,5387.645,5363.675,5375.545,0.9123
1772410500000,5375.585,5375.665,5349.025,5364.255,0.8333
1772411400000,5364.335,5372.945,5358.718,5365.005,0.572
1772412300000,5365.055,5365.995,5340.375,5347.045,0.5287
1772413200000,5347.015,5347.015,5314.765,5339.675,1.279
1772414100000,5339.695,5345.545,5302.695,5306.855,0.9987
1772415000000,5306.905,5338.755,5304.855,5333.615,0.9346
1772415900000,5333.065,5337.785,5321.325,5324.615,0.8233
1772416800000,5324.595,5335.125,5316.745,5327.245,0.743
1772417700000,5327.898,5335.935,5325.798,5331.219,0.6854
1772418600000,5331.219,5351.355,5328.225,5350.738,0.7726
1772419500000,5350.365,5351.435,5340.515,5346.195,0.7445
1772420400000,5346.298,5357.195,5343.818,5354.825,0.6837
1772421300000,5354.795,5359.195,5349.345,5355.305,0.4552
1772422200000,5355.275,5364.745,5353.238,5361.875,0.3688
1772423100000,5361.905,5366.535,5359.595,5366.095,0.2413
1772424000000,5366.065,5366.935,5355.355,5355.735,0.2922
1772424900000,5356.598,5365.835,5355.565,5363.205,0.3411
1772425800000,5363.235,5364.245,5344.505,5353.965,0.3798
1772426700000,5353.985,5358.135,5350.505,5355.725,0.2149
1772427600000,5355.785,5355.785,5345.565,5349.885,0.3695
1772428500000,5349.855,5354.085,5340.575,5350.535,0.2461
1772429400000,5350.455,5363.395,5348.565,5360.285,0.3468
1772430300000,5360.325,5365.985,5358.935,5365.785,0.2916
1772431200000,5365.815,5379.885,5363.385,5374.895,0.3673
1772432100000,5374.878,5381.805,5373.565,5380.395,0.441
1772433000000,5380.395,5382.845,5373.935,5375.315,0.4983
1772433900000,5375.355,5389.505,5375.355,5387.275,0.3445
1772434800000,5387.195,5406.545,5384.668,5405.745,0.5099
1772435700000,5405.765,5418.875,5404.245,5408.285,0.6352
1772436600000,5408.345,5411.545,5401.838,5402.748,0.5568
1772437500000,5402.748,5414.305,5402.278,5408.105,0.4383
1772438400000,5408.075,5412.765,5402.405,5409.375,0.5327
1772439300000,5409.405,5415.735,5401.875,5415.475,0.477
1772440200000,5415.505,5416.455,5396.478,5401.455,0.5149
1772441100000,5401.495,5410.845,5391.045,5393.865,0.4462
1772442000000,5393.835,5399.985,5389.278,5394.405,0.4656
1772442900000,5394.465,5398.445,5385.535,5394.375,0.3325
1772443800000,5394.345,5402.815,5393.955,5396.438,0.3681
1772444700000,5396.358,5397.058,5386.998,5391.755,0.3759
1772445600000,5391.775,5394.365,5378.645,5390.245,0.4058
1772446500000,5390.215,5392.155,5383.325,5389.735,0.3121
1772447400000,5389.775,5400.715,5386.495,5400.215,0.3061
1772448300000,5400.255,5400.585,5381.235,5388.945,0.3209
1772449200000,5389.035,5394.425,5382.085,5388.325,0.2599
1772450100000,5388.295,5396.915,5387.485,5390.245,0.2786
1772451000000,5390.165,5399.795,5388.735,5388.865,0.23
1772451900000,5388.895,5389.635,5374.865,5385.155,0.4445
1772452800000,5385.035,5398.155,5378.705,5391.285,0.452
1772453700000,5391.315,5395.755,5384.205,5393.755,0.323
1772454600000,5393.785,5398.498,5388.545,5396.215,0.3191
1772455500000,5396.085,5398.255,5385.295,5396.845,0.3823
1772456400000,5396.875,5409.955,5381.338,5383.878,0.9774
1772457300000,5383.878,5409.045,5382.345,5401.285,0.8216
1772458200000,5401.425,5416.625,5391.845,5392.765,0.8465
1772459100000,5392.725,5397.925,5388.798,5393.655,0.5844
1772460000000,5393.675,5394.895,5363.255,5374.855,0.8335
1772460900000,5374.848,5376.405,5306.275,5333.005,1.106
1772461800000,5333.475,5355.635,5305.069,5346.745,1.4307
1772462700000,5346.755,5351.225,5320.195,5331.645,1.2031
1772463600000,5331.248,5346.588,5310.655,5333.265,1.2809
1772464500000,5333.175,5338.715,5317.085,5330.575,1.2817
1772465400000,5330.525,5348.438,5329.565,5341.925,0.997
1772466300000,5341.905,5344.825,5307.885,5315.505,1.0283
1772467200000,5314.925,5314.925,5260.095,5299.995,1.2506
1772468100000,5299.925,5314.145,5281.295,5309.535,0.9807
1772469000000,5309.555,5311.355,5281.478,5301.098,1.1155
1772469900000,5301.125,5306.055,5288.945,5289.705,0.8924
1772470800000,5289.725,5309.545,5286.555,5298.215,0.7773
1772471700000,5297.955,5311.915,5291.455,5304.245,0.6974
1772472600000,5304.498,5320.315,5303.115,5303.885,0.6193
1772473500000,5303.925,5310.775,5297.745,5306.605,0.5806
1772474400000,5306.705,5308.045,5289.275,5295.045,0.5165
1772475300000,5295.075,5305.675,5293.435,5297.465,0.5714
1772476200000,5297.425,5302.935,5290.835,5302.905,0.5244
1772477100000,5303.015,5316.465,5301.855,5315.385,0.5045
1772478000000,5315.335,5332.985,5313.575,5330.235,0.5116
1772478900000,5330.278,5332.645,5318.295,5330.595,0.3929
1772479800000,5330.565,5333.795,5324.095,5324.598,0.4341
1772480700000,5324.598,5332.005,5322.708,5330.195,0.2948
1772481600000,5330.235,5346.045,5328.095,5337.065,0.6553
1772482500000,5337.095,5345.898,5328.235,5333.185,0.7755
1772483400000,5333.205,5344.485,5331.625,5341.635,0.5325
1772484300000,5341.665,5342.255,5331.015,5331.995,0.5606
1772485200000,5332.105,5339.425,5331.125,5335.115,0.2772
1772486100000,5335.155,5340.095,5331.098,5332.385,0.2563
1772487000000,5332.355,5332.655,5325.815,5331.125,0.3951
1772487900000,5331.095,5331.095,5321.005,5321.845,0.1448
1772492400000,5321.098,5346.658,5320.698,5338.415,0.4598
1772493300000,5338.455,5341.605,5328.895,5336.375,0.1486
1772494200000,5336.305,5336.535,5330.125,5330.625,0.1573
1772495100000,5330.545,5346.515,5329.605,5345.695,0.2321
1772496000000,5345.755,5349.385,5336.565,5348.125,0.1754
1772496900000,5348.165,5358.595,5347.825,5357.595,0.2756
1772497800000,5357.615,5361.788,5347.825,5354.725,0.2401
1772498700000,5355.205,5359.245,5346.075,5349.905,0.2452
1772499600000,5349.925,5371.855,5346.855,5367.945,0.6201
1772500500000,5367.785,5379.755,5365.535,5376.775,0.4998
1772501400000,5376.805,5377.985,5363.955,5363.985,0.4717
1772502300000,5362.598,5364.985,5337.685,5338.755,0.8045
1772503200000,5339.175,5356.845,5332.525,5349.735,0.8558
1772504100000,5349.745,5359.465,5343.835,5358.625,0.4754
1772505000000,5358.685,5364.935,5355.045,5360.635,0.4886
1772505900000,5360.655,5367.695,5358.575,5366.625,0.5576
1772506800000,5366.645,5371.365,5364.645,5366.345,0.3906
1772507700000,5366.525,5373.185,5363.335,5367.095,0.5076
1772508600000,5367.115,5370.415,5364.975,5368.835,0.2745
1772509500000,5368.975,5369.585,5358.598,5367.115,0.2164
1772510400000,5367.055,5367.595,5359.115,5361.395,0.1703
1772511300000,5361.445,5375.255,5359.415,5371.585,0.2257
1772512200000,5371.615,5375.075,5366.995,5369.225,0.1866
1772513100000,5369.205,5369.655,5360.555,5360.855,0.2482
1772514000000,5360.835,5366.615,5354.419,5361.698,0.487
1772514900000,5361.698,5363.645,5352.545,5358.585,0.2809
1772515800000,5358.565,5359.085,5334.115,5344.975,0.6188
1772516700000,5345.075,5346.525,5304.465,5318.795,0.8168
1772517600000,5318.735,5322.675,5278.598,5289.145,0.7456
1772518500000,5289.115,5319.245,5287.725,5316.385,0.6623
1772519400000,5316.265,5318.905,5295.495,5309.795,0.6283
1772520300000,5309.865,5314.508,5290.515,5310.315,0.7008
1772521200000,5309.998,5318.125,5305.705,5314.665,0.3376
1772522100000,5314.665,5319.895,5310.105,5313.205,0.322
1772523000000,5313.425,5328.045,5313.355,5326.185,0.3887
1772523900000,5326.215,5330.855,5323.315,5327.435,0.3621
1772524800000,5327.395,5335.735,5319.625,5319.625,0.5029
1772525700000,5320.231,5328.425,5310.685,5311.705,0.4433
1772526600000,5312.015,5313.085,5295.665,5304.815,0.5331
1772527500000,5304.785,5311.185,5289.835,5295.445,0.6146
1772528400000,5295.235,5303.645,5284.375,5295.995,0.8748
1772529300000,5296.035,5302.275,5225.718,5241.765,0.8126
1772530200000,5241.955,5270.425,5240.115,5263.575,0.7763
1772531100000,5263.655,5280.565,5259.485,5274.795,0.601
1772532000000,5274.775,5287.555,5268.035,5272.565,0.5723
1772532900000,5272.585,5281.005,5265.585,5276.515,0.4686
1772533800000,5276.418,5276.655,5247.435,5260.465,0.6121
1772534700000,5260.505,5260.575,5237.415,5247.735,0.7458
1772535600000,5247.695,5263.625,5159.175,5197.558,1.2462
1772536500000,5197.355,5209.145,5110.818,5125.895,1.5897
1772537400000,5125.698,5142.165,5071.645,5123.895,1.4904
1772538300000,5123.498,5157.185,5122.575,5144.318,1.1823
1772539200000,5144.485,5192.545,5137.805,5192.125,1.0784
1772540100000,5192.435,5208.735,5180.765,5203.855,0.9706
1772541000000,5203.775,5211.895,5188.345,5202.575,0.7157
1772541900000,5202.575,5226.505,5195.945,5224.065,0.6151
1772542800000,5224.045,5224.075,5145.775,5163.665,1.7728
1772543700000,5162.949,5184.038,5158.708,5177.365,1.2905
1772544600000,5176.909,5185.685,5147.225,5155.975,0.9743
1772545500000,5156.075,5158.975,5127.075,5156.445,0.9715
1772546400000,5156.405,5175.118,5149.825,5164.655,0.9909
1772547300000,5164.595,5166.175,5124.755,5145.685,0.9049
1772548200000,5145.635,5145.635,5061.515,5070.875,1.7674
1772549100000,5070.935,5075.745,5015.725,5037.825,1.582
1772550000000,5038.195,5069.385,5024.895,5039.205,1.6335
1772550900000,5039.375,5052.715,4995.475,5043.485,1.4604
1772551800000,5043.505,5069.765,5036.735,5061.335,1.3134
1772552700000,5061.335,5096.548,5053.775,5095.098,1.281
1772553600000,5094.998,5122.235,5090.175,5107.685,1.1993
1772554500000,5107.665,5125.645,5099.508,5112.235,1.1103
1772555400000,5112.285,5134.358,5106.485,5110.845,1.2482
1772556300000,5110.895,5115.395,5097.838,5106.365,1.1106
1772557200000,5106.788,5106.788,5080.648,5097.805,1.1005
1772558100000,5097.845,5109.548,5081.208,5082.875,0.8883
1772559000000,5082.625,5085.525,5065.045,5078.555,1.0193
1772559900000,5078.515,5084.315,5067.345,5078.975,0.8058
1772560800000,5079.085,5103.665,5078.865,5103.155,0.8189
1772561700000,5103.275,5116.765,5093.298,5111.878,0.8092
1772562600000,5111.675,5136.865,5106.715,5133.045,0.832
1772563500000,5133.265,5138.088,5126.595,5135.775,0.6607
1772564400000,5135.795,5148.645,5109.655,5111.795,0.8196
1772565300000,5111.995,5120.955,5101.635,5106.395,0.6475
1772566200000,5106.595,5118.695,5099.088,5118.645,0.7859
1772567100000,5118.665,5128.165,5106.895,5112.985,0.8525
1772568000000,5113.485,5126.625,5111.775,5118.765,0.9627
1772568900000,5118.765,5130.085,5113.785,5122.618,0.7893
1772569800000,5122.335,5126.005,5102.145,5111.305,0.7793
1772570700000,5111.335,5113.035,5085.635,5096.985,1.0127
1772571600000,5097.035,5110.125,5093.915,5098.505,0.3286
1772572500000,5098.475,5101.005,5089.185,5089.275,0.2785
1772573400000,5089.275,5096.095,5083.625,5091.585,0.2199
1772574300000,5091.625,5093.445,5082.955,5084.865,0.3683
1772578800000,5099.298,5117.705,5086.868,5116.805,0.319
1772579700000,5116.575,5127.815,5116.205,5125.755,0.3428
1772580600000,5125.915,5128.035,5116.445,5125.255,0.2668
1772581500000,5125.285,5129.545,5119.765,5125.035,0.2443
1772582400000,5125.015,5126.005,5105.348,5115.695,0.5
1772583300000,5115.695,5128.615,5112.608,5124.835,0.3933
1772584200000,5124.875,5137.365,5122.175,5131.915,0.2874
1772585100000,5131.885,5139.995,5127.395,5138.375,0.3989
1772586000000,5138.395,5162.335,5138.325,5159.095,0.7576
1772586900000,5159.045,5164.025,5145.925,5146.585,0.7144
1772587800000,5145.605,5163.205,5142.005,5162.695,0.8754
1772588700000,5163.395,5178.095,5157.935,5174.795,0.6764
1772589600000,5174.755,5190.675,5167.685,5189.645,0.6191
1772590500000,5189.565,5189.565,5175.745,5177.405,0.441
1772591400000,5177.385,5180.035,5163.268,5180.035,0.6396
1772592300000,5180.115,5180.775,5153.495,5156.075,0.6916
1772593200000,5156.075,5159.775,5141.015,5155.665,0.5797
1772594100000,5155.595,5167.935,5151.105,5162.385,0.606
1772595000000,5162.255,5167.535,5153.775,5162.665,0.4803
1772595900000,5162.508,5177.185,5159.285,5173.978,0.4074
1772596800000,5173.795,5180.505,5171.318,5173.535,0.6577
1772597700000,5173.585,5173.765,5162.908,5167.665,0.4574
1772598600000,5167.705,5170.375,5151.805,5161.375,0.3894
1772599500000,5161.355,5164.795,5154.445,5156.525,0.3126
1772600400000,5156.495,5166.145,5151.795,5160.665,0.5162
1772601300000,5160.675,5165.685,5152.675,5156.335,0.9845
1772602200000,5156.315,5167.335,5154.935,5160.015,0.7778
1772603100000,5159.985,5168.065,5153.595,5159.438,0.5476
1772604000000,5159.395,5159.395,5119.395,5141.185,0.8232
1772604900000,5140.835,5150.005,5128.318,5134.165,0.7948
1772605800000,5134.145,5155.655,5132.468,5148.295,0.717
1772606700000,5148.265,5160.395,5146.345,5160.025,0.44
1772607600000,5160.095,5175.638,5158.175,5167.215,0.5497
1772608500000,5167.185,5174.315,5163.125,5167.185,0.4082
1772609400000,5167.255,5172.985,5163.275,5169.195,0.344
1772610300000,5169.115,5175.625,5168.025,5168.025,0.2647
1772611200000,5168.148,5172.005,5147.238,5157.015,0.7927
1772612100000,5157.045,5168.475,5152.035,5162.485,0.3979
1772613000000,5162.525,5175.885,5161.668,5175.435,0.38
1772613900000,5175.475,5181.815,5166.035,5167.285,0.3692
1772614800000,5167.225,5170.975,5158.549,5163.828,0.6578
1772615700000,5163.785,5178.145,5161.915,5170.455,0.3132
1772616600000,5170.405,5184.775,5168.645,5182.305,0.267
1772617500000,5182.465,5184.625,5175.575,5181.995,0.3066
1772618400000,5182.035,5197.705,5182.035,5197.658,0.5607
1772619300000,5197.745,5202.048,5186.565,5187.715,0.6769
1772620200000,5187.745,5191.025,5179.325,5185.355,0.35
1772621100000,5185.325,5193.585,5181.345,5189.635,0.2413
1772622000000,5189.695,5196.385,5187.488,5194.915,0.2137
1772622900000,5195.065,5197.425,5189.995,5194.665,0.2317
1772623800000,5194.705,5200.485,5190.685,5192.745,0.2577
1772624700000,5192.905,5194.145,5187.485,5191.975,0.2195
1772625600000,5192.055,5205.995,5191.935,5197.265,0.3391
1772626500000,5197.435,5197.555,5174.055,5178.155,0.4443
1772627400000,5178.235,5178.235,5156.095,5166.745,0.5764
1772628300000,5166.205,5173.015,5159.415,5170.945,0.3942
1772629200000,5171.195,5196.065,5170.735,5192.465,0.681
1772630100000,5192.455,5195.205,5178.995,5191.995,0.5501
1772631000000,5192.025,5192.675,5181.575,5188.145,0.5618
1772631900000,5188.175,5192.065,5167.135,5167.605,0.5719
1772632800000,5167.465,5180.525,5164.525,5165.035,0.6891
1772633700000,5165.185,5175.035,5160.045,5165.865,0.9302
1772634600000,5166.155,5184.875,5162.965,5171.315,1.4519
1772635500000,5171.355,5179.315,5138.475,5145.855,1.1395
1772636400000,5142.758,5162.555,5130.965,5134.155,1.0977
1772637300000,5134.125,5159.488,5132.385,5155.849,1.2504
1772638200000,5156.015,5166.709,5137.085,5143.519,2.146
1772639100000,5143.519,5152.635,5133.118,5151.005,1.339
1772640000000,5150.995,5162.138,5143.015,5148.415,1.0349
1772640900000,5148.435,5155.765,5137.948,5145.925,0.9165
1772641800000,5146.585,5158.915,5143.965,5146.305,0.8914
1772642700000,5146.325,5152.625,5142.485,5149.485,0.8989
1772643600000,5149.485,5152.835,5142.565,5147.045,1.1477
1772644500000,5147.095,5149.695,5120.235,5133.195,0.8067
1772645400000,5133.215,5138.965,5127.945,5137.355,0.6703
1772646300000,5137.375,5147.355,5135.445,5140.935,0.6605
1772647200000,5140.765,5143.465,5117.185,5124.395,0.771
1772648100000,5124.435,5127.865,5110.989,5123.745,0.7722
1772649000000,5123.715,5129.785,5108.678,5124.905,0.5858
1772649900000,5124.945,5134.498,5123.285,5133.638,0.4704
1772650800000,5133.618,5136.398,5125.785,5130.945,0.3892
1772651700000,5131.525,5132.915,5124.275,5124.375,0.3553
1772652600000,5124.065,5131.875,5122.998,5130.685,0.4722
1772653500000,5130.645,5139.385,5129.315,5137.725,0.5192
1772654400000,5137.495,5138.575,5126.545,5129.695,0.9001
1772655300000,5129.735,5138.205,5123.495,5136.995,0.5756
1772656200000,5137.025,5146.665,5136.725,5143.805,0.7605
1772657100000,5143.705,5144.355,5132.625,5134.505,0.7618
1772658000000,5134.485,5143.805,5133.585,5140.095,0.211
1772658900000,5140.045,5141.395,5135.975,5141.125,0.1546
1772659800000,5141.165,5141.565,5129.135,5135.495,0.1677
1772660700000,5135.475,5142.065,5134.785,5140.325,0.1517
1772665200000,5148.898,5154.535,5142.675,5146.425,0.1321
1772666100000,5146.285,5156.515,5146.005,5154.435,0.1101
1772667000000,5154.555,5156.085,5148.445,5155.485,0.0775
1772667900000,5155.515,5165.965,5154.665,5165.025,0.2062
1772668800000,5164.995,5172.475,5159.105,5170.845,0.2096
1772669700000,5171.025,5179.93,5170.355,5173.035,0.1764
1772670600000,5173.075,5176.635,5168.165,5171.265,0.1306
1772671500000,5171.245,5177.085,5165.925,5172.315,0.212
1772672400000,5172.615,5186.025,5169.555,5176.125,0.482
1772673300000,5176.095,5182.205,5172.285,5177.285,0.4076
1772674200000,5177.345,5178.845,5167.185,5172.495,0.5524
1772675100000,5172.475,5179.925,5169.125,5172.315,0.4411
1772676000000,5172.089,5181.345,5171.295,5178.575,0.4733
1772676900000,5178.525,5188.045,5176.335,5183.855,0.3357
1772677800000,5183.805,5186.895,5174.175,5175.075,0.4834
1772678700000,5175.225,5192.205,5173.925,5191.735,0.4226
1772679600000,5191.705,5194.615,5183.718,5185.605,0.4397
1772680500000,5185.625,5190.905,5184.308,5184.875,0.2891
1772681400000,5184.905,5190.625,5181.245,5188.205,0.2214
1772682300000,5188.235,5190.805,5177.975,5179.915,0.2311
1772683200000,5179.935,5185.418,5176.565,5183.365,0.202
1772684100000,5183.585,5186.415,5174.445,5178.035,0.2767
1772685000000,5178.145,5179.995,5173.445,5174.185,0.1474
1772685900000,5174.235,5175.315,5165.995,5171.365,0.2124
1772686800000,5171.445,5176.555,5168.995,5175.265,0.176
1772687700000,5175.285,5176.505,5169.705,5172.075,0.2278
1772688600000,5172.135,5174.335,5161.645,5166.145,0.4332
1772689500000,5166.115,5169.215,5147.985,5148.325,0.4566
1772690400000,5148.685,5155.155,5119.995,5132.335,0.6828
1772691300000,5132.315,5143.635,5124.225,5142.655,0.4915
1772692200000,5142.625,5156.355,5139.655,5150.515,0.3895
1772693100000,5150.725,5168.465,5148.705,5167.345,0.4055
1772694000000,5167.375,5172.475,5161.185,5161.695,0.3926
1772694900000,5161.715,5167.675,5159.665,5165.748,0.68
1772695800000,5165.695,5166.658,5159.195,5159.885,0.8833
1772696700000,5159.865,5166.075,5158.395,5161.845,0.2585
1772697600000,5161.805,5162.195,5141.435,5141.445,0.4767
1772698500000,5141.375,5148.355,5137.218,5144.385,0.4703
1772699400000,5144.365,5163.105,5143.485,5160.945,0.3815
1772700300000,5161.665,5170.135,5161.548,5165.155,0.5006
1772701200000,5165.175,5180.165,5161.105,5178.998,0.9076
1772702100000,5178.988,5180.098,5166.675,5169.295,0.5487
1772703000000,5169.275,5169.465,5152.615,5162.015,0.4197
1772703900000,5162.175,5165.125,5156.885,5160.765,0.2826
1772704800000,5160.745,5160.745,5145.855,5154.095,0.3729
1772705700000,5154.075,5158.345,5151.385,5155.905,0.3911
1772706600000,5155.655,5158.525,5147.155,5156.735,0.3017
1772707500000,5156.755,5167.545,5156.225,5164.325,0.2895
1772708400000,5164.375,5167.855,5161.105,5164.255,0.2876
1772709300000,5164.348,5166.615,5160.715,5162.765,0.195
1772710200000,5162.735,5164.445,5156.635,5160.725,0.1829
1772711100000,5160.705,5164.865,5160.118,5163.655,0.2199
1772712000000,5163.615,5171.255,5162.865,5168.255,0.2767
1772712900000,5168.275,5170.145,5161.348,5161.545,0.2474
1772713800000,5161.278,5167.505,5160.545,5162.085,0.2035
1772714700000,5162.055,5165.955,5160.625,5162.385,0.2175
1772715600000,5162.618,5163.895,5146.255,5155.605,0.5976
1772716500000,5155.575,5159.745,5080.735,5120.935,0.9275
1772717400000,5120.915,5137.735,5114.645,5130.745,0.5991
1772718300000,5130.775,5131.645,5109.635,5117.755,0.6416
1772719200000,5117.805,5129.725,5109.985,5112.455,0.6364
1772720100000,5112.425,5120.655,5102.595,5119.975,0.6402
1772721000000,5120.005,5123.365,5090.138,5097.205,1.0423
1772721900000,5097.595,5110.928,5091.075,5101.705,1.1439
1772722800000,5101.675,5119.595,5060.025,5085.155,1.1148
1772723700000,5085.115,5093.598,5072.015,5086.215,1.027
1772724600000,5086.245,5093.625,5077.305,5080.205,0.8752
1772725500000,5080.165,5102.785,5079.175,5102.225,0.767
1772726400000,5102.255,5104.475,5073.945,5082.855,0.7487
1772727300000,5082.805,5085.055,5059.875,5063.535,0.7977
1772728200000,5063.885,5072.505,5054.035,5070.695,0.9597
1772729100000,5070.418,5081.005,5069.975,5077.405,0.7814
1772730000000,5077.435,5089.275,5073.795,5086.115,0.7271
1772730900000,5085.745,5088.605,5074.528,5074.715,0.7523
1772731800000,5074.675,5076.975,5054.665,5063.285,0.8582
1772732700000,5063.295,5068.895,5055.405,5062.575,0.7954
1772733600000,5062.595,5073.258,5050.638,5071.575,0.8411
1772734500000,5071.505,5075.705,5061.185,5071.035,0.9055
1772735400000,5071.005,5085.245,5070.275,5082.845,1.0161
1772736300000,5082.885,5083.405,5066.875,5069.185,0.5555
1772737200000,5069.075,5080.995,5067.305,5073.195,0.5269
1772738100000,5073.175,5073.175,5061.855,5066.585,0.6049
1772739000000,5066.555,5066.865,5055.235,5065.255,1.0183
1772739900000,5065.285,5070.155,5061.905,5065.895,0.6087
1772740800000,5065.805,5079.515,5061.485,5078.715,0.8363
1772741700000,5078.745,5094.545,5075.815,5080.255,0.9113
1772742600000,5080.275,5082.255,5073.955,5080.305,0.9853
1772743500000,5080.355,5081.445,5072.645,5076.405,0.9941
1772744400000,5076.495,5083.818,5071.945,5076.205,0.24
1772745300000,5076.175,5081.385,5075.305,5080.595,0.1031
1772746200000,5080.515,5082.375,5072.415,5075.315,0.12
1772747100000,5075.135,5084.765,5073.895,5083.175,0.1461
1772751600000,5079.318,5090.298,5079.318,5085.935,0.1105
1772752500000,5085.965,5096.415,5082.768,5091.055,0.2375
1772753400000,5091.025,5101.705,5087.115,5100.755,0.1441
1772754300000,5100.705,5100.705,5084.245,5085.885,0.2111
1772755200000,5085.835,5091.245,5073.875,5084.845,0.2487
1772756100000,5084.825,5092.055,5078.055,5090.455,0.1874
1772757000000,5090.475,5091.985,5074.795,5083.425,0.1843
1772757900000,5083.405,5089.645,5076.575,5084.365,0.2317
1772758800000,5083.678,5086.045,5066.215,5076.908,0.5256
1772759700000,5076.908,5088.865,5075.105,5085.545,0.4818
1772760600000,5085.665,5120.065,5085.389,5118.155,0.5151
1772761500000,5118.115,5143.665,5117.365,5134.425,0.5751
1772762400000,5134.315,5138.115,5125.135,5130.205,0.4994
1772763300000,5130.255,5134.225,5127.595,5129.135,0.2793
1772764200000,5129.135,5131.785,5121.895,5124.145,0.2942
1772765100000,5124.105,5128.985,5122.655,5125.985,0.2578
1772766000000,5125.945,5134.705,5124.085,5132.785,0.288
1772766900000,5132.765,5141.048,5130.765,5136.305,0.3671
1772767800000,5136.225,5137.835,5128.798,5132.165,0.2661
1772768700000,5132.105,5134.265,5129.515,5130.705,0.2759
1772769600000,5130.745,5135.755,5130.195,5134.845,0.512
1772770500000,5134.978,5136.095,5127.285,5129.315,0.1261
1772771400000,5129.345,5133.245,5127.865,5132.315,0.1267
1772772300000,5132.375,5135.645,5125.898,5127.295,0.1421
1772773200000,5127.185,5129.735,5122.635,5126.475,0.2065
1772774100000,5125.965,5129.975,5122.545,5129.635,0.1777
1772775000000,5129.655,5129.955,5118.795,5120.875,0.3414
1772775900000,5120.905,5123.215,5113.975,5117.085,0.3685
1772776800000,5117.195,5121.195,5108.798,5116.035,0.3256
1772777700000,5115.945,5122.695,5114.145,5119.925,0.238
1772778600000,5119.885,5122.675,5116.145,5120.905,0.1992
1772779500000,5120.945,5122.235,5114.755,5115.395,0.2164
1772780400000,5115.425,5117.395,5105.495,5111.155,0.218
1772781300000,5111.155,5119.555,5110.715,5114.345,0.2605
1772782200000,5114.208,5116.215,5107.385,5114.045,0.246
1772783100000,5114.015,5120.605,5112.365,5119.435,0.2268
1772784000000,5119.455,5122.765,5110.545,5115.165,0.4127
1772784900000,5115.105,5117.325,5098.925,5100.185,0.413
1772785800000,5100.155,5108.335,5095.985,5107.285,0.2689
1772786700000,5107.305,5113.235,5106.605,5108.525,0.2192
1772787600000,5108.048,5109.068,5094.255,5095.525,0.3465
1772788500000,5095.545,5102.275,5091.555,5098.655,0.3733
1772789400000,5098.615,5103.535,5087.495,5095.875,0.4058
1772790300000,5095.905,5097.045,5083.048,5085.335,0.4222
1772791200000,5085.355,5090.325,5075.455,5082.295,0.4331
1772792100000,5082.265,5093.055,5079.585,5087.175,0.4202
1772793000000,5087.098,5091.505,5080.565,5081.295,0.2895
1772793900000,5081.305,5092.455,5081.305,5090.725,0.3782
1772794800000,5090.745,5091.325,5079.995,5085.775,0.3571
1772795700000,5085.805,5098.035,5085.245,5094.325,0.2691
1772796600000,5094.305,5099.415,5080.395,5080.798,0.3175
1772797500000,5080.795,5086.695,5062.125,5076.655,0.505
1772798400000,5076.705,5090.725,5075.915,5089.625,0.5996
1772799300000,5089.625,5096.195,5085.815,5088.225,0.533
1772800200000,5088.225,5096.245,5085.075,5095.955,0.5298
1772801100000,5095.915,5096.295,5080.768,5082.735,0.7391
1772802000000,5082.715,5083.115,5065.058,5072.735,1.0369
1772802900000,5072.785,5088.465,5072.105,5082.138,0.7244
1772803800000,5082.138,5130.615,5082.138,5121.845,1.0699
1772804700000,5121.265,5122.105,5073.515,5084.775,0.9989
1772805600000,5084.785,5102.545,5080.615,5096.725,0.7046
1772806500000,5096.785,5109.075,5087.735,5103.995,0.6116
1772807400000,5104.325,5115.165,5083.885,5089.155,1.1405
1772808300000,5088.865,5131.705,5087.329,5129.835,1.2236
1772809200000,5129.828,5158.955,5127.498,5148.845,1.3178
1772810100000,5148.795,5171.238,5144.055,5161.295,1.0933
1772811000000,5161.735,5166.325,5149.368,5153.735,0.952
1772811900000,5153.655,5157.185,5134.215,5141.615,0.8551
1772812800000,5141.585,5150.455,5135.885,5143.575,0.7382
1772813700000,5143.465,5152.905,5136.045,5142.035,0.6852
1772814600000,5142.055,5145.845,5125.735,5141.775,0.6809
1772815500000,5141.725,5147.825,5129.415,5139.475,0.6407
1772816400000,5139.805,5142.005,5128.715,5136.355,0.62
1772817300000,5136.325,5145.025,5132.895,5141.845,0.6375
1772818200000,5141.815,5152.235,5136.415,5137.185,0.5466
1772819100000,5137.255,5140.515,5132.575,5140.355,0.5472
1772820000000,5140.375,5147.038,5138.248,5145.075,0.5866
1772820900000,5144.885,5150.575,5142.745,5150.025,0.6416
1772821800000,5150.075,5165.295,5148.475,5165.165,0.5251
1772822700000,5165.195,5167.415,5156.325,5160.565,0.4129
1772823600000,5160.558,5171.005,5160.085,5170.838,0.5937
1772824500000,5170.818,5174.355,5163.978,5164.765,0.4529
1772825400000,5164.785,5167.875,5157.485,5157.895,0.3965
1772826300000,5157.835,5163.565,5156.385,5159.475,0.3453
1772827200000,5159.535,5162.435,5153.455,5155.065,0.4372
1772828100000,5155.085,5160.305,5152.315,5153.405,0.3815
1772829000000,5153.465,5161.315,5149.155,5157.225,0.51
1772829900000,5157.175,5160.185,5150.415,5153.195,0.4973
1772830800000,5152.995,5167.175,5150.565,5164.918,0.2393
1772831700000,5165.065,5170.128,5164.535,5167.985,0.1517
1772832600000,5167.688,5171.655,5166.115,5170.215,0.091
1772833500000,5170.185,5175.048,5166.156,5171.798,0.1805
1773007200000,5178.935,5196.698,5117.158,5158.098,0.9458
1773008100000,5158.385,5159.755,5126.315,5154.898,0.6966
1773009000000,5154.995,5164.035,5105.115,5124.935,0.7187
1773009900000,5125.125,5133.655,5102.905,5129.448,0.5863
1773010800000,5129.448,5134.518,5093.315,5101.495,1.2207
1773011700000,5101.545,5106.605,5095.285,5104.535,0.4594
1773012600000,5104.275,5105.025,5043.468,5072.215,0.6623
1773013500000,5072.415,5079.385,5053.725,5075.675,0.7579
1773014400000,5075.295,5079.518,5028.195,5035.825,0.7859
1773015300000,5035.855,5052.765,5032.465,5045.845,0.7273
1773016200000,5045.155,5060.015,5043.705,5052.205,0.5928
1773017100000,5052.245,5057.515,5033.375,5049.735,0.7327
1773018000000,5049.455,5074.135,5014.655,5071.935,1.1438
1773018900000,5071.915,5087.345,5069.595,5071.475,0.7632
1773019800000,5071.495,5085.815,5071.225,5079.218,0.5972
1773020700000,5079.245,5082.205,5064.725,5069.885,0.6399
1773021600000,5069.915,5095.325,5055.125,5094.105,0.6869
1773022500000,5094.125,5094.295,5072.705,5077.395,0.5035
1773023400000,5077.375,5093.975,5076.145,5092.525,0.7088
1773024300000,5092.505,5098.915,5085.445,5094.355,0.4973
1773025200000,5094.375,5099.465,5083.985,5086.865,0.4405
1773026100000,5086.885,5102.145,5083.615,5083.615,0.4349
1773027000000,5083.675,5093.945,5081.385,5086.815,0.3038
1773027900000,5086.775,5093.155,5086.635,5091.115,0.1651
1773028800000,5091.145,5096.985,5086.695,5090.665,0.2133
1773029700000,5090.685,5094.425,5088.045,5089.115,0.1991
1773030600000,5089.205,5092.725,5087.115,5090.185,0.1937
1773031500000,5090.275,5091.125,5085.115,5090.005,0.1928
1773032400000,5090.125,5102.005,5080.765,5096.185,0.3517
1773033300000,5096.165,5104.545,5087.045,5095.215,0.6512
1773034200000,5095.065,5121.025,5091.545,5120.605,0.668
1773035100000,5120.555,5140.365,5118.995,5124.025,0.7065
1773036000000,5123.995,5133.745,5118.895,5127.495,0.6003
1773036900000,5127.705,5131.115,5122.805,5126.005,0.4962
1773037800000,5126.575,5129.575,5104.525,5106.535,0.534
1773038700000,5106.475,5111.105,5096.785,5097.385,0.4407
1773039600000,5097.415,5101.905,5088.095,5096.725,0.4678
1773040500000,5096.755,5106.805,5095.055,5106.465,0.3382
1773041400000,5106.495,5107.685,5099.615,5100.865,0.368
1773042300000,5100.835,5101.245,5093.435,5098.705,0.3277
1773043200000,5098.685,5110.715,5098.685,5099.715,0.5013
1773044100000,5099.695,5106.325,5090.585,5091.375,0.4279
1773045000000,5091.305,5096.465,5086.845,5089.925,0.4256
1773045900000,5089.865,5102.355,5086.975,5096.375,0.3696
1773046800000,5095.985,5116.585,5094.725,5112.475,0.3973
1773047700000,5112.455,5126.685,5111.855,5125.005,0.5102
1773048600000,5125.025,5132.235,5102.345,5102.445,0.7551
1773049500000,5102.059,5107.255,5096.055,5104.965,0.4592
1773050400000,5104.935,5110.855,5102.505,5108.885,0.3891
1773051300000,5108.935,5110.065,5097.965,5099.435,0.3268
1773052200000,5099.395,5100.035,5088.815,5095.555,0.4295
1773053100000,5095.535,5096.385,5083.405,5086.975,0.3878
1773054000000,5086.955,5097.065,5086.489,5090.075,0.3594
1773054900000,5089.995,5092.135,5079.235,5085.615,0.3724
1773055800000,5085.665,5092.638,5081.855,5085.555,0.4227
1773056700000,5085.535,5094.405,5083.815,5087.795,0.38
1773057600000,5087.935,5099.498,5087.229,5096.165,0.4262
1773058500000,5096.195,5109.775,5094.275,5109.015,0.5313
1773059400000,5109.115,5111.865,5103.485,5106.575,0.3696
1773060300000,5106.665,5106.665,5093.078,5094.598,0.5123
1773061200000,5094.615,5098.985,5087.558,5092.295,0.6974
1773062100000,5092.275,5098.005,5084.245,5094.275,0.5454
1773063000000,5094.245,5110.978,5074.045,5075.805,1.1031
1773063900000,5075.205,5084.425,5067.125,5073.885,1.1218
1773064800000,5073.935,5088.125,5060.139,5071.135,1.0762
1773065700000,5071.115,5084.145,5064.525,5081.425,1.0139
1773066600000,5081.355,5114.565,5079.765,5112.205,0.9343
1773067500000,5112.038,5115.795,5085.185,5093.665,0.9698
1773068400000,5093.665,5094.311,5079.175,5091.385,0.7865
1773069300000,5091.415,5099.905,5081.698,5099.225,0.7617
1773070200000,5099.245,5102.295,5092.685,5094.825,0.8512
1773071100000,5094.965,5103.135,5094.055,5099.268,0.5648
1773072000000,5099.015,5109.125,5096.565,5103.105,0.5643
1773072900000,5103.455,5105.095,5094.505,5103.505,0.6024
1773073800000,5103.545,5110.428,5102.365,5106.988,0.6353
1773074700000,5106.988,5108.408,5102.808,5104.368,0.5225
1773075600000,5104.368,5106.535,5097.865,5099.548,0.5513
1773076500000,5099.548,5101.938,5090.735,5094.715,0.8929
1773077400000,5094.855,5097.648,5088.685,5090.515,1.0701
1773078300000,5090.515,5099.435,5090.415,5095.748,0.6554
1773079200000,5095.835,5097.815,5092.135,5097.445,0.6522
1773080100000,5097.535,5106.835,5096.475,5104.915,0.5002
1773081000000,5104.965,5119.758,5104.038,5117.698,0.8571
1773081900000,5117.795,5126.098,5115.155,5122.915,0.5711
1773082800000,5122.945,5130.325,5118.165,5122.565,0.4186
1773083700000,5122.545,5143.385,5118.078,5139.555,0.8076
1773084600000,5139.625,5139.625,5124.695,5135.025,0.8374
1773085500000,5134.915,5143.898,5128.705,5140.785,0.7519
1773086400000,5140.765,5147.905,5137.585,5139.545,0.3051
1773087300000,5139.515,5140.125,5134.095,5139.085,0.1738
1773088200000,5139.065,5139.518,5134.845,5139.035,0.1771
1773089100000,5139.005,5140.465,5133.955,5138.935,0.2384
1773093600000,5138.475,5149.615,5118.925,5132.045,0.3721
1773094500000,5132.058,5135.635,5117.065,5131.785,0.6037
1773095400000,5131.805,5139.465,5127.845,5135.985,0.2339
1773096300000,5135.855,5152.598,5135.735,5152.498,0.3068
1773097200000,5152.498,5154.148,5137.498,5145.915,0.6198
1773098100000,5145.895,5155.825,5142.198,5144.625,0.2434
1773099000000,5144.545,5149.425,5135.125,5137.045,0.1958
1773099900000,5137.055,5143.085,5136.735,5139.475,0.174
1773100800000,5139.305,5141.015,5130.475,5136.495,0.2729
1773101700000,5136.465,5137.565,5128.705,5130.245,0.262
1773102600000,5130.225,5137.615,5124.535,5137.255,0.296
1773103500000,5137.285,5138.975,5127.745,5130.805,0.3101
1773104400000,5130.825,5153.195,5124.465,5143.275,0.6269
1773105300000,5143.245,5167.645,5141.885,5157.755,0.6476
1773106200000,5157.725,5168.655,5152.555,5165.805,0.5163
1773107100000,5165.855,5186.075,5164.065,5183.965,0.4856
1773108000000,5183.905,5186.578,5170.165,5175.165,0.4937
1773108900000,5175.195,5180.678,5172.145,5179.445,0.3141
1773109800000,5179.415,5184.355,5175.418,5181.935,0.7633
1773110700000,5181.915,5185.505,5163.505,5165.665,0.5393
1773111600000,5165.545,5173.225,5164.925,5166.315,0.422
1773112500000,5166.315,5170.395,5161.245,5166.505,0.4491
1773113400000,5166.415,5167.725,5159.815,5162.375,0.3102
1773114300000,5162.415,5162.715,5155.348,5157.375,0.2883
1773115200000,5157.238,5164.955,5154.125,5164.025,0.2878
1773116100000,5164.005,5166.385,5160.835,5162.245,0.2166
1773117000000,5162.215,5165.355,5161.075,5161.785,0.1359
1773117900000,5161.825,5165.215,5161.275,5163.735,0.1932
1773118800000,5163.755,5173.205,5163.525,5172.815,0.2974
1773119700000,5172.795,5174.315,5168.765,5171.525,0.2175
1773120600000,5171.505,5174.125,5166.945,5168.465,0.3502
1773121500000,5168.405,5179.125,5166.585,5177.735,0.2872
1773122400000,5177.755,5180.795,5173.875,5179.225,0.2941
1773123300000,5179.125,5179.125,5171.495,5175.965,0.2787
1773124200000,5175.965,5178.885,5173.215,5175.495,0.2752
1773125100000,5175.465,5177.115,5173.035,5175.025,0.2852
1773126000000,5175.035,5178.815,5170.555,5174.565,0.3263
1773126900000,5174.555,5177.375,5158.248,5169.255,0.9508
1773127800000,5169.295,5178.125,5165.345,5175.915,0.3327
1773128700000,5175.965,5181.306,5174.845,5180.855,0.3491
1773129600000,5180.815,5185.165,5174.718,5179.475,0.4124
1773130500000,5179.455,5184.045,5175.135,5183.995,0.3029
1773131400000,5183.935,5193.885,5182.695,5189.575,0.3747
1773132300000,5189.755,5194.945,5182.465,5183.075,0.4239
1773133200000,5183.075,5189.225,5180.265,5187.725,0.3136
1773134100000,5187.845,5189.105,5180.565,5186.595,0.2553
1773135000000,5186.675,5188.015,5181.658,5187.305,0.2578
1773135900000,5187.395,5188.915,5182.265,5182.335,0.2198
1773136800000,5182.275,5183.835,5175.655,5181.145,0.3114
1773137700000,5181.125,5181.885,5172.775,5173.545,0.324
1773138600000,5173.495,5176.375,5156.175,5168.865,0.4825
1773139500000,5168.835,5178.095,5168.815,5177.045,0.322
1773140400000,5177.065,5191.725,5176.355,5186.908,0.4354
1773141300000,5186.908,5189.475,5179.418,5182.725,0.4228
1773142200000,5182.858,5184.955,5173.518,5174.075,0.3309
1773143100000,5174.035,5179.295,5171.458,5174.975,0.3042
1773144000000,5175.005,5176.475,5162.225,5170.938,0.4744
1773144900000,5170.695,5180.535,5165.495,5179.525,0.4051
1773145800000,5179.895,5185.335,5177.729,5185.135,0.3516
1773146700000,5185.375,5189.305,5180.205,5186.835,0.3274
1773147600000,5186.795,5202.555,5185.755,5200.495,0.6437
1773148500000,5200.515,5228.445,5198.915,5221.295,0.6519
1773149400000,5221.305,5221.956,5207.035,5209.035,0.8428
1773150300000,5209.055,5215.415,5196.025,5204.885,0.9439
1773151200000,5204.795,5208.305,5185.035,5195.035,0.8876
1773152100000,5195.065,5214.155,5194.095,5208.765,0.7446
1773153000000,5208.498,5213.455,5202.498,5205.758,0.6618
1773153900000,5205.778,5211.945,5204.278,5206.465,0.64
1773154800000,5206.445,5226.155,5202.945,5223.275,0.572
1773155700000,5223.175,5228.405,5221.365,5225.475,0.5334
1773156600000,5225.455,5236.325,5225.015,5235.525,0.5599
1773157500000,5235.565,5238.365,5226.755,5228.395,0.5514
1773158400000,5228.365,5230.148,5222.445,5223.305,0.4699
1773159300000,5223.235,5235.475,5222.485,5231.955,0.4551
1773160200000,5232.038,5234.475,5226.925,5228.298,0.4837
1773161100000,5228.195,5231.975,5225.865,5227.385,0.4398
1773162000000,5227.355,5235.125,5226.755,5233.905,0.4584
1773162900000,5234.065,5234.185,5223.215,5232.848,0.6593
1773163800000,5232.855,5234.385,5227.078,5227.765,0.5845
1773164700000,5227.735,5232.565,5226.095,5227.305,0.4046
1773165600000,5227.365,5227.735,5214.998,5215.715,0.5709
1773166500000,5215.515,5218.225,5160.445,5202.525,1.0955
1773167400000,5202.505,5207.585,5189.455,5195.175,0.7279
1773168300000,5195.155,5204.715,5190.625,5191.425,0.6056
1773169200000,5191.475,5199.545,5183.955,5197.855,0.549
1773170100000,5197.915,5207.365,5197.845,5200.665,0.4815
1773171000000,5200.595,5200.665,5179.485,5187.535,0.7079
1773171900000,5187.565,5199.698,5187.435,5198.648,0.711
1773172800000,5198.648,5198.898,5193.198,5197.575,0.2439
1773173700000,5197.515,5198.365,5191.615,5194.685,0.1813
1773174600000,5194.595,5197.728,5192.895,5197.705,0.1156
1773175500000,5197.658,5198.698,5190.485,5190.855,0.1804
1773180000000,5188.365,5193.993,5182.395,5189.598,0.108
1773180900000,5189.598,5197.545,5187.798,5190.535,0.1668
1773181800000,5190.565,5195.305,5187.485,5193.305,0.1359
1773182700000,5193.335,5194.875,5185.385,5188.578,0.1546
1773183600000,5188.598,5196.365,5187.918,5191.445,0.249
1773184500000,5191.355,5197.095,5187.375,5193.255,0.1139
1773185400000,5193.265,5195.705,5190.125,5190.855,0.0794
1773186300000,5190.875,5197.175,5187.755,5197.175,0.1382
1773187200000,5197.175,5198.075,5186.495,5192.305,0.2263
1773188100000,5192.335,5215.395,5191.255,5212.125,0.3073
1773189000000,5212.065,5212.285,5205.685,5211.155,0.1671
1773189900000,5211.245,5219.175,5211.145,5215.005,0.2374
1773190800000,5214.985,5223.015,5211.795,5215.215,0.4304
1773191700000,5215.145,5222.845,5210.485,5214.585,0.3566
1773192600000,5214.525,5219.775,5212.495,5214.205,0.3112
1773193500000,5214.195,5217.585,5208.185,5208.195,0.28
1773194400000,5208.245,5209.445,5193.965,5201.225,0.4134
1773195300000,5201.165,5206.445,5200.165,5204.015,0.1969
1773196200000,5203.995,5209.625,5201.725,5207.295,0.2483
1773197100000,5207.345,5220.245,5207.325,5217.145,0.2683
1773198000000,5217.035,5220.115,5211.575,5213.645,0.215
1773198900000,5213.595,5214.515,5204.175,5204.305,0.2506
1773199800000,5204.255,5209.295,5203.285,5207.885,0.1486
1773200700000,5207.785,5208.445,5199.065,5203.145,0.1788
1773201600000,5203.225,5206.115,5199.118,5205.575,0.1199
1773202500000,5205.545,5208.375,5204.355,5207.055,0.1216
1773203400000,5206.985,5208.245,5203.655,5206.445,0.0745
1773204300000,5206.435,5206.435,5201.635,5204.215,0.1118
1773205200000,5204.195,5208.095,5203.245,5204.135,0.1311
1773206100000,5204.175,5206.115,5200.085,5200.245,0.1239
1773207000000,5200.345,5204.485,5190.275,5200.538,0.3448
1773207900000,5200.825,5201.565,5195.225,5199.505,0.2554
1773208800000,5199.475,5210.115,5196.085,5209.135,0.2872
1773209700000,5209.065,5210.485,5202.778,5206.355,0.2611
1773210600000,5206.405,5206.455,5191.315,5194.605,0.2557
1773211500000,5194.535,5199.035,5191.965,5197.265,0.3029
1773212400000,5197.325,5201.975,5195.198,5198.695,0.2605
1773213300000,5198.735,5199.815,5195.295,5197.675,0.261
1773214200000,5197.695,5198.125,5184.425,5191.285,0.3584
1773215100000,5191.175,5197.615,5189.805,5195.465,0.2686
1773216000000,5195.445,5198.465,5187.735,5198.315,0.2882
1773216900000,5197.968,5197.968,5180.885,5184.705,0.2882
1773217800000,5184.645,5187.355,5175.155,5181.425,0.2974
1773218700000,5181.365,5188.615,5179.215,5187.465,0.2655
1773219600000,5187.415,5188.085,5179.365,5183.825,0.2945
1773220500000,5183.805,5190.295,5183.305,5187.295,0.2069
1773221400000,5187.355,5197.055,5186.895,5191.485,0.2444
1773222300000,5191.445,5194.305,5186.355,5187.495,0.2351
1773223200000,5187.515,5195.185,5186.145,5193.225,0.2052
1773224100000,5193.275,5194.985,5189.195,5191.405,0.1863
1773225000000,5191.715,5191.715,5176.835,5178.965,0.3444
1773225900000,5179.175,5190.865,5177.175,5185.625,0.3746
1773226800000,5185.645,5193.425,5184.025,5187.218,0.2359
1773227700000,5187.218,5189.655,5179.325,5180.725,0.2917
1773228600000,5180.795,5190.525,5179.615,5184.725,0.3196
1773229500000,5184.755,5188.475,5175.425,5180.985,0.407
1773230400000,5181.005,5193.065,5177.405,5191.095,0.3699
1773231300000,5191.145,5194.985,5187.615,5190.025,0.3814
1773232200000,5190.045,5195.958,5172.778,5180.075,0.7906
1773233100000,5180.075,5180.555,5166.505,5167.225,0.7556
1773234000000,5167.265,5181.758,5161.985,5177.575,0.8455
1773234900000,5177.505,5182.765,5175.825,5181.245,0.656
1773235800000,5181.315,5181.315,5165.015,5165.185,0.9183
1773236700000,5165.155,5176.995,5149.065,5176.695,1.0948
1773237600000,5176.665,5189.965,5174.708,5189.645,0.9554
1773238500000,5189.675,5195.195,5181.975,5193.905,1.198
1773239400000,5193.898,5195.898,5174.165,5182.935,0.9173
1773240300000,5183.105,5193.185,5180.118,5182.975,1.065
1773241200000,5182.945,5185.495,5170.315,5170.545,0.8003
1773242100000,5170.458,5179.098,5168.095,5172.255,1.0642
1773243000000,5172.405,5173.925,5166.125,5169.175,0.7002
1773243900000,5169.125,5174.975,5163.675,5166.105,0.9748
1773244800000,5166.075,5172.355,5163.345,5172.155,0.7857
1773245700000,5172.055,5172.315,5163.945,5166.698,0.875
1773246600000,5166.575,5176.425,5165.648,5174.025,1.4192
1773247500000,5174.055,5177.615,5170.045,5175.455,0.6683
1773248400000,5175.475,5180.815,5174.318,5175.555,0.62
1773249300000,5175.555,5177.825,5169.358,5171.738,1.0291
1773250200000,5171.738,5172.218,5154.165,5162.945,0.8837
1773251100000,5162.995,5169.875,5161.035,5169.605,0.5711
1773252000000,5169.555,5174.965,5168.965,5171.875,0.4441
1773252900000,5171.825,5178.325,5171.685,5177.315,0.6674
1773253800000,5177.358,5178.225,5175.838,5176.865,0.6718
1773254700000,5177.108,5177.758,5169.938,5172.205,0.6342
1773255600000,5172.265,5174.205,5168.998,5172.255,0.3356
1773256500000,5172.115,5177.495,5171.535,5176.855,0.3748
1773257400000,5176.885,5179.688,5175.888,5179.375,0.485
1773258300000,5179.445,5183.295,5176.605,5182.965,0.637
1773259200000,5182.975,5183.345,5176.425,5177.595,0.2281
1773260100000,5177.548,5178.875,5174.825,5177.475,0.0985
1773261000000,5177.415,5177.815,5175.725,5176.155,0.0819
1773261900000,5176.115,5178.155,5175.205,5176.115,0.1129
1773266400000,5178.078,5183.335,5167.691,5174.845,0.1549
1773267300000,5175.105,5176.825,5165.185,5169.665,0.1391
1773268200000,5169.685,5169.735,5152.988,5158.315,0.3618
1773269100000,5158.345,5168.885,5129.175,5138.498,0.4437
1773270000000,5138.075,5153.745,5133.645,5151.785,0.7361
1773270900000,5151.805,5156.705,5149.965,5155.665,0.1859
1773271800000,5155.705,5157.605,5145.695,5146.735,0.2848
1773272700000,5146.675,5147.095,5132.765,5134.205,0.2635
1773273600000,5134.225,5141.895,5125.185,5138.585,0.4372
1773274500000,5138.605,5157.965,5138.605,5152.355,0.3219
1773275400000,5152.345,5161.235,5151.045,5153.985,0.292
1773276300000,5153.935,5155.815,5149.905,5152.705,0.2336
1773277200000,5152.745,5166.635,5151.598,5156.955,0.5432
1773278100000,5157.045,5160.945,5151.155,5157.365,0.3802
1773279000000,5157.365,5170.225,5154.505,5169.635,0.3687
1773279900000,5169.675,5172.825,5164.135,5168.295,0.3633
1773280800000,5168.265,5174.375,5167.115,5173.975,0.2495
1773281700000,5173.945,5174.945,5166.858,5167.935,0.2322
1773282600000,5167.955,5171.285,5155.395,5157.315,0.455
1773283500000,5157.345,5158.025,5145.525,5150.555,0.4691
1773284400000,5150.555,5155.515,5148.325,5153.805,0.3343
1773285300000,5153.785,5154.838,5147.005,5151.445,0.3483
1773286200000,5151.585,5153.525,5147.635,5152.305,0.2322
1773287100000,5152.285,5154.245,5150.995,5152.648,0.114
1773288000000,5152.848,5152.995,5149.598,5151.815,0.0883
1773288900000,5151.865,5153.675,5149.955,5152.315,0.1237
1773289800000,5152.285,5152.345,5143.498,5143.685,0.2097
1773290700000,5143.715,5146.425,5140.205,5142.275,0.163
1773291600000,5142.365,5148.975,5141.025,5146.045,0.2545
1773292500000,5146.085,5148.685,5136.855,5142.675,0.2272
1773293400000,5142.715,5154.205,5140.905,5153.185,0.3061
1773294300000,5153.205,5157.655,5151.275,5154.365,0.2525
1773295200000,5154.345,5157.455,5151.445,5154.245,0.2596
1773296100000,5154.275,5157.455,5147.025,5156.218,0.2795
1773297000000,5156.238,5169.615,5155.615,5168.405,0.3802
1773297900000,5168.375,5170.125,5165.005,5165.885,0.3885
1773298800000,5165.905,5170.265,5164.205,5169.955,0.1957
1773299700000,5169.925,5170.415,5165.825,5168.885,0.1954
1773300600000,5168.865,5179.805,5167.778,5178.675,0.3219
1773301500000,5178.695,5185.085,5175.655,5181.858,0.2692
1773302400000,5182.225,5189.405,5180.408,5181.265,0.3917
1773303300000,5181.258,5184.158,5176.845,5177.245,0.4042
1773304200000,5177.205,5181.625,5177.205,5181.055,0.2058
1773305100000,5181.435,5182.685,5175.515,5177.955,0.2004
1773306000000,5177.965,5181.015,5175.395,5176.335,0.2101
1773306900000,5176.275,5181.215,5174.225,5179.875,0.2258
1773307800000,5179.945,5187.315,5179.945,5184.455,0.2691
1773308700000,5184.435,5190.055,5182.465,5187.955,0.2456
1773309600000,5187.925,5191.388,5186.625,5186.818,0.2957
1773310500000,5186.635,5186.928,5179.845,5180.125,0.2057
1773311400000,5180.495,5182.955,5175.895,5181.755,0.2381
1773312300000,5181.735,5183.885,5178.325,5182.085,0.2446
1773313200000,5182.145,5183.695,5178.475,5178.595,0.1542
1773314100000,5178.565,5179.345,5172.475,5176.125,0.2028
1773315000000,5176.285,5180.655,5175.185,5180.575,0.2028
1773315900000,5180.605,5181.155,5176.265,5178.835,0.2119
1773316800000,5178.855,5180.345,5167.025,5168.495,0.438
1773317700000,5168.385,5172.615,5163.525,5171.825,0.3706
1773318600000,5171.795,5176.205,5168.335,5173.815,0.3789
1773319500000,5173.785,5185.625,5173.785,5181.215,0.3763
1773320400000,5181.015,5185.965,5178.545,5184.195,0.5477
1773321300000,5184.335,5184.335,5158.805,5170.975,0.7328
1773322200000,5170.955,5170.955,5155.405,5159.065,0.907
1773323100000,5159.005,5159.745,5145.815,5151.025,0.8679
1773324000000,5150.945,5163.515,5149.835,5160.825,0.6907
1773324900000,5161.085,5163.015,5149.585,5151.875,0.6721
1773325800000,5151.845,5153.455,5139.555,5148.645,0.7113
1773326700000,5148.615,5153.405,5138.158,5142.675,0.7468
1773327600000,5142.565,5144.665,5109.365,5124.665,0.8348
1773328500000,5124.605,5132.475,5117.825,5129.005,0.6671
1773329400000,5128.808,5134.305,5118.035,5130.765,0.7071
1773330300000,5130.925,5135.085,5125.215,5132.115,0.703
1773331200000,5131.938,5134.618,5120.838,5128.375,1.0521
1773332100000,5128.335,5137.825,5127.685,5131.448,0.5691
1773333000000,5131.448,5137.505,5124.695,5134.805,0.7336
1773333900000,5134.785,5135.445,5121.255,5123.225,0.7477
1773334800000,5122.905,5129.435,5120.575,5121.355,0.6145
1773335700000,5121.325,5122.705,5113.408,5118.625,0.7552
1773336600000,5118.795,5119.845,5104.775,5110.275,0.6771
1773337500000,5110.295,5112.135,5102.395,5105.185,0.5443
1773338400000,5105.085,5112.595,5104.755,5107.015,0.5717
1773339300000,5106.925,5110.345,5100.915,5104.138,0.5313
1773340200000,5104.118,5104.118,5098.518,5098.518,0.6213
1773341100000,5098.428,5099.335,5090.615,5094.335,0.5749
1773342000000,5094.215,5094.74,5079.125,5084.675,0.6394
1773342900000,5084.715,5095.405,5080.805,5093.405,0.4898
1773343800000,5093.295,5096.665,5090.265,5091.585,0.4347
1773344700000,5091.785,5096.105,5081.085,5084.595,0.7452
1773345600000,5084.725,5090.415,5083.355,5085.005,0.2123
1773346500000,5085.045,5088.725,5071.185,5071.745,0.3447
1773347400000,5071.745,5072.805,5054.795,5072.195,0.476
1773348300000,5072.175,5081.195,5071.795,5079.055,0.234
1773352800000,5078.818,5086.045,5070.645,5081.465,0.2437
1773353700000,5081.495,5095.065,5080.685,5092.395,0.2126
1773354600000,5092.375,5092.375,5085.185,5089.215,0.12
1773355500000,5089.265,5095.498,5084.611,5095.298,0.1203
1773356400000,5094.585,5095.498,5088.365,5090.285,0.4078
1773357300000,5090.305,5099.095,5090.175,5093.875,0.1532
1773358200000,5093.805,5098.065,5091.615,5094.375,0.2312
1773359100000,5094.395,5101.015,5094.245,5097.775,0.1597
1773360000000,5097.725,5107.908,5097.245,5105.695,0.245
1773360900000,5105.665,5108.135,5103.935,5106.155,0.172
1773361800000,5106.135,5110.295,5105.815,5107.655,0.2028
1773362700000,5107.615,5115.125,5106.995,5113.515,0.2245
1773363600000,5113.485,5120.805,5113.165,5119.385,0.3917
1773364500000,5119.575,5120.615,5113.915,5118.815,0.3384
1773365400000,5118.815,5121.625,5111.465,5111.975,0.3827
1773366300000,5111.995,5124.485,5108.575,5124.085,0.5157
1773367200000,5124.155,5128.225,5122.515,5122.995,0.3126
1773368100000,5122.925,5122.925,5114.695,5121.285,0.2387
1773369000000,5121.225,5121.545,5115.385,5117.695,0.1783
1773369900000,5117.845,5118.345,5110.225,5111.865,0.2375
1773370800000,5111.795,5115.725,5108.935,5110.485,0.3045
1773371700000,5110.545,5113.885,5108.075,5110.205,0.2525
1773372600000,5110.185,5112.235,5106.015,5110.635,0.1439
1773373500000,5110.675,5116.515,5110.235,5115.435,0.1381
1773374400000,5115.435,5117.755,5112.275,5114.025,0.1181
1773375300000,5114.065,5114.145,5103.455,5105.255,0.1586
1773376200000,5105.335,5106.905,5102.365,5104.075,0.1311
1773377100000,5104.095,5106.585,5102.795,5104.025,0.1202
1773378000000,5104.045,5109.295,5102.298,5108.925,0.1337
1773378900000,5108.895,5110.025,5104.615,5105.795,0.1302
1773379800000,5105.725,5111.115,5099.565,5100.385,0.3668
1773380700000,5100.435,5105.385,5097.775,5102.605,0.5975
1773381600000,5102.808,5107.655,5101.198,5103.775,0.5026
1773382500000,5103.605,5103.975,5088.515,5095.535,0.5184
1773383400000,5095.565,5098.145,5087.585,5091.415,0.427
1773384300000,5091.465,5094.525,5085.455,5088.035,0.5052
1773385200000,5088.015,5094.025,5083.545,5089.955,0.3909
1773386100000,5090.015,5090.155,5071.455,5084.645,0.4106
1773387000000,5084.595,5092.835,5083.465,5089.225,0.2752
1773387900000,5088.885,5092.455,5082.065,5085.025,0.2918
1773388800000,5084.705,5084.725,5066.375,5077.875,0.4905
1773389700000,5077.785,5078.925,5061.285,5070.535,0.4206
1773390600000,5070.575,5084.205,5070.235,5075.845,0.3704
1773391500000,5075.785,5087.765,5075.615,5087.155,0.3172
1773392400000,5087.125,5096.945,5085.635,5092.215,0.3869
1773393300000,5092.185,5092.965,5083.948,5091.545,0.3462
1773394200000,5091.595,5092.505,5082.945,5085.385,0.2309
1773395100000,5085.405,5094.035,5084.795,5089.275,0.224
1773396000000,5089.345,5093.395,5085.508,5093.195,0.2586
1773396900000,5093.215,5096.465,5088.475,5089.065,0.2163
1773397800000,5089.035,5089.235,5079.658,5087.485,0.2498
1773398700000,5087.505,5098.105,5084.205,5094.625,0.3019
1773399600000,5094.595,5097.435,5085.958,5090.325,0.325
1773400500000,5090.285,5097.145,5088.875,5095.235,0.2431
1773401400000,5095.265,5096.465,5091.805,5094.695,0.2383
1773402300000,5094.835,5107.645,5091.915,5107.605,0.3003
1773403200000,5107.345,5118.725,5107.125,5108.255,0.4777
1773404100000,5108.285,5115.225,5104.135,5113.565,0.3601
1773405000000,5113.495,5116.195,5107.845,5111.925,0.5249
1773405900000,5111.965,5121.645,5110.685,5118.095,0.466
1773406800000,5118.115,5121.185,5109.965,5112.605,0.5622
1773407700000,5112.625,5115.445,5107.155,5108.565,0.399
1773408600000,5108.455,5112.305,5096.355,5111.975,0.7347
1773409500000,5112.005,5116.695,5099.145,5101.485,0.5968
1773410400000,5100.608,5107.845,5090.635,5090.635,0.6975
1773411300000,5090.095,5094.315,5082.595,5089.045,0.7323
1773412200000,5089.015,5091.695,5074.876,5079.235,0.7633
1773413100000,5079.205,5079.205,5035.515,5041.315,0.9399
1773414000000,5041.335,5071.075,5038.075,5068.855,0.8421
1773414900000,5068.775,5071.225,5056.755,5062.995,0.7069
1773415800000,5062.915,5068.125,5041.575,5046.475,0.7634
1773416700000,5046.435,5057.185,5031.355,5034.535,0.853
1773417600000,5033.945,5040.495,5018.865,5031.695,0.8819
1773418500000,5031.498,5041.358,5030.128,5040.618,0.7997
1773419400000,5040.555,5052.725,5039.798,5044.085,0.7377
1773420300000,5044.208,5051.515,5041.335,5045.755,0.6506
1773421200000,5045.725,5056.795,5043.245,5056.795,0.6008
1773422100000,5056.855,5062.005,5052.005,5056.285,0.7267
1773423000000,5056.235,5063.665,5050.985,5053.415,0.5689
1773423900000,5053.335,5055.205,5043.255,5046.165,0.5577
1773424800000,5046.205,5051.635,5040.435,5042.235,0.4982
1773425700000,5042.265,5046.075,5035.925,5041.675,0.4874
1773426600000,5041.258,5049.195,5040.305,5043.885,0.3659
1773427500000,5043.825,5046.345,5040.965,5046.285,0.3221
1773428400000,5046.335,5049.665,5033.735,5039.735,0.4092
1773429300000,5039.785,5040.295,5032.145,5034.885,0.3938
1773430200000,5034.935,5036.755,5022.915,5025.075,0.456
1773431100000,5025.095,5025.625,5009.495,5016.078,0.7828
1773432000000,5016.425,5020.945,5012.165,5016.465,0.2725
1773432900000,5016.405,5021.325,5012.155,5013.825,0.2095
1773433800000,5013.785,5025.048,5012.875,5024.418,0.2279
1773434700000,5024.418,5024.418,5013.335,5018.098,0.5612
1773612000000,5003.001,5029.945,4997.215,5022.905,0.3455
1773612900000,5022.935,5023.215,5000.535,5012.945,0.4542
1773613800000,5012.865,5017.885,5008.005,5010.145,0.3551
1773614700000,5010.175,5025.378,5009.915,5024.338,0.3631
1773615600000,5024.205,5025.748,5001.165,5007.005,1.1836
1773616500000,5007.005,5007.745,4967.125,4989.105,0.6566
1773617400000,4989.105,4992.075,4978.028,4983.355,0.56
1773618300000,4983.738,4998.595,4971.965,4997.255,0.4815
1773619200000,4997.275,5028.445,4996.425,5022.265,0.6935
1773620100000,5022.285,5023.405,5014.665,5016.435,0.3495
1773621000000,5016.535,5030.555,5014.385,5027.475,0.3955
1773621900000,5027.505,5029.698,5016.725,5025.415,0.6704
1773622800000,5025.435,5026.255,4986.135,4986.205,0.8638
1773623700000,4986.235,5005.355,4982.998,4987.725,0.8773
1773624600000,4987.705,5004.105,4982.165,5003.755,0.7289
1773625500000,5003.855,5016.065,5002.285,5015.705,0.5444
1773626400000,5015.675,5018.515,5010.305,5015.105,0.5459
1773627300000,5015.145,5018.375,5010.265,5012.555,0.2924
1773628200000,5012.575,5014.185,5002.145,5005.725,0.5412
1773629100000,5005.825,5008.465,4997.445,5003.295,0.4642
1773630000000,5003.345,5006.815,4997.805,4999.185,0.3612
1773630900000,4999.165,5011.365,4998.185,5010.905,0.3652
1773631800000,5010.925,5018.765,5009.755,5018.545,0.2446
1773632700000,5018.625,5020.365,5015.755,5018.925,0.1665
1773633600000,5018.945,5025.835,5018.835,5023.848,0.2315
1773634500000,5023.918,5026.045,5020.418,5021.325,0.1761
1773635400000,5021.255,5024.575,5014.265,5016.765,0.1727
1773636300000,5016.735,5016.825,5012.105,5012.425,0.1143
1773637200000,5012.045,5015.425,5010.905,5012.325,0.1892
1773638100000,5012.245,5012.945,5007.605,5010.645,0.1911
1773639000000,5010.249,5017.145,5002.915,5016.035,0.3856
1773639900000,5016.135,5019.845,5015.075,5017.355,0.2921
1773640800000,5017.395,5027.455,5012.815,5027.045,0.3866
1773641700000,5027.075,5035.885,5025.305,5027.475,0.4774
1773642600000,5027.495,5029.225,5020.615,5022.355,0.3558
1773643500000,5022.305,5022.865,5005.045,5011.925,0.5578
1773644400000,5011.965,5016.285,5009.475,5009.735,0.2828
1773645300000,5009.765,5009.765,4998.075,5002.225,0.4175
1773646200000,5002.175,5007.105,4991.518,4992.535,0.4435
1773647100000,4992.575,4999.925,4992.565,4995.395,0.2917
1773648000000,4995.395,5000.108,4988.335,4988.555,0.6864
1773648900000,4988.575,5003.275,4987.675,4996.825,0.51
1773649800000,4996.795,4998.325,4984.665,4987.065,0.3992
1773650700000,4987.045,4997.605,4985.525,4990.875,0.3654
1773651600000,4990.845,4991.255,4979.675,4985.145,0.4101
1773652500000,4985.145,4990.565,4983.518,4988.755,0.2945
1773653400000,4988.705,4991.465,4980.955,4981.295,0.3267
1773654300000,4981.235,4985.195,4972.175,4975.195,0.38
1773655200000,4975.175,4980.045,4970.115,4976.525,0.3745
1773656100000,4976.485,4991.035,4976.265,4986.465,0.3744
1773657000000,4986.505,4987.965,4980.185,4985.435,0.3141
1773657900000,4985.405,4999.225,4983.815,4998.495,0.344
1773658800000,4998.425,5006.175,4995.345,5002.145,0.3259
1773659700000,5002.625,5022.485,5002.255,5019.035,0.4237
1773660600000,5018.975,5019.835,5013.665,5015.495,0.2693
1773661500000,5015.475,5018.045,4992.455,4996.845,0.465
1773662400000,4996.965,5006.455,4994.175,5005.325,0.3902
1773663300000,5005.305,5024.645,5002.565,5022.128,0.6084
1773664200000,5022.128,5024.795,5018.755,5021.705,0.4406
1773665100000,5021.735,5022.105,5011.818,5019.675,0.3678
1773666000000,5019.735,5023.455,5013.525,5021.958,0.4549
1773666900000,5022.228,5030.065,5018.255,5021.315,0.5002
1773667800000,5021.295,5034.345,5018.005,5031.205,0.8609
1773668700000,5031.058,5033.325,5022.825,5029.625,1.0655
1773669600000,5029.575,5037.715,5026.758,5027.955,0.813
1773670500000,5027.985,5029.765,5014.495,5014.635,0.9625
1773671400000,5014.595,5015.025,5000.128,5000.755,0.7488
1773672300000,5000.825,5002.185,4987.715,4995.745,0.7513
1773673200000,4995.785,5002.135,4990.015,4998.295,0.6855
1773674100000,4998.315,5005.585,4983.845,4991.705,0.6949
1773675000000,4991.815,5003.225,4990.315,4996.465,0.4383
1773675900000,4996.545,4999.015,4983.625,4986.875,0.545
1773676800000,4986.875,4998.665,4985.245,4996.255,0.632
1773677700000,4996.075,4997.945,4977.905,4979.605,0.6237
1773678600000,4979.625,4989.425,4973.785,4986.875,0.6416
1773679500000,4986.895,4992.735,4982.738,4990.475,0.5428
1773680400000,4990.485,5003.705,4990.125,5001.805,0.5005
1773681300000,5001.825,5002.805,4994.525,4995.835,0.5393
1773682200000,4995.815,4996.355,4985.545,4987.515,0.4952
1773683100000,4987.485,4992.695,4983.775,4991.105,0.3965
1773684000000,4991.135,5000.705,4989.795,4998.705,0.5019
1773684900000,4998.765,5007.905,4996.985,5006.125,0.4761
1773685800000,5006.085,5015.575,5005.055,5014.465,0.6525
1773686700000,5014.495,5017.725,5011.615,5012.555,0.3998
1773687600000,5012.575,5020.095,5008.635,5011.475,0.4881
1773688500000,5011.478,5015.375,5009.385,5010.288,0.5147
1773689400000,5010.135,5014.485,5007.915,5009.978,0.4232
1773690300000,5010.075,5015.828,5008.278,5012.605,0.5684
1773691200000,5012.608,5021.575,5007.835,5016.655,0.2146
1773692100000,5016.685,5017.525,5013.935,5014.025,0.1096
1773693000000,5014.025,5014.025,5007.515,5008.675,0.137
1773693900000,5008.695,5010.145,5004.265,5004.535,0.1774
1773698400000,5005.098,5015.875,5000.445,5003.765,0.1925
1773699300000,5003.785,5008.005,4998.485,5001.645,0.1676
1773700200000,5001.685,5004.735,4998.375,5001.555,0.2069
1773701100000,5001.545,5006.175,4999.988,5001.818,0.178
1773702000000,5001.465,5006.205,5001.335,5005.875,0.1856
1773702900000,5005.925,5009.805,5005.205,5009.255,0.0823
1773703800000,5009.305,5014.095,5008.295,5008.295,0.1506
1773704700000,5008.275,5015.335,5006.655,5012.645,0.1646
1773705600000,5012.575,5013.855,5002.205,5006.465,0.2566
1773706500000,5006.425,5010.435,4999.915,5003.255,0.2058
1773707400000,5003.295,5007.025,4998.175,5001.585,0.1885
1773708300000,5001.615,5006.025,4998.035,5002.685,0.3602
1773709200000,5002.385,5012.265,4994.605,5009.925,0.5254
1773710100000,5009.905,5014.535,5007.215,5013.285,0.3603
1773711000000,5013.335,5019.505,5010.975,5017.575,0.3508
1773711900000,5017.535,5027.885,5016.575,5027.765,0.4072
1773712800000,5027.695,5029.335,5020.645,5021.265,0.313
1773713700000,5021.275,5025.305,5019.595,5025.165,0.1948
1773714600000,5025.205,5029.155,5021.818,5028.865,0.271
1773715500000,5028.895,5029.235,5021.385,5022.265,0.2816
1773716400000,5022.155,5025.485,5020.375,5022.515,0.2049
1773717300000,5022.495,5032.595,5022.195,5032.335,0.2347
1773718200000,5032.435,5033.445,5027.285,5028.505,0.2141
1773719100000,5028.485,5029.835,5025.698,5027.265,0.1556
1773720000000,5027.215,5030.295,5025.995,5028.935,0.1387
1773720900000,5028.915,5032.715,5026.228,5032.325,0.1598
1773721800000,5032.345,5041.725,5032.015,5039.505,0.3878
1773722700000,5039.545,5041.625,5036.648,5037.705,0.3413
1773723600000,5037.675,5040.705,5032.175,5040.355,0.2305
1773724500000,5040.425,5044.355,5033.125,5035.085,0.2723
1773725400000,5035.055,5039.305,5031.225,5031.865,0.3231
1773726300000,5031.935,5033.115,5019.915,5020.525,0.4172
1773727200000,5020.575,5022.595,5006.505,5012.585,0.5328
1773728100000,5012.565,5013.925,5004.685,5011.735,0.428
1773729000000,5011.605,5016.945,5009.945,5014.775,0.2761
1773729900000,5014.795,5015.475,5008.185,5009.735,0.26
1773730800000,5009.825,5016.775,5009.195,5014.125,0.2635
1773731700000,5014.105,5018.535,5008.735,5015.735,0.2007
1773732600000,5015.755,5027.785,5015.665,5022.935,0.2575
1773733500000,5022.935,5025.165,5016.915,5020.955,0.2047
1773734400000,5021.425,5025.915,5018.705,5021.785,0.3216
1773735300000,5021.755,5029.375,5018.695,5020.885,0.3592
1773736200000,5020.925,5025.065,5018.795,5021.865,0.2518
1773737100000,5021.845,5025.355,5018.225,5024.665,0.2558
1773738000000,5024.685,5025.865,5013.165,5013.645,0.3004
1773738900000,5013.615,5019.505,5012.598,5017.335,0.2805
1773739800000,5017.395,5018.025,5010.905,5014.135,0.2381
1773740700000,5014.095,5015.625,5009.775,5010.295,0.1968
1773741600000,5010.098,5016.315,5000.825,5003.815,0.3508
1773742500000,5004.065,5008.935,5001.438,5003.515,0.2656
1773743400000,5003.625,5009.295,4991.735,4999.105,0.3669
1773744300000,4999.035,5004.465,4995.908,5000.105,0.2771
1773745200000,5000.025,5005.775,4996.595,5004.725,0.2761
1773746100000,5004.675,5009.745,5004.675,5006.865,0.2679
1773747000000,5006.975,5009.665,5003.915,5009.125,0.2251
1773747900000,5009.255,5011.245,5001.675,5003.015,0.2523
1773748800000,5002.995,5010.105,4999.095,5007.985,0.3737
1773749700000,5007.988,5020.555,5007.988,5019.855,0.4075
1773750600000,5019.855,5023.725,5015.915,5017.505,0.4516
1773751500000,5017.555,5017.555,5009.395,5011.415,0.3425
1773752400000,5011.395,5018.015,5009.915,5016.505,0.4778
1773753300000,5016.475,5019.335,5010.285,5012.655,0.3861
1773754200000,5012.625,5031.215,5010.925,5026.805,0.7585
1773755100000,5026.875,5027.475,5005.345,5016.378,0.6978
1773756000000,5016.605,5020.395,5009.295,5017.935,0.7496
1773756900000,5018.005,5018.125,5006.555,5008.005,0.8656
1773757800000,5008.085,5014.265,5002.735,5013.265,0.6121
1773758700000,5013.285,5019.225,5006.895,5007.495,0.5049
1773759600000,5007.265,5017.255,5005.965,5008.155,0.5785
1773760500000,5008.175,5014.655,4993.525,4994.605,0.5761
1773761400000,4994.485,5000.475,4973.495,4984.225,0.8039
1773762300000,4984.315,4998.935,4983.565,4997.705,0.6073
1773763200000,4997.738,4999.225,4991.355,4994.205,0.6419
1773764100000,4994.315,5005.265,4992.788,5003.795,0.5841
1773765000000,5003.825,5005.735,4999.495,5002.005,0.5228
1773765900000,5002.085,5003.398,4997.258,5001.675,0.6776
1773766800000,5001.695,5006.295,5001.045,5003.125,0.5017
1773767700000,5003.155,5008.595,5001.035,5002.495,0.4987
1773768600000,5002.465,5006.285,4997.405,4997.535,0.3681
1773769500000,4997.575,5003.335,4996.295,5002.235,0.2981
1773770400000,5002.195,5007.645,5000.525,5006.145,0.34
1773771300000,5006.165,5008.845,5003.695,5003.785,0.3375
1773772200000,5003.825,5004.405,4999.595,5003.225,0.3293
1773773100000,5003.275,5008.145,5002.585,5003.575,0.3315
1773774000000,5003.555,5005.485,5000.165,5001.495,0.2998
1773774900000,5001.525,5002.415,4997.965,4999.488,0.3495
1773775800000,4999.655,5003.565,4996.175,5001.815,0.4509
1773776700000,5001.815,5003.145,4997.908,5000.055,0.6842
1773777600000,5000.105,5006.285,4999.605,5003.478,0.1605
1773778500000,5003.455,5004.688,5001.958,5003.735,0.1034
1773779400000,5003.735,5005.045,5002.695,5003.738,0.1474
1773780300000,5003.738,5006.685,5001.275,5006.505,0.1379
1773784800000,5004.865,5005.505,4997.295,5002.465,0.0873
1773785700000,5002.495,5004.815,4999.978,5001.705,0.0571
1773786600000,5001.795,5001.795,4995.205,4996.205,0.085
1773787500000,4996.175,5003.245,4993.015,4999.095,0.1699
1773788400000,4999.035,5002.098,4998.498,4998.955,0.2306
1773789300000,4998.925,5001.315,4998.815,4999.915,0.0631
1773790200000,4999.965,5003.485,4999.725,5001.935,0.0698
1773791100000,5001.895,5002.855,5001.065,5002.695,0.079
1773792000000,5002.705,5012.215,5000.998,5009.605,0.2523
1773792900000,5009.705,5011.755,5002.495,5002.605,0.1567
1773793800000,5002.635,5004.495,4999.898,5004.235,0.1982
1773794700000,5004.215,5007.955,5000.988,5004.085,0.1928
1773795600000,5004.045,5015.505,4997.685,5011.365,0.4756
1773796500000,5011.365,5015.675,5007.575,5007.738,0.2586
1773797400000,5007.718,5009.285,5001.225,5001.635,0.456
1773798300000,5001.605,5001.685,4991.035,4998.485,0.4804
1773799200000,4998.515,5002.095,4996.205,4999.505,0.27
1773800100000,4999.545,5006.745,4998.805,5001.895,0.2268
1773801000000,5001.865,5003.525,4999.715,5001.015,0.2493
1773801900000,5000.995,5003.835,4989.995,4991.575,0.4129
1773802800000,4991.565,4996.005,4985.845,4993.825,0.4885
1773803700000,4994.005,4996.625,4993.425,4995.935,0.2435
1773804600000,4995.975,4997.345,4993.578,4994.448,0.2131
1773805500000,4994.438,4995.005,4989.465,4990.965,0.2619
1773806400000,4991.005,4992.675,4989.285,4990.315,0.144
1773807300000,4990.295,4993.325,4990.255,4990.405,0.1033
1773808200000,4990.375,4990.875,4981.425,4984.195,0.2665
1773809100000,4984.165,4986.905,4982.085,4986.725,0.175
1773810000000,4986.675,4991.795,4984.435,4989.875,0.1805
1773810900000,4989.675,4992.285,4985.185,4990.805,0.2048
1773811800000,4990.835,5001.185,4987.435,4998.898,0.3973
1773812700000,4998.778,5002.265,4994.295,4997.445,0.3455
1773813600000,4997.465,5009.045,4995.978,5009.015,0.3644
1773814500000,5008.985,5010.595,5006.525,5008.445,0.394
1773815400000,5008.495,5016.065,5008.075,5010.945,0.3504
1773816300000,5010.905,5014.455,5008.318,5009.105,0.2534
1773817200000,5009.075,5014.625,5009.075,5009.485,0.1782
1773818100000,5009.465,5009.725,5005.955,5008.955,0.1595
1773819000000,5009.225,5009.535,5001.038,5001.665,0.146
1773819900000,5001.615,5001.995,4989.119,4994.209,0.6881
1773820800000,4994.259,4996.139,4985.059,4992.119,3.2499
1773821700000,4991.939,4994.769,4981.049,4988.439,4.3884
1773822600000,4988.349,4991.229,4981.849,4984.179,2.941
1773823500000,4983.919,4989.599,4975.429,4986.609,3.6181
1773824400000,4986.649,4990.109,4984.959,4985.469,3.2083
1773825300000,4985.559,4993.649,4983.779,4991.689,3.131
1773826200000,4991.619,4995.545,4989.939,4992.945,0.8643
1773827100000,4993.135,4994.875,4990.595,4991.955,0.1695
1773828000000,4991.985,4992.035,4986.905,4988.725,0.2244
1773828900000,4988.755,4990.905,4980.645,4982.315,0.2739
1773829800000,4982.295,4987.465,4959.935,4977.795,0.4668
1773830700000,4977.278,4980.055,4958.575,4967.625,0.4196
1773831600000,4967.605,4970.305,4950.165,4969.975,0.479
1773832500000,4970.055,4973.725,4946.205,4948.215,0.4711
1773833400000,4948.125,4961.755,4934.405,4938.975,0.6993
1773834300000,4938.835,4945.065,4924.575,4930.055,0.6613
1773835200000,4930.085,4932.345,4905.045,4908.005,0.776
1773836100000,4907.938,4912.235,4895.465,4901.235,0.8929
1773837000000,4901.365,4901.495,4873.825,4878.075,1.0012
1773837900000,4878.105,4891.455,4870.365,4881.315,0.9076
1773838800000,4881.245,4881.245,4849.335,4858.445,1.0059
1773839700000,4858.475,4865.585,4833.865,4861.285,0.9733
1773840600000,4861.335,4885.305,4850.225,4872.945,1.2536
1773841500000,4873.135,4880.245,4860.418,4877.875,1.0774
1773842400000,4877.875,4894.355,4871.798,4880.625,1.3283
1773843300000,4880.625,4883.095,4858.815,4860.705,1.4601
1773844200000,4860.655,4865.015,4856.298,4860.905,0.871
1773845100000,4860.905,4872.305,4860.535,4869.265,0.8666
1773846000000,4869.495,4878.035,4865.475,4875.095,1.0335
1773846900000,4875.145,4879.775,4866.695,4871.698,1.0618
1773847800000,4871.738,4875.185,4863.935,4864.205,0.6494
1773848700000,4864.165,4866.365,4860.825,4862.185,0.6517
1773849600000,4862.165,4879.165,4860.668,4877.885,0.677
1773850500000,4877.865,4883.035,4873.735,4882.185,0.4866
1773851400000,4882.215,4882.665,4873.105,4882.505,0.5483
1773852300000,4882.465,4890.265,4879.755,4886.615,0.5342
1773853200000,4886.695,4889.875,4883.745,4886.895,0.4095
1773854100000,4887.165,4897.895,4885.305,4890.865,0.4862
1773855000000,4890.805,4898.795,4887.055,4894.375,0.4026
1773855900000,4893.975,4895.675,4888.655,4889.545,0.3824
1773856800000,4889.485,4899.085,4880.715,4887.355,0.6501
1773857700000,4887.295,4889.415,4876.555,4885.455,0.588
1773858600000,4885.695,4887.855,4872.305,4878.295,0.7399
1773859500000,4878.205,4878.585,4852.185,4852.815,0.7538
1773860400000,4852.775,4861.095,4843.355,4856.895,0.7704
1773861300000,4856.915,4865.095,4843.605,4848.985,0.6776
1773862200000,4848.585,4859.985,4846.025,4850.455,0.6136
1773863100000,4850.425,4851.125,4838.295,4842.935,0.7625
1773864000000,4842.575,4848.535,4823.685,4825.615,0.3761
1773864900000,4825.605,4828.265,4808.695,4811.095,0.5045
1773865800000,4811.035,4821.188,4806.675,4820.795,0.4332
1773866700000,4820.945,4826.655,4816.445,4818.255,0.2957
1773871200000,4823.598,4836.675,4814.968,4818.095,0.458
1773872100000,4818.195,4825.465,4803.845,4815.485,0.4987
1773873000000,4815.235,4829.305,4808.545,4827.895,0.3717
1773873900000,4827.815,4838.825,4825.895,4833.998,0.4119
1773874800000,4833.845,4836.575,4827.685,4834.175,0.8533
1773875700000,4834.205,4840.665,4828.085,4836.655,0.2283
1773876600000,4836.625,4842.245,4833.785,4833.905,0.2401
1773877500000,4833.835,4838.075,4829.645,4836.505,0.2944
1773878400000,4836.495,4847.855,4835.155,4843.185,0.3262
1773879300000,4843.225,4844.215,4836.495,4842.165,0.3289
1773880200000,4842.145,4848.465,4838.065,4840.645,0.3331
1773881100000,4840.665,4845.935,4837.585,4841.095,0.2752
1773882000000,4841.115,4853.325,4832.745,4837.815,0.591
1773882900000,4837.865,4845.635,4833.605,4845.355,0.3904
1773883800000,4845.375,4866.995,4842.745,4865.515,0.5107
1773884700000,4865.555,4865.555,4848.885,4849.585,0.3535
1773885600000,4849.545,4851.515,4841.158,4849.165,0.4331
1773886500000,4849.265,4858.115,4847.945,4857.035,0.2085
1773887400000,4857.015,4861.295,4853.675,4861.025,0.3674
1773888300000,4861.045,4861.825,4853.225,4858.505,0.3568
1773889200000,4858.435,4864.715,4854.575,4864.045,0.3105
1773890100000,4863.985,4865.618,4856.475,4859.755,0.2415
1773891000000,4859.885,4860.055,4852.035,4856.005,0.1754
1773891900000,4856.025,4857.035,4850.388,4850.605,0.2169
1773892800000,4850.515,4851.575,4847.235,4850.945,0.161
1773893700000,4850.915,4853.565,4849.655,4850.235,0.1245
1773894600000,4850.215,4852.646,4848.045,4849.225,0.1543
1773895500000,4849.205,4850.075,4845.465,4849.495,0.2093
1773896400000,4849.595,4853.555,4846.315,4850.295,0.3237
1773897300000,4850.315,4853.635,4846.225,4846.415,0.1858
1773898200000,4846.475,4846.485,4832.128,4833.485,0.6718
1773899100000,4833.505,4840.005,4826.675,4827.345,0.4658
1773900000000,4827.275,4842.265,4827.195,4832.965,0.5416
1773900900000,4832.895,4833.555,4812.935,4813.555,0.6276
1773901800000,4813.535,4819.795,4779.915,4785.758,0.9417
1773902700000,4785.778,4788.178,4747.505,4763.385,0.9858
1773903600000,4763.475,4784.275,4762.585,4777.915,0.7021
1773904500000,4777.975,4781.865,4756.865,4770.635,0.5745
1773905400000,4770.555,4771.3,4735.535,4739.375,0.5125
1773906300000,4739.355,4754.855,4726.755,4727.635,0.5452
1773907200000,4727.525,4740.145,4701.125,4714.475,0.8334
1773908100000,4714.545,4736.325,4712.945,4718.725,0.7635
1773909000000,4718.695,4722.075,4686.645,4688.135,1.0183
1773909900000,4688.235,4719.585,4686.635,4708.985,1.0499
1773910800000,4708.835,4720.635,4687.545,4694.665,1.0402
1773911700000,4694.635,4722.098,4693.105,4708.835,0.9394
1773912600000,4708.855,4725.635,4702.395,4704.795,0.9637
1773913500000,4704.765,4716.715,4695.558,4698.855,0.8567
1773914400000,4698.825,4719.388,4697.685,4704.215,0.6786
1773915300000,4704.235,4705.335,4670.665,4683.118,0.7353
1773916200000,4683.108,4700.455,4673.655,4683.135,0.757
1773917100000,4682.948,4689.105,4666.385,4678.925,0.7351
1773918000000,4678.955,4699.158,4678.715,4685.865,0.7345
1773918900000,4685.865,4692.128,4676.235,4685.995,0.6293
1773919800000,4685.965,4695.505,4658.055,4664.045,0.7234
1773920700000,4664.085,4667.875,4650.675,4651.385,0.7556
1773921600000,4651.455,4653.785,4609.875,4619.305,0.9524
1773922500000,4619.275,4630.375,4602.615,4606.275,0.9841
1773923400000,4606.225,4617.615,4559.595,4562.855,1.1528
1773924300000,4562.798,4585.645,4530.945,4573.985,1.2213
1773925200000,4573.915,4573.915,4502.108,4538.165,1.5982
1773926100000,4538.148,4580.825,4522.415,4575.855,1.3206
1773927000000,4576.475,4582.855,4545.928,4558.535,1.8052
1773927900000,4558.395,4620.975,4538.158,4620.695,1.3975
1773928800000,4620.505,4648.825,4618.505,4630.595,1.4498
1773929700000,4630.555,4635.355,4584.015,4584.939,1.3163
1773930600000,4584.845,4622.035,4581.055,4612.725,1.2965
1773931500000,4612.715,4627.705,4597.875,4601.605,1.1902
1773932400000,4601.295,4638.445,4593.135,4627.225,1.1148
1773933300000,4627.205,4629.175,4596.345,4602.935,1.0314
1773934200000,4603.015,4603.015,4570.045,4571.545,1.0682
1773935100000,4571.355,4611.265,4566.025,4596.155,1.4029
1773936000000,4596.035,4626.295,4592.685,4604.735,1.1949
1773936900000,4604.765,4616.885,4593.005,4599.015,1.5026
1773937800000,4599.055,4608.055,4583.945,4592.765,0.9449
1773938700000,4592.815,4598.465,4576.585,4584.635,0.8917
1773939600000,4584.615,4595.965,4573.595,4579.115,0.998
1773940500000,4579.045,4613.495,4573.775,4603.095,1.0328
1773941400000,4603.255,4618.545,4599.338,4604.725,0.8884
1773942300000,4605.015,4629.555,4604.825,4615.749,0.7993
1773943200000,4615.765,4618.885,4600.675,4614.585,0.8782
1773944100000,4614.565,4617.345,4604.355,4609.425,0.7527
1773945000000,4609.395,4611.075,4595.835,4608.825,0.6866
1773945900000,4608.805,4622.935,4604.155,4622.655,0.5888
1773946800000,4622.665,4663.215,4622.665,4656.905,1.2023
1773947700000,4656.955,4661.645,4632.755,4643.785,1.0502
1773948600000,4643.815,4648.985,4632.395,4638.485,0.855
1773949500000,4638.505,4649.725,4631.675,4643.765,0.8108
1773950400000,4643.525,4658.115,4642.725,4653.845,0.3742
1773951300000,4653.805,4660.465,4649.725,4657.085,0.2695
1773952200000,4657.115,4659.365,4653.535,4654.415,0.2014
1773953100000,4654.058,4661.695,4648.025,4649.375,0.2748
1773957600000,4650.498,4671.555,4649.898,4670.695,0.2364
1773958500000,4670.605,4676.865,4660.215,4666.098,0.3656
1773959400000,4666.098,4666.098,4645.935,4646.445,0.3134
1773960300000,4646.425,4649.935,4635.558,4635.858,0.4021
1773961200000,4635.565,4647.208,4635.555,4638.585,0.6792
1773962100000,4638.565,4646.795,4638.065,4643.805,0.2017
1773963000000,4643.775,4647.745,4633.905,4635.375,0.2386
1773963900000,4635.345,4646.565,4635.105,4643.325,0.2428
1773964800000,4643.205,4662.725,4642.555,4662.035,0.3077
1773965700000,4662.015,4664.815,4641.935,4649.105,0.3502
1773966600000,4649.135,4656.535,4644.415,4655.775,0.242
1773967500000,4655.875,4660.435,4646.905,4648.385,0.242
1773968400000,4648.355,4680.175,4639.215,4651.635,0.8458
1773969300000,4651.525,4661.895,4648.355,4661.895,0.5932
1773970200000,4661.915,4688.585,4660.935,4686.095,0.6135
1773971100000,4685.985,4699.185,4672.245,4677.045,0.586
1773972000000,4676.975,4689.115,4670.225,4685.345,0.437
1773972900000,4685.435,4689.945,4680.555,4683.665,0.2721
1773973800000,4683.655,4691.155,4679.055,4684.995,0.4409
1773974700000,4685.015,4703.415,4682.675,4697.995,0.4861
1773975600000,4698.265,4723.245,4692.985,4717.205,0.5332
1773976500000,4717.165,4735.835,4716.265,4733.235,0.5797
1773977400000,4733.785,4735.555,4727.795,4730.175,0.2715
1773978300000,4729.825,4729.945,4721.625,4725.595,0.2617
1773979200000,4725.615,4727.265,4716.595,4718.835,0.1819
1773980100000,4719.365,4724.195,4718.335,4723.325,0.2389
1773981000000,4723.385,4726.855,4718.065,4719.735,0.1753
1773981900000,4719.705,4722.715,4715.155,4721.505,0.1628
1773982800000,4721.535,4721.805,4710.225,4718.195,0.2997
1773983700000,4718.245,4723.315,4717.095,4719.445,0.2137
1773984600000,4719.385,4719.895,4701.755,4709.075,0.6252
1773985500000,4709.045,4710.195,4685.485,4688.225,0.6136
1773986400000,4688.245,4700.785,4684.675,4691.045,0.5522
1773987300000,4691.085,4695.625,4679.835,4687.855,0.5167
1773988200000,4687.815,4689.465,4661.065,4665.645,0.6118
1773989100000,4665.738,4675.525,4662.335,4668.885,0.6925
1773990000000,4668.835,4683.915,4667.655,4679.495,0.4611
1773990900000,4679.485,4688.375,4676.235,4688.045,0.3254
1773991800000,4688.015,4698.015,4685.125,4694.095,0.3039
1773992700000,4694.095,4707.665,4694.095,4706.005,0.3097
1773993600000,4706.025,4717.495,4701.735,4716.005,0.3993
1773994500000,4715.985,4734.645,4715.435,4722.485,0.4771
1773995400000,4722.505,4722.585,4699.205,4706.975,0.535
1773996300000,4707.155,4708.005,4684.625,4693.595,0.5149
1773997200000,4693.615,4700.255,4684.145,4693.785,0.3978
1773998100000,4693.565,4697.295,4684.105,4691.795,0.3434
1773999000000,4691.795,4692.335,4670.835,4673.405,0.4529
1773999900000,4673.365,4677.235,4659.655,4667.415,0.5339
1774000800000,4667.205,4669.815,4650.015,4662.645,0.6043
1774001700000,4662.805,4666.425,4645.785,4657.895,0.4926
1774002600000,4657.865,4669.925,4649.305,4659.735,0.4823
1774003500000,4659.685,4660.215,4637.905,4645.135,0.5392
1774004400000,4645.155,4666.325,4636.845,4662.395,0.6159
1774005300000,4662.375,4668.365,4658.475,4665.165,0.4366
1774006200000,4665.135,4673.935,4661.235,4669.105,0.4694
1774007100000,4669.135,4672.215,4657.535,4671.415,0.4092
1774008000000,4671.535,4695.295,4671.535,4685.335,0.6901
1774008900000,4685.285,4691.935,4677.805,4678.265,0.5654
1774009800000,4678.285,4682.045,4661.498,4670.165,0.793
1774010700000,4670.315,4681.515,4665.835,4677.905,0.5571
1774011600000,4677.935,4678.922,4653.555,4661.805,0.8317
1774012500000,4661.945,4670.205,4655.565,4659.735,0.8504
1774013400000,4659.985,4665.458,4636.315,4662.355,1.4437
1774014300000,4662.405,4665.145,4612.618,4616.085,1.3039
1774015200000,4616.115,4622.415,4585.855,4587.055,1.3119
1774016100000,4586.975,4588.395,4550.965,4558.245,1.3043
1774017000000,4558.315,4585.205,4557.395,4575.655,1.3345
1774017900000,4575.695,4582.185,4547.645,4563.735,1.1785
1774018800000,4563.705,4580.095,4559.865,4575.665,1.1411
1774019700000,4576.265,4576.455,4540.455,4562.655,1.1624
1774020600000,4562.785,4575.625,4556.665,4562.465,1.0264
1774021500000,4562.415,4562.605,4544.085,4553.055,1.0276
1774022400000,4553.085,4588.275,4551.845,4587.865,1.2828
1774023300000,4587.865,4613.575,4583.205,4584.515,1.5155
1774024200000,4584.515,4592.238,4570.258,4581.025,2.1174
1774025100000,4581.025,4588.175,4567.748,4582.898,1.1068
1774026000000,4582.898,4600.315,4572.675,4581.785,1.1671
1774026900000,4581.755,4582.765,4568.515,4571.845,1.0566
1774027800000,4571.915,4574.295,4554.055,4565.765,1.0685
1774028700000,4565.765,4576.895,4562.355,4573.125,0.8029
1774029600000,4573.175,4578.205,4560.795,4562.655,0.8362
1774030500000,4562.765,4568.085,4536.315,4554.365,1.1
1774031400000,4554.365,4556.945,4524.225,4525.638,1.054
1774032300000,4525.698,4528.988,4477.125,4499.575,1.134
1774033200000,4499.625,4516.055,4485.455,4500.115,1.2819
1774034100000,4500.175,4507.815,4485.055,4498.215,1.2096
1774035000000,4498.085,4516.475,4492.155,4514.135,1.0488
1774035900000,4514.135,4515.765,4496.735,4501.135,1.0592
1774036800000,4501.185,4507.025,4493.105,4504.475,0.5304
1774037700000,4504.425,4514.118,4500.245,4501.245,0.5968
1774038600000,4501.235,4504.195,4496.225,4502.438,0.5699
1774039500000,4502.538,4503.818,4487.425,4490.055,0.5586
1774216800000,4470.705,4515.285,4448.835,4506.625,0.6631
1774217700000,4507.095,4535.815,4503.195,4524.025,0.5652
1774218600000,4523.985,4526.305,4504.175,4506.425,0.5119
1774219500000,4506.335,4515.235,4489.158,4497.358,0.4046
1774220400000,4497.375,4509.858,4485.035,4490.165,0.9531
1774221300000,4490.225,4499.555,4482.165,4484.935,0.4566
1774222200000,4484.855,4490.715,4472.235,4488.395,0.4599
1774223100000,4488.805,4493.315,4451.808,4464.415,0.7817
1774224000000,4464.435,4472.975,4425.005,4436.235,0.896
1774224900000,4436.365,4444.855,4403.755,4426.825,0.959
1774225800000,4426.875,4436.475,4328.555,4361.915,1.2244
1774226700000,4362.775,4370.565,4318.825,4353.515,1.1523
1774227600000,4353.425,4422.455,4328.168,4407.095,1.4743
1774228500000,4407.348,4443.258,4406.178,4421.495,1.1233
1774229400000,4421.575,4453.865,4415.848,4435.305,1.038
1774230300000,4435.335,4436.485,4380.285,4386.965,1.0466
1774231200000,4388.025,4421.715,4382.865,4395.205,1.158
1774232100000,4395.255,4416.695,4393.715,4398.815,0.7737
1774233000000,4398.795,4400.665,4369.345,4384.615,0.9137
1774233900000,4384.475,4384.475,4354.535,4360.185,0.8252
1774234800000,4360.245,4377.655,4347.538,4349.285,0.8592
1774235700000,4349.255,4365.175,4346.965,4350.735,0.7404
1774236600000,4350.755,4364.495,4334.515,4341.905,0.6585
1774237500000,4341.875,4360.175,4337.015,4352.665,0.4564
1774238400000,4352.645,4370.635,4352.645,4363.455,0.5352
1774239300000,4363.485,4370.525,4361.075,4368.375,0.3869
1774240200000,4368.055,4381.625,4359.975,4375.175,0.4347
1774241100000,4375.295,4376.495,4349.598,4367.395,0.9254
1774242000000,4367.375,4379.795,4365.885,4372.495,0.4442
1774242900000,4372.515,4373.885,4351.525,4356.125,0.4751
1774243800000,4356.105,4356.105,4319.995,4321.795,1.0253
1774244700000,4321.755,4326.375,4301.698,4309.865,1.2471
1774245600000,4309.658,4309.955,4269.965,4294.385,1.1493
1774246500000,4294.455,4309.785,4238.705,4243.195,1.2299
1774247400000,4243.185,4249.175,4181.975,4182.165,1.3952
1774248300000,4182.115,4229.648,4162.445,4220.105,1.3547
1774249200000,4220.075,4221.575,4125.698,4129.598,1.2958
1774250100000,4129.525,4159.625,4098.275,4134.798,1.4473
1774251000000,4135.228,4215.445,4128.738,4214.785,1.4251
1774251900000,4214.395,4232.235,4185.685,4203.965,1.2386
1774252800000,4203.695,4255.315,4202.059,4252.795,1.3265
1774253700000,4252.755,4255.915,4211.105,4226.455,1.1316
1774254600000,4226.425,4270.385,4222.075,4257.205,0.9736
1774255500000,4257.185,4269.525,4219.435,4251.078,1.0217
1774256400000,4251.078,4268.995,4245.665,4268.695,0.9156
1774257300000,4268.685,4303.725,4267.145,4303.625,0.8717
1774258200000,4303.645,4308.225,4224.495,4225.345,1.1333
1774259100000,4225.375,4257.045,4223.205,4253.245,0.902
1774260000000,4253.465,4272.035,4243.435,4263.445,0.8846
1774260900000,4263.565,4274.445,4256.005,4268.525,0.661
1774261800000,4268.665,4269.045,4240.835,4256.895,0.7499
1774262700000,4256.535,4281.615,4249.555,4268.715,0.9147
1774263600000,4268.735,4463.015,4268.395,4455.935,1.3617
1774264500000,4455.905,4459.915,4353.748,4398.168,1.7086
1774265400000,4398.428,4431.425,4382.845,4411.795,1.3546
1774266300000,4411.825,4417.045,4361.115,4378.795,1.3203
1774267200000,4378.825,4380.168,4336.305,4352.345,1.449
1774268100000,4352.355,4404.725,4352.115,4389.855,1.335
1774269000000,4389.295,4441.535,4373.035,4441.015,1.312
1774269900000,4441.075,4492.185,4433.015,4478.095,1.2803
1774270800000,4478.108,4484.905,4430.805,4445.995,1.3587
1774271700000,4446.145,4452.145,4405.008,4409.045,1.1429
1774272600000,4409.365,4450.305,4400.995,4421.978,1.454
1774273500000,4421.848,4466.315,4419.058,4453.975,1.4535
1774274400000,4454.145,4479.135,4453.385,4464.035,1.303
1774275300000,4464.115,4512.665,4460.945,4486.225,1.2792
1774276200000,4486.295,4504.145,4470.035,4479.335,1.1562
1774277100000,4479.078,4485.905,4456.565,4461.695,1.2302
1774278000000,4461.238,4486.765,4454.725,4464.755,1.2301
1774278900000,4464.785,4468.195,4426.988,4447.355,1.2211
1774279800000,4446.925,4455.775,4405.665,4407.605,1.1998
1774280700000,4407.418,4413.865,4350.798,4363.515,1.3839
1774281600000,4363.158,4389.885,4352.355,4383.495,1.4807
1774282500000,4383.375,4389.235,4352.058,4354.458,1.3392
1774283400000,4354.538,4387.575,4353.258,4385.855,1.1245
1774284300000,4385.825,4391.505,4371.305,4375.325,1.1724
1774285200000,4375.285,4405.355,4370.575,4396.935,1.1192
1774286100000,4396.928,4413.615,4388.255,4405.275,1.0963
1774287000000,4404.985,4438.835,4403.875,4420.205,0.9797
1774287900000,4420.035,4429.635,4404.455,4425.965,0.8745
1774288800000,4425.995,4428.895,4402.005,4421.105,1.0551
1774289700000,4421.085,4430.515,4409.298,4425.895,0.876
1774290600000,4425.775,4461.925,4425.365,4461.635,0.9334
1774291500000,4461.615,4466.895,4446.065,4448.785,0.7953
1774292400000,4448.625,4450.325,4402.815,4406.805,0.8683
1774293300000,4406.855,4414.795,4392.885,4410.445,0.9126
1774294200000,4410.225,4416.325,4401.925,4416.255,0.8171
1774295100000,4416.315,4427.425,4396.825,4398.025,0.9697
1774296000000,4397.625,4408.325,4382.575,4403.605,0.6187
1774296900000,4403.655,4412.975,4403.505,4406.965,0.2802
1774297800000,4406.935,4411.165,4395.655,4410.545,0.3272
1774298700000,4410.595,4412.635,4404.418,4405.895,0.3765
1774303200000,4411.898,4419.598,4359.348,4397.885,0.4962
1774304100000,4395.515,4414.875,4388.895,4413.835,0.43
1774305000000,4413.975,4416.585,4397.975,4408.825,0.3893
1774305900000,4408.795,4431.065,4406.328,4426.338,0.3728
1774306800000,4424.509,4437.205,4422.798,4435.375,0.9062
1774307700000,4435.325,4448.005,4429.765,4441.525,0.3707
1774308600000,4441.505,4444.415,4421.705,4430.705,0.334
1774309500000,4430.575,4446.075,4421.825,4440.915,0.3567
1774310400000,4440.895,4446.435,4419.778,4421.865,0.5445
1774311300000,4422.125,4423.215,4367.828,4377.705,0.8041
1774312200000,4378.075,4387.045,4330.695,4343.995,0.9718
1774313100000,4344.045,4386.455,4342.665,4364.035,0.7808
1774314000000,4364.165,4373.895,4327.825,4330.775,1.1512
1774314900000,4330.805,4368.785,4330.725,4354.365,0.9761
1774315800000,4354.305,4368.225,4321.195,4321.545,0.8908
1774316700000,4321.545,4331.635,4307.555,4321.765,1.023
1774317600000,4321.745,4336.705,4305.565,4312.025,0.9699
1774318500000,4311.965,4353.395,4308.718,4351.575,0.8311
1774319400000,4351.595,4373.095,4344.165,4366.495,0.9303
1774320300000,4366.425,4378.965,4351.625,4365.725,0.7901
1774321200000,4365.655,4367.665,4349.835,4357.865,0.7075
1774322100000,4357.835,4367.905,4355.145,4364.365,0.7723
1774323000000,4364.085,4364.465,4338.345,4341.455,0.5927
1774323900000,4341.475,4349.495,4334.835,4347.045,0.4683
1774324800000,4347.025,4357.005,4346.165,4349.755,0.4293
1774325700000,4350.335,4350.335,4326.245,4339.485,0.5623
1774326600000,4339.455,4347.845,4335.705,4340.645,0.3905
1774327500000,4340.615,4349.015,4331.775,4333.115,0.416
1774328400000,4333.115,4345.485,4319.515,4334.995,0.588
1774329300000,4335.035,4346.285,4333.575,4334.915,0.9385
1774330200000,4334.595,4373.595,4320.645,4357.915,1.0207
1774331100000,4357.625,4368.585,4343.168,4346.945,0.8369
1774332000000,4347.135,4375.245,4342.635,4366.155,0.984
1774332900000,4366.125,4396.455,4358.575,4386.595,0.9008
1774333800000,4386.218,4396.925,4374.225,4377.255,0.8877
1774334700000,4377.145,4404.765,4372.525,4401.855,0.8279
1774335600000,4401.885,4425.218,4399.365,4424.465,0.9624
1774336500000,4424.465,4424.855,4405.725,4412.115,0.7912
1774337400000,4412.085,4412.085,4399.555,4408.215,0.7965
1774338300000,4407.985,4432.785,4401.505,4416.855,1.0318
1774339200000,4416.815,4420.735,4401.895,4414.205,1.0952
1774340100000,4414.205,4417.248,4390.895,4396.295,1.0535
1774341000000,4396.008,4405.545,4391.305,4400.215,0.8407
1774341900000,4400.235,4414.285,4398.345,4411.535,0.9814
1774342800000,4412.015,4419.035,4397.038,4398.715,0.8652
1774343700000,4398.905,4415.045,4395.625,4407.085,0.5953
1774344600000,4407.055,4420.995,4404.915,4415.645,0.5563
1774345500000,4415.845,4430.625,4411.885,4425.945,0.7376
1774346400000,4426.255,4430.795,4414.705,4426.025,0.8089
1774347300000,4426.025,4432.865,4421.098,4421.905,0.7244
1774348200000,4421.875,4427.638,4414.355,4427.098,0.6772
1774349100000,4427.098,4441.308,4418.398,4438.445,0.9158
1774350000000,4438.445,4441.865,4373.048,4419.035,1.7518
1774350900000,4419.015,4420.465,4402.965,4412.775,0.9582
1774351800000,4412.605,4431.475,4410.998,4421.598,0.9608
1774352700000,4421.558,4427.158,4390.175,4407.345,1.306
1774353600000,4407.375,4422.095,4404.035,4419.938,1.4786
1774354500000,4419.505,4427.205,4395.088,4401.995,1.4291
1774355400000,4402.015,4406.455,4361.545,4369.385,1.6263
1774356300000,4369.365,4390.325,4368.575,4378.905,1.2543
1774357200000,4378.885,4389.575,4363.785,4377.765,1.2411
1774358100000,4377.785,4384.065,4356.288,4356.808,1.0644
1774359000000,4356.108,4370.235,4350.995,4356.385,1.2684
1774359900000,4356.365,4383.058,4350.838,4381.165,1.8854
1774360800000,4381.175,4404.148,4380.019,4394.685,2.7007
1774361700000,4395.185,4414.475,4388.315,4408.735,4.2525
1774362600000,4408.555,4420.295,4399.748,4411.778,4.0819
1774363500000,4411.868,4433.085,4400.768,4415.558,2.3304
1774364400000,4415.005,4420.055,4395.758,4411.008,2.1755
1774365300000,4410.918,4419.968,4402.628,4412.298,3.8735
1774366200000,4412.215,4428.825,4409.715,4424.145,1.562
1774367100000,4424.145,4430.398,4408.835,4411.118,1.6418
1774368000000,4411.158,4414.018,4402.198,4413.898,1.3743
1774368900000,4413.795,4425.268,4411.198,4420.698,1.3194
1774369800000,4420.698,4424.148,4408.288,4424.148,2.6266
1774370700000,4424.098,4427.148,4417.848,4420.958,1.6998
1774371600000,4420.958,4426.058,4387.975,4397.248,1.312
1774372500000,4397.248,4405.605,4393.885,4399.838,0.9096
1774373400000,4399.838,4399.838,4374.955,4377.885,0.917
1774374300000,4377.905,4394.265,4372.155,4388.395,0.8929
1774375200000,4388.365,4393.605,4383.545,4389.365,0.8237
1774376100000,4389.385,4409.585,4386.898,4406.975,0.7773
1774377000000,4406.795,4423.105,4394.338,4399.755,0.9525
1774377900000,4399.755,4401.685,4383.695,4389.285,0.7598
1774378800000,4389.275,4405.655,4388.475,4404.265,0.5885
1774379700000,4404.305,4411.108,4399.705,4407.128,0.5749
1774380600000,4407.145,4407.188,4394.755,4400.995,0.5975
1774381500000,4401.145,4404.175,4396.245,4400.085,0.6054
1774382400000,4399.998,4404.105,4397.025,4400.505,0.2377
1774383300000,4400.525,4483.945,4398.608,4455.425,0.7726
1774384200000,4455.395,4472.598,4444.325,4459.225,1.0166
1774385100000,4459.628,4481.195,4456.105,4471.835,0.7341
1774389600000,4471.098,4485.185,4467.725,4483.065,0.2892
1774390500000,4482.975,4484.698,4467.715,4469.678,0.4806
1774391400000,4469.658,4470.685,4455.258,4468.198,0.5328
1774392300000,4468.198,4484.198,4466.355,4484.118,0.5191
1774393200000,4483.778,4484.498,4471.958,4484.348,0.6833
1774394100000,4484.348,4509.678,4482.798,4509.548,0.95
1774395000000,4509.548,4546.115,4504.035,4539.205,0.9687
1774395900000,4539.205,4551.118,4531.695,4546.375,0.9604
1774396800000,4546.335,4554.298,4537.065,4549.855,0.9833
1774397700000,4549.855,4556.618,4538.198,4553.105,1.1033
1774398600000,4553.105,4569.915,4546.138,4567.395,1.0244
1774399500000,4567.425,4571.738,4561.245,4562.698,0.7498
1774400400000,4562.698,4578.428,4552.085,4569.888,1.5241
1774401300000,4569.918,4578.375,4567.418,4575.055,1.5893
1774402200000,4575.005,4590.975,4573.685,4584.605,0.7505
1774403100000,4584.545,4600.955,4583.225,4594.655,0.6337
1774404000000,4594.635,4596.125,4579.585,4585.135,0.6033
1774404900000,4585.065,4592.415,4584.095,4586.635,0.3003
1774405800000,4586.885,4596.925,4580.695,4593.035,0.5283
1774406700000,4593.295,4602.125,4581.478,4583.325,0.5006
1774407600000,4583.285,4585.905,4572.948,4576.375,0.4642
1774408500000,4576.475,4579.425,4571.548,4575.135,0.4501
1774409400000,4575.165,4577.408,4569.238,4569.438,0.6889
1774410300000,4569.438,4573.828,4567.258,4569.738,0.8746
1774411200000,4569.595,4574.005,4565.295,4573.635,0.4984
1774412100000,4574.085,4574.265,4570.498,4573.985,0.3106
1774413000000,4573.905,4574.385,4565.865,4569.305,0.273
1774413900000,4569.245,4573.535,4567.735,4572.248,0.3142
1774414800000,4572.495,4573.295,4566.515,4571.405,0.373
1774415700000,4571.485,4571.485,4553.355,4554.345,0.4714
1774416600000,4554.315,4566.555,4548.898,4566.475,0.7933
1774417500000,4566.435,4566.505,4553.158,4555.215,0.8592
1774418400000,4555.235,4556.655,4532.668,4534.125,0.7989
1774419300000,4534.095,4552.288,4533.965,4550.295,1.0484
1774420200000,4550.305,4556.505,4543.835,4546.405,0.6978
1774421100000,4546.315,4550.465,4543.065,4545.405,0.4921
1774422000000,4545.365,4558.735,4544.555,4556.358,0.4447
1774422900000,4556.358,4562.915,4555.725,4560.795,0.546
1774423800000,4560.855,4560.855,4542.248,4546.348,0.6306
1774424700000,4546.345,4549.655,4536.548,4539.065,0.6647
1774425600000,4539.135,4559.065,4535.428,4558.315,0.5982
1774426500000,4558.555,4567.475,4556.708,4565.445,0.4542
1774427400000,4564.575,4567.205,4553.255,4565.055,0.5022
1774428300000,4565.085,4566.945,4554.895,4556.035,0.4336
1774429200000,4556.015,4567.455,4554.195,4562.075,0.3588
1774430100000,4562.025,4565.995,4554.418,4558.395,0.4016
1774431000000,4558.375,4560.105,4549.038,4550.305,0.4126
1774431900000,4550.525,4555.018,4527.665,4551.755,0.5941
1774432800000,4551.715,4560.745,4551.115,4554.995,0.4366
1774433700000,4554.405,4558.195,4551.295,4555.215,0.2935
1774434600000,4554.845,4558.815,4550.975,4552.135,0.3168
1774435500000,4552.105,4562.265,4551.598,4558.595,0.3488
1774436400000,4558.525,4568.775,4555.835,4567.535,0.3643
1774437300000,4567.735,4582.675,4564.028,4579.615,0.3833
1774438200000,4579.705,4585.475,4579.665,4583.575,0.3792
1774439100000,4582.998,4583.635,4572.06,4578.665,0.5693
1774440000000,4578.605,4583.385,4572.658,4577.635,0.4815
1774440900000,4577.645,4578.915,4539.875,4544.875,0.9685
1774441800000,4544.205,4554.405,4521.695,4547.195,0.7559
1774442700000,4547.195,4552.365,4535.508,4543.715,0.6217
1774443600000,4543.735,4571.065,4540.975,4559.115,0.788
1774444500000,4559.205,4570.365,4551.305,4568.595,0.5531
1774445400000,4568.955,4576.285,4556.218,4561.065,1.0316
1774446300000,4561.125,4563.625,4540.665,4544.565,0.9616
1774447200000,4544.595,4554.965,4532.975,4553.355,0.9822
1774448100000,4553.405,4562.595,4545.975,4562.595,0.8788
1774449000000,4562.595,4568.945,4557.018,4565.305,0.7638
1774449900000,4565.81,4579.075,4563.625,4566.925,0.663
1774450800000,4566.935,4568.781,4549.515,4549.615,0.7656
1774451700000,4549.585,4561.505,4524.915,4560.455,1.0053
1774452600000,4560.525,4564.865,4555.145,4556.915,0.6851
1774453500000,4556.955,4565.675,4553.525,4558.725,0.6618
1774454400000,4558.775,4564.78,4552.035,4553.655,0.7276
1774455300000,4553.625,4560.595,4544.758,4555.485,0.7489
1774456200000,4555.315,4560.685,4550.798,4555.695,0.5926
1774457100000,4555.725,4558.885,4549.605,4555.055,0.4826
1774458000000,4554.838,4557.555,4542.968,4550.915,0.5711
1774458900000,4550.945,4558.085,4542.525,4553.225,0.537
1774459800000,4553.295,4563.645,4550.025,4560.275,0.5072
1774460700000,4560.335,4561.735,4545.595,4550.365,0.5066
1774461600000,4550.365,4568.695,4545.255,4551.195,0.704
1774462500000,4551.175,4556.355,4546.015,4551.578,0.6359
1774463400000,4551.538,4557.525,4546.775,4548.858,0.4971
1774464300000,4548.858,4549.455,4530.665,4537.965,0.5402
1774465200000,4537.925,4539.445,4486.508,4508.845,0.7783
1774466100000,4508.825,4518.535,4502.315,4513.105,0.6578
1774467000000,4512.925,4526.845,4506.155,4522.105,0.5111
1774467900000,4522.085,4533.675,4513.298,4530.835,0.5928
1774468800000,4530.745,4541.755,4522.875,4529.285,0.3791
1774469700000,4529.265,4534.065,4522.155,4523.585,0.1846
1774470600000,4523.715,4524.765,4494.585,4504.355,0.3672
1774471500000,4504.265,4507.185,4501.135,4505.325,0.2616
1774476000000,4508.498,4531.535,4508.445,4511.535,0.4062
1774476900000,4513.105,4519.555,4505.098,4511.465,0.2289
1774477800000,4511.465,4534.525,4507.725,4531.815,0.1526
1774478700000,4531.735,4532.985,4511.915,4517.058,0.4765
1774479600000,4517.138,4517.518,4496.838,4508.615,0.7017
1774480500000,4508.595,4512.765,4496.655,4505.165,0.3284
1774481400000,4505.185,4510.785,4488.575,4494.455,0.436
1774482300000,4494.435,4499.465,4490.995,4497.875,0.5685
1774483200000,4497.845,4527.345,4497.798,4527.345,0.6338
1774484100000,4527.345,4535.235,4523.735,4524.945,0.4948
1774485000000,4524.895,4532.485,4524.335,4527.695,0.3388
1774485900000,4527.925,4538.875,4527.175,4534.938,0.4299
1774486800000,4534.515,4544.275,4531.045,4537.865,0.7082
1774487700000,4537.995,4538.215,4526.478,4534.235,0.5241
1774488600000,4534.265,4537.418,4525.925,4529.945,0.4172
1774489500000,4529.855,4535.538,4522.215,4534.995,0.6994
1774490400000,4535.015,4535.468,4527.115,4530.688,0.6707
1774491300000,4530.688,4532.815,4524.458,4527.955,0.3116
1774492200000,4527.349,4530.225,4511.655,4519.245,0.4602
1774493100000,4518.789,4520.895,4505.535,4508.465,0.4177
1774494000000,4508.395,4511.675,4501.358,4511.125,0.4128
1774494900000,4511.075,4513.455,4499.635,4506.295,0.4388
1774495800000,4506.405,4518.555,4506.145,4515.355,0.3059
1774496700000,4515.305,4516.755,4510.205,4516.425,0.261
1774497600000,4516.585,4518.875,4511.315,4518.145,0.2173
1774498500000,4518.185,4521.755,4515.825,4520.525,0.245
1774499400000,4520.645,4522.145,4516.275,4517.685,0.1825
1774500300000,4517.665,4523.985,4517.585,4520.225,0.2229
1774501200000,4520.245,4522.095,4507.425,4508.505,0.3378
1774502100000,4508.475,4510.905,4488.945,4493.345,0.332
1774503000000,4493.315,4495.455,4479.768,4482.945,0.5583
1774503900000,4482.875,4484.035,4438.585,4438.715,0.7262
1774504800000,4439.055,4450.335,4418.285,4420.828,0.8873
1774505700000,4421.015,4441.295,4415.505,4440.065,0.7215
1774506600000,4440.005,4447.295,4430.365,4446.995,0.5235
1774507500000,4447.505,4459.225,4443.815,4456.175,0.5151
1774508400000,4456.265,4460.335,4442.705,4447.635,0.5378
1774509300000,4448.026,4451.795,4438.755,4448.515,0.4442
1774510200000,4448.485,4463.665,4447.515,4460.285,0.4525
1774511100000,4460.525,4462.915,4450.195,4452.565,0.437
1774512000000,4452.355,4459.075,4439.698,4444.705,0.7029
1774512900000,4444.725,4447.175,4424.845,4427.995,0.8626
1774513800000,4428.015,4437.855,4412.595,4419.505,0.8881
1774514700000,4419.515,4439.678,4418.115,4427.455,0.7759
1774515600000,4427.355,4434.415,4418.085,4430.605,0.7532
1774516500000,4430.595,4436.695,4424.818,4432.125,0.6414
1774517400000,4431.905,4431.905,4414.085,4423.735,0.8939
1774518300000,4423.705,4427.365,4416.448,4423.465,0.5505
1774519200000,4423.495,4428.465,4416.525,4424.565,0.574
1774520100000,4424.595,4447.845,4424.235,4441.515,0.8382
1774521000000,4441.485,4444.275,4423.205,4428.215,0.735
1774521900000,4428.165,4447.315,4424.825,4442.898,0.8863
1774522800000,4443.185,4448.395,4439.738,4441.595,0.7047
1774523700000,4441.635,4456.505,4439.205,4442.918,0.8364
1774524600000,4442.865,4451.715,4437.725,4440.475,0.746
1774525500000,4440.698,4442.205,4418.595,4422.795,0.8484
1774526400000,4422.775,4445.425,4416.335,4441.738,0.8324
1774527300000,4441.918,4444.995,4433.345,4436.355,0.7338
1774528200000,4436.265,4444.625,4431.665,4435.565,0.7451
1774529100000,4436.055,4442.935,4428.235,4429.355,0.8403
1774530000000,4429.205,4445.075,4419.955,4438.005,0.9076
1774530900000,4437.955,4453.645,4434.135,4447.865,0.7331
1774531800000,4447.765,4453.295,4428.818,4453.295,1.2403
1774532700000,4453.265,4460.205,4435.998,4452.238,1.2569
1774533600000,4452.205,4455.958,4436.905,4446.015,1.1414
1774534500000,4446.215,4469.355,4443.805,4458.638,1.1015
1774535400000,4458.658,4479.515,4457.045,4459.965,1.1242
1774536300000,4459.755,4469.105,4445.645,4464.695,1.1824
1774537200000,4464.735,4468.618,4450.805,4455.255,1.2571
1774538100000,4455.325,4458.295,4448.685,4454.115,1.1129
1774539000000,4454.005,4454.005,4436.485,4439.895,0.9414
1774539900000,4439.925,4446.515,4433.498,4437.945,1.1367
1774540800000,4437.945,4442.398,4425.505,4439.548,0.8709
1774541700000,4439.398,4439.518,4386.205,4396.185,1.3629
1774542600000,4396.118,4396.118,4366.455,4381.038,1.2546
1774543500000,4380.665,4392.305,4378.145,4388.965,0.864
1774544400000,4388.775,4402.215,4384.715,4394.435,0.8731
1774545300000,4394.275,4397.195,4376.995,4383.075,0.8274
1774546200000,4382.798,4392.665,4377.105,4385.385,0.7283
1774547100000,4385.315,4390.698,4379.048,4381.205,1.187
1774548000000,4381.095,4390.355,4379.705,4388.075,0.7169
1774548900000,4388.035,4388.185,4367.228,4374.025,0.6971
1774549800000,4374.055,4395.495,4373.155,4392.828,0.588
1774550700000,4392.945,4397.495,4390.148,4394.255,0.4868
1774551600000,4394.285,4399.145,4381.865,4387.715,0.4935
1774552500000,4387.625,4392.055,4377.998,4380.455,0.5309
1774553400000,4380.745,4388.255,4374.858,4378.525,0.5582
1774554300000,4378.565,4379.725,4358.915,4363.765,0.9317
1774555200000,4363.685,4413.385,4350.995,4396.058,0.6598
1774556100000,4396.068,4415.665,4379.135,4404.005,1.1056
1774557000000,4404.205,4420.305,4396.798,4405.425,0.6481
1774557900000,4406.195,4409.575,4372.735,4379.375,0.6836
1774562400000,4389.735,4403.845,4375.775,4400.295,0.4967
1774563300000,4400.315,4407.785,4392.408,4397.965,0.291
1774564200000,4397.548,4415.145,4394.775,4407.348,0.1954
1774565100000,4407.348,4412.348,4393.248,4410.398,0.1849
1774566000000,4410.498,4413.598,4389.405,4392.895,0.3079
1774566900000,4392.405,4401.065,4391.265,4399.165,0.1479
1774567800000,4399.225,4407.755,4395.565,4399.625,0.2741
1774568700000,4399.505,4405.375,4395.955,4404.665,0.1317
1774569600000,4404.775,4410.835,4403.035,4403.765,0.2037
1774570500000,4403.785,4404.445,4382.415,4391.005,0.3364
1774571400000,4390.985,4396.315,4386.958,4390.835,0.2807
1774572300000,4390.865,4390.945,4375.235,4378.425,0.3112
1774573200000,4378.395,4399.175,4377.005,4393.865,0.4759
1774574100000,4394.005,4406.405,4390.698,4406.215,0.3211
1774575000000,4406.255,4420.035,4403.285,4419.215,0.3545
1774575900000,4419.255,4420.275,4411.665,4417.045,0.3086
1774576800000,4417.205,4439.445,4416.755,4434.895,0.4284
1774577700000,4434.745,4436.025,4425.885,4430.485,0.2747
1774578600000,4430.515,4434.175,4424.605,4429.465,0.3182
1774579500000,4429.495,4440.225,4427.785,4431.298,0.297
1774580400000,4431.925,4435.615,4420.975,4429.445,0.2891
1774581300000,4429.475,4436.545,4427.915,4435.035,0.2827
1774582200000,4434.965,4445.935,4430.375,4435.485,0.3275
1774583100000,4435.555,4438.305,4432.098,4437.265,0.1709
1774584000000,4437.315,4439.465,4432.245,4433.445,0.1612
1774584900000,4433.405,4436.915,4431.215,4433.885,0.13
1774585800000,4433.905,4441.995,4433.765,4441.285,0.1317
1774586700000,4441.255,4449.315,4440.315,4446.045,0.1674
1774587600000,4445.645,4447.345,4441.705,4443.625,0.2138
1774588500000,4443.595,4446.895,4440.138,4443.065,0.1681
1774589400000,4443.025,4474.915,4442.485,4465.475,0.5644
1774590300000,4465.465,4468.315,4453.285,4454.315,0.4047
1774591200000,4454.275,4472.555,4451.595,4471.075,0.4332
1774592100000,4470.455,4471.085,4456.595,4463.465,0.3722
1774593000000,4463.465,4468.255,4460.235,4464.535,0.2631
1774593900000,4464.195,4465.105,4454.185,4459.385,0.2971
1774594800000,4459.395,4462.915,4447.555,4454.735,0.3336
1774595700000,4454.695,4457.115,4450.045,4452.055,0.2178
1774596600000,4451.955,4455.765,4446.205,4448.085,0.2926
1774597500000,4448.055,4452.955,4442.455,4447.435,0.2869
1774598400000,4447.465,4450.388,4442.585,4446.755,0.4273
1774599300000,4446.725,4447.085,4430.365,4433.565,0.4144
1774600200000,4433.595,4439.735,4428.755,4434.695,0.3984
1774601100000,4434.585,4438.355,4423.235,4423.795,0.3953
1774602000000,4423.798,4430.735,4420.445,4429.335,0.437
1774602900000,4429.095,4435.975,4428.438,4434.095,0.3927
1774603800000,4434.545,4438.095,4429.618,4432.398,0.3922
1774604700000,4432.368,4432.565,4426.775,4428.615,0.6249
1774605600000,4428.615,4432.585,4423.955,4425.825,0.5758
1774606500000,4426.351,4431.335,4423.465,4428.765,0.2954
1774607400000,4428.795,4430.215,4412.055,4415.575,0.5063
1774608300000,4415.715,4418.965,4410.598,4414.498,0.4443
1774609200000,4414.498,4416.935,4404.025,4412.675,0.5136
1774610100000,4412.745,4416.895,4407.425,4415.145,0.4306
1774611000000,4415.405,4421.685,4413.345,4421.685,0.5079
1774611900000,4421.685,4426.045,4415.495,4419.745,0.385
1774612800000,4419.495,4426.665,4412.295,4424.475,0.4428
1774613700000,4424.535,4434.055,4416.885,4429.315,0.5686
1774614600000,4429.245,4436.995,4424.285,4433.158,0.7663
1774615500000,4433.648,4445.045,4433.648,4437.555,0.8641
1774616400000,4437.605,4443.448,4423.298,4428.255,0.9348
1774617300000,4428.315,4441.405,4417.915,4421.985,0.8636
1774618200000,4421.865,4430.915,4413.338,4428.435,1.427
1774619100000,4428.425,4441.395,4420.775,4430.675,1.0747
1774620000000,4430.465,4462.948,4430.095,4459.305,1.1475
1774620900000,4459.518,4469.665,4451.638,4454.808,1.3261
1774621800000,4454.728,4463.845,4451.338,4463.735,1.3798
1774622700000,4463.815,4514.455,4463.425,4509.495,1.5767
1774623600000,4509.465,4533.575,4501.335,4524.808,1.1634
1774624500000,4524.848,4554.965,4520.368,4542.798,1.5394
1774625400000,4542.998,4552.655,4525.968,4531.655,1.0447
1774626300000,4531.925,4536.025,4520.285,4523.685,0.9213
1774627200000,4523.905,4532.765,4517.745,4528.015,0.6103
1774628100000,4528.155,4533.285,4524.375,4528.155,0.6204
1774629000000,4528.165,4528.595,4505.148,4510.955,0.6032
1774629900000,4510.995,4521.115,4506.918,4515.805,0.5696
1774630800000,4515.835,4521.368,4505.865,4510.815,0.6504
1774631700000,4510.935,4511.455,4486.615,4493.875,0.818
1774632600000,4493.885,4499.775,4485.855,4490.195,0.5743
1774633500000,4490.235,4499.305,4486.085,4486.395,0.5744
1774634400000,4486.378,4498.615,4486.145,4498.225,0.6242
1774635300000,4498.205,4511.175,4498.205,4509.125,1.0996
1774636200000,4508.935,4528.365,4508.405,4525.415,0.5053
1774637100000,4525.395,4525.605,4513.108,4516.448,0.4549
1774638000000,4516.298,4518.848,4506.925,4510.698,0.5264
1774638900000,4510.698,4523.775,4509.678,4522.615,0.4029
1774639800000,4522.565,4525.825,4500.335,4509.805,0.509
1774640700000,4509.785,4522.305,4503.055,4514.115,0.6737
1774641600000,4514.105,4520.295,4506.265,4509.815,0.2914
1774642500000,4509.945,4510.555,4504.305,4506.685,0.1957
1774643400000,4506.465,4512.615,4498.355,4505.415,0.2138
1774644300000,4505.445,4505.525,4490.885,4492.375,0.2729
1774821600000,4491.518,4514.675,4464.048,4496.628,0.6808
1774822500000,4496.315,4511.745,4489.285,4508.575,0.6379
1774823400000,4508.665,4512.705,4490.335,4493.075,0.3761
1774824300000,4493.055,4496.685,4479.538,4483.998,0.3751
1774825200000,4483.998,4491.898,4459.135,4478.155,0.5737
1774826100000,4478.185,4484.415,4471.725,4472.085,0.3061
1774827000000,4472.105,4472.105,4445.298,4451.855,0.7987
1774827900000,4452.205,4455.655,4443.485,4448.495,0.5769
1774828800000,4448.675,4451.155,4417.665,4425.505,0.7734
1774829700000,4425.375,4466.515,4422.345,4448.945,0.8064
1774830600000,4449.005,4458.795,4435.085,4438.055,0.662
1774831500000,4437.995,4442.415,4430.025,4431.775,0.4925
1774832400000,4431.725,4461.635,4431.385,4459.695,0.8251
1774833300000,4459.675,4466.405,4445.165,4448.295,0.7272
1774834200000,4448.495,4475.415,4444.738,4471.155,0.7919
1774835100000,4471.375,4475.055,4461.265,4469.165,0.5947
1774836000000,4469.195,4474.065,4465.015,4472.335,0.5241
1774836900000,4472.555,4473.925,4466.225,4472.555,0.4746
1774837800000,4472.585,4498.965,4458.755,4494.275,0.7375
1774838700000,4494.035,4496.055,4478.715,4481.065,0.6196
1774839600000,4481.095,4508.265,4478.498,4504.125,0.6286
1774840500000,4504.145,4517.445,4503.515,4506.815,0.5427
1774841400000,4506.835,4507.465,4499.575,4503.195,0.3226
1774842300000,4502.915,4507.245,4494.125,4495.665,0.3767
1774843200000,4495.695,4498.365,4486.648,4487.425,0.3205
1774844100000,4487.405,4495.255,4487.095,4490.415,0.295
1774845000000,4490.445,4491.065,4485.885,4487.945,0.2711
1774845900000,4487.995,4498.535,4486.605,4496.325,0.2444
1774846800000,4496.318,4507.725,4496.285,4504.565,0.4135
1774847700000,4504.545,4515.555,4503.848,4505.215,0.3876
1774848600000,4505.195,4515.075,4503.518,4510.225,0.4436
1774849500000,4510.275,4528.215,4509.925,4522.275,0.4159
1774850400000,4522.375,4533.965,4516.315,4530.205,0.5019
1774851300000,4530.185,4535.115,4526.515,4528.365,0.4533
1774852200000,4528.395,4541.635,4526.055,4539.765,0.4001
1774853100000,4539.735,4550.485,4531.005,4532.395,0.4925
1774854000000,4532.305,4534.355,4523.315,4533.845,0.4464
1774854900000,4533.975,4534.635,4520.275,4522.565,0.3648
1774855800000,4522.545,4525.755,4515.585,4520.915,0.4868
1774856700000,4520.945,4527.815,4518.855,4526.965,0.3619
1774857600000,4526.935,4536.745,4524.605,4533.545,0.4822
1774858500000,4533.575,4535.615,4525.515,4528.438,0.4761
1774859400000,4528.398,4537.888,4528.205,4532.648,0.5276
1774860300000,4532.648,4540.245,4532.238,4537.935,0.4376
1774861200000,4537.975,4540.365,4527.895,4529.285,0.3454
1774862100000,4529.265,4536.358,4523.248,4527.355,0.3768
1774863000000,4526.855,4537.875,4523.475,4536.785,0.3155
1774863900000,4536.945,4538.155,4528.365,4532.005,0.3106
1774864800000,4532.785,4536.185,4529.105,4532.785,0.2624
1774865700000,4532.815,4539.775,4527.395,4531.015,0.2692
1774866600000,4531.035,4533.885,4527.865,4533.095,0.2609
1774867500000,4533.175,4535.375,4528.325,4532.125,0.2575
1774868400000,4532.115,4540.365,4525.255,4538.075,0.3498
1774869300000,4537.995,4548.075,4534.745,4543.035,0.4943
1774870200000,4543.295,4565.965,4538.305,4565.935,0.6184
1774871100000,4566.005,4580.465,4555.785,4559.375,0.6108
1774872000000,4559.355,4561.095,4545.015,4556.198,0.4951
1774872900000,4556.198,4567.945,4555.995,4565.635,0.4602
1774873800000,4565.595,4577.695,4563.858,4573.705,0.4949
1774874700000,4573.725,4573.965,4563.535,4569.185,0.4144
1774875600000,4569.345,4578.455,4561.065,4565.725,0.5913
1774876500000,4565.705,4571.225,4558.755,4567.305,0.5316
1774877400000,4567.325,4573.675,4543.025,4543.975,0.9181
1774878300000,4543.975,4547.905,4516.515,4523.165,0.9269
1774879200000,4522.975,4535.695,4517.735,4533.535,0.8767
1774880100000,4533.515,4534.445,4511.748,4518.705,0.8439
1774881000000,4518.625,4533.558,4517.185,4522.605,0.7924
1774881900000,4522.765,4541.365,4521.145,4538.385,0.867
1774882800000,4538.565,4543.275,4531.938,4532.625,0.6545
1774883700000,4532.655,4534.025,4524.445,4531.325,0.6847
1774884600000,4531.305,4553.795,4527.375,4551.625,0.6324
1774885500000,4551.795,4556.565,4545.095,4548.135,0.624
1774886400000,4547.915,4549.405,4537.695,4544.215,0.5972
1774887300000,4544.185,4548.655,4536.525,4536.685,0.5497
1774888200000,4536.595,4548.105,4531.865,4548.015,0.4985
1774889100000,4548.035,4548.555,4536.268,4539.795,0.5071
1774890000000,4539.695,4542.125,4519.275,4522.525,0.558
1774890900000,4522.365,4530.315,4520.205,4527.435,0.5706
1774891800000,4527.288,4527.288,4514.538,4524.135,0.6787
1774892700000,4524.165,4528.345,4511.015,4514.815,0.6074
1774893600000,4514.795,4522.865,4512.915,4518.585,0.5389
1774894500000,4518.645,4521.268,4511.038,4513.615,0.4738
1774895400000,4513.755,4519.235,4512.275,4515.315,0.3959
1774896300000,4515.275,4518.515,4498.215,4498.845,0.4672
1774897200000,4498.865,4504.885,4493.305,4497.625,0.6302
1774898100000,4497.645,4504.015,4492.885,4501.385,0.5238
1774899000000,4501.415,4512.885,4497.935,4504.695,0.6317
1774899900000,4504.375,4518.205,4503.685,4513.095,0.6079
1774900800000,4513.085,4516.245,4505.008,4508.005,0.2638
1774901700000,4508.105,4509.935,4502.015,4505.825,0.1552
1774902600000,4505.775,4506.815,4500.885,4503.495,0.1388
1774903500000,4503.455,4511.125,4502.385,4510.885,0.1369
1774908000000,4510.638,4523.445,4507.245,4507.835,0.2391
1774908900000,4507.835,4514.745,4501.905,4514.515,0.1847
1774909800000,4514.765,4518.695,4508.005,4508.425,0.1119
1774910700000,4508.385,4514.498,4508.125,4510.148,0.2381
1774911600000,4510.148,4510.148,4492.445,4498.695,1.2996
1774912500000,4498.675,4510.075,4497.755,4505.235,0.2087
1774913400000,4505.275,4519.365,4503.615,4518.315,0.1864
1774914300000,4518.295,4521.485,4507.015,4513.325,0.2405
1774915200000,4513.375,4528.285,4510.295,4515.665,0.48
1774916100000,4515.695,4517.805,4482.115,4511.925,0.683
1774917000000,4511.875,4536.675,4505.908,4535.625,0.7229
1774917900000,4535.925,4547.875,4534.975,4547.525,0.8555
1774918800000,4547.025,4550.345,4531.885,4543.685,0.6399
1774919700000,4544.165,4585.585,4543.295,4581.085,0.7565
1774920600000,4581.365,4618.765,4577.148,4617.285,0.9806
1774921500000,4617.335,4619.195,4595.515,4604.805,0.8871
1774922400000,4604.825,4607.055,4588.195,4589.645,0.5197
1774923300000,4589.605,4592.355,4578.148,4582.275,0.4172
1774924200000,4582.245,4588.325,4578.665,4587.025,0.5172
1774925100000,4587.025,4588.075,4565.185,4567.825,0.5256
1774926000000,4567.495,4576.675,4565.665,4569.805,0.4101
1774926900000,4569.945,4571.115,4555.535,4561.385,0.4325
1774927800000,4561.405,4565.505,4550.345,4551.765,0.3467
1774928700000,4551.425,4557.275,4549.838,4556.935,0.3214
1774929600000,4556.915,4565.805,4556.785,4557.175,0.3059
1774930500000,4557.205,4569.235,4556.705,4561.065,0.2444
1774931400000,4561.085,4564.685,4559.528,4563.615,0.2833
1774932300000,4563.635,4568.785,4560.715,4564.615,0.3617
1774933200000,4564.595,4570.385,4547.435,4549.995,0.3427
1774934100000,4550.015,4567.655,4549.685,4560.985,0.2939
1774935000000,4560.955,4579.735,4558.335,4576.705,0.5554
1774935900000,4576.435,4581.515,4566.715,4568.465,0.4684
1774936800000,4568.485,4568.645,4555.965,4559.395,0.5218
1774937700000,4559.405,4564.365,4552.865,4560.198,0.6099
1774938600000,4560.198,4565.348,4555.795,4558.655,0.4626
1774939500000,4558.685,4561.355,4553.895,4556.855,0.4846
1774940400000,4557.005,4563.795,4549.895,4552.215,0.5189
1774941300000,4552.155,4556.515,4543.065,4551.698,0.4864
1774942200000,4551.675,4560.865,4551.525,4559.465,0.4634
1774943100000,4559.495,4565.605,4556.365,4564.205,0.3617
1774944000000,4564.028,4572.965,4560.105,4565.578,0.5188
1774944900000,4565.588,4572.145,4564.418,4571.985,0.3985
1774945800000,4572.005,4574.868,4567.258,4571.205,0.3594
1774946700000,4571.165,4573.795,4566.805,4568.188,0.3545
1774947600000,4568.188,4572.115,4562.845,4567.455,0.3076
1774948500000,4567.425,4570.625,4561.018,4561.935,0.356
1774949400000,4561.965,4562.115,4549.995,4555.475,0.5266
1774950300000,4555.415,4562.245,4551.318,4555.275,0.4572
1774951200000,4555.255,4561.635,4554.895,4556.635,0.2971
1774952100000,4556.655,4560.915,4555.355,4560.315,0.2049
1774953000000,4560.285,4560.508,4529.115,4540.925,0.4224
1774953900000,4540.995,4552.538,4539.768,4546.735,0.3928
1774954800000,4546.885,4563.565,4540.865,4551.185,0.5356
1774955700000,4551.135,4583.055,4549.475,4574.935,0.7784
1774956600000,4574.885,4592.955,4568.588,4591.715,0.6419
1774957500000,4592.075,4592.785,4576.448,4582.115,0.5887
1774958400000,4582.155,4597.295,4573.925,4575.465,0.8268
1774959300000,4575.435,4582.975,4571.195,4579.145,0.6719
1774960200000,4579.195,4589.545,4577.315,4578.715,0.5009
1774961100000,4578.688,4581.045,4568.818,4574.475,0.4253
1774962000000,4574.475,4583.495,4567.555,4581.285,0.6051
1774962900000,4581.325,4587.685,4572.815,4572.998,0.5763
1774963800000,4572.998,4589.115,4567.925,4587.685,0.9239
1774964700000,4587.825,4609.415,4584.895,4606.705,0.9143
1774965600000,4606.295,4624.995,4600.865,4614.538,1.0889
1774966500000,4614.538,4618.975,4602.515,4618.675,0.9178
1774967400000,4619.005,4630.098,4603.835,4607.725,0.9146
1774968300000,4607.895,4610.845,4594.665,4598.835,0.9538
1774969200000,4598.855,4623.655,4598.405,4622.825,0.7969
1774970100000,4622.845,4625.325,4607.555,4609.815,0.7393
1774971000000,4609.925,4621.135,4606.805,4620.555,0.6355
1774971900000,4620.585,4623.338,4607.738,4609.165,0.8879
1774972800000,4609.065,4619.735,4606.795,4611.815,0.6295
1774973700000,4611.745,4618.515,4608.975,4617.475,0.438
1774974600000,4617.495,4651.115,4614.765,4641.125,0.9466
1774975500000,4641.145,4649.795,4630.865,4638.045,1.0268
1774976400000,4638.005,4655.705,4635.965,4642.555,0.8328
1774977300000,4642.595,4657.665,4640.345,4648.395,0.8507
1774978200000,4648.285,4663.495,4645.265,4660.065,0.8723
1774979100000,4660.045,4667.145,4653.008,4654.205,0.7621
1774980000000,4654.125,4668.558,4653.215,4665.535,0.7261
1774980900000,4665.615,4668.495,4659.605,4664.145,0.6954
1774981800000,4664.265,4670.715,4659.775,4667.265,0.5655
1774982700000,4667.315,4670.305,4663.385,4667.185,0.4507
1774983600000,4667.075,4675.935,4661.575,4670.945,0.5789
1774984500000,4671.415,4680.855,4668.365,4672.498,0.548
1774985400000,4672.555,4683.235,4672.085,4680.775,0.5941
1774986300000,4680.735,4685.325,4679.285,4682.465,0.8315
1774987200000,4682.685,4686.935,4676.255,4678.955,0.3754
1774988100000,4678.935,4681.745,4668.835,4669.365,0.1932
1774989000000,4669.215,4675.285,4666.795,4667.805,0.1779
1774989900000,4667.625,4669.975,4664.445,4668.115,0.2011
1774994400000,4669.735,4681.875,4662.575,4669.055,0.3073
1774995300000,4669.035,4686.178,4662.805,4674.285,0.3063
1774996200000,4674.255,4696.185,4670.845,4684.285,0.3497
1774997100000,4684.165,4686.725,4661.625,4680.148,0.5254
1774998000000,4680.578,4681.748,4672.335,4675.925,0.638
1774998900000,4675.895,4684.235,4671.615,4682.075,0.2161
1774999800000,4682.035,4694.835,4681.585,4690.615,0.2526
1775000700000,4690.585,4699.825,4687.905,4696.065,0.3667
1775001600000,4695.965,4704.505,4693.195,4702.785,0.5784
1775002500000,4702.748,4721.645,4702.105,4721.595,0.6163
1775003400000,4721.595,4722.385,4699.695,4706.105,0.4524
1775004300000,4706.185,4718.985,4703.955,4710.475,0.4138
1775005200000,4710.495,4724.005,4688.965,4707.535,0.799
1775006100000,4707.535,4708.055,4692.185,4707.995,0.5702
1775007000000,4707.965,4708.125,4680.915,4687.525,0.5504
1775007900000,4687.565,4696.935,4686.185,4692.525,0.4889
1775008800000,4693.005,4700.275,4686.485,4693.705,0.4618
1775009700000,4693.635,4697.575,4683.095,4687.045,0.2587
1775010600000,4686.985,4690.295,4677.648,4681.415,0.4871
1775011500000,4681.395,4689.615,4678.135,4684.405,0.4642
1775012400000,4684.315,4692.595,4682.395,4689.195,0.3417
1775013300000,4689.115,4694.095,4684.125,4687.015,0.2769
1775014200000,4687.035,4688.615,4682.715,4686.458,0.1827
1775015100000,4686.495,4688.225,4679.265,4681.558,0.2404
1775016000000,4681.578,4681.715,4672.655,4673.585,0.2212
1775016900000,4673.525,4673.765,4666.605,4672.125,0.2685
1775017800000,4672.238,4676.725,4668.905,4676.545,0.2409
1775018700000,4676.538,4681.358,4672.375,4676.155,0.2614
1775019600000,4676.195,4684.555,4674.535,4682.475,0.1959
1775020500000,4682.495,4689.845,4680.038,4685.955,0.3513
1775021400000,4685.985,4703.195,4685.955,4701.905,0.4204
1775022300000,4701.935,4703.135,4683.468,4684.155,0.5899
1775023200000,4684.135,4697.395,4682.335,4697.395,0.5013
1775024100000,4697.385,4711.115,4692.235,4709.225,0.5499
1775025000000,4709.225,4712.425,4701.785,4708.305,0.5217
1775025900000,4708.395,4732.785,4708.285,4730.115,0.7345
1775026800000,4730.655,4732.185,4713.765,4714.955,0.6007
1775027700000,4715.035,4725.575,4712.675,4722.855,0.3792
1775028600000,4722.885,4747.565,4721.945,4730.585,0.5473
1775029500000,4730.355,4732.625,4709.385,4712.715,0.6278
1775030400000,4712.725,4726.195,4709.995,4718.715,0.5518
1775031300000,4718.785,4735.675,4716.725,4730.225,0.4441
1775032200000,4730.175,4740.185,4725.798,4731.375,0.4866
1775033100000,4731.358,4732.335,4726.065,4728.315,0.318
1775034000000,4728.345,4730.005,4717.605,4717.965,0.3269
1775034900000,4717.935,4723.615,4713.755,4719.265,0.3214
1775035800000,4719.235,4722.525,4712.775,4718.985,0.3036
1775036700000,4718.925,4727.515,4718.925,4722.935,0.3157
1775037600000,4722.925,4724.475,4715.275,4715.525,0.2853
1775038500000,4715.385,4728.835,4715.115,4728.115,0.2817
1775039400000,4728.085,4735.958,4725.855,4734.515,0.2887
1775040300000,4734.815,4738.395,4727.815,4730.985,0.2915
1775041200000,4730.935,4740.225,4728.085,4736.435,0.2926
1775042100000,4736.708,4745.925,4736.125,4744.885,0.3818
1775043000000,4745.425,4762.555,4744.658,4760.075,0.4615
1775043900000,4760.105,4761.185,4752.135,4752.135,0.3503
1775044800000,4752.165,4753.355,4738.925,4742.715,0.3716
1775045700000,4742.115,4745.325,4724.435,4734.91,0.5287
1775046600000,4734.278,4752.785,4728.971,4747.565,0.5384
1775047500000,4747.575,4753.475,4724.155,4724.635,0.8006
1775048400000,4724.535,4733.415,4716.005,4731.505,0.6561
1775049300000,4731.038,4742.145,4730.208,4736.025,0.5295
1775050200000,4736.085,4749.375,4730.555,4743.185,0.8315
1775051100000,4743.225,4748.485,4733.585,4737.565,0.8435
1775052000000,4737.058,4746.755,4723.895,4744.325,0.9179
1775052900000,4744.295,4754.585,4730.235,4741.985,0.8002
1775053800000,4742.015,4756.315,4734.645,4753.815,0.7964
1775054700000,4753.895,4768.605,4752.475,4760.495,0.6978
1775055600000,4760.525,4774.82,4758.285,4764.555,0.7157
1775056500000,4764.545,4776.195,4762.155,4772.945,0.5928
1775057400000,4773.005,4786.505,4769.738,4785.285,0.649
1775058300000,4785.335,4787.936,4782.105,4786.298,0.5348
1775059200000,4786.225,4790.405,4773.925,4774.625,0.6503
1775060100000,4774.625,4783.285,4774.235,4776.048,0.5658
1775061000000,4776.125,4784.755,4774.915,4784.015,0.8135
1775061900000,4784.015,4788.295,4781.525,4786.955,1.4295
1775062800000,4786.855,4793.135,4786.235,4788.315,0.5299
1775063700000,4788.375,4789.685,4782.055,4784.945,0.5682
1775064600000,4785.005,4786.075,4775.395,4781.855,0.5945
1775065500000,4781.885,4783.085,4773.395,4774.018,0.43
1775066400000,4774.025,4774.915,4759.025,4771.025,0.6728
1775067300000,4770.955,4771.605,4752.715,4753.855,0.7715
1775068200000,4753.885,4765.938,4741.805,4756.665,0.8349
1775069100000,4756.705,4758.295,4751.365,4752.935,0.6773
1775070000000,4752.985,4765.125,4751.065,4759.535,0.5721
1775070900000,4759.695,4768.875,4758.305,4765.215,0.4804
1775071800000,4765.305,4777.935,4762.865,4769.075,0.4734
1775072700000,4769.065,4771.308,4757.885,4765.735,0.6881
1775073600000,4765.715,4769.438,4762.365,4768.455,0.2638
1775074500000,4768.475,4770.835,4760.775,4761.855,0.1733
1775075400000,4761.875,4763.465,4754.015,4759.665,0.2206
1775076300000,4759.405,4763.155,4756.235,4757.565,0.1464
1775080800000,4757.505,4761.04,4747.875,4756.255,0.1765
1775081700000,4756.295,4773.735,4752.325,4772.795,0.1814
1775082600000,4772.765,4781.035,4770.215,4775.905,0.3485
1775083500000,4775.875,4782.555,4774.765,4775.878,0.2932
1775084400000,4776.118,4791.495,4772.875,4791.115,0.6037
1775085300000,4791.135,4798.785,4788.375,4794.525,0.3233
1775086200000,4794.538,4800.185,4787.855,4789.175,0.2981
1775087100000,4789.155,4789.415,4777.765,4783.698,0.4788
1775088000000,4783.655,4793.165,4774.755,4792.295,0.5535
1775088900000,4792.325,4798.525,4788.275,4789.465,0.559
1775089800000,4789.465,4795.715,4783.938,4787.005,0.5527
1775090700000,4787.098,4791.715,4783.225,4784.375,0.4645
1775091600000,4784.375,4786.395,4724.045,4750.395,1.2706
1775092500000,4750.415,4752.355,4686.155,4696.405,1.2668
1775093400000,4695.265,4708.255,4648.335,4689.675,1.1478
1775094300000,4689.585,4711.575,4684.495,4696.185,0.9059
1775095200000,4696.108,4703.655,4677.638,4688.098,0.9607
1775096100000,4688.128,4702.318,4687.448,4689.298,1.3527
1775097000000,4689.308,4690.388,4654.838,4675.595,1.3991
1775097900000,4675.615,4689.335,4672.748,4686.785,0.6412
1775098800000,4686.765,4691.565,4677.565,4689.845,0.4874
1775099700000,4689.875,4699.275,4687.755,4691.535,0.3942
1775100600000,4691.505,4692.445,4683.275,4685.665,0.3531
1775101500000,4685.695,4687.525,4675.695,4676.185,0.2907
1775102400000,4676.405,4681.445,4664.475,4668.095,0.3584
1775103300000,4668.165,4672.175,4662.155,4666.025,0.259
1775104200000,4666.055,4669.485,4657.958,4661.558,0.3557
1775105100000,4661.538,4673.175,4656.835,4672.445,0.2652
1775106000000,4672.555,4674.965,4666.085,4670.025,0.2568
1775106900000,4670.055,4680.325,4669.045,4677.105,0.2681
1775107800000,4677.075,4678.975,4628.715,4633.915,0.8347
1775108700000,4634.305,4635.135,4585.405,4593.815,1.0382
1775109600000,4594.045,4596.415,4553.158,4580.495,1.0067
1775110500000,4580.475,4598.825,4573.855,4591.095,0.7562
1775111400000,4591.065,4598.315,4581.305,4588.175,0.6332
1775112300000,4588.135,4608.465,4583.985,4599.065,0.6569
1775113200000,4598.485,4622.045,4596.915,4620.995,0.5003
1775114100000,4620.975,4627.145,4617.325,4620.365,0.4882
1775115000000,4620.395,4641.545,4619.075,4637.215,0.4495
1775115900000,4637.015,4650.985,4635.835,4642.485,0.4076
1775116800000,4642.455,4648.555,4628.685,4640.935,0.558
1775117700000,4640.905,4644.805,4631.205,4634.185,0.4128
1775118600000,4634.105,4643.725,4630.415,4630.415,0.4215
1775119500000,4630.435,4634.275,4616.568,4620.645,0.4168
1775120400000,4620.625,4625.155,4612.745,4623.565,0.3789
1775121300000,4623.565,4631.765,4617.005,4620.685,0.3831
1775122200000,4620.655,4625.285,4615.335,4621.255,0.3185
1775123100000,4621.235,4628.185,4617.498,4621.505,0.3198
1775124000000,4621.745,4634.915,4618.215,4624.835,0.3699
1775124900000,4624.875,4626.595,4603.485,4618.175,0.4178
1775125800000,4618.155,4631.125,4613.155,4624.085,0.4113
1775126700000,4624.045,4629.205,4619.098,4620.265,0.3436
1775127600000,4620.295,4629.715,4616.535,4627.275,0.3709
1775128500000,4627.805,4630.475,4613.945,4614.635,0.3484
1775129400000,4614.605,4617.425,4592.445,4599.745,0.5448
1775130300000,4599.685,4611.835,4595.918,4599.875,0.5324
1775131200000,4599.875,4612.725,4594.315,4612.335,0.7021
1775132100000,4612.355,4630.035,4609.375,4625.445,0.5097
1775133000000,4625.365,4626.565,4615.545,4618.005,0.5506
1775133900000,4618.495,4626.515,4600.058,4601.598,0.5889
1775134800000,4601.695,4613.885,4580.685,4587.225,1.0126
1775135700000,4587.195,4600.065,4580.625,4597.185,0.8252
1775136600000,4597.265,4607.425,4585.818,4601.915,1.162
1775137500000,4601.745,4651.135,4600.205,4645.595,1.1154
1775138400000,4646.035,4659.265,4631.131,4647.495,1.0937
1775139300000,4647.465,4675.625,4645.515,4664.855,1.1556
1775140200000,4664.535,4699.635,4658.765,4693.375,1.277
1775141100000,4692.705,4693.405,4672.105,4681.098,1.2159
1775142000000,4681.045,4683.498,4666.965,4671.915,1.2802
1775142900000,4671.945,4681.618,4657.898,4672.045,1.2402
1775143800000,4672.208,4675.565,4661.878,4665.498,1.6978
1775144700000,4665.668,4666.178,4652.208,4660.745,1.2205
1775145600000,4660.715,4668.245,4647.835,4654.665,0.8641
1775146500000,4654.365,4656.745,4642.618,4650.405,1.0564
1775147400000,4650.385,4669.585,4650.275,4658.545,0.9588
1775148300000,4658.045,4670.248,4656.355,4658.685,0.7996
1775149200000,4658.715,4667.995,4655.788,4663.715,0.7836
1775150100000,4663.678,4665.465,4650.748,4651.565,0.7536
1775151000000,4651.538,4657.985,4645.798,4657.485,0.7746
1775151900000,4657.505,4658.755,4645.535,4648.495,0.8974
1775152800000,4648.825,4658.595,4647.215,4653.205,0.5893
1775153700000,4653.418,4656.495,4649.755,4651.455,0.6982
1775154600000,4651.425,4663.315,4651.425,4662.495,0.5367
1775155500000,4662.455,4671.698,4661.865,4668.138,0.5504
1775156400000,4668.138,4681.535,4668.138,4674.178,0.6648
1775157300000,4674.188,4677.678,4663.898,4664.818,0.749
1775158200000,4664.785,4668.125,4661.175,4665.685,0.659
1775159100000,4665.595,4676.275,4665.445,4671.695,0.6916
1775160000000,4671.745,4676.548,4671.615,4673.455,0.2521
1775160900000,4672.998,4674.048,4664.025,4667.505,0.2506
1775161800000,4667.505,4672.935,4667.485,4668.715,0.2242
1775162700000,4668.615,4677.605,4666.275,4675.805,0.2374
1775426400000,4651.645,4664.715,4613.835,4629.545,0.7141
1775427300000,4629.445,4641.535,4628.925,4635.498,0.5531
1775428200000,4635.558,4645.338,4631.305,4641.998,0.764
1775429100000,4641.998,4652.708,4606.885,4644.778,0.7887
1775430000000,4644.485,4650.258,4626.655,4632.135,0.8101
1775430900000,4632.145,4633.595,4608.155,4609.118,0.4039
1775431800000,4609.118,4616.955,4604.378,4606.795,0.3931
1775432700000,4606.825,4619.228,4606.815,4610.078,0.3858
1775433600000,4610.078,4626.398,4606.535,4625.745,0.6926
1775434500000,4625.775,4628.905,4600.385,4603.055,0.5605
1775435400000,4603.035,4621.295,4602.675,4618.725,0.4262
1775436300000,4618.705,4625.995,4615.325,4622.105,0.3131
1775437200000,4622.175,4642.335,4622.175,4641.285,0.521
1775438100000,4641.325,4642.725,4619.995,4640.515,0.8196
1775439000000,4640.445,4640.718,4622.765,4627.415,0.6929
1775439900000,4627.435,4628.695,4621.145,4625.495,0.431
1775440800000,4625.545,4639.875,4623.505,4635.885,0.4815
1775441700000,4636.215,4671.435,4636.195,4660.785,0.5648
1775442600000,4660.815,4666.178,4643.908,4650.695,0.4137
1775443500000,4650.798,4655.845,4646.985,4647.685,0.339
1775444400000,4647.625,4647.865,4628.615,4632.815,0.3885
1775445300000,4633.035,4636.045,4625.115,4629.995,0.3464
1775446200000,4630.245,4633.285,4625.185,4632.455,0.2904
1775447100000,4632.435,4641.785,4630.455,4640.215,0.236
1775448000000,4640.195,4648.335,4639.635,4643.205,0.2381
1775448900000,4643.225,4646.535,4640.925,4646.495,0.1564
1775449800000,4646.495,4651.015,4642.765,4648.675,0.1592
1775450700000,4648.715,4659.755,4646.625,4658.785,0.1475
1775451600000,4658.805,4676.615,4657.565,4673.335,0.2656
1775452500000,4673.395,4678.445,4666.615,4666.995,0.2124
1775453400000,4667.015,4668.675,4660.795,4661.285,0.1885
1775454300000,4661.165,4667.295,4650.998,4652.258,0.2868
1775455200000,4652.258,4661.525,4642.995,4660.555,0.3388
1775456100000,4660.565,4661.845,4652.285,4656.998,0.281
1775457000000,4656.978,4659.698,4651.478,4655.325,0.315
1775457900000,4655.295,4667.465,4653.415,4665.765,0.4172
1775458800000,4665.745,4666.445,4647.755,4651.655,0.3248
1775459700000,4652.025,4655.365,4644.735,4650.545,0.3193
1775460600000,4650.515,4665.485,4649.945,4664.125,0.2812
1775461500000,4664.095,4688.055,4662.285,4684.485,0.4707
1775462400000,4684.445,4694.125,4680.668,4689.455,0.4468
1775463300000,4689.435,4695.555,4684.245,4691.015,0.3231
1775464200000,4690.645,4695.395,4689.745,4692.825,0.2521
1775465100000,4692.635,4697.975,4691.255,4695.555,0.2581
1775466000000,4695.885,4702.925,4695.865,4700.898,0.4178
1775466900000,4700.845,4703.365,4696.965,4702.095,0.273
1775467800000,4702.135,4706.255,4700.555,4703.215,0.219
1775468700000,4703.195,4704.935,4690.585,4693.345,0.3853
1775469600000,4693.375,4697.335,4685.795,4686.515,0.3291
1775470500000,4686.495,4692.765,4685.905,4689.535,0.2219
1775471400000,4689.505,4696.535,4687.425,4695.125,0.1904
1775472300000,4695.165,4695.545,4684.048,4689.425,0.3656
1775473200000,4689.955,4696.518,4688.575,4689.255,0.3011
1775474100000,4689.275,4692.075,4685.115,4688.225,0.2326
1775475000000,4688.245,4694.195,4685.025,4685.025,0.2591
1775475900000,4684.885,4685.435,4676.755,4677.655,0.2851
1775476800000,4677.615,4686.425,4671.075,4672.275,0.3225
1775477700000,4672.235,4673.815,4659.485,4665.795,0.4114
1775478600000,4665.825,4678.385,4665.345,4676.595,0.4226
1775479500000,4676.575,4681.005,4673.798,4675.515,0.3925
1775480400000,4675.505,4677.215,4661.795,4668.325,0.4867
1775481300000,4668.285,4673.115,4659.455,4668.385,0.3564
1775482200000,4668.945,4678.695,4660.538,4665.188,1.3183
1775483100000,4665.188,4681.248,4661.365,4679.488,1.7156
1775484000000,4679.865,4690.658,4659.658,4672.178,1.3111
1775484900000,4672.198,4687.965,4670.075,4685.598,1.5935
1775485800000,4685.635,4697.575,4677.955,4684.185,1.1857
1775486700000,4684.038,4688.198,4674.765,4682.418,0.963
1775487600000,4682.418,4683.578,4660.665,4661.858,0.8192
1775488500000,4661.778,4669.658,4654.855,4666.885,0.6425
1775489400000,4666.895,4670.675,4651.548,4660.135,0.8528
1775490300000,4660.195,4669.015,4659.215,4667.678,0.645
1775491200000,4667.698,4670.848,4662.075,4669.948,0.61
1775492100000,4669.775,4672.208,4664.635,4665.245,0.5406
1775493000000,4665.265,4670.858,4662.305,4662.915,0.3967
1775493900000,4662.835,4666.445,4657.815,4660.235,0.4935
1775494800000,4660.295,4660.985,4645.318,4653.565,0.7365
1775495700000,4653.435,4660.115,4649.785,4655.875,0.8504
1775496600000,4655.905,4660.415,4651.888,4656.038,0.6261
1775497500000,4656.018,4656.958,4651.378,4653.405,0.4227
1775498400000,4653.495,4666.365,4650.595,4659.075,0.5997
1775499300000,4659.255,4664.435,4658.808,4660.005,0.6132
1775500200000,4660.005,4663.195,4648.758,4650.045,0.5891
1775501100000,4650.045,4658.875,4648.665,4658.135,0.4378
1775502000000,4658.115,4659.135,4650.035,4650.625,0.4207
1775502900000,4650.675,4651.245,4645.255,4649.815,0.3725
1775503800000,4649.815,4653.565,4648.325,4651.565,0.2685
1775504700000,4651.495,4657.855,4651.265,4655.098,0.4106
1775505600000,4655.098,4657.105,4651.895,4656.865,0.1367
1775506500000,4656.845,4657.765,4655.255,4655.695,0.1064
1775507400000,4655.725,4658.125,4650.875,4652.875,0.1533
1775508300000,4652.915,4654.215,4646.848,4648.605,0.1518
1775512800000,4648.898,4667.615,4648.858,4663.235,0.3126
1775513700000,4663.245,4665.915,4658.765,4661.875,0.1718
1775514600000,4661.835,4662.705,4658.585,4658.878,0.1095
1775515500000,4658.838,4661.965,4656.398,4657.838,0.1233
1775516400000,4657.888,4660.648,4656.478,4659.855,0.3276
1775517300000,4659.805,4660.475,4652.965,4654.195,0.0963
1775518200000,4654.345,4656.005,4651.225,4655.005,0.0855
1775519100000,4654.955,4660.165,4654.095,4658.555,0.1376
1775520000000,4659.155,4660.405,4648.845,4657.325,0.3323
1775520900000,4657.205,4660.895,4656.205,4658.895,0.3222
1775521800000,4658.955,4661.065,4657.175,4660.465,0.306
1775522700000,4660.485,4661.32,4654.335,4654.775,0.2262
1775523600000,4654.715,4664.265,4624.528,4640.505,0.8186
1775524500000,4640.525,4657.235,4637.445,4654.348,0.683
1775525400000,4654.485,4662.305,4628.595,4641.485,0.7409
1775526300000,4641.515,4646.975,4616.025,4626.695,0.719
1775527200000,4626.725,4634.165,4619.625,4626.445,0.4542
1775528100000,4626.385,4634.855,4622.625,4634.175,0.2491
1775529000000,4633.395,4646.575,4633.325,4645.935,0.4417
1775529900000,4645.845,4653.618,4644.895,4650.155,0.6553
1775530800000,4650.065,4653.785,4641.115,4644.825,0.611
1775531700000,4644.805,4647.515,4639.395,4642.295,0.3397
1775532600000,4642.265,4647.978,4641.705,4647.668,0.2579
1775533500000,4647.645,4650.705,4646.778,4649.268,0.4872
1775534400000,4649.228,4651.018,4645.185,4645.745,0.5583
1775535300000,4645.775,4650.975,4645.295,4649.775,0.2311
1775536200000,4649.905,4663.818,4649.175,4661.778,0.5263
1775537100000,4661.748,4663.508,4658.818,4659.248,0.5512
1775538000000,4659.788,4660.948,4653.885,4655.335,0.3026
1775538900000,4655.315,4657.585,4630.215,4632.065,0.328
1775539800000,4632.015,4641.335,4622.745,4630.965,0.7831
1775540700000,4631.095,4646.205,4628.945,4642.625,0.4928
1775541600000,4642.625,4647.745,4637.755,4646.788,0.5885
1775542500000,4646.788,4648.895,4637.725,4640.705,0.6379
1775543400000,4640.515,4653.405,4640.515,4652.015,0.5776
1775544300000,4651.995,4656.125,4648.428,4652.945,0.5475
1775545200000,4652.975,4656.615,4648.558,4651.098,0.6523
1775546100000,4651.098,4653.575,4638.398,4639.475,0.8091
1775547000000,4639.435,4646.375,4636.465,4643.305,0.45
1775547900000,4643.585,4646.885,4638.505,4645.795,0.3682
1775548800000,4645.765,4665.125,4643.785,4663.365,0.8279
1775549700000,4663.375,4690.418,4656.735,4677.968,1.0083
1775550600000,4677.858,4687.595,4676.625,4682.665,0.6169
1775551500000,4682.665,4687.205,4678.738,4682.555,0.5345
1775552400000,4682.525,4693.098,4680.548,4684.925,0.508
1775553300000,4684.978,4693.955,4682.245,4686.335,0.7389
1775554200000,4686.285,4686.695,4665.275,4666.655,0.7007
1775555100000,4667.065,4675.545,4658.438,4670.438,0.6327
1775556000000,4670.438,4679.518,4661.995,4676.398,1.0459
1775556900000,4676.408,4680.148,4657.518,4667.815,0.9975
1775557800000,4667.795,4671.625,4653.915,4662.005,0.6311
1775558700000,4661.975,4662.145,4649.095,4651.765,0.6974
1775559600000,4651.785,4655.855,4628.595,4635.365,0.6672
1775560500000,4635.215,4651.735,4632.855,4647.545,0.5588
1775561400000,4647.475,4662.835,4646.795,4662.538,0.565
1775562300000,4662.538,4663.765,4655.765,4659.265,0.4127
1775563200000,4659.535,4665.08,4651.025,4654.378,0.635
1775564100000,4654.358,4670.765,4650.945,4665.315,0.6908
1775565000000,4665.475,4667.198,4655.775,4656.295,0.5645
1775565900000,4656.265,4662.005,4646.398,4651.238,0.7385
1775566800000,4651.258,4659.585,4647.858,4656.595,0.8381
1775567700000,4656.615,4662.598,4650.205,4657.585,0.637
1775568600000,4657.615,4663.205,4635.305,4639.378,1.2729
1775569500000,4639.338,4653.795,4636.945,4643.655,1.1384
1775570400000,4643.635,4644.968,4607.335,4621.675,1.2528
1775571300000,4621.498,4649.376,4609.425,4645.015,1.2409
1775572200000,4645.025,4661.248,4642.058,4646.588,1.4157
1775573100000,4646.445,4656.288,4629.538,4632.935,1.122
1775574000000,4632.735,4643.055,4624.735,4643.055,1.0294
1775574900000,4643.055,4652.975,4640.545,4652.648,1.0745
1775575800000,4652.925,4656.435,4640.198,4645.418,0.8725
1775576700000,4645.418,4659.065,4644.848,4655.098,0.8392
1775577600000,4655.098,4668.108,4652.158,4658.418,1.0627
1775578500000,4658.585,4667.535,4654.055,4662.538,0.8062
1775579400000,4662.538,4663.778,4655.598,4660.638,0.6802
1775580300000,4660.678,4662.665,4656.058,4656.718,0.6204
1775581200000,4656.725,4673.125,4656.158,4667.885,0.7494
1775582100000,4667.638,4667.855,4653.535,4659.898,0.7622
1775583000000,4660.598,4686.415,4660.598,4671.915,0.9651
1775583900000,4671.835,4679.798,4670.885,4675.415,0.8763
1775584800000,4675.385,4684.298,4675.275,4683.698,0.5989
1775585700000,4683.718,4685.678,4676.475,4680.048,1.6165
1775586600000,4680.358,4685.988,4677.138,4679.348,0.8365
1775587500000,4679.358,4679.718,4657.075,4661.798,1.0579
1775588400000,4661.855,4668.555,4660.225,4667.635,0.731
1775589300000,4667.665,4702.565,4666.568,4687.065,1.0966
1775590200000,4687.125,4690.985,4681.478,4686.745,0.8918
1775591100000,4686.755,4718.465,4685.315,4700.415,1.2166
1775592000000,4700.475,4710.475,4696.748,4708.135,0.5833
1775592900000,4708.165,4712.705,4703.655,4709.778,0.3845
1775593800000,4710.495,4716.558,4703.165,4707.655,0.4839
1775594700000,4708.035,4713.518,4700.093,4704.785,0.3386
1775599200000,4718.018,4751.425,4718.018,4731.465,0.6143
1775600100000,4731.495,4735.975,4725.285,4735.195,0.3418
1775601000000,4735.165,4779.685,4712.645,4769.185,0.9382
1775601900000,4769.625,4819.058,4761.175,4817.738,1.064
1775602800000,4817.778,4824.378,4800.498,4817.805,1.5767
1775603700000,4817.825,4828.308,4806.965,4814.365,0.7171
1775604600000,4814.345,4817.155,4803.685,4812.725,0.6483
1775605500000,4812.745,4836.105,4809.825,4832.958,0.5083
1775606400000,4832.958,4856.998,4830.198,4834.635,0.9696
1775607300000,4834.845,4838.465,4818.518,4822.425,0.7094
1775608200000,4822.455,4824.585,4811.268,4813.515,0.576
1775609100000,4813.535,4826.805,4808.615,4817.335,0.5037
1775610000000,4817.375,4824.958,4805.898,4819.775,0.7655
1775610900000,4819.775,4821.925,4791.875,4793.605,0.7341
1775611800000,4793.635,4804.205,4787.965,4799.845,0.6093
1775612700000,4799.865,4814.035,4798.165,4809.905,0.4595
1775613600000,4809.808,4825.165,4809.808,4813.578,0.4886
1775614500000,4813.645,4813.645,4807.508,4811.425,0.3419
1775615400000,4811.405,4820.575,4805.905,4806.575,0.4642
1775616300000,4806.425,4808.925,4798.455,4803.695,0.3413
1775617200000,4803.675,4805.625,4797.715,4798.615,0.3178
1775618100000,4798.575,4805.005,4796.145,4802.775,0.3318
1775619000000,4802.685,4804.705,4794.725,4799.985,0.2393
1775619900000,4799.965,4804.335,4796.115,4797.215,0.2345
1775620800000,4797.295,4801.005,4793.355,4797.125,0.228
1775621700000,4797.105,4803.996,4789.985,4802.035,0.2667
1775622600000,4802.185,4806.475,4800.575,4802.555,0.1867
1775623500000,4802.795,4803.765,4797.625,4803.345,0.1869
1775624400000,4803.305,4810.375,4800.135,4809.205,0.2493
1775625300000,4809.235,4816.365,4806.425,4815.525,0.3431
1775626200000,4815.495,4824.965,4813.575,4822.165,0.4141
1775627100000,4822.135,4843.505,4820.595,4827.275,0.5496
1775628000000,4827.235,4834.835,4820.815,4826.235,0.453
1775628900000,4826.245,4836.355,4824.295,4836.145,0.4389
1775629800000,4836.205,4839.575,4828.925,4835.475,0.426
1775630700000,4835.455,4839.325,4819.645,4819.695,0.4568
1775631600000,4819.675,4820.595,4807.145,4812.225,0.4778
1775632500000,4812.175,4821.105,4809.145,4818.395,0.3942
1775633400000,4818.335,4818.495,4804.925,4808.845,0.3136
1775634300000,4808.835,4820.245,4808.195,4813.045,0.359
1775635200000,4813.355,4819.255,4807.855,4814.938,0.3486
1775636100000,4815.205,4819.555,4798.235,4808.325,0.3673
1775637000000,4808.295,4808.375,4790.145,4793.255,0.4782
1775637900000,4793.235,4803.245,4790.485,4793.585,0.4463
1775638800000,4793.615,4800.825,4792.898,4800.295,0.332
1775639700000,4800.255,4806.405,4794.758,4798.005,0.3641
1775640600000,4797.985,4803.328,4776.355,4782.185,0.4467
1775641500000,4782.215,4788.435,4775.728,4782.798,0.547
1775642400000,4782.838,4789.965,4781.375,4782.398,0.314
1775643300000,4782.115,4782.978,4770.885,4782.218,0.4209
1775644200000,4782.218,4791.885,4779.575,4791.315,0.3274
1775645100000,4791.175,4795.805,4782.098,4782.298,0.4445
1775646000000,4782.298,4790.565,4779.425,4786.898,0.3508
1775646900000,4786.898,4796.815,4782.598,4789.418,0.5158
1775647800000,4789.625,4792.235,4777.865,4789.955,0.4295
1775648700000,4790.005,4802.655,4789.165,4798.138,0.3931
1775649600000,4798.085,4807.005,4797.685,4805.005,0.4262
1775650500000,4805.065,4805.125,4768.128,4783.925,0.8674
1775651400000,4783.955,4797.905,4783.165,4794.575,0.4797
1775652300000,4794.585,4802.185,4794.265,4799.325,0.4246
1775653200000,4799.295,4806.405,4790.518,4792.815,0.6447
1775654100000,4792.758,4798.975,4788.695,4789.908,0.6421
1775655000000,4789.918,4794.398,4773.298,4773.938,1.3683
1775655900000,4773.918,4788.545,4767.945,4777.295,1.0945
1775656800000,4777.168,4791.565,4776.095,4779.725,1.209
1775657700000,4779.785,4785.018,4760.998,4767.375,1.0727
1775658600000,4767.495,4769.895,4750.665,4759.788,1.3111
1775659500000,4759.778,4764.748,4731.905,4735.845,1.185
1775660400000,4735.905,4749.125,4733.855,4743.325,0.9898
1775661300000,4743.098,4757.545,4742.545,4750.765,0.7937
1775662200000,4750.735,4761.525,4750.255,4755.425,0.6754
1775663100000,4755.565,4762.865,4754.305,4756.205,0.51
1775664000000,4756.175,4762.495,4753.565,4753.798,0.5732
1775664900000,4753.798,4754.815,4745.005,4749.845,0.7519
1775665800000,4749.875,4759.935,4747.835,4758.265,0.5751
1775666700000,4758.255,4765.298,4756.215,4760.098,0.9111
1775667600000,4760.098,4764.115,4755.988,4760.435,0.5526
1775668500000,4760.465,4762.265,4745.205,4750.658,0.7165
1775669400000,4750.618,4754.105,4735.818,4740.325,0.6395
1775670300000,4740.305,4741.375,4731.288,4733.745,0.4147
1775671200000,4733.525,4744.295,4726.835,4743.475,0.4452
1775672100000,4743.495,4744.335,4716.935,4722.315,0.8695
1775673000000,4722.933,4724.835,4707.935,4709.125,0.6779
1775673900000,4709.095,4716.785,4703.635,4705.105,0.6048
1775674800000,4704.825,4716.205,4699.235,4715.315,0.5561
1775675700000,4715.295,4718.385,4707.195,4708.405,0.4355
1775676600000,4708.335,4724.545,4707.815,4721.645,0.4868
1775677500000,4721.545,4731.698,4721.375,4730.465,0.5662
1775678400000,4730.298,4731.975,4726.255,4727.605,0.2563
1775679300000,4727.605,4729.825,4721.395,4722.805,0.1685
1775680200000,4722.825,4723.705,4720.765,4722.075,0.1238
1775681100000,4722.055,4724.195,4715.735,4715.835,0.1868
1775685600000,4718.098,4732.525,4708.925,4711.888,0.4489
1775686500000,4711.868,4716.938,4704.075,4713.248,0.8717
1775687400000,4713.288,4719.145,4705.355,4712.435,0.4199
1775688300000,4712.485,4720.055,4711.335,4717.085,0.3673
1775689200000,4715.715,4717.278,4704.998,4708.245,0.5234
1775690100000,4708.205,4715.665,4705.485,4709.805,0.2393
1775691000000,4709.805,4715.435,4706.765,4713.125,0.1622
1775691900000,4713.085,4719.795,4712.285,4715.215,0.2004
1775692800000,4715.375,4715.405,4698.085,4702.065,0.5064
1775693700000,4702.005,4712.055,4700.588,4706.105,0.3123
1775694600000,4706.075,4718.195,4705.215,4718.075,0.3055
1775695500000,4718.115,4718.885,4705.605,4706.515,0.2995
1775696400000,4706.365,4721.775,4699.178,4720.455,0.683
1775697300000,4720.535,4723.195,4702.695,4704.695,0.5261
1775698200000,4704.385,4721.355,4703.745,4717.345,0.4428
1775699100000,4717.875,4728.125,4717.555,4727.155,0.4714
1775700000000,4727.235,4728.665,4720.775,4722.725,0.3477
1775700900000,4722.765,4727.755,4722.345,4725.285,0.1984
1775701800000,4725.315,4732.435,4725.175,4732.065,0.2747
1775702700000,4732.005,4732.595,4717.075,4718.825,0.309
1775703600000,4718.775,4720.065,4711.158,4712.225,0.3905
1775704500000,4712.275,4713.015,4704.898,4712.258,0.3755
1775705400000,4712.335,4714.635,4711.485,4714.525,0.1697
1775706300000,4714.555,4714.605,4706.275,4711.165,0.2757
1775707200000,4711.185,4722.145,4709.435,4721.375,0.194
1775708100000,4721.575,4722.948,4716.778,4716.778,0.1631
1775709000000,4716.778,4723.165,4714.105,4720.548,0.1836
1775709900000,4720.765,4725.038,4719.625,4720.505,0.1687
1775710800000,4720.545,4723.348,4710.445,4713.615,0.2063
1775711700000,4713.635,4726.295,4713.125,4726.035,0.2681
1775712600000,4726.015,4726.375,4715.835,4723.595,0.4225
1775713500000,4723.475,4724.085,4705.515,4712.705,0.4222
1775714400000,4712.725,4724.995,4711.085,4718.825,0.6899
1775715300000,4718.888,4721.565,4712.138,4718.045,0.404
1775716200000,4718.155,4722.815,4711.238,4713.205,0.4977
1775717100000,4713.185,4714.745,4703.185,4712.125,0.5021
1775718000000,4712.245,4730.068,4708.145,4724.195,0.4948
1775718900000,4724.205,4724.455,4705.335,4708.275,0.4649
1775719800000,4708.305,4730.995,4708.305,4722.215,0.551
1775720700000,4722.185,4724.448,4711.235,4724.065,0.4276
1775721600000,4724.005,4726.028,4719.428,4723.795,0.4189
1775722500000,4723.725,4727.545,4720.645,4720.955,0.2809
1775723400000,4721.015,4732.735,4719.895,4729.328,0.2842
1775724300000,4729.358,4733.095,4725.785,4726.025,0.2855
1775725200000,4726.055,4732.965,4722.685,4730.535,0.2825
1775726100000,4730.565,4733.375,4728.685,4729.555,0.2205
1775727000000,4729.378,4732.485,4726.378,4726.458,0.2463
1775727900000,4726.408,4730.415,4723.318,4728.938,0.2438
1775728800000,4728.918,4732.578,4725.505,4727.115,0.2248
1775729700000,4727.165,4739.585,4723.485,4737.885,0.2918
1775730600000,4737.925,4741.155,4736.068,4740.515,0.2213
1775731500000,4740.515,4746.445,4739.045,4740.838,0.3498
1775732400000,4740.798,4743.825,4738.185,4738.875,0.2749
1775733300000,4738.945,4747.495,4738.435,4745.685,0.2579
1775734200000,4745.655,4751.115,4742.875,4750.728,0.3313
1775735100000,4750.755,4757.465,4750.375,4756.335,0.3857
1775736000000,4756.615,4759.385,4741.665,4742.175,0.3803
1775736900000,4742.195,4743.975,4734.695,4737.415,0.3917
1775737800000,4737.415,4747.755,4734.885,4743.505,0.5212
1775738700000,4743.525,4747.175,4737.188,4745.665,0.5911
1775739600000,4745.745,4756.338,4738.505,4754.485,0.6356
1775740500000,4754.658,4758.535,4751.148,4752.238,0.7326
1775741400000,4752.258,4777.015,4750.175,4775.585,1.1282
1775742300000,4775.585,4776.525,4759.365,4764.048,0.9965
1775743200000,4764.048,4775.935,4761.558,4770.608,0.9639
1775744100000,4770.535,4772.995,4759.915,4765.285,0.8796
1775745000000,4765.128,4767.295,4747.075,4755.935,0.7656
1775745900000,4755.885,4768.785,4755.005,4768.545,0.5568
1775746800000,4768.575,4770.325,4760.948,4768.815,0.6613
1775747700000,4768.885,4786.295,4768.885,4778.705,0.8498
1775748600000,4778.865,4797.855,4778.135,4789.865,0.8727
1775749500000,4790.095,4794.035,4784.015,4792.515,0.6787
1775750400000,4792.738,4800.695,4787.645,4788.015,0.649
1775751300000,4787.825,4797.515,4787.495,4792.455,0.5146
1775752200000,4792.745,4795.315,4785.625,4787.095,0.4773
1775753100000,4787.125,4791.055,4784.195,4788.595,0.408
1775754000000,4788.645,4793.795,4786.485,4792.885,0.3901
1775754900000,4792.748,4798.048,4789.855,4792.615,0.4631
1775755800000,4793.312,4801.015,4787.385,4795.025,0.4643
1775756700000,4795.095,4800.845,4795.025,4797.525,0.3431
1775757600000,4797.625,4797.765,4780.255,4783.525,0.6706
1775758500000,4783.558,4788.035,4777.505,4781.875,0.4993
1775759400000,4781.798,4782.115,4768.245,4770.298,0.5243
1775760300000,4770.325,4774.185,4767.498,4771.785,0.431
1775761200000,4771.755,4782.385,4768.675,4779.265,0.4943
1775762100000,4779.295,4780.275,4772.165,4773.405,0.3092
1775763000000,4773.335,4777.815,4769.305,4771.965,0.3241
1775763900000,4771.915,4773.715,4766.675,4768.665,0.3661
1775764800000,4768.855,4771.175,4766.678,4769.585,0.1821
1775765700000,4769.725,4773.135,4766.005,4769.675,0.1143
1775766600000,4769.665,4771.185,4760.505,4763.975,0.1515
1775767500000,4764.115,4768.645,4763.345,4763.345,0.1437
1775772000000,4766.498,4779.285,4765.285,4769.845,0.2145
1775772900000,4769.815,4770.735,4763.475,4764.245,0.1293
1775773800000,4764.385,4767.325,4759.085,4760.975,0.1475
1775774700000,4761.085,4764.475,4758.375,4763.838,0.126
1775775600000,4763.858,4763.918,4757.025,4759.395,0.2646
1775776500000,4759.345,4761.575,4756.695,4758.085,0.0957
1775777400000,4758.105,4762.885,4758.085,4759.845,0.1213
1775778300000,4759.875,4764.065,4758.285,4763.435,0.1254
1775779200000,4763.485,4763.485,4750.475,4754.005,0.3093
1775780100000,4754.015,4758.155,4750.575,4753.415,0.2808
1775781000000,4753.445,4760.915,4753.445,4755.315,0.1913
1775781900000,4755.255,4762.935,4754.455,4762.745,0.1813
1775782800000,4762.705,4767.215,4757.665,4760.515,0.4527
1775783700000,4760.495,4765.245,4757.925,4762.235,0.3292
1775784600000,4762.295,4777.035,4760.125,4771.645,0.4129
1775785500000,4771.505,4773.345,4760.018,4764.335,0.4128
1775786400000,4764.385,4765.235,4748.245,4752.305,0.4302
1775787300000,4752.335,4753.975,4742.125,4744.385,0.3606
1775788200000,4744.345,4749.775,4737.715,4749.375,0.3663
1775789100000,4749.635,4753.545,4747.215,4752.925,0.3418
1775790000000,4752.815,4761.575,4752.805,4759.835,0.3216
1775790900000,4759.775,4761.748,4754.698,4755.635,0.4577
1775791800000,4755.635,4768.265,4755.465,4764.995,0.3124
1775792700000,4765.015,4769.235,4763.625,4766.355,0.1927
1775793600000,4766.325,4767.845,4764.508,4767.035,0.1338
1775794500000,4767.105,4770.525,4765.105,4765.175,0.1315
1775795400000,4765.205,4765.435,4761.375,4762.145,0.1849
1775796300000,4762.075,4765.335,4757.635,4758.255,0.1449
1775797200000,4758.315,4763.085,4756.928,4759.745,0.182
1775798100000,4759.765,4763.885,4758.325,4759.385,0.1548
1775799000000,4759.715,4768.055,4759.045,4764.735,0.3346
1775799900000,4764.705,4768.915,4764.455,4765.465,0.2751
1775800800000,4765.505,4765.625,4755.385,4756.035,0.3632
1775801700000,4756.045,4757.385,4751.495,4755.255,0.3338
1775802600000,4755.275,4758.395,4749.198,4750.535,0.3669
1775803500000,4750.565,4754.045,4742.655,4746.165,0.3631
1775804400000,4745.725,4752.505,4741.045,4746.855,0.288
1775805300000,4746.965,4755.835,4746.035,4753.365,0.2438
1775806200000,4753.605,4757.345,4751.335,4753.805,0.2129
1775807100000,4753.775,4754.765,4747.965,4749.355,0.2059
1775808000000,4749.385,4753.155,4746.985,4749.675,0.2441
1775808900000,4749.625,4749.895,4742.005,4746.775,0.2668
1775809800000,4746.555,4752.145,4740.825,4742.135,0.2106
1775810700000,4742.315,4743.755,4730.205,4740.398,0.3897
1775811600000,4740.735,4746.585,4740.545,4746.565,0.2256
1775812500000,4746.475,4760.555,4744.365,4748.545,0.5153
1775813400000,4748.365,4750.825,4746.045,4750.225,0.2956
1775814300000,4750.195,4752.915,4747.725,4751.355,0.2524
1775815200000,4751.335,4753.125,4742.095,4746.875,0.469
1775816100000,4746.905,4760.468,4746.178,4757.995,0.4691
1775817000000,4758.025,4759.485,4753.648,4755.345,0.3228
1775817900000,4755.305,4759.525,4753.895,4756.895,0.1977
1775818800000,4756.915,4759.325,4753.025,4755.415,0.2282
1775819700000,4755.415,4762.245,4754.175,4761.475,0.2071
1775820600000,4761.405,4766.775,4758.268,4766.775,0.2762
1775821500000,4766.795,4768.445,4762.615,4767.965,0.3861
1775822400000,4768.115,4769.755,4763.365,4766.675,0.3308
1775823300000,4766.725,4770.898,4759.565,4762.435,0.5479
1775824200000,4762.465,4782.315,4761.195,4772.445,0.6598
1775825100000,4772.485,4773.995,4763.385,4771.565,0.4676
1775826000000,4771.615,4777.485,4767.825,4772.145,0.5483
1775826900000,4772.278,4779.875,4765.825,4775.545,0.5319
1775827800000,4775.635,4778.625,4764.615,4768.935,0.7916
1775828700000,4768.905,4777.455,4765.825,4774.405,0.7017
1775829600000,4775.015,4780.378,4766.868,4779.965,0.9061
1775830500000,4780.005,4792.745,4778.895,4790.405,0.8374
1775831400000,4790.345,4794.765,4773.805,4780.545,0.789
1775832300000,4780.715,4783.055,4770.518,4774.418,0.8017
1775833200000,4774.418,4783.535,4769.185,4781.555,1.2377
1775834100000,4781.725,4787.195,4775.815,4775.875,0.7799
1775835000000,4775.825,4778.155,4755.245,4765.665,0.8118
1775835900000,4765.485,4769.725,4758.318,4761.898,0.6243
1775836800000,4761.875,4763.285,4747.105,4763.195,0.7375
1775837700000,4763.255,4765.155,4753.985,4757.985,0.5016
1775838600000,4758.275,4765.125,4755.948,4756.398,0.6257
1775839500000,4756.748,4765.785,4755.658,4763.525,0.5148
1775840400000,4763.605,4766.025,4757.715,4764.325,0.3703
1775841300000,4764.275,4768.405,4761.115,4762.515,0.4608
1775842200000,4762.675,4765.495,4757.995,4758.815,0.3919
1775843100000,4758.695,4764.745,4758.455,4760.155,0.3247
1775844000000,4760.125,4763.655,4750.705,4763.175,0.4508
1775844900000,4763.215,4769.245,4762.505,4765.765,0.3723
1775845800000,4765.885,4772.765,4765.785,4767.975,0.3484
1775846700000,4767.975,4768.035,4762.995,4764.895,0.3315
1775847600000,4764.935,4767.815,4764.165,4766.595,0.36
1775848500000,4766.545,4770.325,4762.845,4763.325,0.3964
1775849400000,4763.465,4765.245,4760.505,4763.555,0.3831
1775850300000,4763.565,4764.305,4758.085,4759.585,0.3981
1775851200000,4759.655,4759.785,4750.958,4753.178,0.2218
1775852100000,4753.195,4753.218,4740.598,4745.218,0.3135
1775853000000,4745.158,4752.098,4744.778,4750.648,0.2923
1775853900000,4750.645,4751.628,4745.125,4746.935,0.7441
1776031200000,4634.998,4690.685,4634.998,4675.635,0.7536
1776032100000,4675.585,4682.425,4643.178,4646.898,1.6506
1776033000000,4647.098,4658.488,4644.478,4657.298,2.0045
1776033900000,4657.255,4659.798,4651.008,4658.398,1.7517
1776034800000,4658.398,4660.008,4651.338,4659.185,1.2636
1776035700000,4659.365,4659.645,4644.015,4653.225,0.3262
1776036600000,4653.165,4659.975,4649.805,4655.195,0.2455
1776037500000,4655.205,4671.685,4655.165,4671.155,0.3071
1776038400000,4671.175,4672.928,4664.325,4671.995,0.3952
1776039300000,4671.965,4675.885,4668.815,4672.725,0.3167
1776040200000,4672.595,4682.945,4670.645,4678.185,0.304
1776041100000,4678.155,4698.615,4677.775,4695.275,0.3499
1776042000000,4694.795,4719.425,4693.405,4715.215,0.6777
1776042900000,4715.095,4721.425,4711.365,4717.255,0.4991
1776043800000,4717.285,4721.395,4710.505,4714.145,0.4323
1776044700000,4714.115,4728.035,4709.645,4721.035,0.4209
1776045600000,4721.005,4725.715,4718.695,4722.355,0.3501
1776046500000,4722.305,4724.595,4718.865,4719.665,0.2164
1776047400000,4719.695,4727.795,4714.895,4715.205,0.3569
1776048300000,4715.155,4721.325,4710.925,4720.295,0.2986
1776049200000,4720.135,4721.465,4711.875,4713.485,0.2472
1776050100000,4713.455,4720.775,4712.745,4718.665,0.2145
1776051000000,4718.625,4723.625,4717.085,4721.925,0.1547
1776051900000,4721.865,4722.205,4716.935,4717.695,0.1281
1776052800000,4717.675,4718.165,4708.335,4714.355,0.1745
1776053700000,4714.415,4715.585,4709.375,4712.395,0.1445
1776054600000,4712.445,4719.105,4708.585,4718.425,0.1632
1776055500000,4717.935,4724.595,4715.875,4722.738,0.194
1776056400000,4722.755,4726.165,4717.998,4718.965,0.1937
1776057300000,4718.985,4721.335,4716.075,4720.275,0.1695
1776058200000,4720.235,4724.575,4717.815,4720.965,0.3387
1776059100000,4720.905,4730.605,4720.295,4729.145,0.6445
1776060000000,4729.125,4729.535,4723.165,4725.845,0.4057
1776060900000,4725.918,4731.685,4725.175,4731.375,0.3582
1776061800000,4731.625,4732.425,4725.215,4726.155,0.3211
1776062700000,4726.175,4726.205,4720.635,4725.445,0.2986
1776063600000,4725.405,4738.465,4724.485,4727.975,0.4403
1776064500000,4727.945,4732.555,4726.245,4730.585,0.2787
1776065400000,4730.715,4733.585,4727.185,4732.035,0.2478
1776066300000,4731.995,4739.815,4727.955,4733.435,0.3194
1776067200000,4733.465,4738.495,4732.215,4732.815,0.3222
1776068100000,4732.815,4734.165,4730.065,4731.945,0.2513
1776069000000,4731.905,4736.205,4720.785,4721.215,0.2885
1776069900000,4721.205,4729.575,4720.065,4723.265,0.2792
1776070800000,4723.285,4728.575,4715.745,4718.995,0.3254
1776071700000,4718.965,4721.255,4714.145,4715.015,0.2331
1776072600000,4715.015,4719.845,4710.385,4714.055,0.2901
1776073500000,4713.748,4716.495,4710.735,4714.545,0.1907
1776074400000,4714.565,4718.915,4713.545,4717.765,0.2087
1776075300000,4717.825,4718.005,4708.135,4712.205,0.2266
1776076200000,4712.278,4718.355,4711.475,4717.935,0.1938
1776077100000,4717.905,4723.745,4717.245,4721.905,0.2435
1776078000000,4721.975,4728.955,4719.845,4721.335,0.3124
1776078900000,4721.445,4723.445,4718.405,4720.835,0.217
1776079800000,4720.645,4722.245,4703.935,4707.505,0.3704
1776080700000,4707.485,4712.015,4703.165,4706.875,0.403
1776081600000,4706.745,4719.945,4703.515,4716.985,0.4489
1776082500000,4717.335,4717.625,4703.485,4710.455,0.3738
1776083400000,4710.455,4716.215,4708.785,4715.495,0.4318
1776084300000,4715.435,4724.895,4715.218,4723.315,0.381
1776085200000,4723.218,4735.975,4722.545,4734.015,0.7471
1776086100000,4734.065,4737.165,4728.588,4732.888,0.5542
1776087000000,4733.355,4736.948,4724.275,4726.645,0.8392
1776087900000,4726.615,4744.315,4721.015,4730.158,1.0097
1776088800000,4730.115,4730.878,4720.415,4727.025,0.7995
1776089700000,4727.185,4727.885,4709.125,4715.105,0.8399
1776090600000,4715.065,4722.345,4708.285,4721.575,0.7117
1776091500000,4721.555,4723.228,4709.785,4718.775,0.5907
1776092400000,4718.715,4719.565,4700.025,4707.555,0.6765
1776093300000,4707.575,4711.345,4702.865,4703.595,0.5814
1776094200000,4703.645,4718.015,4702.065,4712.225,0.6097
1776095100000,4712.205,4715.585,4710.485,4714.225,0.3858
1776096000000,4714.195,4720.695,4708.975,4719.495,0.5077
1776096900000,4719.745,4733.798,4718.475,4729.875,0.6762
1776097800000,4729.888,4740.315,4728.415,4740.015,0.8759
1776098700000,4740.045,4746.09,4731.985,4732.785,0.6652
1776099600000,4732.795,4738.155,4725.258,4730.755,0.4654
1776100500000,4730.945,4749.725,4729.365,4742.805,0.8117
1776101400000,4742.635,4747.225,4742.475,4743.795,0.4382
1776102300000,4743.775,4743.995,4727.035,4729.648,0.4014
1776103200000,4729.725,4732.695,4728.628,4730.025,0.3255
1776104100000,4729.995,4730.955,4723.295,4727.145,0.3642
1776105000000,4727.035,4735.165,4726.615,4733.395,0.3214
1776105900000,4733.355,4740.525,4733.315,4738.245,0.3463
1776106800000,4738.165,4739.265,4730.345,4734.485,0.3263
1776107700000,4734.565,4743.755,4734.565,4742.965,0.2317
1776108600000,4742.785,4747.235,4738.745,4741.585,0.3876
1776109500000,4741.505,4745.495,4739.115,4740.968,0.6959
1776110400000,4740.938,4743.788,4739.438,4742.185,0.2037
1776111300000,4742.205,4743.555,4738.215,4739.075,0.0966
1776112200000,4739.048,4740.308,4738.158,4739.645,0.0896
1776113100000,4739.548,4742.485,4737.915,4739.645,0.1034
1776117600000,4742.318,4755.725,4742.318,4748.118,0.6096
1776118500000,4748.128,4749.475,4745.445,4748.535,0.1369
1776119400000,4748.465,4750.175,4746.035,4750.175,0.0885
1776120300000,4750.358,4759.375,4748.985,4757.468,0.5675
1776121200000,4757.395,4765.668,4757.305,4762.665,0.6574
1776122100000,4762.705,4763.225,4754.475,4755.175,0.1547
1776123000000,4755.205,4761.345,4754.175,4759.325,0.1744
1776123900000,4759.295,4761.518,4756.405,4757.365,0.1546
1776124800000,4757.405,4760.345,4751.285,4759.305,0.311
1776125700000,4759.335,4767.355,4759.258,4762.195,0.2881
1776126600000,4762.215,4775.565,4761.145,4769.878,0.4341
1776127500000,4769.615,4771.695,4767.825,4769.495,0.5221
1776128400000,4769.535,4776.715,4762.195,4775.695,0.5762
1776129300000,4775.895,4776.515,4769.305,4770.185,0.4097
1776130200000,4770.235,4773.095,4764.155,4772.825,0.3631
1776131100000,4772.815,4773.785,4761.465,4764.745,0.3925
1776132000000,4764.745,4770.885,4762.705,4767.855,0.3118
1776132900000,4767.735,4772.395,4767.435,4768.535,0.1392
1776133800000,4768.515,4772.725,4761.795,4772.205,0.332
1776134700000,4772.325,4777.075,4772.165,4774.875,0.3878
1776135600000,4774.855,4775.295,4768.415,4768.805,0.2456
1776136500000,4768.855,4771.028,4765.775,4768.125,0.239
1776137400000,4768.145,4769.375,4765.298,4767.315,0.169
1776138300000,4767.275,4771.805,4767.195,4767.545,0.1401
1776139200000,4767.915,4770.225,4766.695,4768.515,0.0968
1776140100000,4768.465,4776.935,4768.355,4775.755,0.1872
1776141000000,4775.815,4776.135,4771.088,4773.125,0.168
1776141900000,4773.158,4775.718,4772.338,4773.825,0.1682
1776142800000,4773.845,4774.045,4762.978,4765.098,0.2474
1776143700000,4765.135,4767.975,4761.415,4764.405,0.2208
1776144600000,4764.398,4767.045,4757.638,4761.025,0.4618
1776145500000,4760.845,4766.665,4758.995,4759.648,0.4865
1776146400000,4759.618,4769.625,4759.618,4765.865,0.3289
1776147300000,4765.845,4767.925,4763.155,4767.445,0.2315
1776148200000,4767.425,4770.245,4763.985,4769.248,0.2837
1776149100000,4769.248,4782.855,4768.548,4782.005,0.4288
1776150000000,4781.945,4796.185,4780.805,4789.945,0.5995
1776150900000,4789.945,4791.455,4767.575,4772.485,0.5188
1776151800000,4772.455,4779.475,4771.645,4777.765,0.3108
1776152700000,4777.735,4780.475,4773.605,4777.025,0.355
1776153600000,4776.975,4782.865,4774.035,4780.195,0.3252
1776154500000,4780.135,4786.465,4775.425,4785.845,0.4057
1776155400000,4785.855,4789.825,4782.445,4784.565,0.3174
1776156300000,4784.745,4786.685,4781.168,4786.685,0.2222
1776157200000,4786.715,4787.925,4780.125,4785.435,0.249
1776158100000,4785.545,4789.115,4778.375,4778.405,0.2216
1776159000000,4778.415,4779.555,4771.395,4778.205,0.3175
1776159900000,4778.185,4782.215,4772.785,4777.985,0.2522
1776160800000,4778.065,4784.815,4777.898,4782.155,0.2735
1776161700000,4782.175,4787.955,4780.205,4783.745,0.2045
1776162600000,4783.715,4784.405,4751.285,4767.215,0.4137
1776163500000,4767.165,4772.105,4766.615,4768.175,0.2847
1776164400000,4768.145,4776.785,4766.665,4776.425,0.3163
1776165300000,4776.465,4782.885,4774.835,4777.965,0.2607
1776166200000,4778.245,4779.745,4772.985,4777.925,0.2435
1776167100000,4777.985,4782.518,4770.298,4774.578,0.4042
1776168000000,4774.755,4777.365,4768.545,4769.578,0.4171
1776168900000,4769.578,4772.445,4762.455,4768.255,0.5149
1776169800000,4768.225,4776.015,4767.785,4768.645,0.5628
1776170700000,4768.865,4773.485,4761.905,4771.235,0.5065
1776171600000,4771.265,4781.778,4770.965,4781.705,0.5496
1776172500000,4781.685,4792.295,4780.798,4782.565,0.7227
1776173400000,4782.585,4803.115,4779.775,4792.905,1.3518
1776174300000,4792.465,4796.235,4788.745,4794.388,0.8742
1776175200000,4794.388,4803.465,4792.668,4794.665,0.941
1776176100000,4794.705,4810.425,4794.705,4808.908,0.7059
1776177000000,4808.915,4817.598,4798.158,4798.298,0.8069
1776177900000,4798.315,4806.325,4794.948,4803.635,0.6686
1776178800000,4803.645,4803.665,4790.995,4794.375,0.605
1776179700000,4794.405,4805.575,4792.945,4802.395,0.6237
1776180600000,4802.395,4813.465,4802.028,4808.805,0.5586
1776181500000,4809.155,4815.885,4806.285,4807.795,0.5488
1776182400000,4807.865,4813.705,4804.735,4809.225,0.4123
1776183300000,4809.245,4819.018,4806.995,4816.035,0.5033
1776184200000,4816.088,4819.995,4813.285,4814.915,0.4127
1776185100000,4815.058,4817.915,4808.808,4809.885,0.4253
1776186000000,4809.965,4833.295,4809.198,4826.805,0.7149
1776186900000,4826.835,4831.608,4824.598,4825.398,0.5347
1776187800000,4825.398,4841.515,4824.908,4836.848,0.5244
1776188700000,4836.848,4839.525,4834.265,4834.885,0.4387
1776189600000,4834.925,4843.018,4834.225,4838.498,0.4524
1776190500000,4838.508,4839.668,4832.808,4837.415,0.5556
1776191400000,4837.358,4838.768,4833.815,4834.178,0.4334
1776192300000,4834.178,4836.028,4830.615,4835.308,0.4937
1776193200000,4835.375,4842.225,4835.305,4840.745,0.5426
1776194100000,4840.745,4842.098,4838.158,4840.435,0.4705
1776195000000,4840.365,4843.485,4838.298,4840.698,0.419
1776195900000,4840.698,4846.098,4839.865,4844.735,0.6403
1776196800000,4844.725,4845.955,4841.685,4842.455,0.2715
1776197700000,4842.478,4843.105,4839.295,4839.998,0.1533
1776198600000,4840.018,4842.865,4839.605,4841.915,0.1313
1776199500000,4841.735,4842.995,4839.548,4841.155,0.151
1776204000000,4836.618,4850.445,4836.618,4844.425,0.3596
1776204900000,4844.455,4846.705,4835.748,4839.775,0.238
1776205800000,4839.755,4843.105,4837.565,4840.005,0.1578
1776206700000,4840.025,4840.175,4832.928,4834.448,0.2345
1776207600000,4834.448,4843.378,4833.128,4836.775,0.3197
1776208500000,4836.795,4838.995,4834.598,4835.595,0.1867
1776209400000,4835.615,4842.535,4834.598,4842.045,0.2375
1776210300000,4842.075,4843.905,4835.878,4836.935,0.1805
1776211200000,4836.965,4839.805,4831.135,4833.595,0.323
1776212100000,4833.175,4836.205,4828.415,4833.345,0.2824
1776213000000,4833.325,4833.375,4826.855,4829.935,0.1933
1776213900000,4829.885,4837.505,4828.745,4835.315,0.2269
1776214800000,4835.285,4852.255,4827.905,4849.985,0.5817
1776215700000,4849.905,4871.165,4841.838,4850.575,0.6666
1776216600000,4850.485,4851.095,4842.148,4843.048,0.527
1776217500000,4843.148,4848.665,4839.405,4846.855,0.5059
1776218400000,4846.695,4853.125,4843.978,4844.885,0.4258
1776219300000,4845.015,4845.735,4831.948,4834.375,0.2849
1776220200000,4834.498,4834.798,4821.155,4827.975,0.6164
1776221100000,4827.955,4830.185,4820.395,4823.695,0.5015
1776222000000,4823.985,4824.865,4816.548,4820.545,0.4644
1776222900000,4820.565,4827.745,4820.125,4826.325,0.3028
1776223800000,4826.355,4828.505,4824.918,4828.195,0.1898
1776224700000,4828.225,4829.395,4823.728,4823.825,0.1793
1776225600000,4823.745,4826.165,4820.105,4824.938,0.1714
1776226500000,4824.938,4826.325,4820.648,4824.325,0.1352
1776227400000,4824.395,4827.695,4822.678,4823.155,0.1337
1776228300000,4823.155,4825.845,4821.335,4824.505,0.1591
1776229200000,4824.615,4828.285,4822.098,4826.635,0.2901
1776230100000,4826.595,4830.325,4824.215,4826.035,0.2368
1776231000000,4826.055,4827.845,4812.445,4816.645,0.4684
1776231900000,4816.725,4823.495,4814.098,4819.365,0.3662
1776232800000,4819.435,4824.695,4816.295,4818.935,0.3458
1776233700000,4818.945,4819.445,4813.318,4814.665,0.3528
1776234600000,4814.318,4817.685,4810.855,4815.885,0.3613
1776235500000,4815.905,4821.995,4811.038,4811.345,0.3543
1776236400000,4811.655,4816.775,4803.715,4815.575,0.3949
1776237300000,4815.605,4815.965,4805.375,4812.665,0.3352
1776238200000,4812.685,4815.835,4808.258,4810.205,0.2607
1776239100000,4810.175,4812.705,4805.705,4810.955,0.3023
1776240000000,4810.755,4812.435,4804.215,4811.395,0.329
1776240900000,4811.425,4813.968,4805.735,4809.755,0.4192
1776241800000,4809.645,4812.825,4805.205,4809.988,0.2823
1776242700000,4810.215,4821.298,4809.665,4818.185,0.2193
1776243600000,4818.205,4819.345,4792.495,4804.765,0.5505
1776244500000,4804.845,4807.135,4797.238,4797.875,0.3441
1776245400000,4797.165,4803.755,4795.145,4795.925,0.3129
1776246300000,4795.835,4800.195,4785.885,4798.065,0.353
1776247200000,4797.925,4802.935,4794.858,4801.105,0.2965
1776248100000,4801.085,4801.215,4789.915,4794.895,0.4773
1776249000000,4794.865,4800.585,4792.785,4800.025,0.3668
1776249900000,4800.185,4805.025,4799.465,4799.835,0.2893
1776250800000,4799.935,4804.395,4795.355,4802.245,0.2948
1776251700000,4802.205,4806.905,4799.655,4804.765,0.3126
1776252600000,4804.895,4808.515,4802.498,4805.765,0.299
1776253500000,4805.765,4814.805,4803.498,4812.475,0.472
1776254400000,4812.495,4814.125,4806.765,4813.835,0.3684
1776255300000,4813.855,4816.025,4809.798,4812.405,0.3161
1776256200000,4812.485,4815.965,4810.165,4811.495,0.284
1776257100000,4811.465,4815.315,4808.165,4811.335,0.2795
1776258000000,4811.305,4816.138,4808.255,4813.825,0.7305
1776258900000,4813.785,4821.845,4809.895,4821.595,0.466
1776259800000,4821.625,4825.195,4815.585,4820.345,0.7524
1776260700000,4820.325,4829.995,4819.785,4828.595,0.6155
1776261600000,4828.555,4829.525,4820.065,4828.375,0.5532
1776262500000,4828.405,4830.435,4822.085,4825.175,0.5539
1776263400000,4824.898,4825.495,4815.225,4819.075,0.5555
1776264300000,4819.105,4819.335,4813.165,4815.385,0.5194
1776265200000,4815.405,4816.025,4799.898,4809.985,0.6474
1776266100000,4809.965,4810.745,4797.318,4798.015,0.5064
1776267000000,4797.965,4806.195,4786.805,4803.325,0.6023
1776267900000,4803.295,4807.395,4798.438,4801.445,0.4165
1776268800000,4801.435,4810.218,4800.225,4808.355,0.4114
1776269700000,4808.355,4812.295,4804.985,4810.935,0.3636
1776270600000,4810.955,4811.745,4802.608,4804.385,0.4012
1776271500000,4804.355,4807.055,4799.975,4803.755,0.4459
1776272400000,4803.655,4804.745,4797.955,4797.995,0.3299
1776273300000,4797.975,4808.575,4797.975,4801.525,0.413
1776274200000,4801.585,4802.505,4791.965,4793.235,0.4486
1776275100000,4793.255,4795.745,4790.495,4792.315,0.3518
1776276000000,4792.345,4800.595,4790.105,4796.835,0.5012
1776276900000,4796.805,4798.565,4792.638,4794.595,0.342
1776277800000,4794.915,4798.255,4794.415,4796.745,0.3198
1776278700000,4796.785,4801.945,4796.635,4799.705,0.3366
1776279600000,4799.435,4803.315,4797.825,4798.525,0.3166
1776280500000,4798.615,4803.015,4797.575,4802.815,0.2737
1776281400000,4802.655,4802.725,4794.898,4796.605,0.3471
1776282300000,4796.765,4801.265,4794.375,4795.605,0.4948
1776283200000,4795.635,4796.515,4792.518,4793.695,0.1541
1776284100000,4793.615,4795.755,4793.165,4793.755,0.0884
1776285000000,4793.705,4793.705,4789.925,4790.605,0.1073
1776285900000,4790.645,4792.798,4787.595,4789.365,0.1756
1776290400000,4787.135,4799.185,4787.135,4791.685,0.2294
1776291300000,4791.705,4802.145,4791.625,4801.105,0.1806
1776292200000,4801.085,4803.245,4798.955,4800.638,0.102
1776293100000,4800.648,4811.665,4800.648,4807.058,0.1735
1776294000000,4807.058,4812.955,4806.948,4812.485,0.2761
1776294900000,4812.515,4815.615,4812.195,4814.825,0.1258
1776295800000,4814.765,4824.005,4814.285,4822.965,0.2085
1776296700000,4822.925,4826.425,4821.795,4823.205,0.194
1776297600000,4822.995,4831.215,4822.995,4829.445,0.3305
1776298500000,4829.478,4830.985,4822.218,4824.595,0.3206
1776299400000,4824.558,4837.455,4820.578,4832.275,0.2588
1776300300000,4832.245,4837.105,4830.505,4832.398,0.2548
1776301200000,4832.418,4835.985,4828.545,4829.505,0.4284
1776302100000,4829.425,4830.185,4822.535,4823.355,0.3524
1776303000000,4823.305,4825.365,4811.048,4815.785,0.402
1776303900000,4815.835,4821.755,4815.098,4817.725,0.2883
1776304800000,4817.785,4824.765,4817.135,4820.848,0.303
1776305700000,4820.848,4823.148,4818.938,4818.938,0.192
1776306600000,4818.938,4821.195,4812.158,4816.935,0.3338
1776307500000,4816.985,4820.945,4815.145,4819.525,0.255
1776308400000,4819.315,4826.985,4818.895,4826.355,0.2591
1776309300000,4826.335,4826.485,4822.265,4823.635,0.1937
1776310200000,4823.615,4825.735,4818.765,4820.305,0.2174
1776311100000,4820.365,4826.395,4820.285,4823.835,0.1321
1776312000000,4823.735,4827.015,4822.998,4826.765,0.166
1776312900000,4826.785,4829.785,4825.448,4826.205,0.1707
1776313800000,4826.145,4831.215,4824.715,4830.325,0.1628
1776314700000,4830.215,4833.315,4829.128,4832.895,0.1308
1776315600000,4832.875,4838.335,4832.595,4834.105,0.2791
1776316500000,4834.105,4836.015,4831.498,4833.055,0.2029
1776317400000,4833.065,4833.505,4824.298,4824.945,0.4891
1776318300000,4824.815,4829.125,4821.085,4821.105,0.3719
1776319200000,4821.045,4827.835,4820.995,4822.418,0.3598
1776320100000,4822.418,4825.125,4814.105,4815.828,0.4394
1776321000000,4815.375,4824.795,4814.638,4823.965,0.4142
1776321900000,4823.915,4830.465,4822.275,4825.805,0.4592
1776322800000,4825.845,4830.735,4822.998,4824.875,0.4417
1776323700000,4824.845,4829.475,4816.945,4827.925,0.3866
1776324600000,4828.035,4829.885,4824.025,4827.255,0.3145
1776325500000,4827.275,4827.875,4818.888,4820.715,0.2846
1776326400000,4820.805,4821.645,4806.955,4811.505,0.445
1776327300000,4811.505,4814.475,4809.088,4811.095,0.3765
1776328200000,4811.075,4813.235,4806.128,4811.745,0.2972
1776329100000,4811.725,4814.488,4808.065,4813.438,0.2969
1776330000000,4813.438,4817.745,4811.415,4815.885,0.2474
1776330900000,4815.905,4816.795,4811.085,4812.915,0.2097
1776331800000,4812.495,4814.765,4806.535,4814.485,0.2906
1776332700000,4814.505,4815.165,4809.905,4812.635,0.2563
1776333600000,4812.675,4815.485,4806.705,4806.765,0.3256
1776334500000,4806.735,4809.905,4804.855,4806.815,0.2001
1776335400000,4806.835,4812.045,4804.975,4808.075,0.2284
1776336300000,4808.055,4817.015,4806.355,4816.975,0.27
1776337200000,4817.035,4820.345,4816.125,4817.295,0.3397
1776338100000,4817.325,4819.805,4815.195,4815.755,0.2105
1776339000000,4815.845,4819.548,4815.558,4817.515,0.238
1776339900000,4817.475,4822.395,4815.765,4822.015,0.3224
1776340800000,4822.015,4822.915,4811.415,4817.105,0.4534
1776341700000,4817.165,4818.365,4813.675,4814.515,0.2692
1776342600000,4814.475,4820.465,4811.645,4816.708,0.4195
1776343500000,4816.708,4818.895,4813.625,4815.905,0.2969
1776344400000,4815.955,4822.875,4813.875,4816.988,0.5106
1776345300000,4816.988,4821.165,4814.875,4815.315,0.4142
1776346200000,4815.285,4823.575,4812.258,4816.045,0.7651
1776347100000,4815.995,4819.395,4784.745,4794.515,0.9254
1776348000000,4794.358,4805.185,4784.875,4800.575,0.9232
1776348900000,4800.595,4802.855,4790.745,4799.015,0.7171
1776349800000,4799.395,4800.565,4772.898,4787.705,0.7352
1776350700000,4787.395,4793.305,4785.215,4788.575,0.7224
1776351600000,4788.555,4812.695,4788.015,4806.555,0.6557
1776352500000,4806.595,4809.385,4801.785,4801.825,0.502
1776353400000,4801.385,4810.855,4797.855,4802.715,0.6598
1776354300000,4802.815,4808.295,4800.655,4806.835,0.43
1776355200000,4806.955,4810.098,4803.205,4804.705,0.3828
1776356100000,4804.735,4805.725,4796.505,4799.155,0.3757
1776357000000,4799.065,4799.715,4786.395,4789.818,0.6386
1776357900000,4789.815,4793.365,4784.935,4791.865,0.5078
1776358800000,4791.915,4795.165,4789.535,4791.185,0.5391
1776359700000,4791.225,4793.685,4784.425,4784.855,0.4899
1776360600000,4784.855,4789.125,4781.215,4786.925,0.4471
1776361500000,4786.985,4790.615,4782.255,4789.015,0.4347
1776362400000,4789.055,4794.235,4785.345,4789.955,0.5627
1776363300000,4789.565,4792.935,4786.438,4786.825,0.4459
1776364200000,4786.765,4791.165,4786.455,4790.195,0.3581
1776365100000,4789.925,4792.535,4788.055,4789.405,0.3073
1776366000000,4789.435,4794.845,4789.258,4789.705,0.3382
1776366900000,4789.738,4793.575,4789.695,4790.495,0.3071
1776367800000,4790.495,4797.665,4790.445,4797.455,0.2898
1776368700000,4797.515,4798.395,4792.195,4793.445,0.3945
1776369600000,4793.118,4793.655,4789.785,4790.355,0.143
1776370500000,4790.245,4791.465,4788.215,4788.805,0.0757
1776371400000,4788.765,4790.185,4786.155,4788.455,0.0769
1776372300000,4788.605,4790.725,4786.135,4787.975,0.1027
1776376800000,4790.395,4797.635,4790.395,4795.008,0.2534
1776377700000,4795.035,4795.765,4792.148,4793.745,0.09
1776378600000,4793.775,4795.975,4790.665,4795.055,0.1043
1776379500000,4795.115,4796.715,4794.445,4794.568,0.1309
1776380400000,4794.568,4794.808,4791.895,4792.725,0.4607
1776381300000,4792.755,4797.675,4792.165,4794.175,0.0751
1776382200000,4794.145,4795.975,4792.185,4795.555,0.0573
1776383100000,4795.595,4796.465,4791.505,4791.505,0.1173
1776384000000,4791.475,4791.705,4785.635,4789.955,0.2385
1776384900000,4789.945,4792.605,4787.305,4792.565,0.1997
1776385800000,4792.535,4798.355,4792.275,4798.355,0.1961
1776386700000,4798.295,4800.985,4793.515,4794.615,0.1875
1776387600000,4794.665,4795.495,4769.175,4778.595,0.508
1776388500000,4778.615,4784.995,4768,4768.565,0.4427
1776389400000,4768.675,4777.665,4768,4777.378,0.3996
1776390300000,4777.385,4791.185,4774.995,4789.215,0.3529
1776391200000,4789.175,4794.095,4788.055,4790.905,0.3154
1776392100000,4790.915,4791.625,4788.015,4788.575,0.1619
1776393000000,4788.795,4794.495,4788.165,4791.235,0.2777
1776393900000,4791.245,4793.435,4784.145,4784.405,0.2618
1776394800000,4784.335,4797.525,4784.335,4795.635,0.4011
1776395700000,4795.675,4797.915,4792.655,4793.675,0.2605
1776396600000,4793.555,4794.835,4791.645,4794.055,0.1333
1776397500000,4793.995,4796.385,4792.415,4792.948,0.1615
1776398400000,4792.808,4795.965,4792.265,4795.055,0.1344
1776399300000,4795.025,4795.915,4793.308,4795.705,0.1197
1776400200000,4795.675,4801.285,4795.015,4800.745,0.1508
1776401100000,4800.765,4804.305,4798.288,4802.685,0.1732
1776402000000,4802.695,4805.935,4799.455,4804.648,0.2383
1776402900000,4804.648,4804.885,4801.135,4803.048,0.333
1776403800000,4803.048,4805.048,4795.365,4796.225,0.3522
1776404700000,4796.185,4800.215,4793.425,4794.075,0.3074
1776405600000,4794.005,4795.045,4786.655,4787.445,0.3563
1776406500000,4787.445,4789.605,4782.918,4783.545,0.3112
1776407400000,4783.525,4786.965,4779.235,4785.425,0.3476
1776408300000,4785.435,4787.155,4783.755,4784.795,0.2468
1776409200000,4784.975,4790.825,4784.055,4786.985,0.249
1776410100000,4787.065,4792.835,4784.525,4791.495,0.2059
1776411000000,4791.475,4794.565,4782.305,4785.635,0.2448
1776411900000,4785.595,4785.935,4778.598,4784.295,0.2652
1776412800000,4784.255,4790.915,4780.695,4783.475,0.2518
1776413700000,4783.275,4786.985,4782.565,4784.315,0.2183
1776414600000,4784.145,4796.735,4784.135,4796.715,0.2201
1776415500000,4796.695,4796.775,4790.935,4795.825,0.2657
1776416400000,4795.865,4800.785,4792.525,4792.865,0.2263
1776417300000,4792.885,4798.255,4791.835,4795.745,0.1982
1776418200000,4795.765,4798.825,4793.875,4794.545,0.1852
1776419100000,4794.715,4795.085,4789.665,4790.125,0.2249
1776420000000,4790.175,4791.945,4786.835,4791.075,0.253
1776420900000,4791.095,4793.755,4788.505,4789.315,0.1545
1776421800000,4789.365,4789.565,4782.045,4784.735,0.1765
1776422700000,4784.665,4788.145,4782.115,4787.225,0.2495
1776423600000,4787.295,4789.595,4783.355,4786.135,0.1847
1776424500000,4786.175,4793.215,4784.385,4792.835,0.183
1776425400000,4792.715,4798.535,4789.555,4798.405,0.2004
1776426300000,4798.445,4811.555,4798.445,4798.935,0.4261
1776427200000,4799.005,4805.515,4797.418,4803.695,0.2906
1776428100000,4803.645,4819.238,4802.925,4816.688,0.4996
1776429000000,4817.216,4824.945,4814.928,4823.235,0.5833
1776429900000,4823.315,4847.615,4821.545,4846.195,1.0042
1776430800000,4846.215,4889.335,4834.825,4882.815,1.0251
1776431700000,4882.795,4883.505,4850.028,4851.195,1.0395
1776432600000,4851.065,4873.325,4848.178,4864.195,1.01
1776433500000,4864.215,4881.765,4851.825,4880.175,0.9476
1776434400000,4880.613,4885.145,4860.525,4866.895,1.0519
1776435300000,4866.955,4880.195,4865.095,4871.195,0.7787
1776436200000,4871.745,4882.678,4868.925,4877.008,1.0987
1776437100000,4877.108,4880.878,4869.285,4872.705,0.8446
1776438000000,4872.885,4880.275,4862.185,4867.445,0.7189
1776438900000,4867.595,4874.435,4862.965,4865.745,0.7731
1776439800000,4865.995,4873.698,4854.595,4858.408,0.6311
1776440700000,4858.538,4871.655,4857.718,4867.145,0.5662
1776441600000,4867.078,4873.065,4863.375,4871.155,0.4532
1776442500000,4871.125,4873.098,4867.235,4867.425,0.4487
1776443400000,4867.445,4872.695,4867.245,4868.085,0.4041
1776444300000,4868.115,4868.705,4864.518,4866.645,0.3825
1776445200000,4866.685,4869.315,4857.565,4862.635,0.5724
1776446100000,4862.685,4864.835,4853.515,4858.275,0.6352
1776447000000,4858.225,4862.685,4853.875,4854.665,0.6043
1776447900000,4854.558,4863.078,4854.415,4862.248,0.4832
1776448800000,4862.325,4866.105,4859.945,4860.645,0.5383
1776449700000,4860.705,4867.798,4858.435,4860.315,0.5237
1776450600000,4860.455,4866.335,4859.975,4861.868,0.4627
1776451500000,4861.758,4862.598,4855.378,4857.858,0.6453
1776452400000,4857.858,4858.518,4853.475,4856.335,0.3925
1776453300000,4856.265,4857.845,4853.878,4856.595,0.2432
1776454200000,4856.555,4860.985,4855.555,4859.975,0.4171
1776455100000,4859.975,4859.975,4852.485,4854.098,0.5166
1776456000000,4854.135,4854.955,4844.445,4845.765,0.3119
1776456900000,4845.695,4851.835,4844.258,4845.518,0.2738
1776457800000,4845.518,4846.538,4833.418,4835.298,0.6734
1776458700000,4835.238,4837.058,4825.925,4829.115,0.736
1776636000000,4767.405,4794.225,4758.085,4789.805,0.9299
1776636900000,4789.865,4794.635,4783.538,4784.565,0.4841
1776637800000,4784.648,4790.365,4778.788,4780.065,0.5498
1776638700000,4780.005,4786.418,4777.498,4778.698,0.4676
1776639600000,4778.698,4778.848,4771.308,4772.215,0.6181
1776640500000,4772.175,4775.735,4767.925,4768.945,0.2237
1776641400000,4769.115,4773.205,4740.768,4751.615,0.3768
1776642300000,4751.945,4755.115,4736.635,4754.945,0.5371
1776643200000,4754.995,4754.995,4744.295,4751.985,0.4987
1776644100000,4752.005,4765.635,4751.455,4765.255,0.4683
1776645000000,4765.215,4767.825,4760.975,4763.975,0.332
1776645900000,4764.025,4774.185,4759.205,4772.105,0.3354
1776646800000,4772.165,4794.245,4771.345,4793.605,0.6573
1776647700000,4793.675,4803.625,4788.395,4802.685,0.4819
1776648600000,4802.785,4812.085,4801.185,4806.198,0.5496
1776649500000,4806.198,4814.035,4805.715,4807.525,0.4539
1776650400000,4807.415,4808.825,4800.505,4800.735,0.4081
1776651300000,4800.705,4803.645,4797.685,4800.085,0.2492
1776652200000,4800.105,4801.765,4794.565,4795.935,0.3762
1776653100000,4795.965,4797.275,4792.908,4796.905,0.3648
1776654000000,4796.935,4798.285,4790.098,4791.185,0.3581
1776654900000,4791.198,4795.745,4788.445,4794.895,0.3083
1776655800000,4794.795,4796.585,4789.575,4793.095,0.2448
1776656700000,4793.065,4794.485,4788.708,4790.645,0.1761
1776657600000,4790.975,4795.455,4790.508,4792.575,0.1569
1776658500000,4792.165,4795.575,4791.525,4794.455,0.17
1776659400000,4794.415,4794.535,4786.858,4787.095,0.1784
1776660300000,4787.175,4793.055,4787.175,4788.715,0.1841
1776661200000,4788.785,4792.905,4784.195,4786.145,0.2084
1776662100000,4786.225,4789.325,4784.778,4787.715,0.2305
1776663000000,4787.725,4795.845,4779.285,4780.565,0.5093
1776663900000,4780.545,4792.935,4780.545,4790.705,0.4225
1776664800000,4790.665,4793.895,4785.405,4790.445,0.4368
1776665700000,4790.435,4790.485,4783.578,4785.835,0.3748
1776666600000,4785.875,4791.855,4785.275,4789.935,0.3477
1776667500000,4789.915,4795.305,4785.265,4795.255,0.3994
1776668400000,4795.635,4801.325,4793.695,4797.355,0.4305
1776669300000,4797.285,4805.605,4794.065,4797.665,0.367
1776670200000,4797.645,4798.635,4789.955,4797.395,0.399
1776671100000,4797.325,4797.455,4786.605,4789.465,0.3442
1776672000000,4789.445,4791.545,4785.835,4788.865,0.3353
1776672900000,4788.865,4792.365,4786.285,4791.785,0.2867
1776673800000,4791.785,4792.405,4788.395,4792.255,0.2354
1776674700000,4792.275,4796.125,4792.045,4796.085,0.2654
1776675600000,4796.025,4797.765,4793.245,4795.525,0.2796
1776676500000,4795.665,4795.665,4791.505,4791.995,0.2244
1776677400000,4792.405,4794.085,4783.235,4791.865,0.3063
1776678300000,4791.815,4796.875,4788.995,4791.335,0.2809
1776679200000,4791.315,4799.405,4789.485,4795.545,0.3164
1776680100000,4795.525,4800.765,4795.025,4797.955,0.2043
1776681000000,4798.005,4799.915,4794.815,4794.865,0.1656
1776681900000,4794.915,4796.955,4794.305,4795.685,0.2165
1776682800000,4795.575,4795.985,4786.675,4789.555,0.3311
1776683700000,4789.395,4790.755,4786.315,4788.155,0.2494
1776684600000,4788.135,4794.655,4787.455,4794.655,0.3008
1776685500000,4794.655,4810.775,4794.515,4810.395,0.4379
1776686400000,4810.325,4812.965,4802.605,4810.865,0.5125
1776687300000,4810.915,4821.848,4803.625,4805.375,0.5796
1776688200000,4805.345,4809.365,4798.795,4805.915,0.4118
1776689100000,4805.965,4808.305,4800.825,4803.295,0.3305
1776690000000,4803.245,4816.845,4799.365,4815.315,0.6577
1776690900000,4815.345,4825.805,4811.775,4824.148,0.5255
1776691800000,4824.148,4826.188,4815.515,4822.255,0.8226
1776692700000,4822.235,4824.295,4816.568,4817.545,0.7432
1776693600000,4817.855,4817.985,4806.655,4815.848,0.8215
1776694500000,4815.845,4826.465,4814.155,4823.025,0.716
1776695400000,4823.055,4827.348,4810.155,4813.795,0.7046
1776696300000,4813.765,4814.515,4792.045,4804.895,0.8102
1776697200000,4804.858,4807.105,4792.425,4797.965,0.7961
1776698100000,4798.005,4809.315,4793.815,4807.845,0.8442
1776699000000,4808.055,4809.075,4799.185,4799.945,0.5464
1776699900000,4799.925,4801.465,4795.015,4799.495,0.4356
1776700800000,4799.515,4801.218,4793.975,4798.178,0.38
1776701700000,4798.195,4801.765,4792.725,4800.975,0.3959
1776702600000,4801.025,4804.298,4798.655,4801.775,0.3623
1776703500000,4801.665,4806.065,4801.455,4805.225,0.4194
1776704400000,4805.445,4810.215,4803.558,4808.485,0.4673
1776705300000,4808.495,4811.205,4806.015,4809.865,0.4306
1776706200000,4809.955,4811.935,4804.808,4809.285,0.4839
1776707100000,4809.255,4809.555,4805.398,4806.515,0.3602
1776708000000,4806.535,4815.755,4806.535,4815.225,0.3801
1776708900000,4815.235,4815.365,4811.525,4813.068,0.4858
1776709800000,4813.068,4815.215,4810.498,4814.098,0.385
1776710700000,4813.975,4816.198,4812.778,4813.798,0.3997
1776711600000,4813.588,4821.058,4813.478,4820.098,0.4267
1776712500000,4820.098,4820.168,4815.738,4816.698,0.3911
1776713400000,4816.698,4816.955,4810.055,4811.178,0.3403
1776714300000,4811.185,4814.165,4810.775,4814.135,0.4698
1776715200000,4813.978,4816.628,4812.475,4813.365,0.1563
1776716100000,4813.395,4816.725,4811.975,4815.735,0.0788
1776717000000,4815.675,4817.018,4812.655,4816.265,0.1884
1776717900000,4816.315,4821.705,4816.028,4820.265,0.1568
1776722400000,4821.098,4832.275,4819.395,4828.795,0.4142
1776723300000,4828.765,4832.845,4828.275,4828.565,0.1709
1776724200000,4828.505,4830.785,4824.895,4830.465,0.1804
1776725100000,4830.315,4831.545,4825.075,4827.318,0.1795
1776726000000,4827.078,4831.338,4823.638,4825.675,0.2781
1776726900000,4825.645,4826.725,4823.635,4825.555,0.0905
1776727800000,4825.515,4825.515,4822.635,4823.845,0.1154
1776728700000,4823.995,4824.535,4819.525,4821.485,0.1252
1776729600000,4821.795,4830.565,4820.045,4828.415,0.2963
1776730500000,4828.035,4829.085,4819.275,4819.505,0.2832
1776731400000,4819.915,4824.665,4816.575,4822.445,0.2566
1776732300000,4822.525,4826.005,4821.325,4823.825,0.2823
1776733200000,4823.845,4824.485,4812.825,4814.545,0.4405
1776734100000,4814.575,4818.485,4814.175,4818.225,0.316
1776735000000,4818.075,4818.655,4808.945,4813.195,0.3393
1776735900000,4813.215,4813.815,4805.365,4809.798,0.403
1776736800000,4809.805,4810.115,4805.715,4806.895,0.3605
1776737700000,4806.945,4808.445,4803.365,4807.325,0.1754
1776738600000,4807.275,4807.485,4802.225,4806.255,0.2952
1776739500000,4806.225,4807.805,4802.115,4806.595,0.2667
1776740400000,4806.645,4807.555,4800.015,4800.245,0.3185
1776741300000,4800.295,4802.025,4793.335,4798.385,0.3907
1776742200000,4798.325,4799.645,4792.345,4794.795,0.2838
1776743100000,4794.765,4797.585,4793.445,4796.945,0.1695
1776744000000,4797.155,4797.675,4793.318,4793.778,0.1697
1776744900000,4793.758,4796.365,4790.928,4791.875,0.2232
1776745800000,4791.835,4794.105,4789.395,4791.385,0.1608
1776746700000,4791.405,4793.265,4788.465,4788.765,0.1622
1776747600000,4789.055,4792.835,4785.675,4789.375,0.2801
1776748500000,4789.405,4791.135,4785.545,4787.385,0.2193
1776749400000,4787.365,4796.725,4786.565,4796.115,0.4005
1776750300000,4796.155,4796.415,4782.785,4783.925,0.4403
1776751200000,4783.945,4790.535,4775.365,4784.845,0.5001
1776752100000,4784.835,4785.815,4775.575,4778.555,0.4782
1776753000000,4778.615,4782.245,4775.815,4780.175,0.5154
1776753900000,4780.125,4783.245,4774.298,4778.535,0.5233
1776754800000,4778.065,4785.438,4772.395,4782.358,0.6397
1776755700000,4782.838,4787.248,4780.085,4783.165,0.5742
1776756600000,4783.165,4786.975,4780.458,4786.295,0.5391
1776757500000,4786.235,4792.405,4784.005,4785.548,0.5236
1776758400000,4785.495,4787.315,4774.318,4775.598,0.8037
1776759300000,4775.565,4789.045,4774.858,4787.055,0.328
1776760200000,4786.965,4792.715,4784.595,4791.515,0.2718
1776761100000,4791.535,4792.735,4785.895,4785.895,0.2268
1776762000000,4786.25,4786.765,4781.235,4784.085,0.2887
1776762900000,4784.065,4787.775,4780.895,4781.978,0.2999
1776763800000,4781.948,4787.365,4781.665,4787.105,0.2269
1776764700000,4787.175,4789.345,4783.075,4783.415,0.2885
1776765600000,4783.435,4785.675,4782.125,4782.685,0.2214
1776766500000,4782.865,4784.715,4780.545,4782.715,0.1907
1776767400000,4782.875,4787.735,4782.365,4786.115,0.1793
1776768300000,4786.095,4790.295,4785.955,4789.685,0.1903
1776769200000,4789.655,4790.055,4775.195,4781.605,0.3585
1776770100000,4781.545,4784.245,4779.005,4783.295,0.2628
1776771000000,4783.265,4794.855,4782.995,4793.005,0.2876
1776771900000,4793.095,4797.935,4791.545,4794.415,0.2956
1776772800000,4794.595,4796.895,4790.658,4790.835,0.3125
1776773700000,4790.775,4791.425,4778.955,4779.925,0.4514
1776774600000,4779.945,4790.305,4764.475,4778.675,0.6651
1776775500000,4778.615,4782.805,4775.975,4778.535,0.5003
1776776400000,4778.955,4783.715,4764.525,4764.955,0.7513
1776777300000,4765.085,4775.175,4759.585,4774.685,0.6324
1776778200000,4774.455,4792.465,4769.925,4788.915,1.0765
1776779100000,4788.875,4794.165,4777.075,4778.825,0.7365
1776780000000,4778.795,4782.485,4773.135,4778.325,0.6152
1776780900000,4778.255,4780.405,4769.515,4773.925,0.5928
1776781800000,4773.845,4774.925,4743.585,4744.715,0.8682
1776782700000,4744.625,4745.515,4723.36,4738.915,1.0998
1776783600000,4739.095,4750.625,4727.595,4747.785,1.0067
1776784500000,4747.815,4757.385,4741.665,4742.245,0.8442
1776785400000,4742.265,4747.545,4736.615,4745.545,0.7306
1776786300000,4745.585,4749.885,4738.555,4741.425,0.6369
1776787200000,4741.385,4746.86,4726.635,4730.105,0.7037
1776788100000,4729.935,4733.945,4719.745,4720.545,0.598
1776789000000,4720.585,4727.415,4719.348,4720.718,0.6643
1776789900000,4720.718,4722.565,4708.065,4710.865,0.6702
1776790800000,4710.935,4718.955,4700.865,4706.205,0.8566
1776791700000,4706.125,4708.475,4697.415,4699.625,0.7781
1776792600000,4699.815,4722.055,4696.645,4717.495,0.8212
1776793500000,4717.535,4718.298,4705.745,4710.875,0.7273
1776794400000,4710.785,4714.455,4703.475,4704.255,0.6051
1776795300000,4704.225,4704.665,4692.088,4696.245,0.8706
1776796200000,4696.265,4703.505,4696.265,4702.905,0.7364
1776797100000,4702.905,4713.805,4698.805,4709.165,0.6782
1776798000000,4709.605,4712.755,4704.078,4707.085,2.1143
1776798900000,4707.085,4714.825,4704.845,4713.715,1.7794
1776799800000,4713.785,4714.565,4668.275,4671.445,1.0319
1776800700000,4671.795,4685.525,4670.725,4678.875,1.7093
1776801600000,4678.875,4702.045,4668.685,4696.755,0.8173
1776802500000,4697.375,4711.035,4694.525,4705.395,0.6042
1776803400000,4705.425,4713.525,4705.028,4711.175,0.3683
1776804300000,4711.138,4720.585,4709.218,4720.045,0.3686
1776808800000,4720.145,4729.035,4715.055,4721.565,0.3823
1776809700000,4721.535,4721.635,4716.165,4718.775,0.1353
1776810600000,4718.745,4719.375,4715.765,4716.655,0.121
1776811500000,4716.645,4719.795,4715.275,4718.998,0.2088
1776812400000,4718.968,4729.535,4717.528,4727.195,0.6312
1776813300000,4727.175,4732.845,4726.085,4729.755,0.2098
1776814200000,4729.805,4733.605,4728.665,4731.525,0.1618
1776815100000,4731.495,4740.345,4731.285,4737.795,0.2681
1776816000000,4737.765,4747.305,4737.765,4742.645,0.3667
1776816900000,4742.675,4745.565,4740.168,4742.295,0.3105
1776817800000,4742.265,4746.845,4741.175,4741.915,0.2494
1776818700000,4741.895,4746.575,4738.258,4739.595,0.2757
1776819600000,4739.505,4745.005,4735.565,4738.075,0.5165
1776820500000,4737.955,4749.005,4737.655,4746.105,0.3583
1776821400000,4746.075,4753.635,4746.055,4749.575,0.4573
1776822300000,4749.545,4754.585,4747.755,4751.985,0.403
1776823200000,4752.205,4755.865,4749.728,4755.515,0.3652
1776824100000,4755.445,4757.815,4753.335,4755.355,0.2017
1776825000000,4755.375,4758.495,4751.155,4751.195,0.3082
1776825900000,4751.088,4757.055,4750.835,4755.525,0.2653
1776826800000,4755.485,4760.735,4752.705,4757.315,0.3321
1776827700000,4757.365,4763.125,4756.555,4762.915,0.2848
1776828600000,4762.835,4764.795,4756.575,4758.925,0.3027
1776829500000,4758.988,4760.455,4756.915,4757.965,0.2197
1776830400000,4757.935,4759.395,4756.538,4757.165,0.1564
1776831300000,4757.205,4757.665,4754.138,4755.665,0.2027
1776832200000,4755.625,4757.125,4752.498,4756.195,0.1917
1776833100000,4756.058,4759.128,4751.868,4754.355,0.2884
1776834000000,4754.375,4756.695,4751.965,4756.545,0.2185
1776834900000,4756.525,4771.385,4755.925,4765.885,0.5178
1776835800000,4765.895,4769.285,4763.535,4767.135,0.391
1776836700000,4767.165,4771.935,4763.915,4767.345,0.3865
1776837600000,4767.335,4767.575,4758.595,4762.595,0.362
1776838500000,4762.585,4767.145,4760.315,4766.875,0.2662
1776839400000,4766.625,4767.595,4763.525,4763.535,0.2607
1776840300000,4763.505,4767.685,4763.125,4767.555,0.2309
1776841200000,4767.525,4772.165,4764.965,4765.495,0.2923
1776842100000,4765.455,4767.805,4762.395,4765.875,0.2779
1776843000000,4765.855,4766.338,4761.965,4763.615,0.243
1776843900000,4763.635,4764.145,4759.345,4760.245,0.2604
1776844800000,4760.315,4762.065,4757.555,4757.775,0.3023
1776845700000,4757.845,4759.825,4753.945,4754.125,0.325
1776846600000,4754.095,4756.815,4751.645,4755.915,0.2875
1776847500000,4755.825,4758.245,4753.525,4756.815,0.2113
1776848400000,4756.845,4761.665,4756.475,4760.445,0.281
1776849300000,4760.415,4761.625,4756.165,4756.165,0.2133
1776850200000,4756.108,4762.285,4754.875,4758.285,0.291
1776851100000,4758.305,4759.015,4752.315,4755.065,0.4143
1776852000000,4755.235,4757.595,4745.585,4748.395,0.4349
1776852900000,4748.395,4755.905,4748.245,4754.425,0.2571
1776853800000,4754.465,4759.335,4753.368,4756.305,0.2422
1776854700000,4756.325,4760.125,4755.025,4759.045,0.1737
1776855600000,4759.075,4760.315,4756.265,4757.135,0.2311
1776856500000,4757.075,4760.625,4756.188,4757.055,0.2238
1776857400000,4757.075,4759.635,4748.225,4748.365,0.2879
1776858300000,4748.395,4753.015,4747.655,4750.115,0.3054
1776859200000,4750.155,4757.285,4749.405,4752.095,0.3183
1776860100000,4752.125,4759.495,4746.925,4752.925,0.3892
1776861000000,4752.985,4754.085,4745.435,4746.565,0.5437
1776861900000,4746.485,4748.125,4742.655,4744.035,0.4445
1776862800000,4744.065,4750.525,4738.995,4742.145,0.6585
1776863700000,4742.175,4749.905,4736.195,4749.798,0.6162
1776864600000,4749.758,4756.375,4742.015,4755.155,0.9236
1776865500000,4755.255,4760.825,4750.645,4752.735,0.7462
1776866400000,4752.685,4757.325,4742.125,4745.225,0.7064
1776867300000,4745.255,4750.535,4742.915,4743.725,0.6398
1776868200000,4743.705,4744.415,4729.835,4733.125,0.813
1776869100000,4733.065,4739.495,4732.038,4735.825,0.8464
1776870000000,4735.885,4740.045,4734.265,4737.575,0.7806
1776870900000,4737.605,4737.605,4729.595,4735.085,0.8506
1776871800000,4735.105,4735.335,4725.875,4727.018,0.8352
1776872700000,4727.175,4731.205,4724.815,4727.415,0.6533
1776873600000,4727.395,4734.765,4725.655,4730.115,0.6079
1776874500000,4730.135,4730.315,4724.015,4726.905,0.533
1776875400000,4726.905,4731.945,4723.685,4728.015,0.5903
1776876300000,4727.865,4730.685,4726.115,4728.495,0.5849
1776877200000,4728.495,4739.285,4728.385,4735.085,0.7165
1776878100000,4735.145,4737.475,4732.605,4734.945,0.4622
1776879000000,4735.215,4738.035,4734.238,4736.005,0.3986
1776879900000,4736.145,4738.235,4733.445,4736.915,0.5254
1776880800000,4736.935,4738.465,4734.875,4735.575,0.3427
1776881700000,4735.335,4735.785,4729.725,4730.045,0.4366
1776882600000,4730.145,4739.455,4730.075,4739.375,0.3808
1776883500000,4739.165,4749.565,4738.635,4741.525,0.5099
1776884400000,4741.545,4743.405,4736.685,4738.425,0.5844
1776885300000,4738.435,4745.265,4738.005,4744.195,0.3745
1776886200000,4744.455,4744.535,4738.285,4739.105,0.3586
1776887100000,4739.185,4741.715,4736.795,4739.985,0.4876
1776888000000,4740.025,4740.295,4734.605,4735.815,0.2176
1776888900000,4735.835,4737.525,4734.265,4736.755,0.1246
1776889800000,4736.755,4739.315,4736.075,4737.315,0.1202
1776890700000,4737.285,4740.525,4737.045,4739.355,0.1178
1776895200000,4739.945,4746.245,4735.738,4736.235,0.189
1776896100000,4736.345,4738.095,4732.215,4732.675,0.1382
1776897000000,4732.795,4735.095,4729.565,4729.725,0.1626
1776897900000,4729.745,4731.725,4725.205,4725.638,0.192
1776898800000,4725.638,4728.085,4723.008,4725.635,0.2813
1776899700000,4725.655,4729.715,4725.115,4727.855,0.1056
1776900600000,4727.895,4727.895,4723.535,4724.255,0.1078
1776901500000,4724.235,4728.945,4724.235,4727.525,0.1543
1776902400000,4727.505,4727.905,4698.535,4699.205,0.5452
1776903300000,4699.285,4742.095,4693.638,4741.235,0.9298
1776904200000,4741.275,4751.808,4740.935,4744.565,0.5628
1776905100000,4744.545,4753.585,4743.325,4747.815,0.4454
1776906000000,4747.485,4749.675,4735.735,4736.655,0.5226
1776906900000,4736.675,4738.445,4726.915,4728.015,0.4904
1776907800000,4728.045,4735.535,4725.655,4733.425,0.4888
1776908700000,4733.445,4736.785,4722.255,4723.045,0.5128
1776909600000,4723.165,4724.535,4706.285,4706.985,0.5628
1776910500000,4706.885,4717.955,4704.685,4713.815,0.5357
1776911400000,4713.785,4715.495,4700.145,4701.085,0.6491
1776912300000,4701.045,4707.075,4698.145,4698.745,0.7105
1776913200000,4698.695,4708.455,4698.095,4701.825,0.6236
1776914100000,4701.855,4705.605,4697.985,4702.895,0.617
1776915000000,4702.925,4706.795,4700.618,4704.535,0.469
1776915900000,4704.625,4707.255,4702.255,4703.705,0.3151
1776916800000,4703.705,4706.165,4700.475,4706.035,0.2671
1776917700000,4706.055,4706.945,4702.525,4705.375,0.2466
1776918600000,4705.245,4706.885,4701.275,4701.465,0.2313
1776919500000,4701.435,4704.355,4698.455,4704.115,0.2619
1776920400000,4704.155,4710.105,4703.065,4707.505,0.3124
1776921300000,4707.505,4709.155,4705.085,4705.565,0.3408
1776922200000,4705.705,4707.115,4692.078,4701.485,0.5274
1776923100000,4701.455,4715.225,4701.445,4713.095,0.482
1776924000000,4713.215,4718.075,4710.425,4711.675,0.4295
1776924900000,4711.675,4714.135,4708.305,4711.815,0.397
1776925800000,4711.785,4717.025,4708.875,4714.925,0.5235
1776926700000,4715.015,4721.035,4711.745,4712.665,0.4904
1776927600000,4712.615,4716.235,4707.215,4712.105,0.6586
1776928500000,4712.065,4713.715,4702.945,4705.885,0.6357
1776929400000,4705.785,4713.585,4703.245,4713.515,0.5076
1776930300000,4713.485,4720.345,4713.165,4719.045,0.5089
1776931200000,4718.965,4724.695,4717.305,4718.155,0.5198
1776932100000,4718.155,4721.645,4714.805,4715.115,0.4235
1776933000000,4715.405,4716.055,4703.275,4703.635,0.6001
1776933900000,4703.545,4707.355,4701.395,4703.155,0.4509
1776934800000,4703.105,4703.515,4694.575,4696.815,0.6174
1776935700000,4696.745,4702.975,4695.455,4700.715,0.5234
1776936600000,4700.715,4702.955,4698.815,4700.745,0.4527
1776937500000,4700.715,4702.075,4694.515,4697.395,0.4652
1776938400000,4697.125,4701.525,4685.015,4688.925,0.601
1776939300000,4688.835,4692.475,4684.205,4686.535,0.5739
1776940200000,4686.625,4696.785,4684.095,4690.575,0.5701
1776941100000,4690.545,4697.055,4689.235,4696.425,0.4254
1776942000000,4696.465,4700.085,4695.285,4697.745,0.4981
1776942900000,4697.515,4703.165,4696.275,4699.045,0.3971
1776943800000,4699.175,4705.795,4696.395,4705.215,0.537
1776944700000,4705.235,4720.825,4704.685,4720.515,0.754
1776945600000,4720.585,4738.538,4719.525,4729.035,1.0404
1776946500000,4729.025,4734.825,4725.795,4733.055,0.6887
1776947400000,4731.586,4742.365,4731.341,4739.295,0.6785
1776948300000,4739.275,4742.985,4731.325,4739.905,0.8432
1776949200000,4740.005,4740.615,4723.675,4725.425,0.7885
1776950100000,4725.495,4730.615,4725.195,4727.245,0.6255
1776951000000,4727.285,4735.515,4724.465,4733.918,1.0287
1776951900000,4733.918,4741.095,4724.085,4724.225,0.8758
1776952800000,4724.115,4728.605,4716.775,4724.045,1.1304
1776953700000,4723.985,4735.755,4723.285,4731.205,0.9112
1776954600000,4731.185,4734.535,4725.625,4730.725,0.9358
1776955500000,4730.755,4736.465,4727.795,4733.495,0.8171
1776956400000,4733.515,4734.685,4726.615,4730.635,0.7675
1776957300000,4730.655,4740.905,4729.655,4733.365,0.7913
1776958200000,4733.405,4734.635,4727.875,4727.945,0.663
1776959100000,4727.995,4728.435,4715.975,4720.275,0.99
1776960000000,4720.345,4722.335,4715.405,4719.235,0.7273
1776960900000,4719.175,4724.895,4718.805,4723.055,0.5467
1776961800000,4722.865,4734.465,4722.515,4733.905,0.5273
1776962700000,4733.915,4736.985,4730.455,4732.835,0.5625
1776963600000,4732.825,4734.385,4705.505,4715.875,1.2975
1776964500000,4715.875,4717.735,4704.305,4706.245,1.2201
1776965400000,4706.205,4713.825,4672.935,4677.315,1.257
1776966300000,4677.425,4710.685,4664.045,4709.135,1.3104
1776967200000,4709.185,4721.915,4707.675,4713.735,1.1704
1776968100000,4713.655,4716.665,4710.245,4716.475,0.8992
1776969000000,4716.505,4720.125,4707.095,4711.145,0.7784
1776969900000,4711.195,4711.805,4699.165,4700.745,0.7134
1776970800000,4700.665,4704.345,4692.525,4696.165,0.9076
1776971700000,4696.225,4702.525,4695.335,4699.985,0.6521
1776972600000,4699.965,4701.005,4689.195,4692.215,0.8589
1776973500000,4692.235,4699.965,4692.005,4695.915,0.9115
1776974400000,4695.945,4698.045,4690.395,4690.545,0.4298
1776975300000,4690.435,4692.415,4686.415,4689.145,0.3011
1776976200000,4689.195,4691.455,4687.955,4691.075,0.1936
1776977100000,4691.115,4694.365,4688.275,4692.355,0.1751
1776981600000,4698.245,4702.195,4694.315,4697.105,0.1908
1776982500000,4697.045,4697.105,4692.055,4692.575,0.1139
1776983400000,4692.635,4696.365,4690.495,4693.435,0.152
1776984300000,4693.445,4694.345,4689.845,4692.865,0.1329
1776985200000,4692.765,4695.138,4689.455,4689.455,0.184
1776986100000,4689.485,4694.375,4686.625,4694.175,0.1913
1776987000000,4694.295,4700.515,4693.285,4697.105,0.2106
1776987900000,4697.145,4699.415,4691.905,4695.025,0.2326
1776988800000,4695.025,4699.875,4690.495,4697.865,0.4791
1776989700000,4697.995,4705.485,4696.285,4705.275,0.3793
1776990600000,4705.255,4707.775,4701.035,4701.385,0.3519
1776991500000,4701.425,4705.665,4697.115,4704.365,0.4204
1776992400000,4704.345,4709.765,4695.535,4709.155,0.6477
1776993300000,4709.125,4710.935,4698.055,4698.125,0.4987
1776994200000,4698.185,4702.015,4690.085,4690.565,0.6063
1776995100000,4690.595,4700.315,4690.025,4699.225,0.4925
1776996000000,4699.195,4700.335,4689.895,4692.945,0.4949
1776996900000,4692.965,4696.065,4681.845,4683.405,0.4285
1776997800000,4683.365,4690.865,4680.005,4683.205,0.5519
1776998700000,4683.235,4683.895,4672.965,4676.445,0.4892
1776999600000,4676.415,4678.035,4668.305,4670.215,0.4911
1777000500000,4670.445,4677.925,4670.045,4674.305,0.4121
1777001400000,4674.335,4678.065,4672.645,4674.965,0.3317
1777002300000,4674.915,4676.775,4671.095,4671.975,0.2647
1777003200000,4671.665,4674.355,4667.255,4669.715,0.2966
1777004100000,4669.745,4670.505,4658.545,4659.335,0.3887
1777005000000,4659.275,4668.395,4657.485,4667.975,0.3963
1777005900000,4668.075,4676.795,4667.945,4674.205,0.3489
1777006800000,4674.275,4676.635,4669.335,4673.405,0.2985
1777007700000,4673.385,4678.395,4671.745,4676.335,0.3008
1777008600000,4676.315,4687.115,4676.295,4682.445,0.4294
1777009500000,4682.455,4686.745,4680.025,4686.345,0.4194
1777010400000,4686.375,4688.035,4680.928,4681.645,0.4458
1777011300000,4681.645,4681.778,4669.895,4671.375,0.4734
1777012200000,4671.345,4676.005,4669.528,4673.605,0.5392
1777013100000,4673.605,4676.465,4666.515,4671.685,0.5069
1777014000000,4671.605,4681.255,4670.735,4680.405,0.3565
1777014900000,4680.365,4684.685,4678.045,4684.245,0.4123
1777015800000,4684.185,4686.065,4682.155,4685.435,0.3719
1777016700000,4685.415,4694.995,4685.135,4694.285,0.444
1777017600000,4694.245,4694.415,4686.265,4687.275,0.5596
1777018500000,4687.375,4697.315,4686.525,4687.715,0.5907
1777019400000,4687.715,4690.015,4684.925,4687.955,0.4282
1777020300000,4687.905,4692.775,4687.575,4690.615,0.3803
1777021200000,4690.635,4695.235,4689.425,4695.135,0.4497
1777022100000,4695.065,4696.535,4682.015,4683.095,0.5646
1777023000000,4683.105,4688.395,4679.235,4685.785,0.4829
1777023900000,4685.815,4686.675,4679.115,4681.815,0.4043
1777024800000,4681.805,4684.565,4680.695,4682.185,0.3787
1777025700000,4682.125,4686.075,4680.215,4682.085,0.385
1777026600000,4682.085,4682.255,4674.455,4678.855,0.4247
1777027500000,4678.975,4680.535,4676.435,4677.625,0.3354
1777028400000,4677.565,4703.075,4677.565,4696.965,0.9517
1777029300000,4696.965,4716.945,4692.265,4715.205,0.9671
1777030200000,4715.225,4717.195,4704.975,4705.255,0.7624
1777031100000,4705.135,4708.085,4702.725,4706.685,0.5396
1777032000000,4706.705,4710.205,4703.195,4708.495,0.7086
1777032900000,4708.535,4711.625,4701.335,4709.995,0.7195
1777033800000,4709.975,4711.455,4698.495,4698.605,0.7015
1777034700000,4698.635,4700.915,4690.155,4700.555,0.7716
1777035600000,4700.765,4705.485,4695.945,4702.825,0.8418
1777036500000,4702.795,4705.045,4693.385,4696.925,0.7738
1777037400000,4696.845,4709.775,4689.545,4708.105,1.1596
1777038300000,4708.285,4717.185,4704.485,4710.665,1.084
1777039200000,4711.475,4739.995,4706.725,4731.425,1.3987
1777040100000,4731.285,4733.875,4721.315,4725.325,1.1526
1777041000000,4725.435,4732.735,4723.495,4730.235,1.0979
1777041900000,4730.235,4731.035,4723.815,4726.225,0.8727
1777042800000,4726.275,4727.065,4718.755,4721.795,0.8685
1777043700000,4721.605,4726.245,4718.475,4721.785,0.7977
1777044600000,4721.785,4729.335,4714.475,4727.555,0.7932
1777045500000,4727.635,4733.155,4723.805,4726.935,1.1827
1777046400000,4726.935,4729.565,4720.165,4720.455,0.8834
1777047300000,4720.385,4725.715,4718.965,4723.215,0.6056
1777048200000,4723.215,4726.965,4719.065,4722.375,0.7108
1777049100000,4722.355,4727.595,4720.185,4726.655,0.6548
1777050000000,4726.655,4730.065,4725.435,4727.735,0.6721
1777050900000,4727.495,4729.195,4722.055,4722.628,0.6368
1777051800000,4722.628,4725.385,4718.785,4722.395,0.6747
1777052700000,4722.395,4727.695,4720.365,4723.245,0.4996
1777053600000,4723.245,4724.715,4719.735,4723.615,0.5067
1777054500000,4723.565,4724.175,4716.805,4716.875,0.5434
1777055400000,4716.905,4720.345,4716.605,4718.715,0.4282
1777056300000,4718.645,4723.075,4717.588,4722.585,0.4265
1777057200000,4722.625,4725.995,4720.825,4722.245,0.4151
1777058100000,4722.155,4723.165,4717.295,4718.845,0.3956
1777059000000,4718.775,4720.455,4715.835,4716.525,0.4312
1777059900000,4716.495,4718.435,4713.515,4716.265,0.7296
1777060800000,4716.115,4717.245,4705.165,4706.515,0.323
1777061700000,4706.495,4709.138,4705.085,4707.895,0.4606
1777062600000,4707.845,4708.675,4705.098,4707.105,0.3936
1777063500000,4707.105,4710.035,4706.215,4707.865,0.4191
1777240800000,4697.248,4703.995,4679.945,4685.185,0.492
1777241700000,4685.205,4688.435,4682.745,4686.585,0.2274
1777242600000,4686.555,4686.555,4681.855,4684.165,0.2305
1777243500000,4684.145,4685.638,4681.495,4684.078,0.2499
1777244400000,4684.078,4684.705,4677.075,4683.415,0.869
1777245300000,4683.445,4684.315,4676.985,4677.095,0.1204
1777246200000,4677.055,4679.655,4674.655,4676.685,0.1931
1777247100000,4676.725,4681.915,4676.725,4679.825,0.1839
1777248000000,4679.715,4680.855,4672.025,4679.595,0.4017
1777248900000,4679.605,4682.035,4677.405,4680.545,0.2417
1777249800000,4680.525,4681.275,4676.585,4680.465,0.215
1777250700000,4680.465,4698.145,4680.425,4697.605,0.3457
1777251600000,4697.555,4709.605,4691.865,4692.535,0.6503
1777252500000,4692.375,4698.675,4690.535,4697.895,0.5582
1777253400000,4697.865,4700.565,4695.515,4697.655,0.4855
1777254300000,4697.605,4706.335,4697.495,4702.415,0.465
1777255200000,4702.445,4706.395,4696.045,4699.485,0.4292
1777256100000,4699.345,4708.035,4698.735,4705.455,0.2998
1777257000000,4705.475,4714.235,4704.135,4713.295,0.4302
1777257900000,4713.435,4723.175,4711.865,4718.055,0.3912
1777258800000,4717.925,4722.015,4716.095,4717.565,0.3268
1777259700000,4717.515,4718.315,4714.105,4715.425,0.2476
1777260600000,4715.505,4729.315,4715.005,4728.105,0.2936
1777261500000,4728.135,4728.575,4722.135,4723.925,0.2449
1777262400000,4723.945,4727.815,4723.365,4727.215,0.1827
1777263300000,4727.245,4727.785,4724.695,4726.715,0.1477
1777264200000,4726.755,4729.875,4725.115,4725.915,0.1889
1777265100000,4725.875,4726.285,4722.495,4724.775,0.1877
1777266000000,4724.805,4725.185,4717.935,4718.075,0.2566
1777266900000,4718.035,4719.735,4715.745,4718.015,0.2203
1777267800000,4718.015,4718.175,4708.765,4711.465,0.4145
1777268700000,4711.435,4713.375,4708.425,4709.875,0.2997
1777269600000,4709.885,4715.565,4709.135,4714.335,0.3775
1777270500000,4714.305,4715.485,4711.215,4714.215,0.3034
1777271400000,4714.165,4714.255,4708.945,4710.535,0.3376
1777272300000,4710.505,4715.265,4709.825,4712.595,0.2745
1777273200000,4712.538,4718.195,4710.565,4716.995,0.5012
1777274100000,4716.995,4718.205,4712.135,4715.985,0.4527
1777275000000,4715.935,4717.205,4713.335,4714.765,0.4083
1777275900000,4714.765,4716.735,4709.785,4713.235,0.4176
1777276800000,4713.285,4714.405,4710.095,4710.915,0.4762
1777277700000,4710.925,4714.065,4709.345,4710.655,0.3746
1777278600000,4710.655,4711.805,4705.305,4711.775,0.3429
1777279500000,4711.795,4714.575,4705.405,4706.735,0.3812
1777280400000,4706.805,4708.145,4702.625,4705.085,0.314
1777281300000,4705.065,4706.605,4701.445,4702.135,0.2709
1777282200000,4702.135,4705.355,4699.155,4704.535,0.2764
1777283100000,4704.475,4704.535,4699.405,4703.555,0.3072
1777284000000,4703.575,4706.755,4701.485,4701.845,0.2349
1777284900000,4701.865,4705.765,4699.405,4704.975,0.2134
1777285800000,4704.995,4710.505,4704.525,4708.955,0.2721
1777286700000,4709.095,4710.865,4707.015,4708.765,0.2939
1777287600000,4708.795,4709.075,4703.825,4703.935,0.2816
1777288500000,4703.955,4706.935,4700.135,4705.105,0.3372
1777289400000,4705.015,4708.495,4700.005,4702.555,0.3526
1777290300000,4702.505,4705.255,4700.785,4704.785,0.2451
1777291200000,4704.825,4709.165,4702.375,4708.835,0.4186
1777292100000,4708.855,4712.475,4701.885,4706.895,0.6023
1777293000000,4706.895,4707.635,4696.905,4698.685,0.6171
1777293900000,4698.585,4704.295,4696.675,4699.015,0.6381
1777294800000,4699.045,4700.505,4693.125,4695.825,0.9042
1777295700000,4695.835,4703.305,4695.365,4699.785,0.6199
1777296600000,4699.865,4702.475,4688.825,4693.195,1.1059
1777297500000,4693.225,4697.285,4689.155,4695.935,1.0274
1777298400000,4695.945,4696.075,4687.835,4692.365,1.0823
1777299300000,4692.365,4696.435,4686.065,4688.805,0.9159
1777300200000,4688.885,4696.585,4683.365,4693.315,1.0193
1777301100000,4693.455,4693.915,4676.395,4678.005,0.9112
1777302000000,4678.045,4679.265,4667.055,4674.395,1.0635
1777302900000,4674.375,4681.015,4671.745,4681.015,0.8468
1777303800000,4681.015,4682.345,4676.835,4677.325,0.6837
1777304700000,4677.215,4677.885,4667.635,4669.805,0.771
1777305600000,4669.805,4674.805,4667.055,4674.445,0.628
1777306500000,4674.415,4677.655,4673.565,4676.175,0.513
1777307400000,4676.195,4679.325,4674.165,4674.655,0.4929
1777308300000,4674.655,4677.905,4674.545,4676.525,0.4005
1777309200000,4676.525,4678.375,4671.525,4673.575,0.5544
1777310100000,4673.575,4679.815,4668.115,4679.625,0.6936
1777311000000,4679.835,4685.935,4679.275,4682.975,0.5691
1777311900000,4682.975,4684.285,4680.855,4682.015,0.4943
1777312800000,4682.035,4682.605,4678.765,4681.295,0.4412
1777313700000,4681.195,4685.325,4680.425,4683.905,0.476
1777314600000,4683.875,4685.225,4682.345,4682.685,0.3803
1777315500000,4682.665,4684.885,4680.465,4680.465,0.3448
1777316400000,4680.445,4681.045,4678.295,4680.105,0.3282
1777317300000,4680.095,4682.505,4679.625,4682.065,0.274
1777318200000,4682.175,4682.275,4676.485,4679.745,0.3497
1777319100000,4679.805,4681.165,4678.215,4680.695,0.5622
1777320000000,4680.665,4681.245,4677.175,4678.995,0.1884
1777320900000,4678.955,4680.595,4678.375,4679.585,0.1213
1777321800000,4679.695,4680.315,4678.525,4679.975,0.1097
1777322700000,4679.955,4682.315,4678.185,4680.565,0.0953
1777327200000,4681.698,4690.955,4681.175,4689.055,0.2371
1777328100000,4688.975,4689.685,4686.645,4688.745,0.1078
1777329000000,4688.785,4689.565,4685.995,4687.025,0.0979
1777329900000,4687.055,4687.715,4685.925,4687.455,0.0831
1777330800000,4687.448,4689.735,4686.785,4689.635,0.0778
1777331700000,4689.595,4691.485,4689.228,4690.495,0.1026
1777332600000,4690.545,4694.205,4690.235,4694.095,0.1398
1777333500000,4694.115,4694.895,4691.705,4691.705,0.1105
1777334400000,4691.855,4701.015,4691.445,4697.705,0.2907
1777335300000,4697.685,4699.375,4691.915,4694.755,0.2769
1777336200000,4694.745,4695.085,4691.525,4693.475,0.2398
1777337100000,4693.505,4694.435,4690.105,4690.275,0.1969
1777338000000,4690.295,4690.715,4684.305,4687.805,0.4672
1777338900000,4687.365,4690.565,4685.475,4687.405,0.3586
1777339800000,4687.435,4691.375,4683.745,4687.185,0.3848
1777340700000,4687.215,4687.555,4669.045,4670.345,0.5027
1777341600000,4670.295,4677.645,4666.065,4677.175,0.533
1777342500000,4677.185,4679.625,4674.335,4675.345,0.2641
1777343400000,4675.385,4675.445,4670.495,4670.955,0.3631
1777344300000,4670.925,4671.225,4666.215,4668.825,0.3751
1777345200000,4668.735,4673.928,4668.115,4672.615,0.3974
1777346100000,4672.655,4675.675,4671.085,4674.665,0.2905
1777347000000,4674.745,4675.175,4671.535,4671.785,0.2083
1777347900000,4671.735,4672.475,4669.075,4670.765,0.1714
1777348800000,4670.715,4670.995,4666.545,4669.475,0.2306
1777349700000,4669.415,4669.585,4666.135,4667.305,0.2415
1777350600000,4667.285,4669.705,4666.608,4669.615,0.1557
1777351500000,4669.565,4669.755,4666.965,4667.485,0.1634
1777352400000,4667.505,4667.835,4648.515,4652.145,0.444
1777353300000,4652.155,4659.355,4650.895,4658.075,0.3015
1777354200000,4657.995,4658.405,4623.948,4624.395,0.8454
1777355100000,4624.455,4634.195,4623.618,4631.795,0.614
1777356000000,4631.805,4642.785,4625.745,4640.415,0.6154
1777356900000,4640.395,4640.935,4623.215,4631.435,0.4979
1777357800000,4631.385,4634.545,4625.205,4629.595,0.4934
1777358700000,4629.615,4631.665,4623.145,4628.715,0.5311
1777359600000,4628.655,4639.195,4627.025,4634.045,0.6465
1777360500000,4633.955,4634.705,4627.085,4629.545,0.566
1777361400000,4629.545,4635.115,4625.755,4629.225,0.5678
1777362300000,4629.245,4633.535,4620.355,4633.035,0.5794
1777363200000,4632.925,4633.445,4614.535,4620.095,0.8888
1777364100000,4620.075,4626.895,4618.955,4626.555,0.6741
1777365000000,4626.568,4635.285,4626.295,4628.065,0.6423
1777365900000,4627.935,4630.565,4625.015,4629.465,0.4468
1777366800000,4629.435,4629.875,4621.465,4625.305,0.5374
1777367700000,4624.915,4625.635,4612.885,4618.135,0.5209
1777368600000,4618.075,4618.975,4608.015,4613.605,0.5809
1777369500000,4613.585,4615.145,4604.505,4604.755,0.5415
1777370400000,4604.415,4613.505,4604.415,4612.565,0.464
1777371300000,4612.555,4616.365,4610.735,4611.415,0.4067
1777372200000,4611.365,4615.845,4610.865,4613.135,0.3426
1777373100000,4613.225,4615.495,4603.115,4603.115,0.4755
1777374000000,4603.055,4608.655,4597.655,4598.495,0.6899
1777374900000,4598.315,4604.115,4593.935,4599.315,0.6662
1777375800000,4599.225,4599.715,4567.965,4571.985,0.9658
1777376700000,4571.905,4573.925,4555.385,4562.375,1.0056
1777377600000,4562.535,4581.575,4554.675,4581.425,1.0153
1777378500000,4581.625,4597.905,4573.485,4580.045,0.9874
1777379400000,4580.025,4588.605,4570.375,4586.745,0.8565
1777380300000,4586.665,4599.965,4584.125,4593.515,0.9147
1777381200000,4593.465,4594.395,4570.925,4575.985,1.1058
1777382100000,4576.015,4584.055,4572.035,4581.235,0.969
1777383000000,4580.998,4591.315,4570.625,4581.595,1.2225
1777383900000,4581.585,4592.505,4574.525,4580.305,1.12
1777384800000,4580.225,4580.455,4564.915,4568.115,1.2239
1777385700000,4568.085,4577.685,4563.808,4571.345,1.2206
1777386600000,4571.355,4577.885,4557.145,4564.055,1.2262
1777387500000,4564.025,4574.685,4557.085,4574.395,1.2237
1777388400000,4574.365,4581.845,4570.265,4572.585,1.2205
1777389300000,4572.525,4577.195,4566.815,4576.805,1.0885
1777390200000,4576.765,4581.205,4570.965,4577.675,0.9997
1777391100000,4577.595,4586.325,4576.485,4586.215,0.9105
1777392000000,4586.215,4586.725,4582.135,4585.055,0.8338
1777392900000,4585.255,4585.615,4577.655,4582.528,0.8521
1777393800000,4582.398,4586.625,4580.285,4584.745,0.776
1777394700000,4584.695,4594.665,4583.605,4592.095,0.7628
1777395600000,4592.095,4594.645,4588.315,4593.565,0.6778
1777396500000,4593.525,4597.035,4587.095,4593.275,0.7592
1777397400000,4593.555,4601.245,4593.555,4598.795,0.6135
1777398300000,4598.795,4600.435,4593.865,4594.565,0.5568
1777399200000,4594.585,4598.345,4591.875,4595.845,0.5349
1777400100000,4595.855,4600.375,4595.855,4598.785,0.6317
1777401000000,4598.835,4599.345,4593.385,4597.555,0.4775
1777401900000,4597.575,4598.615,4592.915,4594.015,0.4369
1777402800000,4594.015,4598.565,4593.695,4595.485,0.416
1777403700000,4595.485,4597.085,4593.535,4596.095,0.4799
1777404600000,4596.135,4599.755,4594.525,4598.395,0.5096
1777405500000,4598.375,4599.245,4593.125,4595.385,0.6833
1777406400000,4595.425,4598.585,4594.635,4597.175,0.2513
1777407300000,4597.215,4597.995,4590.925,4592.685,0.212
1777408200000,4592.685,4595.215,4592.225,4593.195,0.1564
1777409100000,4593.215,4597.075,4592.615,4594.435,0.1219
1777413600000,4596.205,4599.515,4593.858,4596.175,0.2439
1777414500000,4596.205,4597.075,4594.698,4595.535,0.0749
1777415400000,4595.635,4597.015,4592.805,4593.455,0.0785
1777416300000,4593.455,4595.245,4591.905,4593.585,0.0891
1777417200000,4593.585,4594.015,4589.025,4590.595,0.1257
1777418100000,4590.515,4592.615,4589.975,4591.955,0.0899
1777419000000,4591.975,4593.275,4587.745,4589.645,0.1276
1777419900000,4589.665,4596.115,4588.545,4595.365,0.1824
1777420800000,4595.385,4610.195,4595.015,4607.175,0.514
1777421700000,4607.525,4607.675,4598.395,4599.855,0.3692
1777422600000,4599.875,4604.595,4599.115,4603.455,0.2581
1777423500000,4603.515,4603.745,4595.905,4600.045,0.3082
1777424400000,4600.015,4600.205,4575.825,4582.135,0.7875
1777425300000,4581.945,4586.345,4578.975,4580.215,0.5017
1777426200000,4580.255,4591.445,4578.685,4590.485,0.5999
1777427100000,4590.465,4591.395,4580.185,4584.665,0.5325
1777428000000,4584.665,4602.185,4584.655,4600.715,0.5587
1777428900000,4600.805,4603.905,4597.988,4598.765,0.3841
1777429800000,4598.795,4601.535,4595.755,4596.575,0.4645
1777430700000,4596.645,4601.065,4592.125,4593.565,0.5077
1777431600000,4593.565,4602.825,4592.505,4601.585,0.457
1777432500000,4601.675,4603.135,4596.935,4598.425,0.3532
1777433400000,4598.465,4598.525,4592.105,4593.555,0.216
1777434300000,4593.415,4596.265,4591.885,4595.195,0.2161
1777435200000,4595.365,4603.205,4595.065,4600.635,0.2122
1777436100000,4600.735,4601.715,4597.035,4601.525,0.2176
1777437000000,4601.735,4605.445,4601.365,4601.955,0.2567
1777437900000,4601.995,4605.505,4601.995,4604.635,0.1933
1777438800000,4604.635,4607.655,4600.065,4600.755,0.27
1777439700000,4600.775,4602.495,4598.455,4600.505,0.2308
1777440600000,4600.475,4601.405,4593.818,4598.865,0.419
1777441500000,4598.825,4602.935,4590.365,4590.775,0.4645
1777442400000,4590.775,4598.545,4586.985,4588.325,0.481
1777443300000,4588.385,4589.095,4581.115,4584.765,0.4519
1777444200000,4584.815,4587.325,4580.575,4584.815,0.381
1777445100000,4584.895,4586.795,4580.995,4584.325,0.4141
1777446000000,4584.325,4588.685,4576.485,4578.495,0.6662
1777446900000,4578.465,4581.205,4569.415,4575.055,0.6224
1777447800000,4574.995,4578.605,4569.015,4570.225,0.6371
1777448700000,4570.225,4572.305,4567.125,4567.645,0.6062
1777449600000,4568.176,4573.145,4564.305,4565.085,0.7792
1777450500000,4565.405,4571.215,4565.405,4566.135,0.631
1777451400000,4565.935,4568.745,4557.075,4568.195,0.6944
1777452300000,4568.165,4576.635,4568.145,4572.995,0.5156
1777453200000,4573.025,4575.535,4570.155,4573.815,0.508
1777454100000,4573.665,4580.555,4565.605,4565.645,0.5288
1777455000000,4565.615,4569.495,4558.635,4558.915,0.6392
1777455900000,4558.915,4561.875,4551.445,4555.615,0.7415
1777456800000,4555.545,4568.085,4554.845,4567.815,0.5092
1777457700000,4567.815,4573.065,4567.815,4571.655,0.4841
1777458600000,4571.655,4576.425,4565.835,4566.145,0.4796
1777459500000,4566.195,4570.575,4563.935,4569.745,0.4733
1777460400000,4569.715,4571.885,4565.255,4567.805,0.595
1777461300000,4567.985,4570.135,4563.985,4564.595,0.4968
1777462200000,4564.435,4571.675,4563.585,4566.755,0.5254
1777463100000,4566.725,4566.725,4559.105,4561.455,0.5198
1777464000000,4561.495,4568.095,4560.395,4564.415,0.5262
1777464900000,4564.445,4568.845,4559.055,4559.065,0.4882
1777465800000,4559.145,4559.595,4550.965,4557.545,0.72
1777466700000,4557.455,4559.855,4541.835,4544.745,0.7401
1777467600000,4544.855,4553.095,4544.855,4549.735,0.7488
1777468500000,4549.735,4551.495,4534.375,4537.695,0.8865
1777469400000,4537.595,4539.395,4513.315,4514.495,1.1813
1777470300000,4514.515,4529.795,4509.875,4521.515,1.2395
1777471200000,4521.445,4528.135,4517.615,4525.975,1.0991
1777472100000,4525.995,4537.565,4524.095,4533.105,1.0245
1777473000000,4533.115,4542.555,4530.685,4538.565,0.9702
1777473900000,4538.595,4540.465,4531.855,4539.195,0.8248
1777474800000,4539.105,4546.875,4536.175,4537.865,0.9382
1777475700000,4537.875,4546.275,4536.085,4543.435,0.8654
1777476600000,4543.375,4556.085,4540.035,4552.975,0.9361
1777477500000,4552.925,4558.715,4541.855,4547.445,1.1157
1777478400000,4547.495,4564.715,4546.785,4558.895,0.9188
1777479300000,4558.945,4563.998,4556.845,4559.905,0.9012
1777480200000,4559.898,4559.898,4545.455,4550.175,0.9622
1777481100000,4550.195,4551.265,4543.075,4545.235,0.6773
1777482000000,4545.245,4552.045,4542.498,4550.535,0.7867
1777482900000,4550.475,4554.265,4545.735,4546.985,0.9135
1777483800000,4546.985,4548.465,4542.455,4544.615,0.7463
1777484700000,4544.665,4547.335,4541.465,4546.375,0.6307
1777485600000,4546.355,4552.775,4525.115,4525.425,1.1733
1777486500000,4525.375,4539.515,4524.945,4532.715,0.8027
1777487400000,4532.765,4540.675,4520.355,4520.365,1.0949
1777488300000,4520.145,4540.975,4518.145,4537.915,0.8658
1777489200000,4537.945,4548.645,4533.045,4547.565,0.822
1777490100000,4547.505,4550.455,4540.975,4542.635,0.684
1777491000000,4542.415,4544.825,4537.425,4539.355,1.0511
1777491900000,4539.315,4549.705,4539.205,4546.745,0.7912
1777492800000,4546.675,4553.465,4542.345,4546.345,0.7244
1777493700000,4546.255,4547.945,4541.175,4543.165,0.5393
1777494600000,4543.035,4546.365,4542.265,4543.555,0.3161
1777495500000,4543.535,4544.455,4541.265,4543.425,0.303
1777500000000,4543.185,4548.531,4539.075,4546.085,0.2039
1777500900000,4546.145,4550.655,4546.145,4548.825,0.1635
1777501800000,4548.805,4551.795,4547.245,4548.175,0.1206
1777502700000,4548.125,4552.228,4547.595,4551.548,0.2425
1777503600000,4551.495,4553.598,4549.888,4553.035,0.7783
1777504500000,4553.055,4554.905,4549.335,4551.365,0.14
1777505400000,4551.405,4554.628,4551.125,4554.145,0.1883
1777506300000,4554.175,4561.715,4553.625,4561.345,0.2308
1777507200000,4561.325,4568.315,4557.315,4557.605,0.508
1777508100000,4557.695,4564.415,4556.168,4563.255,0.4128
1777509000000,4563.315,4566.805,4561.985,4566.805,0.3013
1777509900000,4566.765,4573.825,4566.415,4569.585,0.3708
1777510800000,4569.555,4570.975,4564.275,4568.165,0.5592
1777511700000,4568.185,4580.815,4565.585,4579.575,0.5074
1777512600000,4579.615,4581.115,4570.565,4576.145,0.7094
1777513500000,4576.165,4582.178,4573.725,4578.725,0.5791
1777514400000,4578.755,4581.595,4574.445,4579.385,0.4445
1777515300000,4579.325,4580.585,4571.605,4572.765,0.3623
1777516200000,4572.475,4574.085,4559.945,4562.165,0.6612
1777517100000,4562.075,4565.165,4559.595,4564.625,0.4442
1777518000000,4564.515,4568.985,4562.295,4564.675,0.4119
1777518900000,4565.035,4566.655,4562.525,4562.965,0.375
1777519800000,4563.055,4563.655,4557.435,4561.425,0.3703
1777520700000,4561.355,4561.425,4555.458,4555.855,0.327
1777521600000,4555.835,4556.225,4550.605,4555.105,0.4265
1777522500000,4555.075,4556.755,4545.635,4547.045,0.4787
1777523400000,4546.965,4547.365,4540.545,4544.395,0.4641
1777524300000,4544.375,4549.295,4541.638,4541.785,0.3801
1777525200000,4541.725,4553.445,4541.638,4552.985,0.6849
1777526100000,4553.005,4558.835,4551.745,4555.445,0.4289
1777527000000,4555.485,4566.695,4553.465,4563.725,0.589
1777527900000,4563.775,4569.445,4561.915,4562.405,0.4933
1777528800000,4562.415,4567.695,4559.935,4565.855,0.5731
1777529700000,4565.965,4570.845,4563.245,4569.465,0.4653
1777530600000,4569.485,4578.345,4569.485,4575.005,0.5539
1777531500000,4575.025,4591.425,4574.485,4589.345,0.5353
1777532400000,4589.185,4595.365,4585.965,4591.535,0.7357
1777533300000,4591.535,4593.355,4584.655,4591.375,0.6349
1777534200000,4591.325,4597.775,4588.105,4596.535,0.5221
1777535100000,4596.535,4605.465,4593.308,4598.295,0.6067
1777536000000,4598.325,4629.545,4597.155,4618.555,1.0941
1777536900000,4618.555,4620.285,4611.865,4617.098,0.9852
1777537800000,4617.175,4620.545,4613.398,4614.755,0.887
1777538700000,4614.745,4619.105,4614.025,4616.115,0.518
1777539600000,4616.155,4619.865,4614.348,4618.635,0.5556
1777540500000,4618.655,4626.545,4615.255,4625.315,0.6304
1777541400000,4625.335,4631.555,4618.265,4619.135,0.838
1777542300000,4619.125,4627.135,4618.055,4624.995,0.5258
1777543200000,4624.985,4629.045,4623.445,4626.505,0.5541
1777544100000,4626.495,4643.875,4625.915,4643.545,0.6169
1777545000000,4643.655,4646.705,4634.085,4636.395,0.8459
1777545900000,4636.395,4639.558,4633.625,4639.475,0.7754
1777546800000,4639.475,4645.545,4635.765,4635.805,0.9822
1777547700000,4635.825,4643.475,4630.175,4637.395,0.8478
1777548600000,4637.455,4637.895,4626.525,4629.525,0.8047
1777549500000,4629.525,4635.205,4627.885,4630.015,0.5909
1777550400000,4630.105,4637.355,4629.295,4635.595,0.5691
1777551300000,4635.895,4637.455,4628.275,4629.635,0.7593
1777552200000,4629.625,4636.265,4624.115,4625.545,0.7428
1777553100000,4625.515,4639.845,4624.375,4639.415,0.7486
1777554000000,4639.435,4643.975,4634.335,4640.875,0.9146
1777554900000,4640.855,4645.845,4632.795,4633.355,0.7511
1777555800000,4633.365,4634.345,4619.985,4625.295,1.1389
1777556700000,4625.305,4625.305,4610.348,4610.625,1.175
1777557600000,4610.515,4625.515,4609.255,4620.305,1.2013
1777558500000,4620.095,4625.825,4615.975,4622.745,1.1673
1777559400000,4622.735,4622.735,4610.508,4617.555,1.2189
1777560300000,4617.635,4623.715,4616.945,4619.535,1.1079
1777561200000,4619.515,4623.915,4614.785,4619.925,1.1288
1777562100000,4619.865,4624.435,4615.605,4622.835,1.0195
1777563000000,4622.845,4625.355,4613.135,4615.295,0.9201
1777563900000,4615.205,4617.055,4611.065,4615.045,0.6856
1777564800000,4615.075,4617.295,4609.805,4611.485,0.6133
1777565700000,4611.455,4611.635,4605.355,4607.815,0.6371
1777566600000,4607.815,4613.695,4606.875,4608.845,0.5379
1777567500000,4608.845,4617.548,4605.158,4607.398,0.6288
1777568400000,4607.355,4619.785,4607.305,4615.645,0.723
1777569300000,4615.595,4620.575,4612.585,4617.395,0.677
1777570200000,4617.395,4621.305,4614.775,4617.675,0.7025
1777571100000,4617.605,4619.705,4615.065,4616.645,0.5595
1777572000000,4616.695,4624.425,4616.625,4620.505,0.698
1777572900000,4620.535,4625.045,4619.745,4620.555,0.557
1777573800000,4620.555,4623.125,4618.965,4620.425,0.5111
1777574700000,4620.505,4624.985,4619.855,4622.275,0.5092
1777575600000,4622.295,4627.275,4621.928,4624.035,0.5936
1777576500000,4624.065,4625.175,4616.705,4617.385,0.5025
1777577400000,4617.435,4622.865,4615.105,4622.505,0.4006
1777578300000,4622.525,4623.115,4614.318,4616.925,0.6663
1777579200000,4617.045,4620.345,4615.725,4616.195,0.4605
1777580100000,4616.195,4619.255,4615.725,4616.675,0.2701
1777581000000,4616.225,4618.405,4615.215,4617.125,0.2236
1777581900000,4617.075,4622.315,4616.565,4622.035,0.1718
1777586400000,4624.875,4635.085,4623.675,4631.095,0.1987
1777587300000,4631.155,4631.265,4628.525,4631.085,0.1147
1777588200000,4631.195,4632.175,4626.725,4632.175,0.1416
1777589100000,4632.195,4632.195,4628.315,4629.858,0.194
1777590000000,4629.705,4631.545,4627.558,4629.955,0.3091
1777590900000,4629.915,4631.985,4628.855,4630.515,0.085
1777591800000,4630.485,4633.885,4630.425,4631.025,0.1298
1777592700000,4631.045,4632.895,4626.235,4626.395,0.2052
1777593600000,4626.305,4630.915,4620.615,4622.215,0.3464
1777594500000,4622.185,4628.305,4620.795,4623.385,0.286
1777595400000,4623.418,4624.685,4618.335,4620.585,0.2329
1777596300000,4620.605,4624.975,4619.425,4619.545,0.294
1777597200000,4619.575,4620.785,4615.385,4618.305,0.281
1777598100000,4618.235,4618.865,4613.735,4616.165,0.2285
1777599000000,4616.145,4621.685,4615.935,4619.875,0.2173
1777599900000,4619.905,4622.045,4618.585,4620.765,0.1775
1777600800000,4620.725,4634.305,4619.585,4630.575,0.2726
1777601700000,4630.635,4635.695,4628.118,4629.125,0.2321
1777602600000,4629.105,4630.825,4623.585,4624.055,0.1959
1777603500000,4624.035,4624.285,4616.235,4618.875,0.2422
1777604400000,4618.845,4621.085,4617.445,4620.465,0.1681
1777605300000,4620.305,4626.535,4620.248,4625.975,0.1805
1777606200000,4626.065,4631.705,4625.135,4625.935,0.2706
1777607100000,4625.915,4627.815,4625.415,4626.415,0.1568
1777608000000,4626.435,4628.438,4619.615,4621.485,0.2329
1777608900000,4621.455,4623.195,4616.865,4617.235,0.1705
1777609800000,4617.215,4617.775,4611.905,4613.245,0.242
1777610700000,4613.185,4614.285,4608.865,4608.865,0.1699
1777611600000,4608.885,4614.525,4607.235,4614.025,0.2018
1777612500000,4614.045,4615.875,4611.405,4614.355,0.1408
1777613400000,4614.375,4615.055,4609.105,4609.635,0.1938
1777614300000,4609.615,4613.285,4602.675,4604.635,0.2338
1777615200000,4604.655,4607.615,4600.835,4601.275,0.2862
1777616100000,4601.295,4601.835,4592.848,4593.245,0.2897
1777617000000,4593.505,4597.445,4590.518,4593.158,0.2608
1777617900000,4593.158,4595.745,4590.898,4594.555,0.4941
1777618800000,4594.455,4596.185,4589.755,4595.655,0.4708
1777619700000,4595.665,4597.805,4584.915,4592.095,0.3906
1777620600000,4592.125,4592.365,4583.455,4585.115,0.3227
1777621500000,4585.095,4585.685,4575.555,4577.885,0.3907
1777622400000,4577.838,4582.225,4573.135,4573.775,0.436
1777623300000,4573.795,4576.705,4566.225,4567.075,0.3854
1777624200000,4566.935,4571.925,4565.885,4570.975,0.322
1777625100000,4570.775,4572.495,4564.905,4568.725,0.3211
1777626000000,4568.745,4568.985,4563.985,4565.455,0.2502
1777626900000,4565.425,4570.975,4564.305,4569.115,0.2381
1777627800000,4569.085,4572.745,4567.495,4570.175,0.2835
1777628700000,4570.145,4570.575,4560.045,4562.555,0.3706
1777629600000,4562.595,4567.795,4561.185,4566.495,0.2655
1777630500000,4566.515,4572.525,4566.385,4571.965,0.2515
1777631400000,4571.955,4575.895,4567.225,4570.165,0.296
1777632300000,4570.145,4571.935,4565.885,4566.695,0.2521
1777633200000,4566.715,4568.745,4562.325,4565.615,0.3392
1777634100000,4565.355,4576.305,4564.445,4571.655,0.3929
1777635000000,4571.635,4577.598,4570.105,4575.475,0.376
1777635900000,4575.505,4579.455,4572.605,4578.525,0.3441
1777636800000,4578.465,4590.265,4574.765,4584.435,0.541
1777637700000,4584.385,4607.655,4582.605,4602.755,0.8832
1777638600000,4602.855,4603.165,4588.815,4591.685,0.6492
1777639500000,4591.715,4595.385,4589.495,4591.065,0.5449
1777640400000,4591.045,4597.065,4589.605,4591.115,0.5468
1777641300000,4591.055,4593.075,4586.315,4589.085,0.7067
1777642200000,4589.025,4608.735,4586.405,4607.605,1.0497
1777643100000,4607.605,4628.465,4598.525,4623.9,1.1273
1777644000000,4624.875,4659.925,4624.095,4656.015,1.1083
1777644900000,4655.925,4660.065,4643.635,4644.335,1.1194
1777645800000,4644.355,4646.145,4630.305,4632.965,1.2267
1777646700000,4632.985,4635.225,4627.095,4631.925,0.9087
1777647600000,4631.965,4636.535,4618.785,4636.535,0.9877
1777648500000,4636.445,4640.505,4633.935,4636.065,0.7864
1777649400000,4636.115,4644.535,4635.305,4643.445,0.7446
1777650300000,4643.485,4647.905,4632.768,4643.055,0.8021
1777651200000,4642.985,4645.315,4637.945,4642.615,0.6921
1777652100000,4642.565,4649.795,4637.625,4637.705,0.8439
1777653000000,4637.755,4641.098,4633.825,4638.745,0.852
1777653900000,4638.548,4642.665,4636.415,4638.605,0.5685
1777654800000,4638.575,4642.415,4637.345,4639.705,0.4656
1777655700000,4639.685,4639.998,4630.755,4631.535,0.4829
1777656600000,4631.495,4631.995,4626.655,4627.915,0.4716
1777657500000,4627.965,4634.765,4627.055,4629.195,0.5148
1777658400000,4629.245,4630.465,4615.445,4615.615,0.6671
1777659300000,4615.625,4623.485,4613.535,4623.035,0.646
1777660200000,4622.875,4624.185,4616.035,4622.155,0.6481
1777661100000,4622.155,4625.765,4619.825,4624.095,0.5057
1777662000000,4624.275,4626.485,4620.395,4626.085,0.435
1777662900000,4626.105,4627.525,4624.195,4624.225,0.3448
1777663800000,4624.415,4624.535,4611.095,4611.605,0.5501
1777664700000,4611.575,4615.038,4608.625,4610.615,0.5114
1777665600000,4610.735,4612.475,4606.805,4611.025,0.307
1777666500000,4611.055,4615.825,4609.565,4612.938,0.2299
1777667400000,4613.105,4614.675,4609.775,4613.358,0.2546
1777668300000,4613.358,4616.635,4611.995,4613.558,0.2868
1777845600000,4632.938,4637.355,4615.848,4622.825,0.3716
1777846500000,4622.755,4623.025,4612.195,4620.625,0.2273
1777847400000,4620.585,4629.285,4619.525,4627.895,0.173
1777848300000,4627.935,4628.875,4617.748,4618.228,0.2957
1777849200000,4618.188,4620.458,4611.105,4614.915,0.3582
1777850100000,4614.925,4617.465,4612.875,4616.805,0.1433
1777851000000,4616.755,4618.155,4612.625,4613.395,0.1664
1777851900000,4613.305,4616.815,4611.295,4613.605,0.2071
1777852800000,4613.578,4616.205,4604.155,4611.875,0.4139
1777853700000,4611.945,4614.495,4601.665,4605.785,0.3664
1777854600000,4605.965,4609.875,4604.805,4605.585,0.267
1777855500000,4605.725,4613.295,4604.515,4612.735,0.3009
1777856400000,4612.715,4613.735,4595.765,4600.325,0.3999
1777857300000,4600.295,4604.185,4594.045,4594.465,0.3409
1777858200000,4594.375,4601.485,4592.425,4601.385,0.3161
1777859100000,4601.405,4613.595,4600.805,4612.795,0.2793
1777860000000,4612.825,4618.365,4603.285,4608.065,0.3638
1777860900000,4607.965,4607.965,4591.295,4592.835,0.3832
1777861800000,4592.875,4603.765,4590.795,4603.655,0.3094
1777862700000,4603.825,4610.875,4601.125,4605.575,0.319
1777863600000,4605.515,4611.545,4604.165,4609.785,0.302
1777864500000,4609.835,4610.655,4607.925,4609.615,0.2155
1777865400000,4609.445,4610.955,4598.265,4604.805,0.2995
1777866300000,4605.245,4616.925,4605.165,4614.835,0.4978
1777867200000,4614.795,4615.275,4607.445,4611.025,0.296
1777868100000,4611.025,4613.005,4606.865,4607.815,0.2398
1777869000000,4607.835,4612.735,4606.865,4608.955,0.2437
1777869900000,4609.025,4610.325,4604.915,4605.605,0.1926
1777870800000,4605.665,4606.605,4601.635,4603.545,0.2643
1777871700000,4603.555,4612.895,4595.415,4596.415,0.4578
1777872600000,4596.465,4598.775,4592.075,4598.655,0.4957
1777873500000,4598.685,4601.565,4594.135,4598.835,0.3084
1777874400000,4598.865,4600.565,4587.515,4597.285,0.4443
1777875300000,4597.335,4597.675,4588.935,4593.825,0.3135
1777876200000,4593.855,4595.425,4584.195,4585.235,0.4018
1777877100000,4585.325,4592.265,4583.595,4588.485,0.3866
1777878000000,4588.218,4593.215,4585.355,4591.925,0.4402
1777878900000,4591.745,4592.525,4583.165,4585.805,0.4005
1777879800000,4585.845,4587.865,4582.545,4587.865,0.4553
1777880700000,4587.905,4590.725,4577.755,4578.835,0.4276
1777881600000,4578.775,4581.015,4574.035,4579.995,0.5373
1777882500000,4580.025,4580.975,4573.998,4574.805,0.4765
1777883400000,4574.778,4581.155,4573.455,4577.875,0.413
1777884300000,4577.935,4579.495,4575.635,4576.845,0.3282
1777885200000,4576.805,4584.135,4576.005,4583.865,0.3702
1777886100000,4583.865,4584.375,4580.205,4581.175,0.3042
1777887000000,4581.205,4584.345,4580.275,4581.145,0.2522
1777887900000,4581.145,4581.975,4572.168,4575.255,0.348
1777888800000,4575.365,4575.695,4537.325,4541.795,1.1446
1777889700000,4541.745,4545.105,4525.855,4544.865,1.0125
1777890600000,4544.905,4563.845,4542.935,4558.295,0.8584
1777891500000,4558.158,4566.555,4557.945,4562.365,0.5764
1777892400000,4562.475,4570.595,4561.055,4565.085,0.6021
1777893300000,4565.085,4569.945,4561.365,4562.025,0.47
1777894200000,4561.875,4562.495,4551.295,4553.295,0.608
1777895100000,4553.295,4562.855,4552.915,4560.215,0.5585
1777896000000,4560.165,4565.605,4559.085,4563.435,0.5624
1777896900000,4563.465,4579.155,4563.035,4568.425,0.7591
1777897800000,4568.445,4571.515,4560.965,4569.855,0.6393
1777898700000,4569.905,4575.895,4566.275,4568.195,0.6062
1777899600000,4568.165,4576.29,4557.155,4565.865,0.9319
1777900500000,4565.955,4567.475,4560.875,4560.885,0.601
1777901400000,4561.135,4570.915,4555.475,4565.265,1.0265
1777902300000,4565.215,4566.505,4557.285,4563.875,0.9483
1777903200000,4563.785,4565.205,4553.435,4560.015,1.0025
1777904100000,4560.595,4581.935,4559.428,4571.085,1.0123
1777905000000,4571.125,4583.005,4570.115,4574.345,0.8673
1777905900000,4574.365,4576.825,4559.385,4561.295,0.8606
1777906800000,4561.315,4565.885,4547.918,4548.295,1.069
1777907700000,4548.198,4554.985,4514.095,4537.705,1.4483
1777908600000,4538.295,4542.655,4527.185,4534.775,1.2597
1777909500000,4534.755,4534.825,4512.055,4521.455,1.1718
1777910400000,4521.375,4525.355,4500.665,4509.405,1.1643
1777911300000,4509.175,4526.795,4508.048,4514.565,1.1935
1777912200000,4514.475,4518.598,4511.275,4512.315,0.8972
1777913100000,4512.285,4515.795,4507.255,4510.565,0.9969
1777914000000,4510.645,4526.035,4510.645,4522.205,0.9047
1777914900000,4522.295,4531.315,4521.465,4524.215,0.9355
1777915800000,4524.155,4527.505,4521.475,4525.975,0.6576
1777916700000,4525.875,4526.485,4521.365,4522.215,0.5675
1777917600000,4522.235,4525.245,4518.455,4519.865,0.6087
1777918500000,4519.885,4520.125,4509.655,4511.775,0.6455
1777919400000,4511.735,4514.875,4510.365,4511.745,0.5905
1777920300000,4511.785,4516.375,4510.585,4516.165,0.5534
1777921200000,4516.195,4523.235,4511.125,4518.715,0.7008
1777922100000,4518.715,4525.805,4517.285,4522.235,0.68
1777923000000,4522.285,4526.955,4520.215,4520.945,0.4478
1777923900000,4520.885,4523.165,4515.045,4517.585,0.436
1777924800000,4517.595,4517.795,4511.605,4514.535,0.1799
1777925700000,4514.485,4515.395,4511.635,4514.955,0.1028
1777926600000,4514.925,4518.825,4514.425,4518.575,0.106
1777927500000,4518.605,4523.825,4518.565,4522.315,0.1212
1777932000000,4521.985,4524.535,4517.275,4520.805,0.1583
1777932900000,4520.835,4522.445,4518.985,4519.315,0.1099
1777933800000,4519.398,4521.795,4518.438,4518.695,0.1591
1777934700000,4518.818,4519.075,4515.205,4516.988,0.1682
1777935600000,4516.968,4520.805,4515.738,4520.195,0.3117
1777936500000,4520.105,4521.435,4518.855,4520.855,0.0833
1777937400000,4520.655,4521.185,4518.065,4518.255,0.0833
1777938300000,4518.325,4520.515,4516.875,4518.815,0.1544
1777939200000,4518.825,4528.375,4517.385,4527.525,0.3558
1777940100000,4527.545,4527.575,4513.265,4516.695,0.3716
1777941000000,4516.675,4524.105,4515.735,4523.565,0.2905
1777941900000,4523.535,4530.275,4523.535,4529.885,0.2993
1777942800000,4529.555,4539.415,4525.045,4538.575,0.3648
1777943700000,4538.605,4539.835,4534.995,4537.705,0.2983
1777944600000,4537.875,4541.945,4533.775,4536.665,0.382
1777945500000,4536.615,4541.015,4536.035,4540.665,0.2435
1777946400000,4540.635,4542.305,4536.995,4538.275,0.2529
1777947300000,4538.235,4541.505,4534.515,4541.305,0.2347
1777948200000,4541.325,4545.605,4539.915,4544.295,0.2045
1777949100000,4544.275,4546.565,4538.605,4538.855,0.2437
1777950000000,4538.825,4542.035,4537.225,4541.845,0.1855
1777950900000,4541.825,4542.645,4536.945,4537.785,0.163
1777951800000,4537.755,4538.805,4535.275,4535.735,0.1751
1777952700000,4535.815,4536.725,4532.215,4534.385,0.1863
1777953600000,4534.395,4535.475,4532.405,4532.715,0.1328
1777954500000,4532.915,4533.565,4529.235,4529.355,0.1859
1777955400000,4529.315,4533.525,4527.725,4531.415,0.1985
1777956300000,4531.405,4536.475,4530.945,4533.405,0.2053
1777957200000,4533.435,4545.335,4531.065,4540.015,0.3361
1777958100000,4539.945,4540.235,4535.515,4539.825,0.2254
1777959000000,4539.835,4551.355,4539.498,4545.755,0.469
1777959900000,4545.695,4548.705,4543.335,4545.475,0.2848
1777960800000,4545.465,4551.825,4541.435,4543.475,0.3756
1777961700000,4543.475,4544.595,4533.495,4536.665,0.4194
1777962600000,4536.555,4549.345,4536.025,4545.945,0.3412
1777963500000,4545.965,4550.795,4545.245,4547.955,0.3253
1777964400000,4547.975,4554.915,4547.345,4553.885,0.5273
1777965300000,4553.865,4555.455,4548.265,4548.725,0.4587
1777966200000,4548.745,4558.055,4548.745,4551.065,0.6626
1777967100000,4551.065,4551.725,4543.105,4545.285,0.4924
1777968000000,4545.375,4553.315,4545.225,4550.945,0.4966
1777968900000,4550.915,4554.555,4548.925,4551.155,0.5212
1777969800000,4550.935,4552.985,4547.785,4549.725,0.4728
1777970700000,4549.695,4559.405,4548.218,4558.255,0.5079
1777971600000,4558.255,4560.345,4553.445,4557.545,0.5293
1777972500000,4557.605,4557.715,4552.045,4552.125,0.3927
1777973400000,4552.095,4558.095,4550.825,4555.285,0.4903
1777974300000,4555.265,4557.265,4552.595,4556.055,0.3802
1777975200000,4556.055,4556.715,4550.445,4552.795,0.3662
1777976100000,4552.795,4554.775,4546.695,4547.675,0.3771
1777977000000,4547.645,4553.905,4544.035,4544.925,0.4885
1777977900000,4545.025,4545.695,4539.925,4543.635,0.3166
1777978800000,4543.645,4553.075,4539.815,4552.675,0.4403
1777979700000,4552.675,4557.455,4549.745,4555.985,0.484
1777980600000,4556.095,4564.645,4554.975,4563.245,0.4458
1777981500000,4563.275,4564.845,4559.095,4562.755,0.4006
1777982400000,4562.485,4566.765,4554.115,4564.865,0.719
1777983300000,4565.075,4574.075,4561.045,4573.468,0.669
1777984200000,4573.555,4574.435,4566.485,4566.865,0.5482
1777985100000,4566.865,4568.345,4561.535,4564.425,0.5166
1777986000000,4564.135,4580.945,4564.045,4578.635,0.6785
1777986900000,4578.815,4584.835,4575.918,4576.655,0.6978
1777987800000,4576.685,4581.665,4571.515,4573.568,0.9132
1777988700000,4573.568,4582.825,4572.605,4578.765,0.6876
1777989600000,4578.608,4584.065,4570.405,4573.175,0.9571
1777990500000,4573.285,4586.415,4565.575,4583.995,1.1804
1777991400000,4584.025,4585.625,4577.325,4582.755,0.7823
1777992300000,4582.755,4582.805,4575.355,4582.145,0.7807
1777993200000,4582.175,4583.675,4577.508,4580.655,0.7354
1777994100000,4580.675,4581.295,4575.085,4579.095,0.6807
1777995000000,4578.995,4580.925,4572.415,4572.695,0.65
1777995900000,4572.745,4575.685,4568.195,4568.325,0.5493
1777996800000,4568.305,4568.875,4562.125,4566.065,0.4694
1777997700000,4566.005,4566.065,4555.915,4559.575,0.4842
1777998600000,4559.655,4559.985,4553.515,4556.535,0.5643
1777999500000,4556.535,4562.675,4555.535,4561.055,0.4123
1778000400000,4561.055,4562.495,4553.155,4555.985,0.5267
1778001300000,4556.015,4561.245,4555.885,4558.425,0.4537
1778002200000,4558.405,4562.595,4555.925,4560.295,0.4088
1778003100000,4560.295,4562.125,4558.075,4559.705,0.3253
1778004000000,4559.775,4564.785,4558.675,4564.195,0.3216
1778004900000,4564.195,4565.375,4561.025,4561.985,0.3533
1778005800000,4561.945,4562.385,4557.445,4561.355,0.5804
1778006700000,4561.355,4565.665,4559.485,4560.875,0.3544
1778007600000,4560.975,4561.365,4556.725,4557.035,0.3522
1778008500000,4557.025,4558.655,4554.765,4555.985,0.309
1778009400000,4556.015,4557.995,4555.365,4555.385,0.2631
1778010300000,4555.405,4558.625,4551.385,4554.485,0.4816
1778011200000,4555.005,4556.935,4553.785,4556.775,0.1472
1778012100000,4556.735,4559.605,4555.295,4559.055,0.1912
1778013000000,4559.075,4559.865,4554.665,4555.365,0.1525
1778013900000,4555.315,4557.435,4554.325,4554.875,0.1112
1778018400000,4555.965,4559.155,4548.905,4550.335,0.2028
1778019300000,4550.515,4550.965,4546.155,4546.395,0.1601
1778020200000,4546.498,4550.755,4545.975,4548.495,0.1351
1778021100000,4548.345,4576.845,4546.818,4572.758,0.5407
1778022000000,4572.745,4590.265,4568.908,4588.465,0.9964
1778022900000,4588.995,4589.255,4581.775,4581.965,0.3575
1778023800000,4581.795,4588.275,4579.165,4584.735,0.2513
1778024700000,4584.965,4595.425,4584.405,4593.775,0.2475
1778025600000,4593.735,4597.705,4589.095,4591.455,0.4392
1778026500000,4591.505,4604.005,4588.015,4602.005,0.4634
1778027400000,4601.985,4610.798,4601.815,4610.015,0.4051
1778028300000,4610.035,4619.795,4609.248,4618.475,0.5337
1778029200000,4618.438,4622.355,4609.225,4611.205,0.536
1778030100000,4611.058,4625.675,4609.435,4624.755,0.4447
1778031000000,4624.695,4626.105,4620.075,4623.695,0.52
1778031900000,4623.625,4628.755,4623.235,4625.885,0.4789
1778032800000,4625.865,4634.065,4625.095,4633.285,0.4631
1778033700000,4633.225,4636.225,4629.545,4629.785,0.3165
1778034600000,4630.075,4634.905,4626.545,4634.365,0.3922
1778035500000,4634.415,4641.585,4633.545,4640.465,0.3956
1778036400000,4640.375,4650.175,4638.315,4647.625,0.4461
1778037300000,4647.505,4651.035,4644.245,4645.485,0.4011
1778038200000,4645.405,4651.755,4642.345,4647.525,0.3821
1778039100000,4647.505,4648.235,4642.745,4643.455,0.2516
1778040000000,4643.475,4647.625,4643.225,4647.485,0.2331
1778040900000,4647.935,4653.285,4645.348,4652.298,0.2995
1778041800000,4652.398,4652.468,4645.735,4647.415,0.448
1778042700000,4647.495,4652.365,4646.915,4648.655,0.3417
1778043600000,4648.675,4656.305,4648.545,4654.615,0.3118
1778044500000,4654.635,4655.085,4649.268,4650.185,0.2552
1778045400000,4650.125,4651.785,4644.375,4649.805,0.3942
1778046300000,4649.755,4663.605,4649.015,4662.875,0.4512
1778047200000,4662.795,4665.745,4656.815,4660.215,0.4504
1778048100000,4660.395,4666.575,4657.795,4665.925,0.3394
1778049000000,4665.945,4668.525,4659.895,4664.065,0.4445
1778049900000,4664.145,4669.655,4662.695,4669.175,0.3605
1778050800000,4669.215,4670.125,4658.608,4658.608,0.4309
1778051700000,4658.608,4669.955,4657.255,4667.355,0.4566
1778052600000,4667.345,4670.345,4663.058,4670.345,0.3752
1778053500000,4670.335,4681.715,4670.105,4681.495,0.5663
1778054400000,4681.165,4682.285,4674.985,4679.245,0.5087
1778055300000,4679.228,4680.645,4676.505,4676.805,0.3606
1778056200000,4676.825,4678.775,4671.435,4677.385,0.4183
1778057100000,4677.465,4702.298,4677.325,4700.005,0.8801
1778058000000,4700.345,4708.435,4688.825,4695.775,0.8824
1778058900000,4695.715,4704.955,4691.295,4700.165,0.7792
1778059800000,4699.855,4705.755,4695.595,4695.825,0.6934
1778060700000,4695.755,4702.815,4693.998,4701.565,0.5159
1778061600000,4701.605,4705.525,4695.708,4697.985,0.5018
1778062500000,4697.945,4704.605,4695.275,4704.425,0.4452
1778063400000,4704.425,4716.025,4704.405,4714.085,0.7092
1778064300000,4714.145,4722.825,4707.118,4717.795,0.9341
1778065200000,4717.805,4721.025,4709.025,4711.795,0.8003
1778066100000,4711.825,4713.465,4705.285,4705.345,0.7418
1778067000000,4705.355,4715.405,4698.045,4699.405,0.6876
1778067900000,4699.405,4702.485,4690.658,4691.748,0.8103
1778068800000,4691.995,4692.885,4670.275,4671.855,0.9853
1778069700000,4671.925,4688.485,4660.195,4683.105,1.0929
1778070600000,4683.175,4685.255,4677.925,4682.535,0.8243
1778071500000,4682.555,4684.505,4676.705,4683.045,0.6979
1778072400000,4683.055,4692.305,4668.645,4683.445,1.0676
1778073300000,4683.405,4690.995,4679.295,4684.955,0.8108
1778074200000,4684.905,4698.995,4680.055,4695.155,1.2095
1778075100000,4695.105,4707.655,4692.295,4701.925,1.0905
1778076000000,4701.758,4712.345,4697.395,4710.835,1.2113
1778076900000,4710.875,4717.205,4704.615,4705.465,1.0129
1778077800000,4705.515,4714.345,4704.485,4713.075,1.006
1778078700000,4713.145,4713.795,4700.575,4702.895,1.0163
1778079600000,4702.845,4705.685,4693.215,4696.585,0.8795
1778080500000,4696.575,4703.255,4694.025,4695.265,0.7641
1778081400000,4695.265,4697.795,4689.125,4692.805,0.6983
1778082300000,4692.775,4694.705,4687.625,4687.625,0.8674
1778083200000,4687.455,4688.315,4681.155,4683.555,0.8697
1778084100000,4683.555,4688.485,4682.385,4688.195,0.7301
1778085000000,4688.195,4692.065,4685.395,4688.645,0.7073
1778085900000,4688.645,4689.855,4679.315,4682.915,0.8191
1778086800000,4682.975,4687.985,4679.565,4685.465,0.792
1778087700000,4685.465,4686.105,4680.015,4682.975,0.7548
1778088600000,4683.005,4683.435,4678.845,4680.495,0.6418
1778089500000,4680.545,4684.505,4680.285,4684.005,0.5177
1778090400000,4684.075,4687.455,4681.805,4686.745,0.4578
1778091300000,4686.815,4690.435,4686.298,4687.635,0.4113
1778092200000,4687.975,4690.205,4685.085,4686.075,0.4827
1778093100000,4686.095,4688.005,4684.735,4685.915,0.5879
1778094000000,4685.955,4695.635,4685.905,4695.005,0.5115
1778094900000,4695.075,4700.025,4694.805,4698.245,0.4226
1778095800000,4698.235,4698.825,4693.805,4695.195,0.4239
1778096700000,4695.175,4698.275,4692.175,4692.245,0.5477
1778097600000,4692.215,4699.505,4692.215,4698.815,0.3091
1778098500000,4698.865,4699.325,4691.745,4692.465,0.2041
1778099400000,4692.525,4692.945,4688.495,4688.515,0.2006
1778100300000,4688.515,4691.725,4685.005,4690.965,0.1759
1778104800000,4691.535,4698.115,4689.115,4696.925,0.1782
1778105700000,4696.875,4699.625,4693.015,4695.135,0.1569
1778106600000,4695.195,4699.355,4694.225,4698.355,0.1282
1778107500000,4698.325,4698.375,4694.265,4694.495,0.1295
1778108400000,4694.455,4698.165,4693.745,4694.115,0.1834
1778109300000,4694.075,4697.595,4690.145,4693.145,0.145
1778110200000,4693.265,4694.295,4691.515,4693.325,0.0942
1778111100000,4693.395,4699.325,4693.265,4698.745,0.2377
1778112000000,4698.695,4700.605,4689.688,4699.655,0.6329
1778112900000,4699.695,4701.025,4691.848,4692.175,0.4263
1778113800000,4692.105,4693.045,4685.785,4688.085,0.382
1778114700000,4688.055,4691.395,4685.235,4688.385,0.394
1778115600000,4688.505,4710.955,4684.965,4709.465,0.6843
1778116500000,4709.515,4716.275,4703.425,4703.905,0.6089
1778117400000,4703.805,4718.035,4702.135,4712.655,0.6488
1778118300000,4712.675,4721.225,4712.425,4714.588,0.5128
1778119200000,4714.588,4718.395,4703.235,4703.775,0.5568
1778120100000,4703.805,4707.665,4701.525,4702.515,0.4005
1778121000000,4702.415,4705.215,4699.645,4703.935,0.4255
1778121900000,4704.005,4709.745,4704.005,4707.005,0.2966
1778122800000,4706.785,4709.615,4703.945,4705.605,0.3497
1778123700000,4705.655,4708.535,4704.035,4704.235,0.3377
1778124600000,4704.305,4704.825,4702.065,4703.625,0.2357
1778125500000,4703.585,4704.665,4698.615,4698.835,0.2513
1778126400000,4698.865,4700.745,4696.545,4696.605,0.3307
1778127300000,4696.585,4698.255,4694.815,4696.615,0.2707
1778128200000,4696.625,4698.945,4692.095,4697.765,0.238
1778129100000,4697.715,4698.785,4693.795,4696.195,0.222
1778130000000,4696.215,4701.085,4696.055,4700.125,0.286
1778130900000,4700.405,4700.405,4694.625,4695.775,0.233
1778131800000,4695.805,4705.835,4694.795,4703.365,0.44
1778132700000,4703.315,4706.365,4700.525,4700.895,0.3872
1778133600000,4700.895,4710.195,4700.895,4707.915,0.3546
1778134500000,4707.955,4717.645,4707.095,4717.125,0.4163
1778135400000,4717.105,4749.805,4715.775,4745.685,0.7205
1778136300000,4745.598,4746.855,4735.485,4738.885,0.5169
1778137200000,4738.766,4750.115,4731.345,4748.885,0.9981
1778138100000,4748.935,4750.375,4737.665,4739.325,0.9477
1778139000000,4739.335,4743.955,4738.045,4742.765,0.7492
1778139900000,4742.795,4744.465,4736.935,4743.125,0.7545
1778140800000,4743.125,4753.275,4742.265,4742.475,0.9301
1778141700000,4742.395,4742.875,4733.645,4740.035,0.744
1778142600000,4739.995,4741.705,4733.715,4735.125,0.533
1778143500000,4735.045,4737.135,4730.685,4730.845,0.5193
1778144400000,4730.945,4736.225,4721.665,4733.975,0.6199
1778145300000,4733.955,4738.615,4731.365,4735.425,0.4862
1778146200000,4735.228,4739.275,4732.945,4737.625,0.5335
1778147100000,4737.955,4738.865,4725.675,4728.835,0.6143
1778148000000,4728.785,4734.855,4726.405,4734.745,0.5852
1778148900000,4734.715,4736.105,4728.325,4732.275,0.5334
1778149800000,4732.295,4739.725,4727.735,4738.925,0.5256
1778150700000,4738.845,4739.605,4735.175,4735.585,0.4804
1778151600000,4735.895,4737.045,4728.145,4730.035,0.5942
1778152500000,4730.025,4736.425,4727.115,4732.505,0.6736
1778153400000,4732.555,4737.965,4731.675,4736.645,0.6131
1778154300000,4736.675,4743.585,4733.835,4742.605,0.7314
1778155200000,4742.785,4746.085,4739.385,4744.005,0.9736
1778156100000,4743.975,4747.025,4733.228,4737.885,0.8878
1778157000000,4737.915,4751.555,4737.095,4751.055,0.7948
1778157900000,4751.185,4752.455,4744.868,4749.955,0.7767
1778158800000,4749.915,4750.065,4730.995,4733.265,1.0163
1778159700000,4733.285,4746.515,4731.155,4745.175,0.7786
1778160600000,4744.935,4758.035,4743.235,4748.315,1.1895
1778161500000,4748.295,4749.215,4737.135,4746.115,1.1957
1778162400000,4746.115,4753.805,4742.255,4751.725,1.0968
1778163300000,4751.675,4759.345,4740.948,4756.495,1.045
1778164200000,4756.885,4758.745,4747.475,4751.658,0.9787
1778165100000,4751.665,4763.285,4750.925,4762.575,0.8661
1778166000000,4762.565,4764.595,4754.375,4754.635,0.9877
1778166900000,4754.665,4756.035,4736.255,4739.925,1.2107
1778167800000,4739.885,4746.975,4738.825,4738.845,1.0158
1778168700000,4738.735,4739.675,4726.255,4729.045,1.0949
1778169600000,4729.165,4729.595,4713.285,4715.115,1.2396
1778170500000,4715.105,4722.835,4704.255,4719.975,1.2204
1778171400000,4719.975,4720.695,4710.195,4710.975,1.0408
1778172300000,4710.975,4718.075,4710.265,4714.865,0.9138
1778173200000,4714.855,4719.425,4711.565,4714.375,0.8593
1778174100000,4714.565,4718.838,4687.565,4698.975,1.2786
1778175000000,4698.945,4705.995,4693.275,4699.505,1.2467
1778175900000,4699.395,4711.945,4697.715,4711.295,1.159
1778176800000,4711.255,4712.285,4705.035,4707.905,0.8978
1778177700000,4707.905,4712.885,4705.505,4712.735,0.9408
1778178600000,4712.675,4716.015,4703.075,4705.985,0.9312
1778179500000,4705.875,4711.245,4695.295,4709.495,1.1258
1778180400000,4709.555,4712.745,4704.815,4709.805,0.8319
1778181300000,4709.835,4710.625,4697.675,4705.015,1.0681
1778182200000,4704.995,4711.935,4703.605,4709.585,0.7886
1778183100000,4709.535,4710.665,4702.555,4702.745,0.9536
1778184000000,4702.705,4718.915,4702.695,4711.375,0.5624
1778184900000,4711.665,4714.095,4709.095,4712.805,0.3454
1778185800000,4712.835,4715.495,4696.485,4703.665,0.4784
1778186700000,4703.685,4703.825,4684.575,4685.145,0.4352
1778191200000,4679.745,4697.885,4675.648,4691.025,0.3206
1778192100000,4690.995,4699.158,4689.065,4693.545,0.2902
1778193000000,4693.595,4695.025,4685.975,4686.825,0.218
1778193900000,4686.805,4688.405,4681.715,4685.358,0.2015
1778194800000,4685.175,4693.545,4683.978,4691.385,0.2832
1778195700000,4691.425,4698.285,4691.425,4696.125,0.1514
1778196600000,4696.655,4698.855,4694.645,4697.585,0.1467
1778197500000,4697.565,4705.375,4697.565,4704.145,0.2122
1778198400000,4704.085,4709.255,4701.325,4702.595,0.3587
1778199300000,4702.625,4705.545,4693.835,4696.985,0.3749
1778200200000,4696.945,4708.075,4695.945,4704.755,0.317
1778201100000,4704.785,4705.555,4696.725,4701.265,0.3364
1778202000000,4701.115,4719.155,4700.265,4713.835,0.5123
1778202900000,4713.565,4718.335,4711.058,4712.295,0.3584
1778203800000,4712.245,4715.065,4704.935,4710.795,0.398
1778204700000,4710.985,4725.245,4710.925,4722.625,0.4805
1778205600000,4722.695,4732.615,4721.215,4723.875,0.4857
1778206500000,4723.805,4724.275,4717.775,4721.225,0.3899
1778207400000,4721.225,4723.315,4706.625,4710.035,0.6747
1778208300000,4710.085,4717.465,4708.315,4713.185,0.5276
1778209200000,4713.125,4719.865,4710.945,4719.785,0.3955
1778210100000,4719.725,4722.545,4716.855,4720.205,0.3025
1778211000000,4720.115,4730.995,4719.715,4724.685,0.3907
1778211900000,4724.655,4724.955,4717.705,4719.455,0.2718
1778212800000,4719.435,4723.095,4714.675,4714.805,0.2915
1778213700000,4714.805,4718.285,4713.175,4717.185,0.2669
1778214600000,4717.385,4718.195,4708.735,4711.975,0.3025
1778215500000,4712.085,4716.525,4709.455,4710.715,0.3488
1778216400000,4710.855,4716.145,4709.355,4712.055,0.2944
1778217300000,4712.025,4719.945,4710.255,4719.105,0.2376
1778218200000,4719.665,4727.075,4719.475,4724.375,0.4586
1778219100000,4724.275,4730.958,4723.055,4727.155,0.4375
1778220000000,4727.185,4730.265,4712.295,4722.795,0.6139
1778220900000,4722.775,4734.355,4721.435,4733.385,0.4429
1778221800000,4733.425,4734.095,4725.365,4728.955,0.4011
1778222700000,4728.935,4729.285,4721.065,4725.465,0.424
1778223600000,4725.268,4726.215,4714.935,4714.935,0.6695
1778224500000,4715.035,4718.215,4696.735,4706.495,0.9451
1778225400000,4706.415,4711.565,4700.935,4707.905,0.6908
1778226300000,4708.005,4713.375,4706.725,4707.595,0.6201
1778227200000,4707.645,4713.015,4706.405,4711.165,0.5633
1778228100000,4711.165,4722.325,4711.055,4716.665,0.5587
1778229000000,4716.735,4723.395,4716.205,4716.805,0.4936
1778229900000,4716.705,4719.768,4714.735,4715.495,0.4468
1778230800000,4715.515,4720.145,4713.275,4718.295,0.5763
1778231700000,4718.295,4722.595,4717.515,4717.825,0.8062
1778232600000,4717.745,4718.555,4709.115,4713.205,0.5393
1778233500000,4713.165,4713.815,4707.255,4711.625,0.4885
1778234400000,4711.645,4718.745,4710.955,4718.685,0.3797
1778235300000,4718.685,4723.715,4717.285,4720.305,0.3558
1778236200000,4720.275,4727.748,4720.125,4724.235,0.4263
1778237100000,4724.195,4724.285,4715.175,4719.565,0.4821
1778238000000,4719.905,4727.195,4718.715,4721.825,0.4962
1778238900000,4721.835,4725.685,4719.875,4723.915,0.3204
1778239800000,4724.095,4725.745,4720.755,4720.895,0.4212
1778240700000,4720.865,4721.125,4713.455,4717.585,0.397
1778241600000,4717.615,4719.625,4703.645,4704.435,0.7112
1778242500000,4704.405,4710.815,4702.735,4709.805,0.6122
1778243400000,4709.815,4730.735,4701.708,4723.705,0.9802
1778244300000,4723.695,4731.745,4719.095,4724.225,0.9571
1778245200000,4723.958,4728.885,4716.535,4720.178,1.0804
1778246100000,4720.255,4727.735,4719.325,4727.045,0.8344
1778247000000,4727.085,4744.165,4726.615,4738.105,1.1905
1778247900000,4738.145,4747.565,4734.755,4747.515,0.9979
1778248800000,4747.635,4749.245,4718.775,4731.535,1.167
1778249700000,4731.535,4733.805,4716.465,4717.775,1.0125
1778250600000,4717.965,4725.405,4714.135,4722.525,0.9703
1778251500000,4722.495,4724.395,4713.225,4715.695,0.8605
1778252400000,4715.765,4720.845,4706.055,4707.675,0.8532
1778253300000,4707.635,4713.425,4704.285,4713.115,0.8724
1778254200000,4713.195,4714.955,4704.085,4705.725,0.883
1778255100000,4705.765,4711.005,4701.825,4706.985,0.7155
1778256000000,4707.015,4712.325,4705.315,4711.425,0.641
1778256900000,4711.395,4717.565,4711.345,4717.545,0.5355
1778257800000,4717.555,4720.015,4713.165,4713.365,0.5484
1778258700000,4713.385,4716.145,4711.065,4712.285,0.5767
1778259600000,4712.255,4716.145,4711.995,4715.085,0.5794
1778260500000,4715.165,4721.915,4715.005,4720.555,0.5388
1778261400000,4720.435,4721.715,4719.585,4720.635,0.4057
1778262300000,4720.635,4722.615,4719.265,4720.765,0.3806
1778263200000,4720.835,4728.525,4720.385,4727.405,0.6122
1778264100000,4727.545,4728.825,4723.775,4725.465,0.389
1778265000000,4725.298,4726.365,4723.845,4724.515,0.3729
1778265900000,4724.515,4724.515,4719.735,4721.755,0.4233
1778266800000,4721.725,4725.455,4720.745,4723.405,0.3719
1778267700000,4723.385,4724.845,4723.135,4723.585,0.2575
1778268600000,4723.515,4726.655,4721.635,4725.225,0.4001
1778269500000,4725.215,4725.755,4722.745,4723.765,0.5033
1778270400000,4723.775,4724.125,4717.035,4718.665,0.2603
1778271300000,4718.665,4719.045,4715.035,4717.255,0.193
1778272200000,4717.185,4718.915,4715.298,4715.868,0.1517
1778273100000,4715.925,4716.378,4711.415,4712.655,0.4289
1778450400000,4681.255,4700.195,4678.165,4687.025,0.4925
1778451300000,4687.085,4696.015,4681.675,4694.145,0.2553
1778452200000,4693.915,4693.915,4686.805,4691.025,0.2342
1778453100000,4691.045,4694.298,4689.685,4691.345,0.2795
1778454000000,4691.198,4696.398,4688.545,4689.905,0.7908
1778454900000,4689.925,4696.885,4688.795,4694.295,0.1797
1778455800000,4694.325,4698.165,4694.305,4697.275,0.1565
1778456700000,4697.335,4698.345,4689.765,4691.465,0.2201
1778457600000,4691.395,4691.395,4680.195,4682.405,0.4428
1778458500000,4682.385,4686.385,4675.645,4683.115,0.3884
1778459400000,4683.118,4693.035,4683.118,4688.855,0.3853
1778460300000,4688.885,4692.675,4670.125,4683.265,0.5491
1778461200000,4683.055,4699.635,4674.255,4691.965,0.8213
1778462100000,4692.055,4705.245,4689.355,4698.665,0.7403
1778463000000,4698.705,4701.615,4690.655,4694.085,0.6844
1778463900000,4694.125,4695.675,4679.715,4685.375,0.625
1778464800000,4685.635,4693.005,4678.215,4685.825,0.675
1778465700000,4685.805,4688.515,4682.555,4688.135,0.3864
1778466600000,4688.155,4700.065,4687.685,4688.245,0.5143
1778467500000,4688.105,4693.485,4676.325,4681.495,0.5773
1778468400000,4681.495,4689.605,4674.898,4686.895,0.4704
1778469300000,4686.965,4690.135,4683.615,4689.245,0.3748
1778470200000,4689.285,4690.195,4682.025,4687.705,0.3584
1778471100000,4687.635,4687.635,4676.845,4678.465,0.3112
1778472000000,4678.495,4679.615,4673.175,4677.335,0.3448
1778472900000,4677.335,4678.545,4670.055,4671.485,0.3203
1778473800000,4671.455,4674.565,4668.185,4672.825,0.3355
1778474700000,4672.805,4675.795,4671.525,4671.865,0.2378
1778475600000,4671.845,4675.885,4670.565,4673.175,0.3057
1778476500000,4673.145,4675.015,4670.505,4670.545,0.3068
1778477400000,4670.485,4680.655,4661.945,4663.495,0.616
1778478300000,4663.515,4663.755,4647.825,4652.125,0.8306
1778479200000,4652.125,4666.955,4649.115,4665.175,0.5685
1778480100000,4665.215,4670.485,4664.348,4667.225,0.4879
1778481000000,4667.275,4675.505,4667.165,4674.145,0.3909
1778481900000,4674.165,4680.255,4671.145,4678.315,0.4559
1778482800000,4678.265,4680.165,4674.305,4675.835,0.5617
1778483700000,4675.835,4677.795,4671.935,4675.568,0.4343
1778484600000,4675.568,4677.765,4671.515,4671.715,0.4325
1778485500000,4672.065,4672.695,4664.235,4667.595,0.4608
1778486400000,4667.635,4673.535,4663.995,4671.835,0.6098
1778487300000,4671.855,4678.575,4671.515,4671.545,0.5704
1778488200000,4670.965,4675.055,4669.005,4670.205,0.4983
1778489100000,4670.265,4671.235,4666.565,4667.395,0.3626
1778490000000,4667.475,4669.815,4665.105,4667.315,0.3592
1778490900000,4667.365,4667.365,4656.765,4657.415,0.4194
1778491800000,4657.295,4663.525,4650.335,4662.775,0.5066
1778492700000,4662.745,4664.765,4656.015,4656.725,0.4072
1778493600000,4656.725,4662.695,4656.255,4662.395,0.3996
1778494500000,4662.235,4665.755,4660.325,4663.255,0.3491
1778495400000,4663.305,4666.565,4660.165,4663.215,0.4466
1778496300000,4663.245,4667.355,4661.275,4663.968,0.4438
1778497200000,4664.225,4672.405,4663.895,4669.245,0.5106
1778498100000,4669.155,4671.965,4667.385,4671.795,0.3967
1778499000000,4671.795,4677.255,4670.105,4674.345,0.5539
1778499900000,4674.295,4674.795,4670.128,4674.305,0.4366
1778500800000,4674.695,4675.745,4667.295,4668.215,0.5971
1778501700000,4668.155,4695.155,4667.345,4690.425,0.939
1778502600000,4690.425,4698.235,4688.915,4691.935,0.8459
1778503500000,4691.925,4701.115,4685.978,4699.895,0.8439
1778504400000,4699.835,4721.655,4698.585,4720.805,1.0223
1778505300000,4720.805,4735.615,4720.285,4728.155,1.0176
1778506200000,4728.115,4745.475,4727.775,4743.458,1.2255
1778507100000,4743.495,4748.485,4734.638,4736.058,1.0261
1778508000000,4735.625,4738.198,4718.295,4730.578,0.9689
1778508900000,4730.635,4733.755,4724.365,4724.905,0.8354
1778509800000,4724.865,4733.505,4714.955,4732.365,1.1121
1778510700000,4732.365,4733.735,4723.605,4725.405,0.7864
1778511600000,4725.445,4731.595,4722.695,4728.285,0.735
1778512500000,4728.355,4738.125,4727.145,4732.725,0.7483
1778513400000,4732.705,4734.585,4726.545,4727.115,0.6238
1778514300000,4727.265,4732.555,4725.035,4731.945,0.6303
1778515200000,4732.155,4733.365,4726.865,4727.655,0.4636
1778516100000,4727.645,4727.955,4722.305,4723.805,0.4662
1778517000000,4723.785,4726.065,4707.715,4711.215,0.6745
1778517900000,4711.225,4716.815,4708.875,4716.405,0.694
1778518800000,4716.305,4719.885,4715.835,4718.245,0.5372
1778519700000,4718.215,4721.585,4716.965,4717.955,0.5506
1778520600000,4717.915,4724.338,4717.585,4723.665,0.3661
1778521500000,4723.775,4724.465,4721.685,4723.535,0.3015
1778522400000,4723.505,4726.795,4721.885,4723.375,0.3689
1778523300000,4723.375,4727.355,4720.895,4726.985,0.4267
1778524200000,4727.015,4729.235,4725.455,4726.795,0.3003
1778525100000,4726.745,4729.025,4724.655,4724.755,0.343
1778526000000,4724.895,4728.305,4723.845,4724.645,0.4076
1778526900000,4724.645,4725.365,4723.005,4724.025,0.3468
1778527800000,4724.055,4728.455,4722.298,4726.815,0.3736
1778528700000,4726.765,4736.058,4726.765,4733.315,0.5266
1778529600000,4733.325,4737.635,4729.735,4734.845,0.2782
1778530500000,4734.955,4735.175,4733.335,4735.085,0.1488
1778531400000,4735.085,4738.335,4734.655,4737.305,0.1111
1778532300000,4737.275,4737.505,4732.285,4735.185,0.1258
1778536800000,4734.698,4743.795,4732.745,4738.835,0.1813
1778537700000,4738.805,4741.835,4737.285,4739.715,0.109
1778538600000,4739.685,4745.225,4738.915,4744.598,0.1212
1778539500000,4744.598,4754.915,4743.808,4750.515,0.2274
1778540400000,4751.135,4754.218,4745.845,4750.945,0.2453
1778541300000,4750.915,4754.575,4750.615,4752.585,0.1625
1778542200000,4752.585,4759.015,4751.185,4755.695,0.2329
1778543100000,4755.755,4769.405,4755.075,4767.215,0.3814
1778544000000,4767.215,4769.595,4758.275,4766.735,0.5251
1778544900000,4766.825,4773.335,4752.735,4762.125,0.5254
1778545800000,4762.035,4763.715,4757.425,4757.975,0.4237
1778546700000,4757.975,4761.825,4748.225,4749.095,0.4635
1778547600000,4749.115,4755.375,4742.075,4746.075,0.7341
1778548500000,4746.145,4751.265,4733.595,4734.885,0.6173
1778549400000,4734.805,4738.645,4720.145,4729.105,0.714
1778550300000,4728.995,4731.245,4723.685,4726.905,0.6193
1778551200000,4726.875,4733.595,4725.115,4731.245,0.5722
1778552100000,4731.215,4731.345,4724.268,4726.815,0.3701
1778553000000,4726.835,4731.835,4722.015,4731.725,0.5848
1778553900000,4731.725,4733.225,4726.845,4729.765,0.4573
1778554800000,4729.815,4733.135,4726.755,4731.005,0.3988
1778555700000,4730.975,4730.995,4722.518,4723.575,0.3782
1778556600000,4723.418,4727.725,4723.398,4723.695,0.2402
1778557500000,4723.735,4724.165,4717.885,4719.935,0.2657
1778558400000,4719.905,4723.115,4719.455,4721.615,0.2412
1778559300000,4721.675,4730.135,4721.365,4722.175,0.3002
1778560200000,4722.175,4726.175,4720.985,4724.535,0.2167
1778561100000,4724.515,4724.955,4710.985,4713.985,0.4733
1778562000000,4713.935,4718.665,4708.475,4712.225,0.4634
1778562900000,4712.535,4716.735,4712.415,4715.085,0.3562
1778563800000,4715.115,4721.835,4712.835,4715.135,0.543
1778564700000,4714.855,4719.745,4709.825,4714.035,0.5483
1778565600000,4714.055,4714.085,4702.605,4705.025,0.6258
1778566500000,4705.035,4706.855,4694.858,4695.865,0.4674
1778567400000,4696.415,4704.645,4694.985,4702.135,0.4137
1778568300000,4702.155,4704.195,4694.295,4696.805,0.5883
1778569200000,4696.975,4698.145,4686.935,4695.755,0.7842
1778570100000,4695.765,4699.515,4693.805,4697.785,0.6085
1778571000000,4697.775,4702.315,4695.445,4700.235,0.5167
1778571900000,4700.305,4703.705,4697.535,4699.615,0.539
1778572800000,4699.695,4706.715,4699.065,4699.195,0.5109
1778573700000,4699.685,4703.975,4696.975,4702.935,0.4247
1778574600000,4702.715,4704.365,4697.875,4699.865,0.4707
1778575500000,4699.875,4706.475,4698.805,4703.275,0.4881
1778576400000,4703.285,4703.285,4697.725,4697.745,0.4658
1778577300000,4697.735,4702.135,4697.335,4699.505,0.4316
1778578200000,4699.535,4705.125,4694.295,4695.075,0.6186
1778579100000,4695.165,4701.435,4693.955,4699.305,0.4544
1778580000000,4699.295,4708.295,4698.595,4704.885,0.4432
1778580900000,4704.885,4705.225,4698.805,4700.025,0.3944
1778581800000,4700.025,4700.155,4684.935,4690.565,0.6337
1778582700000,4690.555,4694.305,4689.505,4694.235,0.5297
1778583600000,4694.285,4697.905,4686.985,4691.535,0.7841
1778584500000,4691.535,4700.145,4691.445,4699.975,0.5708
1778585400000,4700.035,4705.895,4697.655,4704.105,0.5598
1778586300000,4704.085,4708.985,4702.275,4706.395,0.5169
1778587200000,4706.495,4708.065,4698.195,4705.505,0.6183
1778588100000,4705.525,4708.145,4694.865,4697.265,0.6718
1778589000000,4697.155,4708.365,4689.435,4702.505,1.0276
1778589900000,4702.905,4711.455,4700.275,4705.545,0.8511
1778590800000,4705.515,4708.895,4687.275,4688.815,1.0775
1778591700000,4688.755,4695.345,4679.195,4690.665,0.9739
1778592600000,4690.475,4701.505,4683.485,4698.955,1.303
1778593500000,4698.955,4701.295,4676.685,4679.075,1.2295
1778594400000,4679.155,4694.995,4675.985,4692.665,1.1073
1778595300000,4692.665,4693.945,4682.145,4683.045,0.9861
1778596200000,4683.055,4687.825,4671.078,4685.695,1.1449
1778597100000,4685.615,4685.615,4669.345,4672.735,1.143
1778598000000,4672.785,4675.955,4664.045,4664.325,1.0912
1778598900000,4664.325,4665.955,4638.225,4655.925,1.2333
1778599800000,4656.015,4667.955,4653.775,4665.415,1.1271
1778600700000,4665.445,4670.065,4664.165,4666.025,0.9395
1778601600000,4665.995,4673.065,4664.045,4671.715,0.8513
1778602500000,4671.715,4674.915,4666.155,4668.095,0.7548
1778603400000,4668.365,4671.485,4664.995,4669.605,0.7659
1778604300000,4669.565,4674.125,4666.585,4670.955,0.777
1778605200000,4671.265,4679.575,4670.915,4676.995,0.7304
1778606100000,4677.025,4682.165,4676.775,4679.135,0.6705
1778607000000,4679.135,4680.485,4675.985,4679.475,0.5123
1778607900000,4679.495,4680.395,4677.635,4678.605,0.5033
1778608800000,4678.545,4683.395,4676.045,4681.165,0.7216
1778609700000,4681.185,4687.498,4679.748,4685.055,0.6095
1778610600000,4684.975,4697.298,4684.545,4695.115,0.628
1778611500000,4695.155,4697.955,4690.465,4695.795,0.6339
1778612400000,4695.875,4702.435,4695.875,4699.735,0.4993
1778613300000,4699.735,4704.335,4698.855,4703.325,0.4628
1778614200000,4703.325,4710.185,4703.325,4709.178,0.4761
1778615100000,4709.158,4715.518,4708.925,4715.435,0.5816
1778616000000,4715.355,4719.125,4711.925,4713.265,0.3055
1778616900000,4713.335,4716.035,4712.225,4713.115,0.1787
1778617800000,4713.115,4715.205,4711.885,4714.585,0.118
1778618700000,4714.785,4715.555,4712.698,4714.005,0.1485
1778623200000,4713.905,4720.451,4701.548,4713.985,0.1826
1778624100000,4714.045,4719.105,4701.436,4716.865,0.2393
1778625000000,4716.825,4720.125,4709.28,4715.898,0.162
1778625900000,4716.045,4722.138,4715.898,4716.435,0.3015
1778626800000,4716.478,4722.608,4715.365,4717.385,1.1303
1778627700000,4717.505,4723.755,4717.095,4719.918,0.2444
1778628600000,4719.935,4721.465,4716.025,4720.945,0.2241
1778629500000,4721.105,4723.335,4714.915,4716.695,0.3159
1778630400000,4716.905,4726.618,4714.558,4720.035,0.5069
1778631300000,4720.015,4726.075,4719.835,4722.425,0.4194
1778632200000,4722.495,4724.925,4716.805,4720.185,0.3886
1778633100000,4720.145,4720.235,4713.895,4714.385,0.3326
1778634000000,4714.415,4717.015,4707.135,4709.395,0.5891
1778634900000,4709.435,4710.465,4702.625,4704.345,0.5153
1778635800000,4704.345,4710.265,4701.398,4708.715,0.5318
1778636700000,4708.665,4710.475,4700.845,4702.265,0.4228
1778637600000,4702.265,4707.425,4698.965,4701.335,0.6298
1778638500000,4701.345,4703.785,4697.985,4700.115,0.4467
1778639400000,4700.095,4700.165,4693.965,4694.355,0.6244
1778640300000,4694.355,4697.095,4687.198,4691.645,0.6555
1778641200000,4691.775,4694.245,4688.695,4692.065,0.5881
1778642100000,4692.095,4700.475,4690.965,4700.415,0.443
1778643000000,4700.365,4705.675,4699.955,4703.775,0.3936
1778643900000,4703.795,4704.695,4694.065,4695.755,0.4653
1778644800000,4695.765,4698.745,4695.285,4698.145,0.3818
1778645700000,4698.185,4703.235,4697.805,4701.155,0.3204
1778646600000,4701.145,4703.165,4697.055,4698.485,0.3396
1778647500000,4698.515,4701.565,4698.125,4699.335,0.3661
1778648400000,4699.335,4707.085,4698.185,4705.285,0.4765
1778649300000,4705.205,4705.515,4697.438,4697.835,0.478
1778650200000,4697.895,4702.445,4693.275,4696.585,0.6867
1778651100000,4696.585,4705.195,4696.185,4703.985,0.4363
1778652000000,4703.955,4712.525,4703.215,4710.485,0.4325
1778652900000,4710.485,4715.155,4706.685,4708.535,0.3987
1778653800000,4708.265,4713.495,4707.605,4711.225,0.3474
1778654700000,4711.475,4712.015,4698.998,4701.585,0.4502
1778655600000,4701.655,4705.375,4696.585,4702.115,0.5856
1778656500000,4702.115,4708.675,4702.025,4707.485,0.3999
1778657400000,4707.445,4707.785,4702.905,4703.465,0.3197
1778658300000,4703.445,4704.565,4701.065,4702.565,0.4216
1778659200000,4702.495,4704.015,4698.395,4699.965,0.5151
1778660100000,4699.985,4700.905,4694.595,4696.995,0.5641
1778661000000,4697.035,4699.725,4694.225,4695.815,0.3227
1778661900000,4695.935,4702.775,4694.585,4700.535,0.4094
1778662800000,4700.555,4701.665,4693.355,4694.325,0.437
1778663700000,4694.305,4695.105,4685.755,4688.745,0.4964
1778664600000,4688.725,4694.355,4685.845,4693.975,0.6244
1778665500000,4693.925,4700.925,4692.905,4700.745,0.3341
1778666400000,4700.745,4710.295,4698.505,4702.135,0.5874
1778667300000,4702.235,4705.805,4698.635,4699.455,0.3903
1778668200000,4699.425,4699.715,4693.815,4695.525,0.3841
1778669100000,4695.505,4696.505,4693.555,4693.975,0.3535
1778670000000,4693.935,4699.055,4691.355,4698.935,0.4684
1778670900000,4698.925,4700.475,4695.638,4698.335,0.4562
1778671800000,4698.315,4705.195,4697.955,4703.145,0.4589
1778672700000,4703.245,4705.325,4697.265,4697.265,0.4001
1778673600000,4696.995,4701.285,4693.575,4693.875,0.5307
1778674500000,4693.845,4694.185,4683.065,4684.058,0.7497
1778675400000,4683.555,4686.935,4675.295,4682.775,1.0527
1778676300000,4682.655,4685.305,4677.515,4683.635,1.0198
1778677200000,4683.385,4691.105,4683.385,4689.735,0.8045
1778678100000,4689.735,4694.555,4686.335,4688.575,0.6843
1778679000000,4688.395,4690.855,4672.955,4678.665,1.2345
1778679900000,4678.635,4683.145,4669.415,4679.165,1.0861
1778680800000,4679.155,4683.235,4672.635,4681.155,1.0535
1778681700000,4681.135,4685.235,4673.465,4684.035,0.8885
1778682600000,4684.005,4690.808,4682.935,4683.535,0.914
1778683500000,4683.605,4684.725,4677.018,4679.625,0.8858
1778684400000,4679.625,4690.695,4678.785,4687.465,0.7705
1778685300000,4687.465,4691.695,4685.145,4691.175,0.6192
1778686200000,4691.145,4699.965,4686.775,4699.195,0.747
1778687100000,4699.225,4699.425,4694.495,4695.365,0.6266
1778688000000,4695.365,4702.705,4694.965,4701.895,0.6287
1778688900000,4701.895,4709.635,4698.495,4706.655,0.7316
1778689800000,4706.705,4707.415,4699.635,4699.795,0.6504
1778690700000,4699.865,4701.295,4694.865,4695.515,0.5688
1778691600000,4695.605,4700.785,4695.605,4699.518,0.4638
1778692500000,4699.245,4701.095,4696.505,4698.285,0.5357
1778693400000,4698.385,4698.385,4689.855,4690.965,0.6203
1778694300000,4690.945,4694.345,4684.295,4685.375,0.5174
1778695200000,4685.375,4692.685,4684.235,4692.245,0.45
1778696100000,4692.275,4693.895,4688.585,4691.775,0.448
1778697000000,4691.738,4692.555,4685.535,4685.995,0.4177
1778697900000,4686.015,4687.455,4677.425,4684.725,0.6516
1778698800000,4684.805,4689.095,4683.155,4689.015,0.371
1778699700000,4689.055,4690.425,4686.405,4686.995,0.4099
1778700600000,4687.045,4688.895,4684.265,4688.295,0.3312
1778701500000,4688.295,4689.255,4683.598,4688.025,0.5957
1778702400000,4687.965,4690.915,4685.835,4690.845,0.2198
1778703300000,4690.845,4693.315,4690.175,4691.105,0.1503
1778704200000,4691.145,4692.795,4689.055,4690.535,0.142
1778705100000,4690.535,4691.035,4687.735,4688.605,0.1082
1778709600000,4689.298,4694.085,4688.708,4690.865,0.1632
1778710500000,4690.915,4697.115,4690.625,4696.785,0.1529
1778711400000,4696.805,4699.978,4695.285,4698.785,0.1511
1778712300000,4698.718,4700.295,4696.445,4699.625,0.1411
1778713200000,4699.618,4701.855,4698.708,4700.865,0.1242
1778714100000,4700.825,4700.995,4696.395,4697.085,0.1173
1778715000000,4697.065,4697.355,4694.155,4694.625,0.1338
1778715900000,4694.605,4696.685,4693.065,4696.415,0.1681
1778716800000,4696.395,4699.155,4689.225,4697.475,0.4349
1778717700000,4697.445,4705.185,4697.355,4700.775,0.3973
1778718600000,4700.735,4703.025,4692.668,4700.015,0.3481
1778719500000,4700.045,4706.485,4699.255,4704.735,0.316
1778720400000,4704.765,4706.865,4684.125,4688.795,0.8357
1778721300000,4688.815,4695.265,4687.235,4692.585,0.674
1778722200000,4692.615,4694.645,4683.435,4688.665,0.8452
1778723100000,4688.685,4695.165,4683.315,4688.665,0.8162
1778724000000,4688.685,4693.855,4686.395,4688.145,0.7051
1778724900000,4688.145,4693.865,4686.905,4693.195,0.4022
1778725800000,4693.225,4699.365,4689.275,4691.585,0.6049
1778726700000,4691.555,4693.065,4679.555,4686.025,0.7393
1778727600000,4686.135,4690.155,4681.085,4682.685,0.7444
1778728500000,4682.715,4693.055,4681.295,4690.848,0.6654
1778729400000,4690.738,4691.098,4675.475,4675.928,0.5368
1778730300000,4675.945,4677.665,4673.665,4674.645,0.3166
1778731200000,4674.695,4682.195,4668.165,4681.785,0.4391
1778732100000,4681.825,4707.048,4681.435,4701.948,0.5575
1778733000000,4701.948,4712.438,4700.998,4704.465,0.6548
1778733900000,4704.415,4706.505,4701.895,4702.015,0.36
1778734800000,4702.075,4703.815,4699.455,4699.615,0.4265
1778735700000,4699.548,4699.955,4692.968,4693.305,0.4149
1778736600000,4693.228,4701.305,4692.815,4697.035,0.6359
1778737500000,4697.005,4703.025,4688.625,4689.405,0.6446
1778738400000,4689.178,4694.525,4686.258,4687.425,0.7168
1778739300000,4687.385,4692.905,4686.028,4690.985,0.5502
1778740200000,4690.975,4699.495,4690.355,4698.498,0.4733
1778741100000,4698.525,4702.345,4694.565,4699.865,0.6441
1778742000000,4699.715,4701.955,4694.285,4695.115,0.531
1778742900000,4695.205,4706.515,4694.888,4705.255,0.5492
1778743800000,4705.285,4718.568,4702.775,4709.045,0.6658
1778744700000,4709.055,4709.405,4690.595,4692.995,0.6029
1778745600000,4692.935,4700.775,4691.935,4698.635,0.6458
1778746500000,4698.715,4704.725,4697.515,4702.805,0.6273
1778747400000,4702.805,4706.445,4695.385,4696.675,0.4927
1778748300000,4696.705,4697.295,4692.728,4693.115,0.3834
1778749200000,4693.225,4697.845,4690.125,4694.285,0.3932
1778750100000,4694.198,4696.575,4690.558,4690.558,0.3579
1778751000000,4690.495,4697.085,4688.335,4695.345,0.4618
1778751900000,4695.495,4702.535,4695.495,4699.405,0.4679
1778752800000,4699.455,4705.245,4695.845,4697.135,0.4471
1778753700000,4697.245,4698.305,4693.715,4697.425,0.5016
1778754600000,4697.445,4697.925,4692.045,4693.445,0.3663
1778755500000,4693.485,4697.625,4691.015,4696.785,0.4564
1778756400000,4696.845,4698.605,4692.495,4697.255,0.4309
1778757300000,4697.305,4697.465,4688.908,4691.865,0.3489
1778758200000,4691.945,4697.105,4690.625,4695.095,0.3524
1778759100000,4695.095,4704.625,4694.085,4694.165,0.5336
1778760000000,4693.518,4703.558,4691.998,4703.558,0.5993
1778760900000,4703.525,4707.298,4698.475,4702.545,0.5566
1778761800000,4702.715,4709.748,4697.498,4697.675,0.7505
1778762700000,4697.588,4705.978,4695.525,4704.628,0.61
1778763600000,4704.535,4707.408,4695.748,4703.785,0.8558
1778764500000,4703.815,4704.098,4687.668,4687.895,0.9197
1778765400000,4687.875,4689.145,4665.975,4676.685,1.9135
1778766300000,4676.685,4690.905,4675.465,4679.285,1.8123
1778767200000,4679.225,4690.025,4677.315,4687.385,1.9257
1778768100000,4687.435,4700.648,4686.635,4691.145,1.299
1778769000000,4691.245,4692.085,4685.765,4686.605,1.3044
1778769900000,4686.655,4690.205,4678.955,4679.175,1.1505
1778770800000,4679.205,4686.315,4676.775,4684.515,0.9701
1778771700000,4684.498,4689.085,4683.835,4685.578,0.7788
1778772600000,4685.515,4688.598,4680.698,4682.285,0.7216
1778773500000,4682.285,4686.325,4680.695,4685.585,0.6376
1778774400000,4685.438,4686.638,4673.805,4678.355,0.7417
1778775300000,4678.225,4680.905,4674.938,4676.918,0.6466
1778776200000,4676.938,4678.075,4669.955,4675.088,0.774
1778777100000,4674.938,4678.635,4672.265,4678.175,0.5808
1778778000000,4678.325,4682.295,4678.125,4678.385,0.6393
1778778900000,4678.425,4682.678,4676.508,4676.965,0.6391
1778779800000,4676.995,4681.218,4676.135,4681.068,0.609
1778780700000,4681.095,4681.438,4677.435,4677.898,0.4967
1778781600000,4677.998,4678.018,4668.425,4674.435,0.6641
1778782500000,4674.455,4676.425,4672.875,4673.355,0.3513
1778783400000,4673.605,4674.725,4668.118,4668.258,0.3232
1778784300000,4668.325,4671.635,4666.558,4671.395,0.4348
1778785200000,4671.575,4671.595,4666.345,4667.175,0.3763
1778786100000,4667.225,4668.948,4662.975,4663.165,0.4363
1778787000000,4663.165,4665.098,4655.178,4656.108,1.1594
1778787900000,4656.108,4658.595,4652.675,4653.818,1.0435
1778788800000,4653.838,4656.738,4648.845,4649.385,0.4769
1778789700000,4649.355,4650.625,4646.378,4647.715,0.4191
1778790600000,4647.785,4652.418,4643.965,4650.365,0.4604
1778791500000,4650.555,4652.215,4648.755,4648.895,0.249
1778796000000,4650.795,4657.945,4645.925,4655.305,0.2825
1778796900000,4655.275,4659.155,4655.275,4658.655,0.244
1778797800000,4658.655,4662.325,4658.505,4661.505,0.2033
1778798700000,4661.475,4662.615,4659.965,4661.948,0.1649
1778799600000,4661.775,4662.905,4658.448,4658.855,0.4516
1778800500000,4658.915,4664.035,4655.465,4663.555,0.2185
1778801400000,4663.785,4665.145,4646.628,4657.095,0.3247
1778802300000,4657.115,4657.285,4647.758,4651.975,0.3461
1778803200000,4651.935,4653.555,4642.405,4650.355,0.5146
1778804100000,4650.405,4658.125,4629.338,4629.715,0.7291
1778805000000,4629.765,4630.395,4613.225,4618.525,0.6815
1778805900000,4618.465,4630.225,4617.025,4629.758,0.7098
1778806800000,4629.995,4631.115,4607.405,4614.195,1.3099
1778807700000,4614.275,4625.896,4608.265,4608.735,1.0569
1778808600000,4608.775,4622.855,4607.395,4622.715,0.8277
1778809500000,4622.695,4624.335,4607.025,4613.805,0.7963
1778810400000,4614.055,4618.815,4609.505,4612.805,0.8055
1778811300000,4612.745,4616.435,4609.115,4612.435,0.6796
1778812200000,4612.415,4617.785,4609.305,4617.705,0.8294
1778813100000,4617.795,4623.255,4611.365,4617.875,0.8182
1778814000000,4617.875,4622.185,4614.435,4617.245,0.7127
1778814900000,4617.225,4618.365,4609.665,4612.595,0.6857
1778815800000,4612.555,4617.245,4607.215,4613.265,0.5304
1778816700000,4613.305,4617.045,4610.275,4615.245,0.4441
1778817600000,4615.295,4621.465,4612.805,4619.965,0.4907
1778818500000,4619.985,4620.475,4607.058,4610.755,0.4961
1778819400000,4610.775,4614.815,4604.125,4605.495,0.4906
1778820300000,4605.965,4612.325,4604.745,4605.615,0.485
1778821200000,4606.025,4606.305,4588.445,4591.875,0.7457
1778822100000,4591.925,4595.085,4580.455,4588.625,0.6953
1778823000000,4588.635,4589.705,4563.235,4568.455,0.9143
1778823900000,4568.435,4573.145,4558.425,4558.425,1.1058
1778824800000,4558.445,4573.125,4556.245,4570.865,0.9954
1778825700000,4570.785,4578.205,4570.095,4574.925,0.7787
1778826600000,4574.905,4580.345,4566.765,4567.445,0.6501
1778827500000,4567.465,4574.155,4564.255,4569.555,0.7026
1778828400000,4569.785,4586.005,4565.755,4585.785,0.924
1778829300000,4585.785,4588.575,4579.025,4581.585,0.6781
1778830200000,4581.515,4582.255,4574.535,4577.505,0.6839
1778831100000,4577.445,4578.375,4568.145,4570.685,0.6247
1778832000000,4570.575,4571.895,4557.175,4565.175,0.868
1778832900000,4565.165,4565.695,4552.575,4558.175,0.9415
1778833800000,4558.145,4562.445,4549.845,4562.345,0.8809
1778834700000,4562.145,4563.475,4552.605,4554.375,0.5947
1778835600000,4554.375,4563.685,4545.935,4547.065,0.8166
1778836500000,4547.035,4554.475,4539.255,4553.285,0.7688
1778837400000,4553.205,4555.495,4542.535,4543.405,0.7963
1778838300000,4543.375,4547.025,4531.705,4545.715,0.8782
1778839200000,4545.735,4562.685,4543.965,4560.955,0.7747
1778840100000,4561.095,4563.225,4551.545,4551.585,0.7984
1778841000000,4551.575,4556.735,4549.595,4555.035,0.6865
1778841900000,4555.005,4572.485,4554.025,4565.855,1.0338
1778842800000,4565.825,4570.035,4560.835,4566.165,0.817
1778843700000,4566.245,4568.545,4558.945,4562.185,0.5725
1778844600000,4562.045,4562.515,4550.895,4551.395,0.6289
1778845500000,4551.225,4558.715,4549.715,4551.855,0.7001
1778846400000,4551.885,4555.165,4545.135,4545.585,0.8701
1778847300000,4545.585,4558.625,4544.815,4554.905,0.8667
1778848200000,4554.985,4554.985,4543.545,4545.555,0.874
1778849100000,4545.495,4555.515,4543.515,4545.655,0.8419
1778850000000,4545.635,4549.435,4535.845,4546.295,1.0134
1778850900000,4546.485,4557.505,4540.605,4548.905,0.9344
1778851800000,4548.765,4551.055,4519.755,4519.885,1.3622
1778852700000,4519.785,4541.875,4511.215,4533.285,1.3701
1778853600000,4533.285,4550.415,4525.155,4543.105,1.2568
1778854500000,4543.105,4562.785,4540.245,4555.425,1.2877
1778855400000,4555.435,4560.295,4550.585,4556.815,1.2034
1778856300000,4556.815,4566.495,4545.915,4562.615,1.1805
1778857200000,4562.625,4563.555,4550.675,4552.415,1.1461
1778858100000,4552.315,4553.895,4542.785,4547.255,0.9745
1778859000000,4547.205,4550.305,4539.785,4541.305,1.1216
1778859900000,4541.205,4543.455,4533.625,4539.755,1.0089
1778860800000,4539.765,4542.225,4529.255,4532.505,0.8354
1778861700000,4532.475,4542.225,4531.225,4540.765,0.779
1778862600000,4541.015,4547.455,4539.915,4547.085,0.7575
1778863500000,4547.245,4548.015,4541.905,4544.335,0.744
1778864400000,4544.335,4558.025,4543.195,4557.015,0.8452
1778865300000,4557.175,4564.325,4554.375,4557.765,0.7678
1778866200000,4557.605,4563.545,4557.605,4560.705,0.604
1778867100000,4560.715,4562.555,4557.175,4559.445,0.4891
1778868000000,4559.485,4561.885,4556.055,4561.675,0.5721
1778868900000,4561.615,4562.985,4552.845,4558.095,0.7549
1778869800000,4558.215,4558.925,4552.235,4557.605,0.6774
1778870700000,4557.565,4562.615,4556.605,4559.115,0.4785
1778871600000,4559.115,4559.965,4549.255,4550.185,0.5728
1778872500000,4550.195,4552.525,4548.345,4550.035,0.4745
1778873400000,4550.025,4555.205,4549.435,4553.335,0.5525
1778874300000,4553.335,4554.235,4544.705,4545.585,0.7204
1778875200000,4545.665,4546.155,4536.125,4538.125,0.4204
1778876100000,4538.075,4539.085,4532.915,4539.045,0.257
1778877000000,4539.075,4543.825,4538.915,4540.125,0.2298
1778877900000,4540.145,4541.195,4536.165,4538.898,0.3238
1779055200000,4531.698,4554.575,4526.498,4548.145,0.5147
1779056100000,4548.165,4549.855,4537.695,4540.815,0.2963
1779057000000,4540.845,4553.505,4540.685,4549.555,0.3185
1779057900000,4549.495,4554.295,4543.345,4545.688,0.3058
1779058800000,4545.698,4547.588,4538.888,4541.385,0.7187
1779059700000,4541.255,4544.205,4537.625,4537.925,0.2959
1779060600000,4537.875,4541.245,4532.265,4538.835,0.3524
1779061500000,4538.795,4543.925,4531.775,4536.795,0.4033
1779062400000,4536.825,4542.315,4522.725,4526.165,0.7731
1779063300000,4526.195,4533.405,4514.358,4515.475,0.66
1779064200000,4515.425,4518.718,4480.355,4481.385,0.8772
1779065100000,4481.118,4516.138,4480.065,4515.715,0.7764
1779066000000,4514.525,4515.745,4489.235,4495.825,1.1922
1779066900000,4495.795,4509.775,4492.635,4503.715,1.035
1779067800000,4504.005,4513.655,4499.545,4512.495,0.9967
1779068700000,4512.495,4535.265,4510.875,4525.225,0.9697
1779069600000,4525.165,4538.495,4521.765,4536.365,0.8636
1779070500000,4536.685,4540.455,4531.505,4533.345,0.6059
1779071400000,4533.325,4541.015,4529.155,4536.105,0.7273
1779072300000,4536.075,4542.545,4530.045,4533.405,0.622
1779073200000,4533.295,4535.655,4526.455,4529.445,0.6639
1779074100000,4529.575,4538.335,4528.085,4535.555,0.7053
1779075000000,4535.525,4547.855,4525.005,4545.435,0.86
1779075900000,4545.375,4547.665,4538.898,4540.985,0.6103
1779076800000,4540.935,4549.675,4540.715,4544.095,0.6167
1779077700000,4544.115,4547.125,4529.845,4532.475,0.6659
1779078600000,4532.495,4544.135,4532.005,4541.505,0.6103
1779079500000,4541.505,4545.375,4535.005,4540.445,0.5963
1779080400000,4540.515,4542.675,4532.775,4538.055,0.6337
1779081300000,4538.075,4550.495,4534.565,4548.395,0.6943
1779082200000,4548.425,4551.705,4538.175,4539.365,0.7689
1779083100000,4539.315,4542.835,4529.625,4530.655,0.5669
1779084000000,4530.665,4540.375,4529.425,4537.205,0.6849
1779084900000,4537.205,4547.865,4534.355,4537.305,0.6516
1779085800000,4537.325,4547.015,4534.355,4540.455,0.6575
1779086700000,4540.425,4547.555,4538.215,4546.635,0.562
1779087600000,4546.565,4549.245,4541.885,4543.485,0.6693
1779088500000,4543.305,4551.125,4538.155,4550.295,0.6788
1779089400000,4550.225,4559.575,4547.575,4548.795,0.8515
1779090300000,4548.855,4551.695,4539.815,4546.175,0.6624
1779091200000,4546.175,4548.795,4542.138,4546.238,0.6887
1779092100000,4546.238,4551.195,4542.665,4547.735,0.5788
1779093000000,4547.835,4552.945,4545.675,4547.895,0.5554
1779093900000,4547.915,4556.825,4547.895,4549.745,0.53
1779094800000,4549.555,4551.745,4540.825,4546.115,0.5143
1779095700000,4546.125,4548.805,4544.385,4544.785,0.4358
1779096600000,4544.695,4546.385,4540.295,4542.735,0.5318
1779097500000,4542.725,4544.475,4539.935,4542.735,0.4624
1779098400000,4542.755,4544.915,4535.525,4539.035,0.5653
1779099300000,4538.925,4542.385,4538.015,4539.515,0.4291
1779100200000,4539.555,4543.815,4531.955,4543.465,0.5557
1779101100000,4543.445,4547.545,4536.455,4540.025,0.4748
1779102000000,4540.035,4541.585,4529.815,4539.365,0.6164
1779102900000,4539.215,4540.045,4531.515,4535.985,0.564
1779103800000,4535.705,4566.858,4535.285,4561.865,1.0121
1779104700000,4562.255,4564.315,4549.285,4550.455,0.9487
1779105600000,4550.665,4556.465,4547.045,4553.365,0.766
1779106500000,4553.365,4555.085,4544.965,4550.465,0.8168
1779107400000,4550.495,4569.698,4549.995,4569.495,0.9898
1779108300000,4569.495,4574.875,4562.445,4571.015,1.0172
1779109200000,4571.065,4576.585,4561.665,4567.585,1.0836
1779110100000,4567.545,4576.265,4563.755,4571.805,0.8191
1779111000000,4571.745,4579.835,4564.475,4566.195,1.5912
1779111900000,4566.155,4584.015,4563.655,4575.485,1.2373
1779112800000,4575.505,4575.505,4559.455,4564.115,1.2135
1779113700000,4564.135,4568.855,4554.185,4561.475,1.1785
1779114600000,4561.435,4562.835,4538.435,4547.565,1.2695
1779115500000,4547.565,4548.395,4537.435,4546.385,1.0886
1779116400000,4546.365,4547.835,4531.575,4540.455,1.2097
1779117300000,4540.325,4542.755,4534.285,4534.475,1.0135
1779118200000,4534.405,4544.235,4533.815,4538.395,0.96
1779119100000,4538.445,4546.885,4537.895,4543.385,0.8919
1779120000000,4543.405,4548.845,4539.925,4548.465,0.747
1779120900000,4548.435,4550.575,4533.825,4537.005,0.8609
1779121800000,4537.035,4544.875,4534.145,4543.195,0.8645
1779122700000,4543.215,4554.395,4542.715,4549.955,0.74
1779123600000,4549.918,4558.045,4547.675,4553.065,0.7071
1779124500000,4553.055,4555.415,4551.525,4553.705,0.6091
1779125400000,4553.645,4554.005,4547.065,4548.105,0.5726
1779126300000,4548.075,4549.475,4545.515,4546.865,0.443
1779127200000,4546.885,4547.655,4543.645,4545.035,0.5642
1779128100000,4545.065,4545.175,4536.455,4541.825,0.6666
1779129000000,4541.805,4543.925,4538.905,4541.365,0.5236
1779129900000,4541.275,4543.165,4534.015,4535.545,0.5502
1779130800000,4535.515,4564.735,4535.035,4554.215,1.2273
1779131700000,4554.275,4555.565,4546.405,4551.435,0.9155
1779132600000,4551.555,4561.275,4550.035,4558.035,0.7535
1779133500000,4558.035,4562.775,4557.395,4558.305,0.7275
1779134400000,4558.825,4562.835,4557.655,4562.135,0.2595
1779135300000,4562.105,4566.575,4561.985,4563.095,0.2004
1779136200000,4563.055,4564.805,4561.505,4564.335,0.1618
1779137100000,4564.365,4566.495,4562.375,4566.325,0.1199
1779141600000,4566.825,4573.165,4566.025,4573.085,0.1508
1779142500000,4573.055,4574.435,4570.785,4572.605,0.1603
1779143400000,4572.565,4578.245,4571.225,4576.345,0.1514
1779144300000,4576.275,4576.695,4572.248,4573.348,0.1319
1779145200000,4573.288,4586.565,4573.255,4585.385,0.6198
1779146100000,4585.465,4588.825,4583.025,4585.535,0.1805
1779147000000,4585.515,4587.585,4582.545,4585.225,0.163
1779147900000,4585.285,4586.495,4578.825,4581.615,0.2552
1779148800000,4582.005,4589.295,4576.495,4578.535,0.4982
1779149700000,4578.555,4585.655,4568.465,4573.405,0.4922
1779150600000,4573.425,4575.965,4567.985,4570.595,0.4253
1779151500000,4570.615,4572.295,4561.225,4563.165,0.3998
1779152400000,4563.18,4569.005,4557.395,4565.605,0.7
1779153300000,4565.845,4568.245,4553.995,4559.075,0.6119
1779154200000,4559.075,4572.075,4555.135,4570.485,0.604
1779155100000,4570.615,4571.555,4561.155,4563.565,0.5317
1779156000000,4563.595,4563.595,4552.805,4554.335,0.6372
1779156900000,4554.235,4561.965,4551.175,4559.395,0.4601
1779157800000,4559.425,4559.615,4550.795,4556.045,0.5496
1779158700000,4556.215,4557.825,4545.715,4546.875,0.4969
1779159600000,4546.975,4552.585,4543.325,4551.555,0.4926
1779160500000,4551.605,4552.795,4546.455,4548.895,0.3422
1779161400000,4548.935,4555.015,4546.608,4547.395,0.344
1779162300000,4547.375,4549.145,4543.835,4544.985,0.3445
1779163200000,4545.005,4545.545,4538.465,4539.865,0.3871
1779164100000,4539.895,4542.925,4537.955,4540.155,0.3385
1779165000000,4540.165,4541.985,4537.675,4539.635,0.2967
1779165900000,4539.665,4543.515,4539.595,4542.205,0.3256
1779166800000,4542.275,4546.275,4539.915,4544.625,0.3903
1779167700000,4544.605,4545.085,4530.745,4538.315,0.5069
1779168600000,4538.605,4544.075,4532.655,4538.365,0.6595
1779169500000,4538.345,4543.395,4532.575,4540.615,0.66
1779170400000,4540.675,4545.745,4533.405,4541.825,0.6801
1779171300000,4541.835,4553.665,4540.685,4547.465,0.6215
1779172200000,4547.515,4552.775,4544.365,4552.085,0.4954
1779173100000,4552.065,4552.425,4542.875,4547.785,0.4326
1779174000000,4547.775,4555.155,4543.945,4548.445,0.6278
1779174900000,4548.345,4549.905,4542.865,4548.175,0.5127
1779175800000,4548.175,4549.315,4541.155,4541.965,0.5578
1779176700000,4542.055,4559.115,4541.765,4556.975,0.7197
1779177600000,4557.285,4559.055,4542.325,4546.215,0.6235
1779178500000,4546.245,4547.955,4535.995,4538.135,0.5953
1779179400000,4538.135,4544.905,4536.745,4543.115,0.4529
1779180300000,4542.945,4548.465,4538.018,4542.505,0.4658
1779181200000,4542.435,4542.435,4536.628,4539.495,0.494
1779182100000,4539.335,4546.655,4535.965,4540.465,0.5765
1779183000000,4540.465,4543.105,4536.485,4539.365,0.675
1779183900000,4539.385,4544.575,4538.135,4541.585,0.5137
1779184800000,4541.605,4542.065,4535.735,4541.285,0.439
1779185700000,4541.315,4541.705,4538.085,4539.645,0.3448
1779186600000,4539.665,4542.855,4525.225,4529.085,0.6384
1779187500000,4528.925,4544.605,4527.575,4544.605,0.7275
1779188400000,4544.515,4547.775,4535.715,4536.535,0.6359
1779189300000,4536.555,4542.215,4535.615,4539.075,0.5048
1779190200000,4539.095,4543.005,4536.705,4541.738,0.4773
1779191100000,4541.755,4542.165,4529.675,4530.535,0.5321
1779192000000,4530.405,4546.425,4527.028,4541.965,0.7491
1779192900000,4542.095,4544.115,4536.545,4543.265,0.5745
1779193800000,4543.265,4547.025,4536.475,4537.195,0.66
1779194700000,4537.145,4541.425,4535.405,4536.935,0.6278
1779195600000,4536.955,4537.235,4514.555,4524.195,1.0308
1779196500000,4524.165,4525.945,4490.765,4491.835,1.1424
1779197400000,4492.065,4495.525,4464.615,4475.975,1.4128
1779198300000,4476.505,4510.905,4473.885,4503.595,1.2762
1779199200000,4503.088,4513.905,4492.035,4492.515,1.3121
1779200100000,4492.475,4500.705,4484.305,4489.995,1.2604
1779201000000,4489.995,4498.495,4487.195,4494.515,1.255
1779201900000,4494.485,4496.525,4485.955,4493.905,1.2057
1779202800000,4493.925,4499.965,4489.535,4498.905,1.0658
1779203700000,4498.905,4504.905,4493.595,4498.695,1.0236
1779204600000,4498.675,4507.385,4497.725,4502.015,1.0413
1779205500000,4501.995,4509.105,4500.065,4508.275,0.8372
1779206400000,4508.275,4510.255,4495.965,4500.755,0.7318
1779207300000,4500.755,4511.785,4498.595,4508.605,0.6375
1779208200000,4508.625,4512.375,4505.425,4505.785,0.6398
1779209100000,4505.785,4509.145,4504.425,4507.535,0.4899
1779210000000,4507.615,4510.675,4505.645,4510.155,0.4867
1779210900000,4510.255,4510.965,4503.185,4506.835,0.5474
1779211800000,4506.825,4508.208,4502.545,4504.335,0.5316
1779212700000,4504.365,4504.795,4498.935,4500.668,0.5233
1779213600000,4500.668,4503.575,4499.555,4500.825,0.4483
1779214500000,4500.795,4501.895,4495.505,4495.895,0.6094
1779215400000,4495.848,4500.715,4493.038,4498.995,0.592
1779216300000,4498.995,4499.955,4490.005,4493.465,0.6614
1779217200000,4493.375,4497.595,4492.925,4496.895,0.6129
1779218100000,4496.895,4497.225,4485.365,4486.815,0.6105
1779219000000,4486.815,4489.805,4485.775,4488.255,0.5303
1779219900000,4488.255,4488.725,4481.105,4483.275,0.6955
1779220800000,4483.255,4486.995,4480.765,4485.478,0.3166
1779221700000,4485.478,4488.055,4483.175,4486.065,0.1996
1779222600000,4486.065,4486.105,4481.765,4483.255,0.1943
1779223500000,4483.275,4484.105,4481.445,4481.825,0.1204
1779228000000,4481.998,4485.685,4478.485,4482.735,0.1476
1779228900000,4482.715,4482.715,4477.885,4479.065,0.1337
1779229800000,4479.095,4485.555,4476.985,4481.855,0.1919
1779230700000,4481.785,4484.115,4479.125,4483.885,0.1663
1779231600000,4483.795,4486.565,4479.455,4486.035,0.1997
1779232500000,4486.015,4488.435,4483.035,4485.765,0.1891
1779233400000,4485.795,4496.095,4485.265,4492.105,0.2577
1779234300000,4492.085,4494.435,4487.865,4489.055,0.2213
1779235200000,4489.075,4490.465,4479.425,4488.335,0.5502
1779236100000,4488.365,4501.845,4480.765,4501.805,0.6596
1779237000000,4501.735,4507.165,4499.545,4505.005,0.6713
1779237900000,4505.045,4508.745,4497.895,4500.645,0.5774
1779238800000,4500.615,4505.905,4487.785,4492.345,0.8211
1779239700000,4492.175,4496.635,4472.525,4473.425,0.9184
1779240600000,4473.395,4476.805,4455.625,4466.525,1.0434
1779241500000,4466.525,4488.145,4462.885,4481.265,1.0261
1779242400000,4481.565,4486.905,4475.995,4481.125,0.8389
1779243300000,4481.155,4486.885,4476.335,4481.205,0.7277
1779244200000,4481.135,4483.365,4460.405,4460.475,0.9369
1779245100000,4460.435,4465.895,4458.255,4465.065,0.786
1779246000000,4465.105,4467.055,4453.145,4457.635,0.7386
1779246900000,4457.635,4464.055,4456.855,4460.525,0.5705
1779247800000,4460.508,4465.815,4457.235,4460.245,0.6578
1779248700000,4460.295,4464.865,4457.855,4463.355,0.42
1779249600000,4463.365,4469.885,4462.965,4468.915,0.4429
1779250500000,4468.985,4470.395,4462.125,4465.015,0.4408
1779251400000,4464.965,4465.735,4460.255,4462.775,0.427
1779252300000,4462.825,4462.945,4456.345,4461.825,0.4241
1779253200000,4461.665,4472.935,4461.375,4469.135,0.5312
1779254100000,4469.145,4475.115,4466.795,4467.985,0.5169
1779255000000,4468.145,4478.965,4467.845,4472.035,0.7543
1779255900000,4472.035,4474.985,4462.925,4472.458,0.6505
1779256800000,4472.515,4477.405,4467.185,4471.535,0.7189
1779257700000,4471.995,4477.918,4467.405,4471.725,0.8346
1779258600000,4471.955,4472.395,4461.185,4466.825,0.708
1779259500000,4466.825,4478.265,4465.015,4474.015,0.7354
1779260400000,4473.975,4485.025,4471.628,4481.015,0.7843
1779261300000,4480.995,4484.025,4476.205,4482.535,0.7261
1779262200000,4482.535,4485.765,4475.815,4481.245,0.6781
1779263100000,4481.245,4481.805,4474.885,4478.405,0.4972
1779264000000,4478.375,4484.055,4476.518,4482.175,0.6556
1779264900000,4482.155,4486.375,4477.925,4486.075,0.6332
1779265800000,4486.425,4489.185,4476.605,4479.055,0.5969
1779266700000,4479.015,4490.105,4478.888,4484.005,0.657
1779267600000,4483.965,4486.125,4479.615,4480.085,0.5201
1779268500000,4480.105,4483.595,4472.475,4474.005,0.5482
1779269400000,4473.925,4484.605,4472.565,4483.035,0.6446
1779270300000,4483.135,4490.975,4481.568,4484.715,0.4427
1779271200000,4484.715,4492.125,4484.365,4487.785,0.3988
1779272100000,4487.835,4492.525,4487.095,4488.825,0.3962
1779273000000,4488.955,4496.745,4488.445,4494.008,0.4869
1779273900000,4494.008,4495.535,4489.985,4494.445,0.4674
1779274800000,4494.445,4496.635,4492.575,4492.825,0.5191
1779275700000,4492.855,4500.895,4490.905,4499.825,0.4359
1779276600000,4499.795,4500.295,4493.265,4495.075,0.5279
1779277500000,4495.105,4499.435,4490.715,4498.975,0.5817
1779278400000,4498.925,4500.995,4495.578,4496.395,0.6167
1779279300000,4496.335,4499.515,4492.815,4499.515,0.6172
1779280200000,4499.495,4504.485,4499.038,4502.685,0.6273
1779281100000,4502.815,4505.205,4493.658,4495.955,0.5095
1779282000000,4495.965,4505.975,4493.635,4505.035,0.8924
1779282900000,4505.015,4505.205,4489.165,4489.165,0.8126
1779283800000,4489.265,4492.855,4482.905,4489.765,1.433
1779284700000,4489.665,4491.835,4481.828,4482.875,1.0769
1779285600000,4482.865,4485.035,4466.868,4476.658,1.0786
1779286500000,4476.678,4510.755,4476.235,4506.665,1.4687
1779287400000,4506.655,4528.625,4506.655,4520.345,1.3356
1779288300000,4520.465,4537.025,4516.525,4531.025,1.1819
1779289200000,4531.145,4535.368,4522.975,4524.328,0.976
1779290100000,4524.328,4552.585,4523.875,4529.265,1.3065
1779291000000,4529.275,4539.415,4527.538,4536.705,1.0237
1779291900000,4536.745,4537.645,4527.098,4528.978,0.9227
1779292800000,4528.978,4535.125,4528.238,4533.598,0.5888
1779293700000,4533.598,4533.608,4523.935,4525.735,0.7071
1779294600000,4525.965,4533.555,4524.035,4533.555,0.5696
1779295500000,4533.555,4535.455,4529.888,4534.265,0.5052
1779296400000,4534.275,4538.245,4530.875,4534.055,0.5645
1779297300000,4534.035,4536.605,4530.728,4532.198,0.4912
1779298200000,4532.205,4536.285,4529.675,4532.875,0.4833
1779299100000,4532.925,4535.085,4530.068,4530.748,0.295
1779300000000,4530.648,4533.865,4529.045,4532.685,0.3493
1779300900000,4532.638,4536.458,4531.748,4534.775,0.4229
1779301800000,4534.755,4543.255,4534.755,4537.015,0.3811
1779302700000,4537.115,4544.848,4536.235,4542.178,0.4652
1779303600000,4542.025,4545.028,4541.365,4543.648,0.3204
1779304500000,4543.648,4545.838,4543.135,4544.838,0.3125
1779305400000,4544.878,4549.998,4544.838,4546.225,0.3403
1779306300000,4546.265,4548.375,4545.175,4545.535,0.4469
1779307200000,4545.475,4550.315,4545.145,4546.505,0.2591
1779308100000,4546.525,4548.215,4542.875,4545.525,0.4116
1779309000000,4545.535,4546.125,4542.415,4543.345,0.2481
1779309900000,4543.228,4544.348,4541.675,4543.705,0.2027
1779314400000,4542.695,4548.365,4538.135,4539.635,0.3872
1779315300000,4539.605,4540.065,4534.935,4538.625,0.3146
1779316200000,4538.735,4543.195,4538.455,4542.055,0.1643
1779317100000,4541.985,4544.435,4536.875,4539.398,0.2891
1779318000000,4539.325,4542.698,4537.398,4539.655,0.4901
1779318900000,4539.705,4540.565,4534.265,4538.285,0.1614
1779319800000,4538.345,4545.205,4537.745,4542.675,0.1561
1779320700000,4542.645,4546.805,4541.405,4546.198,0.2137
1779321600000,4546.198,4548.745,4539.955,4544.675,0.5414
1779322500000,4544.625,4553.065,4537.085,4543.285,0.5808
1779323400000,4543.445,4544.915,4539.265,4543.465,0.2909
1779324300000,4543.445,4548.455,4541.735,4544.955,0.3117
1779325200000,4544.935,4559.915,4539.705,4559.685,0.7365
1779326100000,4559.655,4567.485,4556.915,4566.765,0.6749
1779327000000,4566.815,4570.725,4561.345,4567.445,0.6643
1779327900000,4567.525,4567.995,4558.675,4560.695,0.5687
1779328800000,4560.725,4564.565,4550.415,4551.465,0.6419
1779329700000,4551.435,4552.975,4539.475,4540.145,0.4517
1779330600000,4540.125,4542.215,4533.775,4536.095,0.6172
1779331500000,4536.095,4537.115,4531.345,4532.885,0.5637
1779332400000,4532.865,4538.755,4531.225,4537.645,0.4114
1779333300000,4537.655,4540.025,4532.708,4535.378,0.404
1779334200000,4535.338,4536.938,4531.465,4533.715,0.36
1779335100000,4533.755,4534.125,4527.045,4527.985,0.3578
1779336000000,4527.985,4536.315,4527.045,4535.805,0.2711
1779336900000,4535.825,4539.915,4534.128,4539.615,0.2383
1779337800000,4539.805,4540.405,4533.565,4536.915,0.2301
1779338700000,4536.935,4539.055,4535.235,4538.275,0.2081
1779339600000,4538.295,4540.365,4529.585,4530.545,0.572
1779340500000,4530.635,4530.935,4521.285,4522.665,0.564
1779341400000,4522.715,4527.035,4518.185,4525.835,0.531
1779342300000,4525.805,4529.815,4518.405,4527.795,0.5554
1779343200000,4527.765,4535.205,4526.485,4531.355,0.4892
1779344100000,4531.365,4539.675,4528.425,4532.835,0.5617
1779345000000,4532.765,4534.845,4522.765,4524.735,0.5209
1779345900000,4524.555,4526.125,4518.695,4521.375,0.6102
1779346800000,4521.435,4524.325,4518.035,4520.435,0.4683
1779347700000,4520.435,4523.305,4511.835,4512.605,0.5094
1779348600000,4512.635,4517.285,4511.818,4516.215,0.3704
1779349500000,4516.355,4523.175,4513.955,4519.418,0.3168
1779350400000,4519.425,4535.535,4518.105,4534.115,0.744
1779351300000,4534.085,4536.665,4529.085,4535.425,0.7941
1779352200000,4535.675,4535.675,4526.185,4528.925,0.6639
1779353100000,4528.945,4534.555,4528.145,4532.335,0.6693
1779354000000,4532.335,4540.285,4531.585,4537.655,0.6535
1779354900000,4537.615,4542.345,4535.295,4536.645,0.5913
1779355800000,4536.615,4542.625,4529.405,4529.715,0.6098
1779356700000,4529.725,4532.975,4527.615,4530.475,0.4637
1779357600000,4530.495,4535.315,4529.725,4532.485,0.552
1779358500000,4532.485,4534.555,4510.495,4517.795,0.7976
1779359400000,4517.825,4518.195,4504.695,4516.885,1.1497
1779360300000,4516.805,4517.785,4510.665,4511.415,0.9122
1779361200000,4511.415,4519.925,4510.575,4516.175,0.883
1779362100000,4516.155,4521.165,4512.345,4513.875,0.7611
1779363000000,4514.005,4515.735,4507.955,4511.995,0.6172
1779363900000,4511.985,4517.215,4510.695,4513.905,0.5859
1779364800000,4513.905,4519.135,4513.495,4514.485,0.7386
1779365700000,4514.515,4514.615,4503.575,4506.765,0.7754
1779366600000,4506.415,4517.508,4505.355,4514.795,0.8955
1779367500000,4514.795,4517.955,4501.815,4503.955,0.8757
1779368400000,4503.925,4512.505,4499.385,4502.065,1.12
1779369300000,4502.065,4505.275,4495.265,4500.485,1.0334
1779370200000,4501.035,4502.535,4488.335,4497.275,1.2028
1779371100000,4497.375,4520.995,4494.705,4513.055,1.138
1779372000000,4513.075,4515.225,4502.425,4507.995,1.1834
1779372900000,4507.905,4509.185,4498.005,4507.245,1.2429
1779373800000,4507.275,4511.035,4502.315,4504.615,1.4743
1779374700000,4504.615,4510.465,4501.645,4508.665,1.3427
1779375600000,4508.625,4515.245,4496.555,4509.805,1.3734
1779376500000,4509.805,4511.355,4502.095,4503.175,1.2508
1779377400000,4503.255,4509.605,4502.475,4506.795,0.8368
1779378300000,4506.775,4512.575,4506.465,4511.705,0.7143
1779379200000,4511.735,4520.805,4511.735,4517.015,0.9657
1779380100000,4517.055,4518.655,4514.385,4516.385,0.7863
1779381000000,4516.465,4519.245,4515.355,4517.915,0.6184
1779381900000,4517.915,4520.115,4516.065,4519.315,0.5334
1779382800000,4519.395,4531.475,4514.008,4526.195,0.8712
1779383700000,4526.235,4546.195,4525.965,4541.368,1.2671
1779384600000,4541.345,4548.875,4538.435,4548.025,1.0608
1779385500000,4548.015,4559.005,4544.745,4551.305,1.0888
1779386400000,4551.365,4555.925,4542.835,4545.935,1.1294
1779387300000,4546.055,4550.595,4544.205,4548.325,0.934
1779388200000,4548.325,4549.305,4542.615,4545.115,0.6576
1779389100000,4545.065,4545.935,4527.265,4531.765,1.1227
1779390000000,4531.935,4537.725,4529.488,4537.605,1.0137
1779390900000,4537.615,4541.895,4537.445,4538.675,0.5756
1779391800000,4538.665,4543.115,4538.425,4539.175,0.5117
1779392700000,4539.145,4543.645,4534.535,4542.925,0.6991
1779393600000,4542.905,4544.575,4540.985,4542.375,0.3443
1779394500000,4542.375,4542.525,4540.085,4541.135,0.1538
1779395400000,4541.145,4541.975,4540.168,4540.658,0.1088
1779396300000,4540.475,4543.345,4539.575,4542.115,0.1118
1779400800000,4544.058,4545.755,4539.505,4541.605,0.1593
1779401700000,4541.535,4542.925,4539.645,4540.755,0.0734
1779402600000,4541.115,4543.335,4539.375,4542.415,0.082
1779403500000,4542.385,4543.048,4540.435,4542.875,0.1195
1779404400000,4542.835,4544.595,4542.165,4543.445,0.2606
1779405300000,4543.525,4543.975,4537.215,4540.175,0.126
1779406200000,4539.375,4539.435,4532.525,4532.931,0.1517
1779407100000,4532.88,4536.355,4532.115,4535.205,0.2139
1779408000000,4535.305,4536.735,4530.605,4531.075,0.479
1779408900000,4530.995,4537.225,4530.005,4536.175,0.4161
1779409800000,4536.115,4540.925,4535.555,4537.855,0.3342
1779410700000,4537.825,4538.745,4525.228,4526.348,0.6099
1779411600000,4526.348,4536.125,4523.095,4529.515,0.6306
1779412500000,4529.485,4533.295,4526.165,4528.715,0.4378
1779413400000,4528.755,4529.545,4520.815,4524.915,0.5339
1779414300000,4524.855,4531.655,4524.555,4526.135,0.5444
1779415200000,4526.115,4529.305,4521.205,4527.405,0.5315
1779416100000,4527.385,4528.855,4522.278,4524.355,0.3031
1779417000000,4524.375,4524.375,4518.195,4522.445,0.4711
1779417900000,4522.445,4526.795,4519.205,4522.895,0.4006
1779418800000,4522.945,4525.005,4520.265,4520.775,0.4098
1779419700000,4520.885,4522.745,4518.838,4521.425,0.368
1779420600000,4521.395,4527.515,4521.395,4526.495,0.3272
1779421500000,4526.475,4529.895,4526.195,4529.255,0.2521
1779422400000,4529.365,4530.065,4527.435,4528.935,0.2331
1779423300000,4529.015,4532.885,4527.235,4532.005,0.2203
1779424200000,4532.065,4532.485,4525.265,4528.795,0.292
1779425100000,4528.775,4530.075,4526.755,4526.925,0.2083
1779426000000,4526.905,4529.585,4523.305,4525.215,0.3076
1779426900000,4525.215,4528.945,4523.065,4525.965,0.3133
1779427800000,4525.885,4534.025,4524.708,4533.795,0.5767
1779428700000,4533.925,4534.065,4506.978,4511.005,0.6725
1779429600000,4511.145,4524.265,4509.625,4521.295,0.7389
1779430500000,4521.265,4526.035,4516.025,4524.985,0.6239
1779431400000,4524.885,4527.275,4521.365,4526.315,0.6929
1779432300000,4526.315,4528.625,4523.455,4526.425,0.7039
1779433200000,4526.465,4526.825,4521.135,4522.305,0.611
1779434100000,4522.325,4527.295,4522.045,4525.655,0.5024
1779435000000,4525.725,4525.775,4515.975,4519.655,0.5687
1779435900000,4519.635,4523.125,4517.385,4521.678,0.4723
1779436800000,4522.115,4529.795,4521.415,4524.575,0.5088
1779437700000,4524.575,4530.995,4523.635,4526.705,0.6566
1779438600000,4526.965,4527.305,4516.715,4522.245,0.6719
1779439500000,4522.245,4524.855,4521.355,4521.695,0.4753
1779440400000,4521.715,4525.435,4516.985,4517.055,0.4986
1779441300000,4517.055,4520.465,4514.935,4517.555,0.5177
1779442200000,4517.495,4525.865,4514.498,4525.085,0.4887
1779443100000,4525.105,4535.785,4524.385,4531.915,0.479
1779444000000,4532.055,4536.605,4529.275,4533.645,0.414
1779444900000,4533.935,4534.025,4524.288,4524.625,0.4008
1779445800000,4524.585,4525.335,4512.085,4512.255,0.614
1779446700000,4512.188,4514.925,4509.995,4514.465,0.4802
1779447600000,4514.215,4517.075,4513.595,4515.725,0.4423
1779448500000,4515.755,4515.755,4511.715,4511.895,0.4221
1779449400000,4511.835,4522.955,4511.295,4521.525,0.4791
1779450300000,4521.655,4524.905,4519.885,4520.485,0.5505
1779451200000,4520.335,4529.845,4518.495,4529.135,0.6982
1779452100000,4529.135,4535.935,4520.915,4521.495,0.9274
1779453000000,4521.555,4523.555,4514.825,4518.535,0.7712
1779453900000,4518.475,4528.225,4517.295,4528.025,0.6674
1779454800000,4528.711,4534.255,4520.545,4528.095,0.9914
1779455700000,4527.975,4529.555,4521.055,4521.815,0.8045
1779456600000,4521.405,4527.105,4510.595,4517.535,1.1024
1779457500000,4517.305,4518.795,4510.175,4513.245,0.9525
1779458400000,4513.285,4513.285,4493.045,4497.485,1.1686
1779459300000,4497.495,4500.345,4491.605,4498.845,1.1696
1779460200000,4499.085,4505.905,4497.045,4504.275,0.9919
1779461100000,4504.165,4507.185,4500.155,4500.365,0.8128
1779462000000,4500.445,4511.765,4500.115,4510.915,0.8479
1779462900000,4511.035,4519.205,4510.835,4519.205,0.7088
1779463800000,4519.225,4522.085,4517.135,4518.025,0.7348
1779464700000,4518.075,4521.755,4514.445,4519.895,0.6535
1779465600000,4519.785,4520.225,4516.725,4519.205,0.5553
1779466500000,4519.075,4524.145,4516.695,4523.565,0.563
1779467400000,4523.565,4526.605,4513.185,4514.755,0.5816
1779468300000,4514.755,4517.865,4512.135,4514.795,0.5453
1779469200000,4514.885,4520.915,4514.695,4519.115,0.514
1779470100000,4519.105,4525.745,4512.915,4525.235,0.7676
1779471000000,4525.165,4527.698,4519.225,4522.055,0.9856
1779471900000,4522.165,4522.685,4518.495,4519.015,0.5238
1779472800000,4519.095,4519.395,4511.605,4513.655,0.5362
1779473700000,4513.655,4517.495,4512.225,4515.105,0.4418
1779474600000,4515.065,4520.185,4513.698,4514.895,0.4276
1779475500000,4514.925,4515.775,4512.735,4515.065,0.4205
1779476400000,4515.015,4515.715,4507.065,4507.098,0.5207
1779477300000,4507.108,4508.925,4506.148,4506.885,0.3998
1779478200000,4506.835,4510.655,4504.208,4509.405,0.4133
1779479100000,4509.525,4509.735,4506.478,4508.018,0.4837
1779480000000,4508.035,4509.175,4504.655,4507.745,0.2235
1779480900000,4507.805,4510.345,4506.655,4510.125,0.1352
1779481800000,4510.085,4510.295,4503.958,4504.298,0.1818
1779482700000,4504.298,4509.548,4503.698,4508.395,0.217
1779660000000,4535.098,4557.508,4532.885,4555.038,0.7584
1779660900000,4555.048,4556.148,4548.788,4551.868,0.5439
1779661800000,4551.868,4560.798,4551.398,4558.125,0.4921
1779662700000,4558.105,4565.535,4557.828,4564.948,0.4039
1779663600000,4564.948,4576.205,4564.485,4574.338,1.4898
1779664500000,4574.348,4578.075,4573.458,4575.025,0.3628
1779665400000,4575.025,4579.995,4574.835,4577.398,0.4339
1779666300000,4577.398,4578.298,4565.435,4566.735,0.3876
1779667200000,4566.765,4575.578,4565.905,4572.455,0.4732
1779668100000,4572.495,4575.238,4569.685,4572.068,0.3941
1779669000000,4572.068,4575.385,4570.655,4571.375,0.3072
1779669900000,4571.415,4579.285,4565.985,4569.238,0.5068
1779670800000,4569.238,4576.135,4560.275,4565.535,0.7284
1779671700000,4565.485,4575.175,4562.058,4573.165,0.5764
1779672600000,4573.165,4574.505,4563.128,4563.298,0.642
1779673500000,4563.348,4567.065,4560.105,4562.625,0.4426
1779674400000,4562.555,4568.095,4560.935,4561.765,0.3951
1779675300000,4561.825,4563.045,4558.525,4562.625,0.2858
1779676200000,4563.015,4569.395,4561.375,4569.275,0.4048
1779677100000,4569.405,4569.995,4559.165,4561.175,0.375
1779678000000,4561.235,4564.205,4560.125,4562.865,0.3807
1779678900000,4563.005,4564.188,4559.868,4560.385,0.339
1779679800000,4560.535,4564.005,4557.835,4558.225,0.2984
1779680700000,4558.095,4561.018,4556.4,4559.518,0.2886
1779681600000,4559.518,4562.308,4559.128,4560.718,0.2467
1779682500000,4560.718,4565.555,4559.698,4564.978,0.2371
1779683400000,4564.978,4565.398,4559.198,4562.175,0.2292
1779684300000,4562.195,4565.625,4561.968,4564.785,0.1661
1779685200000,4564.715,4566.055,4562.588,4563.325,0.2066
1779686100000,4563.345,4563.425,4553.725,4553.865,0.2511
1779687000000,4553.875,4560.865,4552.465,4556.835,0.3843
1779687900000,4556.835,4557.665,4551.598,4553.145,0.3347
1779688800000,4553.185,4555.695,4550.315,4553.625,0.3329
1779689700000,4553.595,4557.105,4552.025,4553.975,0.2574
1779690600000,4554.195,4557.225,4553.275,4556.245,0.2577
1779691500000,4556.265,4563.155,4556.005,4562.315,0.4057
1779692400000,4562.355,4564.675,4560.585,4560.585,0.3693
1779693300000,4560.548,4561.035,4552.245,4554.115,0.4535
1779694200000,4554.135,4561.495,4553.888,4559.695,0.3156
1779695100000,4559.675,4565.095,4558.375,4564.525,0.2175
1779696000000,4564.535,4564.898,4559.225,4560.768,0.2506
1779696900000,4560.805,4561.038,4553.535,4554.785,0.3242
1779697800000,4555.015,4557.895,4553.205,4554.438,0.2411
1779698700000,4554.488,4556.418,4553.298,4555.948,0.248
1779699600000,4555.825,4558.498,4554.665,4555.328,0.204
1779700500000,4555.328,4558.805,4555.278,4558.778,0.1868
1779701400000,4558.778,4565.935,4558.305,4565.605,0.2548
1779702300000,4565.575,4568.975,4564.525,4567.398,0.1905
1779703200000,4567.455,4572.285,4567.435,4571.825,0.1794
1779704100000,4571.895,4573.585,4569.725,4570.715,0.1706
1779705000000,4570.755,4573.055,4568.248,4569.965,0.2064
1779705900000,4570.035,4572.175,4568.275,4568.415,0.1419
1779706800000,4568.665,4572.265,4567.395,4571.955,0.1165
1779707700000,4571.975,4575.205,4569.295,4571.485,0.1637
1779708600000,4571.435,4576.075,4571.435,4574.305,0.1794
1779709500000,4574.325,4576.865,4569.065,4569.215,0.2004
1779710400000,4569.188,4569.215,4555.935,4556.125,0.4004
1779711300000,4556.035,4560.765,4552.738,4560.445,0.3553
1779712200000,4560.475,4570.115,4559.715,4566.245,0.3058
1779713100000,4566.315,4568.505,4564.005,4567.445,0.2331
1779714000000,4567.415,4571.285,4561.365,4564.235,0.4552
1779714900000,4564.225,4564.305,4560.335,4561.678,0.2865
1779715800000,4561.695,4565.335,4561.298,4564.895,0.3607
1779716700000,4564.915,4565.145,4559.855,4562.918,0.2988
1779717600000,4562.785,4569.825,4562.115,4567.585,0.3649
1779718500000,4567.565,4570.435,4567.238,4567.695,0.2143
1779719400000,4567.725,4568.345,4564.935,4566.805,0.243
1779720300000,4566.845,4568.775,4565.185,4566.615,0.246
1779721200000,4566.615,4573.245,4565.468,4569.828,0.3733
1779722100000,4569.888,4574.638,4567.818,4573.225,0.302
1779723000000,4573.255,4573.355,4566.615,4568.825,0.2079
1779723900000,4568.795,4572.568,4568.595,4570.715,0.1282
1779724800000,4570.725,4570.868,4568.425,4570.378,0.1596
1779725700000,4570.378,4570.528,4567.948,4568.048,0.1072
1779726600000,4567.905,4572.285,4567.828,4571.985,0.1564
1779727500000,4571.955,4574.445,4570.725,4573.305,0.1513
1779728400000,4573.145,4577.845,4573.145,4573.895,0.1716
1779729300000,4574.095,4574.435,4570.165,4571.195,0.0899
1779730200000,4571.155,4571.185,4566.075,4566.395,0.1063
1779731100000,4566.405,4566.405,4563.055,4564.795,0.1379
1779732000000,4564.815,4571.415,4564.055,4569.105,0.1241
1779732900000,4569.085,4570.655,4567.345,4569.675,0.053
1779746400000,4568.898,4573.825,4568.898,4573.205,0.1684
1779747300000,4573.145,4575.345,4572.598,4572.965,0.1176
1779748200000,4572.855,4574.995,4569.405,4573.745,0.1804
1779749100000,4573.715,4576.425,4573.408,4574.638,0.1593
1779750000000,4574.405,4579.035,4573.318,4578.985,0.2697
1779750900000,4578.955,4580.225,4566.965,4568.095,0.2286
1779751800000,4568.065,4568.355,4554.835,4556.305,0.3793
1779752700000,4556.345,4562.795,4556.345,4559.425,0.2643
1779753600000,4559.555,4559.895,4547.955,4552.005,0.6853
1779754500000,4551.965,4553.175,4540.885,4548.935,0.4685
1779755400000,4548.995,4552.795,4543.068,4547.935,0.3486
1779756300000,4547.735,4551.325,4539.135,4549.365,0.4153
1779757200000,4549.395,4550.075,4542.015,4548.495,0.6886
1779758100000,4548.405,4549.055,4541.515,4543.595,0.663
1779759000000,4543.635,4544.055,4527.395,4532.065,0.9395
1779759900000,4532.085,4537.205,4531.225,4536.785,0.6701
1779760800000,4536.675,4539.435,4535.225,4538.415,0.4797
1779761700000,4538.555,4539.085,4536.185,4536.625,0.3322
1779762600000,4536.695,4538.455,4533.295,4533.725,0.4953
1779763500000,4533.725,4534.575,4529.805,4532.105,0.4345
1779764400000,4532.115,4538.195,4531.855,4536.915,0.3903
1779765300000,4536.945,4543.575,4536.615,4541.985,0.4003
1779766200000,4542.075,4545.315,4540.715,4541.325,0.2846
1779767100000,4541.325,4543.665,4540.565,4542.245,0.1941
1779768000000,4542.245,4543.095,4535.805,4537.025,0.2469
1779768900000,4537.065,4539.365,4532.325,4532.325,0.2396
1779769800000,4532.325,4533.035,4525.015,4526.075,0.3476
1779770700000,4526.035,4528.965,4523.245,4525.275,0.3243
1779771600000,4525.185,4531.315,4522.735,4529.215,0.4329
1779772500000,4529.168,4531.285,4528.575,4531.145,0.2778
1779773400000,4531.145,4535.025,4527.865,4529.645,0.6159
1779774300000,4529.625,4529.865,4523.435,4527.045,0.6347
1779775200000,4527.025,4532.665,4526.815,4531.525,0.5559
1779776100000,4531.525,4536.025,4528.175,4530.135,0.5096
1779777000000,4530.165,4533.865,4528.525,4533.685,0.5088
1779777900000,4533.685,4533.885,4528.325,4530.775,0.4218
1779778800000,4530.805,4533.885,4525.795,4528.465,0.6379
1779779700000,4528.405,4531.085,4521.978,4529.525,0.5467
1779780600000,4529.605,4529.795,4521.485,4526.545,0.6658
1779781500000,4526.565,4538.955,4525.075,4538.095,0.6253
1779782400000,4538.095,4538.868,4526.965,4527.425,0.5253
1779783300000,4527.415,4529.805,4520.325,4522.195,0.5111
1779784200000,4522.055,4526.265,4519.815,4525.365,0.5375
1779785100000,4525.365,4527.285,4520.055,4523.625,0.4461
1779786000000,4523.625,4524.905,4519.145,4520.395,0.4838
1779786900000,4520.355,4526.305,4518.095,4524.665,0.5636
1779787800000,4524.715,4525.175,4512.058,4513.025,0.5582
1779788700000,4513.045,4523.335,4512.795,4522.615,0.5063
1779789600000,4522.635,4532.015,4519.408,4529.165,0.59
1779790500000,4529.245,4535.155,4527.305,4533.195,0.4973
1779791400000,4533.225,4538.605,4531.268,4532.935,0.613
1779792300000,4532.965,4540.375,4532.895,4534.245,0.5396
1779793200000,4534.245,4536.125,4531.475,4531.495,0.3608
1779794100000,4531.555,4532.505,4522.625,4523.568,0.4123
1779795000000,4523.375,4523.605,4504.135,4509.925,1.0222
1779795900000,4509.895,4515.555,4503.495,4507.095,0.6868
1779796800000,4507.035,4512.095,4504.205,4510.245,0.7292
1779797700000,4510.265,4515.905,4503.515,4506.095,0.6015
1779798600000,4506.115,4511.945,4500.475,4511.905,0.7205
1779799500000,4511.905,4523.525,4510.465,4520.078,0.7439
1779800400000,4520.078,4526.145,4515.835,4518.215,0.686
1779801300000,4518.515,4527.455,4518.008,4522.015,0.7197
1779802200000,4522.005,4531.155,4521.148,4527.028,1.0014
1779803100000,4527.285,4529.175,4512.025,4514.045,1.0194
1779804000000,4514.175,4520.275,4507.625,4510.925,0.9426
1779804900000,4510.828,4517.705,4508.355,4517.525,0.7405
1779805800000,4517.495,4524.935,4516.685,4521.238,0.777
1779806700000,4521.248,4521.955,4512.475,4515.185,0.7058
1779807600000,4515.175,4515.425,4507.855,4509.215,0.7673
1779808500000,4509.235,4510.315,4504.628,4505.735,0.7173
1779809400000,4505.865,4508.765,4502.135,4508.165,0.7812
1779810300000,4508.115,4510.588,4505.845,4506.225,0.6856
1779811200000,4506.275,4508.325,4500.095,4501.255,0.5695
1779812100000,4501.275,4508.755,4499.505,4507.835,0.495
1779813000000,4507.805,4511.138,4505.965,4506.348,0.5024
1779813900000,4506.355,4507.585,4502.845,4504.715,0.4226
1779814800000,4504.705,4507.285,4503.035,4503.545,0.2939
1779815700000,4503.445,4507.485,4500.295,4501.225,0.3967
1779816600000,4501.205,4501.495,4496.805,4498.415,0.5684
1779817500000,4498.395,4501.045,4489.685,4490.905,0.4567
1779818400000,4490.925,4493.235,4482.365,4487.195,0.6035
1779819300000,4487.165,4496.105,4486.315,4495.115,0.3973
1779820200000,4495.115,4498.305,4493.975,4495.975,0.3473
1779821100000,4495.955,4499.505,4495.955,4499.165,0.3818
1779822000000,4499.165,4501.045,4497.565,4499.345,0.3459
1779822900000,4499.345,4504.485,4499.255,4502.025,0.27
1779823800000,4502.025,4505.825,4500.635,4504.645,0.2725
1779824700000,4504.665,4509.698,4503.895,4508.735,0.4376
1779825600000,4508.695,4510.365,4505.955,4507.615,0.1927
1779826500000,4507.715,4509.698,4506.118,4506.375,0.1194
1779827400000,4506.455,4509.605,4505.715,4508.655,0.0881
1779828300000,4508.665,4510.015,4503.755,4505.065,0.1826
1779832800000,4535.898,4537.698,4492.498,4504.105,0.275
1779833700000,4504.115,4509.645,4501.865,4504.025,0.3414
1779834600000,4504.035,4505.665,4497.715,4500.465,0.2433
1779835500000,4500.445,4512.105,4499.365,4510.535,0.3166
1779836400000,4510.535,4513.248,4507.335,4508.645,0.3152
1779837300000,4508.595,4512.105,4504.165,4512.105,0.2211
1779838200000,4512.075,4526.685,4510.865,4526.635,0.2826
1779839100000,4526.655,4527.555,4518.205,4519.335,0.2996
1779840000000,4519.228,4525.645,4516.975,4521.765,0.3634
1779840900000,4521.745,4522.275,4513.755,4517.655,0.3677
1779841800000,4518.201,4520.545,4516.655,4518.425,0.2786
1779842700000,4518.485,4521.855,4514.495,4514.895,0.3437
1779843600000,4514.875,4520.655,4512.395,4519.215,0.6608
1779844500000,4519.245,4520.815,4514.125,4515.855,0.3948
1779845400000,4515.835,4516.915,4509.095,4509.745,0.4041
1779846300000,4509.805,4510.535,4506.675,4507.765,0.3959
1779847200000,4507.795,4509.335,4501.795,4503.865,0.4663
1779848100000,4503.835,4505.468,4498.718,4505.195,0.3152
1779849000000,4505.225,4505.795,4498.415,4499.665,0.3218
1779849900000,4499.605,4506.785,4497.725,4505.625,0.2841
1779850800000,4505.655,4510.165,4504.845,4509.105,0.3587
1779851700000,4509.105,4511.705,4505.318,4506.798,0.2759
1779852600000,4506.818,4506.995,4501.385,4503.995,0.2455
1779853500000,4503.995,4505.178,4496.355,4496.785,0.2348
1779854400000,4496.815,4502.925,4495.495,4502.795,0.2496
1779855300000,4502.825,4503.145,4499.265,4499.265,0.2326
1779856200000,4499.285,4508.175,4497.535,4508.175,0.2824
1779857100000,4508.125,4517.005,4508.125,4509.915,0.3548
1779858000000,4509.965,4513.578,4508.035,4508.775,0.3594
1779858900000,4508.725,4508.785,4503.835,4506.995,0.2963
1779859800000,4506.965,4508.625,4491.355,4493.285,1.1908
1779860700000,4493.285,4502.085,4491.695,4497.225,1.3249
1779861600000,4497.185,4498.865,4493.435,4493.715,0.6051
1779862500000,4493.745,4495.615,4483.355,4486.065,1.1544
1779863400000,4486.015,4487.525,4479.395,4487.385,0.6894
1779864300000,4487.395,4489.865,4483.165,4484.895,0.427
1779865200000,4485.445,4488.425,4479.885,4480.035,0.4667
1779866100000,4480.105,4489.075,4480.025,4486.125,0.4214
1779867000000,4486.145,4488.525,4481.055,4482.695,0.3825
1779867900000,4482.725,4483.895,4475.605,4481.825,0.4773
1779868800000,4481.885,4489.125,4481.598,4486.215,0.4869
1779869700000,4486.295,4492.765,4485.945,4488.965,0.4601
1779870600000,4488.915,4496.455,4485.855,4496.035,0.4332
1779871500000,4496.055,4498.645,4492.535,4497.745,0.431
1779872400000,4497.745,4497.745,4488.425,4491.585,0.4201
1779873300000,4491.555,4495.245,4489.155,4489.835,0.3447
1779874200000,4489.858,4492.065,4486.845,4488.445,0.3248
1779875100000,4488.395,4493.045,4488.168,4489.995,0.2384
1779876000000,4489.948,4490.435,4484.175,4485.395,0.3476
1779876900000,4485.295,4486.175,4476.265,4476.815,0.4213
1779877800000,4476.705,4477.055,4461.795,4465.565,0.7187
1779878700000,4465.535,4466.835,4442.425,4445.775,0.8784
1779879600000,4445.775,4453.165,4443.075,4451.055,0.7055
1779880500000,4450.965,4452.215,4439.195,4440.715,0.6918
1779881400000,4440.735,4444.155,4432.135,4443.075,0.7251
1779882300000,4442.958,4444.595,4424.755,4428.485,0.7149
1779883200000,4428.455,4437.375,4428.265,4430.225,0.7139
1779884100000,4430.255,4466.315,4427.345,4454.465,1.1478
1779885000000,4454.495,4460.005,4444.465,4446.905,0.9827
1779885900000,4446.945,4448.145,4437.565,4438.765,0.7366
1779886800000,4438.735,4438.975,4410.915,4416.575,1.1793
1779887700000,4416.575,4421.158,4401.325,4404.665,1.0963
1779888600000,4404.605,4425.395,4404.108,4419.085,1.2964
1779889500000,4419.085,4433.895,4418.035,4427.335,1.168
1779890400000,4427.325,4455.248,4425.785,4447.765,1.1781
1779891300000,4447.685,4455.118,4439.918,4445.295,1.1216
1779892200000,4445.315,4449.185,4435.475,4442.855,1.0055
1779893100000,4442.838,4446.035,4433.035,4433.815,0.8898
1779894000000,4433.785,4438.345,4427.875,4431.908,0.8776
1779894900000,4431.908,4435.835,4429.545,4435.735,0.7174
1779895800000,4435.975,4441.295,4432.808,4433.938,0.7203
1779896700000,4433.938,4438.435,4430.795,4436.405,0.6597
1779897600000,4436.335,4441.865,4434.005,4439.975,0.5675
1779898500000,4440.075,4447.455,4439.655,4446.585,0.4225
1779899400000,4446.585,4453.058,4445.095,4450.645,0.4314
1779900300000,4450.705,4453.115,4449.215,4450.638,0.4637
1779901200000,4450.675,4451.495,4441.315,4443.905,0.6088
1779902100000,4443.915,4451.185,4443.145,4449.675,0.5216
1779903000000,4449.665,4454.185,4449.638,4450.435,0.4259
1779903900000,4450.415,4453.825,4449.898,4450.145,0.3608
1779904800000,4450.165,4451.988,4447.455,4449.895,0.3366
1779905700000,4449.898,4458.135,4449.675,4455.375,0.3661
1779906600000,4455.405,4456.245,4451.145,4453.138,0.2472
1779907500000,4453.015,4454.805,4452.155,4454.168,0.2087
1779908400000,4454.168,4454.555,4450.358,4451.515,0.2592
1779909300000,4451.525,4453.875,4449.545,4450.825,0.2978
1779910200000,4450.845,4454.715,4449.445,4453.425,0.2993
1779911100000,4453.475,4453.518,4448.565,4450.675,0.3952
1779912000000,4450.655,4455.125,4449.845,4455.125,0.192
1779912900000,4455.165,4458.688,4454.588,4454.898,0.1826
1779913800000,4454.898,4455.558,4451.445,4453.458,0.1202
1779914700000,4453.458,4456.365,4451.565,4451.875,0.0972
1779919200000,4454.915,4465.495,4454.915,4457.625,0.1253
1779920100000,4457.655,4461.835,4456.295,4459.635,0.0979
1779921000000,4459.478,4462.245,4454.965,4458.245,0.1473
1779921900000,4458.225,4458.615,4455.205,4457.088,0.092
1779922800000,4457.088,4457.345,4451.245,4453.235,0.2385
1779923700000,4453.295,4454.585,4449.065,4450.475,0.2026
1779924600000,4450.425,4453.635,4449.025,4450.405,0.1671
1779925500000,4450.325,4450.325,4443.535,4446.975,0.3091
1779926400000,4446.955,4452.285,4444.275,4444.385,0.3959
1779927300000,4444.425,4453.775,4443.745,4446.095,0.4032
1779928200000,4446.055,4452.955,4443.338,4451.835,0.356
1779929100000,4451.805,4457.585,4450.245,4456.678,0.4331
1779930000000,4456.665,4458.355,4437.428,4437.818,0.8028
1779930900000,4437.778,4440.125,4416.895,4418.818,0.7949
1779931800000,4418.845,4426.215,4415.698,4417.318,0.8646
1779932700000,4417.318,4420.038,4406.578,4409.668,0.9394
1779933600000,4409.668,4412.195,4395.958,4402.238,1.2139
1779934500000,4402.248,4407.918,4399.408,4405.758,0.5525
1779935400000,4405.768,4409.985,4400.285,4401.768,0.651
1779936300000,4401.565,4401.998,4392.195,4394.128,0.7003
1779937200000,4394.128,4397.525,4389.908,4394.015,0.6694
1779938100000,4394.045,4394.255,4381.995,4387.268,0.7641
1779939000000,4387.268,4387.498,4370.528,4376.615,0.8964
1779939900000,4376.615,4379.045,4368.115,4374.515,0.6223
1779940800000,4374.495,4381.645,4369.335,4375.905,0.56
1779941700000,4375.955,4376.625,4366.048,4367.955,0.566
1779942600000,4367.955,4374.725,4367.895,4373.795,0.4236
1779943500000,4373.638,4374.798,4367.758,4372.745,0.5449
1779944400000,4372.745,4377.25,4366.785,4375.048,0.517
1779945300000,4375.115,4379.658,4371.388,4378.395,0.4875
1779946200000,4378.365,4393.238,4374.695,4389.225,0.7785
1779947100000,4389.225,4395.548,4387.378,4387.745,0.6713
1779948000000,4387.798,4390.298,4374.248,4375.505,0.701
1779948900000,4375.518,4384.408,4373.685,4380.045,0.5507
1779949800000,4380.035,4385.145,4376.615,4380.155,0.5018
1779950700000,4380.155,4384.455,4378.865,4383.178,0.4555
1779951600000,4383.325,4392.055,4383.178,4388.468,0.5556
1779952500000,4388.468,4395.955,4386.048,4392.305,0.4457
1779953400000,4392.305,4393.555,4385.135,4389.078,0.4641
1779954300000,4389.145,4390.745,4382.575,4387.255,0.3761
1779955200000,4387.238,4394.675,4386.285,4393.005,0.3054
1779956100000,4392.975,4394.275,4387.318,4389.545,0.2686
1779957000000,4389.378,4394.628,4385.918,4389.775,0.2712
1779957900000,4389.885,4391.675,4385.615,4386.665,0.2234
1779958800000,4386.588,4391.095,4386.185,4389.035,0.2616
1779959700000,4389.005,4398.845,4388.305,4396.205,0.3094
1779960600000,4396.068,4396.735,4389.975,4390.975,0.3802
1779961500000,4391.075,4396.135,4389.538,4393.405,0.3242
1779962400000,4393.435,4403.765,4391.365,4399.048,0.2935
1779963300000,4399.048,4402.285,4393.645,4400.945,0.2868
1779964200000,4400.945,4402.235,4387.885,4388.998,0.3127
1779965100000,4388.815,4388.998,4374.678,4382.775,0.6538
1779966000000,4382.775,4389.055,4381.225,4386.735,0.4272
1779966900000,4386.485,4390.505,4384.185,4384.645,0.2809
1779967800000,4384.745,4390.295,4380.705,4385.605,0.3315
1779968700000,4385.565,4388.285,4380.815,4387.745,0.3055
1779969600000,4387.855,4392.615,4387.758,4392.475,0.3282
1779970500000,4392.495,4392.755,4379.375,4384.875,0.3648
1779971400000,4384.895,4402.885,4383.825,4401.818,0.6947
1779972300000,4402.335,4433.458,4401.375,4431.848,0.7393
1779973200000,4432.115,4438.895,4424.818,4426.428,0.8945
1779974100000,4426.475,4434.045,4425.595,4428.365,0.5516
1779975000000,4428.445,4430.565,4417.995,4421.665,0.9006
1779975900000,4421.658,4434.155,4421.228,4429.995,0.7278
1779976800000,4429.775,4466.845,4420.525,4463.738,0.8413
1779977700000,4463.748,4473.165,4450.838,4460.568,1.4008
1779978600000,4460.758,4471.175,4452.295,4468.658,1.2761
1779979500000,4468.658,4480.135,4461.715,4469.078,1.2224
1779980400000,4469.525,4480.448,4468.385,4471.138,0.9927
1779981300000,4471.315,4481.795,4468.928,4476.428,0.8063
1779982200000,4476.438,4484.995,4476.395,4479.055,0.7325
1779983100000,4479.075,4482.178,4478.308,4481.938,0.5509
1779984000000,4482.005,4485.618,4477.255,4483.998,0.6889
1779984900000,4484.075,4502.615,4483.685,4500.475,0.9928
1779985800000,4500.425,4506.155,4497.425,4504.035,0.738
1779986700000,4504.035,4510.708,4504.035,4510.675,0.6778
1779987600000,4510.765,4514.205,4503.235,4503.788,0.7471
1779988500000,4503.565,4506.578,4501.028,4501.868,0.7254
1779989400000,4501.918,4506.888,4501.918,4504.658,0.5305
1779990300000,4504.698,4509.648,4504.378,4508.738,0.4915
1779991200000,4508.738,4516.318,4505.955,4507.508,0.6422
1779992100000,4507.508,4512.508,4505.045,4506.118,0.6193
1779993000000,4506.128,4506.218,4500.575,4501.568,0.5372
1779993900000,4501.395,4503.335,4498.258,4500.758,0.4939
1779994800000,4500.758,4503.498,4498.345,4499.238,0.3999
1779995700000,4499.318,4502.738,4499.268,4499.538,0.2851
1779996600000,4499.415,4501.598,4498.698,4499.088,0.3352
1779997500000,4498.938,4500.068,4496.985,4497.788,0.5038
1779998400000,4497.588,4498.378,4494.698,4496.968,0.2501
1779999300000,4496.988,4500.298,4496.078,4499.088,0.2285
1780000200000,4499.088,4500.398,4494.628,4495.218,0.3119
1780001100000,4495.218,4496.248,4494.505,4495.605,0.2091
1780005600000,4494.685,4499.265,4491.345,4493.465,0.2114
1780006500000,4493.445,4496.148,4492.485,4495.388,0.1256
1780007400000,4495.478,4496.168,4492.695,4495.138,0.2216
1780008300000,4495.228,4495.875,4490.608,4490.638,0.1972
1780009200000,4490.595,4495.458,4490.595,4494.315,0.3307
1780010100000,4494.358,4496.658,4491.385,4491.865,0.1506
1780011000000,4491.865,4494.225,4488.755,4489.545,0.2275
1780011900000,4489.515,4495.925,4488.685,4494.735,0.2656
1780012800000,4494.795,4497.895,4491.695,4496.978,0.6963
1780013700000,4496.978,4500.375,4495.495,4499.895,0.4463
1780014600000,4499.665,4500.255,4493.095,4498.085,0.3111
1780015500000,4497.775,4498.185,4492.985,4495.935,0.2811
1780016400000,4495.905,4514.995,4491.995,4514.705,0.7497
1780017300000,4514.675,4520.445,4504.995,4505.175,0.6319
1780018200000,4505.195,4508.345,4502.225,4506.195,0.5178
1780019100000,4506.165,4507.585,4500.865,4506.355,0.4835
1780020000000,4506.385,4511.015,4503.905,4506.655,0.4647
1780020900000,4506.725,4508.705,4501.595,4502.755,0.2514
1780021800000,4502.755,4507.735,4498.135,4504.945,0.3976
1780022700000,4504.965,4507.905,4500.975,4501.525,0.3784
1780023600000,4501.415,4501.695,4494.715,4496.125,0.4776
1780024500000,4496.135,4498.925,4494.965,4496.645,0.3877
1780025400000,4496.615,4498.945,4494.535,4497.945,0.271
1780026300000,4497.975,4501.345,4496.085,4501.085,0.2925
1780027200000,4501.065,4505.215,4500.885,4502.235,0.2803
1780028100000,4502.145,4511.378,4501.755,4508.965,0.3618
1780029000000,4508.885,4510.715,4508.205,4510.445,0.2688
1780029900000,4510.505,4514.675,4507.815,4513.905,0.2273
1780030800000,4513.845,4515.265,4508.565,4511.658,0.2289
1780031700000,4511.658,4511.945,4509.098,4509.575,0.2257
1780032600000,4509.795,4512.545,4502.435,4506.455,0.5122
1780033500000,4506.545,4515.775,4503.765,4514.745,0.4252
1780034400000,4514.745,4522.265,4510.885,4515.455,0.4477
1780035300000,4515.445,4521.305,4509.675,4516.375,0.4136
1780036200000,4516.435,4520.555,4511.045,4516.475,0.3605
1780037100000,4516.445,4524.045,4514.935,4523.515,0.3169
1780038000000,4523.465,4523.735,4515.645,4516.065,0.3709
1780038900000,4515.945,4516.875,4510.585,4514.025,0.3665
1780039800000,4513.995,4526.015,4512.695,4525.015,0.4559
1780040700000,4525.055,4526.235,4521.885,4524.565,0.3039
1780041600000,4524.525,4524.635,4514.118,4514.978,0.4453
1780042500000,4514.965,4517.825,4512.375,4516.895,0.3714
1780043400000,4516.855,4517.995,4513.775,4514.935,0.2645
1780044300000,4514.895,4515.925,4509.675,4514.705,0.3065
1780045200000,4514.735,4530.355,4513.085,4528.765,0.4025
1780046100000,4528.855,4532.185,4521.925,4528.575,0.3939
1780047000000,4528.705,4532.305,4524.605,4532.175,0.3239
1780047900000,4532.245,4539.325,4529.458,4530.995,0.4276
1780048800000,4530.788,4530.825,4525.338,4528.318,0.3158
1780049700000,4528.318,4530.825,4525.535,4530.198,0.3362
1780050600000,4530.235,4543.025,4530.165,4537.805,0.3842
1780051500000,4537.825,4540.875,4535.208,4538.435,0.3218
1780052400000,4538.268,4540.315,4530.615,4532.095,0.3265
1780053300000,4532.165,4534.315,4526.675,4527.775,0.3707
1780054200000,4527.785,4531.318,4525.585,4530.895,0.3924
1780055100000,4531.045,4538.765,4527.285,4538.225,0.396
1780056000000,4538.375,4538.415,4526.785,4528.235,0.4609
1780056900000,4528.235,4531.705,4519.755,4522.025,0.449
1780057800000,4522.055,4523.305,4512.555,4514.075,0.5228
1780058700000,4514.035,4523.995,4512.515,4522.825,0.5544
1780059600000,4522.935,4526.725,4516.865,4522.505,0.6275
1780060500000,4522.575,4529.005,4521.125,4527.745,0.4317
1780061400000,4528.025,4535.445,4522.185,4532.955,0.7621
1780062300000,4532.955,4540.645,4529.505,4536.685,0.7213
1780063200000,4536.765,4552.565,4535.055,4543.608,0.8981
1780064100000,4543.645,4544.825,4525.735,4529.585,0.9399
1780065000000,4529.585,4541.805,4525.015,4540.125,0.9127
1780065900000,4540.115,4570.335,4536.525,4563.995,0.9722
1780066800000,4563.845,4594.665,4563.845,4588.545,0.9583
1780067700000,4589.005,4591.145,4577.455,4578.075,0.5507
1780068600000,4577.345,4582.815,4560.225,4566.345,0.53
1780069500000,4566.325,4571.115,4556.485,4570.745,0.4424
1780070400000,4570.765,4571.895,4559.425,4563.225,0.3266
1780071300000,4563.175,4567.285,4559.985,4562.645,0.2989
1780072200000,4562.335,4573.095,4561.545,4569.135,0.3416
1780073100000,4568.885,4568.885,4560.525,4566.575,0.2545
1780074000000,4566.845,4568.135,4563.005,4563.465,0.2221
1780074900000,4563.465,4566.685,4559.515,4561.485,0.2905
1780075800000,4561.455,4561.915,4552.795,4553.655,0.2566
1780076700000,4553.715,4557.225,4551.085,4553.035,0.2467
1780077600000,4552.825,4558.275,4551.995,4557.695,0.2203
1780078500000,4557.775,4559.945,4555.285,4558.955,0.1842
1780079400000,4559.005,4561.245,4557.095,4557.515,0.1447
1780080300000,4557.315,4557.375,4549.585,4552.965,0.2734
1780081200000,4552.825,4559.875,4551.925,4558.005,0.1809
1780082100000,4557.975,4558.735,4554.245,4554.915,0.1538
1780083000000,4554.875,4556.075,4550.695,4551.085,0.1792
1780083900000,4551.085,4551.155,4542.265,4544.095,0.2837
1780084800000,4544.865,4548.645,4542.345,4548.295,0.1651
1780085700000,4548.225,4548.415,4541.675,4542.235,0.0892
1780086600000,4542.145,4543.745,4540.905,4543.335,0.1007
1780087500000,4543.185,4543.185,4536.775,4537.498,0.1309
1780264800000,4519.755,4535.045,4517.555,4534.545,0.4002
1780265700000,4534.385,4536.415,4531.115,4532.838,0.2561
1780266600000,4532.865,4536.255,4530.488,4535.255,0.2208
1780267500000,4535.195,4540.195,4534.415,4534.765,0.2796
1780268400000,4534.838,4543.045,4534.618,4542.295,0.7494
1780269300000,4542.355,4544.825,4539.875,4544.625,0.182
1780270200000,4544.705,4545.485,4538.285,4541.585,0.21
1780271100000,4541.565,4544.585,4538.225,4539.335,0.2464
1780272000000,4539.295,4545.695,4537.168,4540.495,0.3619
1780272900000,4540.485,4544.285,4537.555,4542.995,0.2837
1780273800000,4543.015,4544.945,4534.998,4535.805,0.3233
1780274700000,4535.785,4542.565,4535.695,4540.495,0.3782
1780275600000,4540.295,4541.185,4525.915,4533.635,0.6866
1780276500000,4533.665,4536.375,4527.538,4528.465,0.4784
1780277400000,4528.438,4533.765,4526.765,4532.895,0.4336
1780278300000,4532.868,4533.395,4523.515,4525.255,0.406
1780279200000,4525.155,4533.825,4523.908,4531.945,0.396
1780280100000,4531.965,4534.355,4529.085,4530.175,0.2509
1780281000000,4530.145,4531.025,4522.198,4522.925,0.4882
1780281900000,4522.895,4524.845,4520.925,4521.195,0.4538
1780282800000,4521.225,4525.385,4515.288,4518.615,0.3884
1780283700000,4518.635,4521.265,4513.555,4520.325,0.3389
1780284600000,4520.345,4523.905,4509.615,4510.435,0.3041
1780285500000,4510.365,4516.145,4509.635,4516.145,0.2542
1780286400000,4516.105,4519.525,4512.088,4514.445,0.232
1780287300000,4514.485,4518.265,4514.485,4515.695,0.1759
1780288200000,4515.695,4517.085,4513.345,4514.315,0.2295
1780289100000,4514.295,4514.925,4508.395,4514.145,0.2732
1780290000000,4514.185,4519.045,4513.278,4517.865,0.2693
1780290900000,4518.155,4523.375,4517.345,4520.255,0.2853
1780291800000,4520.295,4521.955,4512.365,4519.575,0.4721
1780292700000,4519.555,4525.055,4516.655,4517.915,0.4182
1780293600000,4517.905,4518.435,4512.495,4513.835,0.7765
1780294500000,4513.845,4515.675,4504.655,4513.975,0.3857
1780295400000,4514.315,4514.655,4501.308,4504.385,0.4234
1780296300000,4504.475,4504.795,4500.095,4501.505,0.3764
1780297200000,4501.285,4509.815,4500.375,4507.035,0.3794
1780298100000,4506.995,4508.115,4502.925,4503.605,0.2569
1780299000000,4503.635,4507.495,4497.715,4497.945,0.3248
1780299900000,4497.925,4502.935,4492.195,4502.935,0.4033
1780300800000,4502.915,4504.345,4493.255,4495.465,0.3405
1780301700000,4495.865,4496.715,4490.178,4495.745,0.2607
1780302600000,4495.855,4500.235,4492.455,4499.985,0.2534
1780303500000,4499.735,4502.335,4495.445,4497.855,0.2924
1780304400000,4497.705,4500.545,4497.505,4499.515,0.2566
1780305300000,4499.515,4506.175,4496.175,4496.175,0.3266
1780306200000,4496.175,4499.205,4488.965,4498.165,0.3689
1780307100000,4498.165,4498.315,4493.725,4495.805,0.2933
1780308000000,4495.795,4502.005,4495.795,4501.385,0.2827
1780308900000,4501.425,4503.365,4495.955,4500.725,0.2641
1780309800000,4500.765,4507.315,4500.325,4505.755,0.2664
1780310700000,4505.795,4510.785,4502.325,4503.785,0.3068
1780311600000,4503.775,4506.555,4499.605,4504.775,0.3121
1780312500000,4504.835,4512.785,4503.965,4510.485,0.3137
1780313400000,4510.435,4512.145,4506.025,4506.975,0.3496
1780314300000,4506.975,4509.575,4505.215,4505.635,0.3653
1780315200000,4505.635,4509.405,4503.005,4503.185,0.3295
1780316100000,4503.035,4507.565,4497.225,4505.355,0.4552
1780317000000,4505.305,4508.165,4497.465,4507.185,0.4426
1780317900000,4507.135,4510.325,4498.445,4501.945,0.4458
1780318800000,4502.365,4503.765,4472.125,4483.895,0.7715
1780319700000,4483.995,4489.455,4462.285,4464.535,1.0609
1780320600000,4464.515,4478.495,4458.725,4467.015,1.1203
1780321500000,4466.995,4469.325,4448.105,4449.635,0.9842
1780322400000,4447.905,4461.885,4447.515,4461.135,0.953
1780323300000,4461.035,4464.675,4449.525,4456.165,0.7662
1780324200000,4455.965,4461.485,4453.585,4459.885,0.6323
1780325100000,4459.785,4461.115,4452.205,4458.635,0.6495
1780326000000,4458.645,4465.125,4455.325,4464.105,0.6281
1780326900000,4464.105,4470.175,4463.035,4468.145,0.5286
1780327800000,4468.125,4479.655,4468.035,4472.105,0.7275
1780328700000,4472.215,4475.515,4468.438,4474.045,0.437
1780329600000,4473.925,4478.025,4464.955,4466.995,0.472
1780330500000,4466.955,4469.395,4462.755,4467.835,0.3974
1780331400000,4467.835,4471.945,4467.555,4467.885,0.3616
1780332300000,4467.885,4481.955,4467.188,4479.875,0.5347
1780333200000,4479.885,4480.775,4471.205,4474.795,0.4617
1780334100000,4474.765,4482.875,4472.115,4482.435,0.3828
1780335000000,4482.495,4491.385,4480.245,4491.315,0.7023
1780335900000,4491.265,4495.385,4487.265,4487.305,0.5671
1780336800000,4487.375,4489.995,4486.085,4488.415,0.2722
1780337700000,4488.335,4489.975,4486.325,4486.495,0.2253
1780338600000,4486.575,4487.935,4484.665,4487.685,0.2692
1780339500000,4487.655,4488.515,4486.245,4486.465,0.2593
1780340400000,4486.405,4488.005,4484.545,4485.208,0.2715
1780341300000,4485.185,4486.295,4484.058,4484.368,0.2676
1780342200000,4484.365,4485.545,4482.865,4483.128,0.3066
1780343100000,4483.128,4484.115,4478.885,4480.955,0.507
1780344000000,4480.965,4484.095,4479.978,4483.345,0.1874
1780344900000,4483.345,4484.165,4481.908,4482.925,0.1209
1780345800000,4482.935,4484.505,4481.895,4482.335,0.1217
1780346700000,4482.295,4485.575,4481.055,4484.515,0.1374
1780351200000,4487.098,4487.895,4481.468,4484.198,0.1643
1780352100000,4484.218,4484.925,4481.055,4481.265,0.1616
1780353000000,4481.325,4483.605,4479.415,4481.395,0.1124
1780353900000,4481.375,4485.988,4481.085,4485.388,0.1278
1780354800000,4484.948,4487.348,4481.005,4485.845,0.1374
1780355700000,4485.825,4488.065,4485.145,4486.935,0.0838
1780356600000,4486.995,4487.185,4480.215,4483.098,0.1712
1780357500000,4483.085,4485.755,4479.065,4484.265,0.1993
1780358400000,4484.455,4485.035,4476.455,4480.935,0.4285
1780359300000,4480.945,4493.645,4480.745,4493.475,0.3892
1780360200000,4493.495,4497.025,4484.865,4486.725,0.3464
1780361100000,4486.705,4487.545,4480.345,4481.248,0.4041
1780362000000,4481.065,4491.765,4473.505,4489.655,0.6756
1780362900000,4489.595,4492.145,4480.615,4486.205,0.5518
1780363800000,4486.165,4489.245,4479.078,4479.565,0.4899
1780364700000,4479.615,4482.055,4462.658,4473.575,0.767
1780365600000,4473.618,4480.825,4471.688,4480.315,0.565
1780366500000,4480.295,4484.545,4478.305,4481.685,0.3524
1780367400000,4481.755,4485.545,4474.055,4476.265,0.4421
1780368300000,4476.235,4486.235,4473.365,4485.685,0.3355
1780369200000,4485.645,4492.355,4485.485,4487.935,0.4136
1780370100000,4487.895,4497.145,4485.388,4494.885,0.4028
1780371000000,4494.805,4499.215,4492.725,4496.945,0.3663
1780371900000,4496.788,4499.335,4495.035,4499.115,0.2269
1780372800000,4499.115,4505.185,4497.635,4504.415,0.2908
1780373700000,4504.395,4509.888,4503.825,4504.245,0.3435
1780374600000,4504.195,4510.945,4503.155,4510.075,0.2597
1780375500000,4510.115,4518.025,4509.548,4517.185,0.2919
1780376400000,4517.135,4518.625,4514.975,4518.615,0.2682
1780377300000,4518.655,4521.705,4516.448,4519.555,0.3544
1780378200000,4519.625,4527.975,4519.468,4524.158,0.6969
1780379100000,4524.135,4525.965,4515.975,4516.828,0.4846
1780380000000,4516.835,4524.615,4516.755,4518.765,0.4201
1780380900000,4518.675,4533.745,4517.785,4532.815,0.4274
1780381800000,4532.885,4538.285,4531.495,4532.615,0.3676
1780382700000,4532.555,4536.615,4531.815,4535.465,0.3125
1780383600000,4535.485,4541.385,4533.105,4539.895,0.3538
1780384500000,4539.815,4540.425,4533.128,4533.818,0.2861
1780385400000,4533.818,4535.035,4531.075,4531.715,0.2748
1780386300000,4531.755,4535.258,4527.705,4534.835,0.3646
1780387200000,4534.808,4538.898,4532.775,4534.545,0.3982
1780388100000,4534.585,4535.235,4529.335,4530.995,0.294
1780389000000,4530.855,4533.215,4528.005,4528.598,0.2468
1780389900000,4528.565,4530.065,4525.755,4526.518,0.2223
1780390800000,4526.585,4534.095,4525.138,4533.865,0.3038
1780391700000,4533.718,4535.535,4525.135,4526.545,0.3568
1780392600000,4526.545,4527.175,4521.075,4525.485,0.3589
1780393500000,4525.455,4531.255,4524.698,4529.585,0.3561
1780394400000,4529.695,4531.575,4527.488,4528.725,0.2262
1780395300000,4528.648,4529.425,4524.455,4528.145,0.2252
1780396200000,4528.325,4528.645,4525.265,4528.645,0.1825
1780397100000,4528.815,4533.825,4528.815,4532.995,0.226
1780398000000,4533.035,4534.515,4528.535,4528.645,0.2362
1780398900000,4528.605,4529.975,4526.275,4529.975,0.2258
1780399800000,4530.215,4530.615,4525.985,4526.845,0.215
1780400700000,4526.895,4530.515,4525.455,4527.425,0.2369
1780401600000,4527.735,4528.505,4525,4526.125,0.2377
1780402500000,4526.165,4534.035,4523.755,4529.175,0.3505
1780403400000,4529.225,4533.525,4521.645,4524.955,0.4539
1780404300000,4525.035,4525.885,4513.285,4514.455,0.4199
1780405200000,4514.405,4524.725,4511.505,4513.865,0.6736
1780406100000,4513.885,4517.055,4509.838,4510.675,0.5645
1780407000000,4510.485,4514.365,4506.045,4508.255,0.8653
1780407900000,4508.255,4513.735,4502.095,4502.095,0.6949
1780408800000,4502.285,4506.795,4491.081,4504.085,0.7031
1780409700000,4504.025,4505.005,4490.105,4495.455,0.7957
1780410600000,4495.465,4505.295,4495.428,4504.245,0.5287
1780411500000,4504.195,4506.165,4500.735,4503.885,0.4698
1780412400000,4503.945,4508.005,4501.405,4503.235,0.5637
1780413300000,4503.265,4505.935,4501.325,4505.215,0.496
1780414200000,4505.255,4508.395,4499.915,4502.155,0.5161
1780415100000,4502.225,4506.845,4501.065,4501.865,0.3848
1780416000000,4502.075,4502.825,4497.935,4497.985,0.4191
1780416900000,4497.955,4498.195,4490.145,4490.235,0.4353
1780417800000,4490.265,4491.305,4486.125,4489.575,0.4345
1780418700000,4489.575,4491.805,4488.955,4491.705,0.356
1780419600000,4491.705,4492.875,4486.575,4489.335,0.3967
1780420500000,4489.315,4491.595,4486.175,4490.945,0.4577
1780421400000,4490.875,4491.645,4481.885,4484.385,0.3981
1780422300000,4484.385,4486.355,4482.535,4484.455,0.265
1780423200000,4484.565,4488.525,4484.185,4485.005,0.2675
1780424100000,4484.955,4490.865,4483.828,4488.245,0.3322
1780425000000,4488.245,4489.275,4478.535,4480.365,0.3424
1780425900000,4480.278,4490.308,4480.075,4487.165,0.2708
1780426800000,4487.195,4489.035,4487.065,4487.215,0.2441
1780427700000,4487.105,4489.595,4485.515,4489.315,0.2264
1780428600000,4489.195,4490.065,4483.115,4487.175,0.2835
1780429500000,4487.225,4488.345,4485.345,4487.885,0.3566
1780430400000,4487.885,4489.645,4486.075,4489.645,0.1395
1780431300000,4489.605,4490.865,4488.455,4489.575,0.11
1780432200000,4489.575,4490.875,4488.665,4488.775,0.0972
1780433100000,4488.795,4489.745,4486.425,4488.865,0.1064
1780437600000,4489.978,4492.855,4487.625,4489.245,0.1474
1780438500000,4489.175,4491.195,4487.485,4490.155,0.177
1780439400000,4489.845,4491.115,4486.975,4488.735,0.1659
1780440300000,4488.755,4492.135,4483.755,4484.418,0.3024
1780441200000,4484.518,4488.555,4474.215,4477.185,0.4005
1780442100000,4477.165,4477.185,4461.905,4467.295,0.4849
1780443000000,4467.375,4474.795,4462.285,4474.735,0.4133
1780443900000,4474.775,4475.055,4468.735,4474.125,0.3136
1780444800000,4474.095,4479.585,4473.495,4475.685,0.3741
1780445700000,4475.715,4483.105,4474.105,4482.985,0.2634
1780446600000,4482.935,4496.515,4481.055,4495.515,0.3592
1780447500000,4495.505,4495.735,4485.558,4485.855,0.3371
1780448400000,4485.835,4487.385,4467.035,4470.965,0.8155
1780449300000,4471.065,4472.385,4462.978,4466.885,0.5896
1780450200000,4466.885,4472.895,4464.665,4470.175,0.5182
1780451100000,4470.135,4477.085,4469.735,4475.565,0.4181
1780452000000,4475.675,4481.185,4472.555,4480.405,0.4178
1780452900000,4480.425,4480.755,4473.785,4478.565,0.2795
1780453800000,4478.605,4484.915,4474.465,4478.805,0.395
1780454700000,4478.745,4481.815,4472.725,4481.655,0.4461
1780455600000,4481.538,4487.375,4481.535,4485.205,0.356
1780456500000,4485.255,4486.945,4482.835,4483.065,0.3074
1780457400000,4483.038,4485.595,4482.798,4484.135,0.2051
1780458300000,4484.165,4486.035,4482.148,4484.215,0.1776
1780459200000,4484.205,4486.905,4483.845,4486.575,0.218
1780460100000,4486.595,4488.035,4476.895,4476.955,0.211
1780461000000,4477.025,4477.275,4470.465,4473.165,0.2219
1780461900000,4473.115,4473.855,4467.995,4469.245,0.2109
1780462800000,4469.245,4473.325,4467.065,4472.965,0.3442
1780463700000,4472.985,4473.915,4465.775,4468.258,0.2831
1780464600000,4468.258,4468.655,4458.825,4461.785,0.5657
1780465500000,4461.745,4468.065,4456.298,4456.728,0.4699
1780466400000,4456.728,4467.145,4456.515,4465.805,0.4625
1780467300000,4465.785,4470.705,4458.645,4462.305,0.3917
1780468200000,4462.205,4464.885,4456.875,4460.315,0.4426
1780469100000,4460.255,4462.855,4455.025,4462.755,0.3365
1780470000000,4462.695,4472.035,4459.785,4469.375,0.4512
1780470900000,4469.365,4469.805,4456.005,4456.005,0.3721
1780471800000,4456.035,4463.175,4454.365,4458.695,0.4232
1780472700000,4458.675,4463.785,4452.595,4453.165,0.3163
1780473600000,4453.275,4458.995,4450.575,4455.245,0.3904
1780474500000,4455.255,4457.505,4450.485,4457.315,0.3778
1780475400000,4457.315,4458.825,4454.165,4456.285,0.365
1780476300000,4456.315,4457.555,4440.015,4443.905,0.3914
1780477200000,4443.865,4458.775,4441.555,4451.155,0.4019
1780478100000,4451.155,4451.775,4439.195,4439.675,0.4197
1780479000000,4439.715,4448.225,4438.735,4446.675,0.3788
1780479900000,4446.655,4447.805,4440.795,4442.955,0.2963
1780480800000,4442.955,4467.055,4440.795,4462.855,0.6326
1780481700000,4462.915,4463.955,4453.375,4459.665,0.4367
1780482600000,4459.735,4462.685,4453.055,4453.905,0.2824
1780483500000,4453.925,4460.935,4453.525,4458.755,0.2517
1780484400000,4458.935,4467.905,4458.855,4461.835,0.3761
1780485300000,4461.855,4465.605,4458.935,4464.485,0.3152
1780486200000,4464.515,4467.085,4459.235,4460.105,0.2841
1780487100000,4460.115,4464.755,4458.328,4462.125,0.2972
1780488000000,4462.265,4464.385,4456.985,4458.438,0.3458
1780488900000,4458.438,4462.135,4451.765,4452.675,0.4831
1780489800000,4452.675,4460.505,4448.025,4458.705,0.5432
1780490700000,4458.665,4466.965,4455.205,4460.155,0.5113
1780491600000,4460.035,4465.745,4457.648,4462.175,0.5618
1780492500000,4462.165,4463.095,4445.375,4448.355,0.5446
1780493400000,4448.375,4453.015,4426.598,4426.598,0.8109
1780494300000,4426.745,4450.025,4426.195,4445.825,0.9001
1780495200000,4445.715,4456.555,4442.095,4454.325,0.7638
1780496100000,4454.345,4458.505,4445.595,4451.865,0.6863
1780497000000,4451.955,4453.495,4446.908,4448.005,0.6317
1780497900000,4447.975,4459.435,4447.735,4456.985,0.5983
1780498800000,4456.925,4458.145,4444.685,4445.625,0.7417
1780499700000,4445.655,4450.595,4439.305,4444.735,0.778
1780500600000,4444.755,4445.335,4436.495,4439.758,0.5866
1780501500000,4439.805,4443.505,4437.748,4441.975,0.4614
1780502400000,4441.925,4443.695,4436.858,4438.815,0.6481
1780503300000,4438.808,4440.988,4433.545,4437.315,0.8432
1780504200000,4437.395,4440.428,4435.085,4438.875,0.6243
1780505100000,4438.895,4442.735,4436.815,4441.695,0.5472
1780506000000,4441.665,4448.265,4441.295,4441.625,0.6623
1780506900000,4441.655,4443.245,4437.465,4438.855,0.539
1780507800000,4438.648,4441.995,4435.235,4440.305,0.5044
1780508700000,4440.295,4440.765,4436.618,4438.685,0.3935
1780509600000,4438.665,4440.375,4435.245,4436.715,0.4436
1780510500000,4436.695,4440.475,4434.735,4440.095,0.469
1780511400000,4440.055,4442.278,4436.535,4439.815,0.4392
1780512300000,4439.815,4442.675,4439.308,4441.805,0.4675
1780513200000,4441.825,4449.695,4441.125,4449.475,0.5152
1780514100000,4449.445,4451.995,4446.225,4447.765,0.4442
1780515000000,4447.815,4449.435,4446.378,4446.538,0.5862
1780515900000,4446.545,4447.085,4442.805,4443.655,0.536
1780516800000,4443.638,4445.075,4438.268,4439.638,0.322
1780517700000,4439.695,4440.035,4437.105,4438.735,0.2763
1780518600000,4438.715,4439.315,4432.045,4433.155,0.2631
1780519500000,4433.105,4434.745,4430.215,4434.475,0.2373
1780524000000,4437.698,4439.965,4429.325,4431.615,0.226
1780524900000,4431.735,4435.505,4423.685,4433.735,0.2895
1780525800000,4433.715,4440.195,4433.715,4436.475,0.2279
1780526700000,4436.615,4452.915,4436.425,4448.548,0.4413
1780527600000,4448.558,4449.928,4444.675,4447.655,0.7157
1780528500000,4447.605,4451.165,4447.075,4450.565,0.2248
1780529400000,4450.635,4453.985,4446.058,4453.295,0.2769
1780530300000,4453.305,4464.475,4453.198,4457.105,0.414
1780531200000,4457.215,4465.165,4452.675,4452.935,0.5952
1780532100000,4452.905,4456.495,4447.285,4450.535,0.5117
1780533000000,4450.555,4452.565,4443.775,4448.125,0.5192
1780533900000,4448.045,4452.595,4444.725,4448.105,0.4659
1780534800000,4448.165,4467.105,4442.945,4463.935,0.7185
1780535700000,4463.955,4473.395,4459.325,4465.825,0.647
1780536600000,4465.765,4469.965,4458.475,4458.915,0.6752
1780537500000,4458.935,4467.175,4456.715,4465.368,0.6935
1780538400000,4465.395,4466.925,4455.265,4462.745,0.7078
1780539300000,4462.715,4463.265,4458.435,4460.265,0.4975
1780540200000,4460.285,4464.438,4457.675,4462.038,0.6885
1780541100000,4462.058,4476.405,4462.058,4474.625,0.8461
1780542000000,4474.475,4476.895,4469.818,4471.478,0.5615
1780542900000,4471.498,4472.018,4465.555,4468.975,0.5867
1780543800000,4469.005,4470.535,4460.635,4460.635,0.6095
1780544700000,4460.535,4464.538,4457.905,4463.575,0.4743
1780545600000,4463.575,4471.095,4462.125,4470.945,0.2107
1780546500000,4471.165,4476.005,4469.695,4474.395,0.2155
1780547400000,4474.305,4483.845,4474.305,4482.495,0.4958
1780548300000,4482.665,4483.453,4478.485,4480.875,0.2887
1780549200000,4480.855,4482.265,4471.235,4476.955,0.3849
1780550100000,4476.975,4477.445,4470.725,4472.945,0.2652
1780551000000,4472.915,4475.645,4470.565,4474.385,0.5312
1780551900000,4474.415,4474.585,4466.595,4469.125,0.5164
1780552800000,4469.125,4477.035,4467.895,4473.855,0.4601
1780553700000,4473.865,4474.145,4466.465,4471.905,0.5117
1780554600000,4471.845,4476.755,4468.795,4469.065,0.4815
1780555500000,4469.065,4470.105,4462.665,4467.545,0.3827
1780556400000,4467.925,4470.665,4462.135,4463.905,0.3971
1780557300000,4464.015,4470.365,4461.395,4465.105,0.3129
1780558200000,4464.995,4467.825,4459.755,4461.195,0.3294
1780559100000,4461.165,4462.455,4459.375,4461.555,0.2622
1780560000000,4461.475,4467.745,4459.645,4460.505,0.3959
1780560900000,4460.235,4465.385,4458.415,4463.285,0.4318
1780561800000,4463.265,4469.345,4459.875,4463.175,0.4513
1780562700000,4463.205,4465.855,4459.485,4463.205,0.3253
1780563600000,4463.165,4469.145,4460.795,4463.345,0.4406
1780564500000,4463.445,4467.415,4462.705,4464.425,0.3843
1780565400000,4464.445,4469.155,4461.545,4467.855,0.4538
1780566300000,4467.875,4475.525,4467.395,4470.155,0.4177
1780567200000,4470.185,4471.855,4467.828,4471.035,0.3477
1780568100000,4471.195,4471.415,4464.045,4467.345,0.2978
1780569000000,4467.395,4472.675,4466.255,4471.115,0.298
1780569900000,4471.425,4473.655,4468.295,4473.495,0.3853
1780570800000,4473.505,4478.615,4468.395,4473.325,0.4296
1780571700000,4473.335,4491.285,4473.225,4489.445,0.5641
1780572600000,4489.495,4492.465,4481.925,4491.195,0.6533
1780573500000,4491.305,4514.535,4491.285,4511.185,0.7491
1780574400000,4511.185,4513.575,4491.208,4493.645,0.7305
1780575300000,4493.645,4499.735,4490.915,4498.105,0.5143
1780576200000,4498.105,4501.975,4496.805,4501.885,0.4946
1780577100000,4501.885,4510.845,4498.805,4503.965,0.595
1780578000000,4503.875,4509.915,4499.965,4503.005,0.6196
1780578900000,4502.995,4509.255,4501.545,4504.405,0.5239
1780579800000,4504.585,4514.795,4502.215,4514.275,0.9621
1780580700000,4514.345,4515.175,4495.175,4495.555,0.9539
1780581600000,4495.625,4499.745,4485.795,4487.535,0.9718
1780582500000,4487.515,4493.655,4483.855,4486.025,0.8088
1780583400000,4486.305,4486.538,4472.095,4474.765,0.8551
1780584300000,4474.775,4475.435,4457.045,4465.665,0.9442
1780585200000,4465.795,4474.468,4463.455,4471.655,0.7701
1780586100000,4471.695,4473.798,4468.955,4470.705,0.5778
1780587000000,4470.665,4477.175,4469.525,4472.565,0.4991
1780587900000,4472.565,4478.985,4469.865,4477.235,0.5114
1780588800000,4477.205,4483.975,4475.205,4478.868,0.456
1780589700000,4478.878,4485.005,4478.868,4483.385,0.3947
1780590600000,4483.385,4483.875,4479.525,4481.365,0.5018
1780591500000,4481.395,4483.905,4480.225,4482.565,0.3622
1780592400000,4482.565,4482.565,4475.825,4475.848,0.3962
1780593300000,4475.848,4479.125,4473.835,4476.655,0.3951
1780594200000,4476.655,4481.375,4475.985,4476.565,0.3535
1780595100000,4476.565,4480.285,4476.565,4477.935,0.227
1780596000000,4477.975,4480.175,4476.195,4478.875,0.3052
1780596900000,4478.875,4480.955,4477.198,4478.005,0.2806
1780597800000,4477.798,4477.798,4472.605,4474.175,0.2787
1780598700000,4474.145,4479.365,4473.675,4477.925,0.2594
1780599600000,4477.925,4483.315,4475.995,4478.015,0.3529
1780600500000,4478.015,4480.125,4477.555,4479.995,0.2642
1780601400000,4479.995,4480.345,4477.235,4477.865,0.2608
1780602300000,4477.678,4482.195,4476.645,4480.715,0.4059
1780603200000,4480.715,4481.515,4477.635,4477.635,0.2187
1780604100000,4477.618,4478.878,4476.455,4477.515,0.1184
1780605000000,4477.495,4477.495,4474.898,4474.935,0.1221
1780605900000,4474.995,4475.695,4474.205,4474.315,0.1154
1780610400000,4474.098,4475.895,4471.748,4475.075,0.159
1780611300000,4475.325,4480.875,4474.285,4478.625,0.2068
1780612200000,4478.625,4481.315,4474.935,4474.935,0.2559
1780613100000,4474.875,4475.895,4468.488,4469.278,0.3657
1780614000000,4468.995,4473.915,4463.748,4470.795,0.6059
1780614900000,4470.875,4473.175,4466.708,4469.075,0.1973
1780615800000,4469.095,4469.415,4461.805,4463.085,0.1835
1780616700000,4463.115,4465.865,4460.325,4461.375,0.3256
1780617600000,4461.405,4464.895,4454.045,4455.315,0.5564
1780618500000,4455.255,4457.415,4450.495,4457.178,0.5482
1780619400000,4457.205,4466.645,4455.925,4462.925,0.4731
1780620300000,4463.175,4466.185,4458.095,4458.855,0.4475
1780621200000,4458.875,4469.745,4452.605,4459.735,0.8045
1780622100000,4459.765,4464.855,4449.015,4458.475,0.7677
1780623000000,4458.695,4459.465,4445.195,4445.845,0.6767
1780623900000,4445.905,4450.815,4443.905,4446.655,0.6215
1780624800000,4446.655,4451.085,4442.145,4449.245,0.6791
1780625700000,4449.245,4454.915,4445.575,4451.075,0.4542
1780626600000,4450.905,4451.785,4438.165,4442.705,0.6785
1780627500000,4442.675,4449.795,4439.815,4440.355,0.5294
1780628400000,4440.355,4441.045,4436.268,4440.735,0.5691
1780629300000,4440.725,4443.775,4434.975,4436.525,0.5197
1780630200000,4436.505,4442.215,4436.098,4440.735,0.3599
1780631100000,4440.775,4443.205,4439.015,4442.185,0.2654
1780632000000,4442.205,4444.505,4438.135,4441.415,0.3132
1780632900000,4441.515,4443.645,4438.705,4439.465,0.355
1780633800000,4439.525,4444.055,4437.395,4440.685,0.2726
1780634700000,4440.675,4446.395,4439.405,4444.795,0.276
1780635600000,4444.855,4449.875,4443.045,4448.685,0.43
1780636500000,4448.905,4449.005,4442.075,4444.325,0.3345
1780637400000,4444.298,4447.745,4439.225,4443.515,0.6049
1780638300000,4443.495,4448.075,4438.445,4439.715,0.5173
1780639200000,4439.665,4442.435,4435.105,4436.165,0.6513
1780640100000,4436.165,4446.335,4428.335,4442.175,0.7161
1780641000000,4442.295,4449.945,4442.085,4448.198,0.5481
1780641900000,4448.295,4455.965,4446.655,4452.595,0.4775
1780642800000,4452.635,4463.175,4451.605,4458.265,0.5356
1780643700000,4458.265,4467.195,4458.175,4466.955,0.493
1780644600000,4466.955,4467.085,4459.245,4461.825,0.4512
1780645500000,4462.025,4464.955,4460.435,4460.735,0.3158
1780646400000,4460.685,4463.175,4458.575,4460.935,0.4611
1780647300000,4460.905,4466.675,4459.695,4466.675,0.459
1780648200000,4466.675,4467.935,4460.785,4461.615,0.4015
1780649100000,4461.615,4464.375,4461.365,4462.595,0.2794
1780650000000,4462.515,4469.125,4458.808,4465.785,0.4436
1780650900000,4466.015,4469.265,4461.895,4462.775,0.55
1780651800000,4462.765,4466.785,4458.995,4465.785,0.4034
1780652700000,4465.785,4469.125,4462.465,4464.725,0.2825
1780653600000,4464.725,4465.035,4462.945,4465.035,0.2587
1780654500000,4464.975,4467.875,4464.375,4465.875,0.2627
1780655400000,4465.885,4466.855,4461.625,4464.395,0.2718
1780656300000,4464.685,4467.735,4464.255,4466.505,0.269
1780657200000,4466.295,4466.945,4460.885,4461.145,0.3462
1780658100000,4461.135,4465.995,4458.175,4465.995,0.3698
1780659000000,4465.658,4467.095,4463.015,4464.715,0.314
1780659900000,4464.665,4475.085,4463.805,4469.995,0.3673
1780660800000,4470.035,4470.895,4463.955,4469.235,0.4193
1780661700000,4469.205,4475.645,4461.375,4464.285,0.4598
1780662600000,4464.265,4465.255,4439.475,4445.845,0.8942
1780663500000,4445.855,4448.895,4404.675,4406.075,0.8901
1780664400000,4406.355,4420.465,4399.725,4418.335,0.883
1780665300000,4418.295,4420.975,4403.685,4404.375,0.8305
1780666200000,4404.165,4409.385,4385.775,4389.385,1.2055
1780667100000,4389.585,4390.985,4364.938,4365.218,1.1845
1780668000000,4365.435,4379.155,4363.815,4366.035,1.1609
1780668900000,4366.025,4370.411,4352.835,4360.885,1.2596
1780669800000,4360.945,4363.815,4344.405,4349.155,1.185
1780670700000,4349.175,4370.135,4348.185,4369.535,1.0419
1780671600000,4369.535,4372.475,4352.865,4352.865,0.9436
1780672500000,4352.775,4357.605,4348.105,4351.625,1.0168
1780673400000,4351.435,4354.645,4335.245,4338.645,0.8611
1780674300000,4338.518,4341.785,4333.735,4335.195,0.7487
1780675200000,4335.185,4338.825,4328.705,4333.405,1.0105
1780676100000,4333.355,4333.685,4325.225,4329.505,0.9577
1780677000000,4329.465,4332.145,4322.955,4327.635,0.893
1780677900000,4327.485,4344.915,4324.995,4344.455,0.9082
1780678800000,4344.775,4346.628,4336.395,4339.335,0.8039
1780679700000,4339.335,4342.875,4335.575,4342.175,0.9856
1780680600000,4342.278,4347.145,4339.475,4340.945,0.7414
1780681500000,4340.905,4343.448,4337.575,4341.595,0.7476
1780682400000,4341.595,4341.915,4322.655,4322.695,0.8202
1780683300000,4322.685,4330.385,4321.625,4325.535,0.906
1780684200000,4325.535,4326.925,4315.115,4317.845,0.7761
1780685100000,4317.795,4326.855,4315.785,4322.155,0.805
1780686000000,4322.195,4323.695,4314.965,4315.235,0.7898
1780686900000,4315.235,4324.215,4313.635,4323.685,0.8352
1780687800000,4323.665,4324.975,4313.795,4318.645,0.712
1780688700000,4318.625,4323.705,4316.625,4318.505,0.856
1780689600000,4318.275,4318.698,4311.498,4315.425,0.5939
1780690500000,4315.465,4326.375,4313.755,4322.425,0.3638
1780691400000,4322.455,4324.878,4320.678,4323.778,0.5479
1780692300000,4323.818,4330.585,4323.435,4326.705,0.4699
1780869600000,4326.898,4335.475,4309.688,4330.055,0.6464
1780870500000,4330.115,4330.385,4315.848,4316.465,0.4677
1780871400000,4316.495,4328.875,4314.975,4325.995,0.3758
1780872300000,4325.745,4326.635,4315.585,4316.698,0.5022
1780873200000,4316.715,4333.965,4316.685,4330.555,0.7786
1780874100000,4330.595,4334.455,4328.348,4333.745,0.396
1780875000000,4333.725,4340.445,4332.605,4338.705,0.3512
1780875900000,4338.805,4346.925,4334.925,4343.755,0.4468
1780876800000,4343.835,4346.725,4340.495,4343.485,0.4408
1780877700000,4343.415,4353.085,4341.425,4351.165,0.5333
1780878600000,4351.095,4352.125,4341.778,4345.045,0.6627
1780879500000,4345.065,4345.705,4339.465,4341.975,0.6186
1780880400000,4341.945,4345.595,4326.315,4326.695,0.8455
1780881300000,4326.935,4327.225,4310.995,4314.515,0.9573
1780882200000,4314.645,4327.325,4299.798,4325.905,1.0535
1780883100000,4325.905,4329.375,4319.015,4325.445,0.8454
1780884000000,4325.585,4330.495,4314.555,4316.575,0.7565
1780884900000,4316.555,4319.505,4311.245,4314.735,0.5677
1780885800000,4314.855,4317.615,4307.205,4315.725,0.851
1780886700000,4315.695,4320.675,4308.905,4310.375,0.7074
1780887600000,4310.325,4314.045,4304.165,4304.615,0.6029
1780888500000,4304.615,4311.835,4303.405,4306.955,0.4791
1780889400000,4306.935,4309.815,4304.775,4309.775,0.4299
1780890300000,4309.775,4317.045,4309.355,4316.775,0.3631
1780891200000,4316.965,4320.225,4313.265,4318.465,0.4051
1780892100000,4318.485,4321.565,4315.725,4319.765,0.3752
1780893000000,4319.765,4320.235,4307.375,4307.515,0.4977
1780893900000,4307.775,4313.795,4307.475,4312.425,0.3827
1780894800000,4312.455,4315.965,4304.335,4304.355,0.4762
1780895700000,4304.295,4313.975,4304.295,4311.535,0.5013
1780896600000,4311.418,4313.125,4268.125,4287.605,1.0804
1780897500000,4287.628,4295.535,4284.675,4291.675,0.9583
1780898400000,4291.675,4307.815,4291.675,4303.365,0.7678
1780899300000,4303.375,4311.115,4299.365,4305.565,0.6059
1780900200000,4305.585,4306.375,4293.835,4298.135,0.5564
1780901100000,4298.095,4300.625,4293.005,4299.905,0.4992
1780902000000,4299.825,4308.315,4294.705,4305.135,0.6133
1780902900000,4305.115,4316.805,4300.615,4305.965,0.5759
1780903800000,4305.975,4311.635,4301.195,4301.575,0.5362
1780904700000,4301.545,4302.505,4294.215,4294.345,0.5041
1780905600000,4294.285,4297.065,4289.425,4291.585,0.5463
1780906500000,4291.605,4293.445,4285.155,4288.105,0.5282
1780907400000,4288.105,4291.985,4286.125,4290.655,0.4866
1780908300000,4290.368,4293.655,4285.195,4288.585,0.5764
1780909200000,4288.545,4291.935,4284.035,4288.865,0.4242
1780910100000,4288.708,4290.815,4279.265,4279.635,0.3406
1780911000000,4279.695,4296.215,4272.645,4293.405,0.704
1780911900000,4293.425,4301.805,4290.785,4294.135,0.5358
1780912800000,4294.405,4297.565,4285.835,4294.375,0.427
1780913700000,4294.345,4295.845,4289.635,4293.705,0.3471
1780914600000,4293.705,4305.575,4292.135,4304.735,0.528
1780915500000,4304.675,4304.945,4296.665,4301.865,0.4826
1780916400000,4301.805,4318.206,4296.985,4317.765,0.5089
1780917300000,4318.095,4330.965,4312.425,4325.175,0.7554
1780918200000,4325.115,4333.145,4322.085,4323.795,0.5848
1780919100000,4323.905,4332.515,4321.205,4331.145,0.5127
1780920000000,4330.948,4334.625,4322.355,4322.695,0.607
1780920900000,4322.695,4331.885,4319.995,4329.605,0.5384
1780921800000,4329.995,4339.175,4327.415,4335.525,0.613
1780922700000,4335.665,4337.845,4326.755,4333.015,0.5686
1780923600000,4333.045,4334.745,4323.088,4323.745,0.7299
1780924500000,4323.885,4335.945,4321.168,4331.065,0.6736
1780925400000,4331.215,4346.615,4330.825,4336.185,1.1794
1780926300000,4336.295,4339.065,4325.945,4326.815,1.1085
1780927200000,4326.785,4330.695,4316.465,4319.365,1.0996
1780928100000,4319.415,4324.245,4315.715,4319.875,0.9991
1780929000000,4319.605,4324.025,4314.805,4322.485,0.8792
1780929900000,4322.455,4331.225,4316.755,4330.895,0.833
1780930800000,4330.875,4336.385,4325.045,4325.215,0.706
1780931700000,4325.175,4335.865,4322.325,4330.445,0.8209
1780932600000,4330.495,4339.215,4328.365,4338.965,0.7939
1780933500000,4338.945,4345.515,4334.245,4341.565,0.7139
1780934400000,4341.585,4343.735,4337.975,4340.835,0.6389
1780935300000,4340.965,4343.755,4339.595,4340.795,0.6159
1780936200000,4340.885,4346.205,4340.425,4343.875,0.6348
1780937100000,4343.775,4345.895,4337.725,4340.465,0.5583
1780938000000,4340.515,4342.285,4335.935,4338.655,0.6858
1780938900000,4338.585,4340.315,4333.708,4338.945,0.6783
1780939800000,4338.915,4339.525,4331.785,4333.925,0.6221
1780940700000,4333.935,4339.295,4333.845,4338.895,0.512
1780941600000,4338.935,4345.085,4338.515,4341.165,0.512
1780942500000,4341.335,4345.755,4341.285,4342.455,0.5497
1780943400000,4342.335,4344.445,4336.145,4336.508,0.5578
1780944300000,4336.508,4336.895,4332.845,4334.495,0.487
1780945200000,4334.495,4337.965,4329.445,4329.645,0.5296
1780946100000,4329.765,4331.415,4325.905,4327.565,0.5858
1780947000000,4327.525,4330.405,4324.045,4324.955,0.5465
1780947900000,4325.055,4330.055,4323.078,4326.475,0.7255
1780948800000,4326.455,4329.745,4326.185,4327.975,0.226
1780949700000,4327.995,4328.045,4324.355,4326.325,0.1779
1780950600000,4326.265,4328.315,4325.175,4326.045,0.1362
1780951500000,4326.025,4330.148,4325.385,4326.175,0.1084
1780956000000,4329.898,4332.375,4324.125,4325.015,0.1432
1780956900000,4324.985,4327.265,4322.628,4324.845,0.1532
1780957800000,4324.785,4327.235,4324.625,4327.205,0.1229
1780958700000,4327.235,4328.555,4325.865,4327.588,0.1178
1780959600000,4327.588,4328.505,4325.128,4327.335,0.2225
1780960500000,4327.305,4328.125,4320.175,4320.225,0.1334
1780961400000,4320.205,4321.988,4314.845,4319.345,0.2409
1780962300000,4319.475,4319.775,4312.595,4317.615,0.3434
1780963200000,4317.575,4323.565,4315.065,4322.385,0.6387
1780964100000,4322.245,4323.235,4316.298,4316.485,0.4988
1780965000000,4316.515,4322.925,4314.995,4318.325,0.4485
1780965900000,4318.265,4321.075,4314.748,4319.645,0.4302
1780966800000,4319.585,4327.808,4318.265,4323.835,0.6695
1780967700000,4323.885,4337.825,4322.135,4335.285,0.7193
1780968600000,4335.305,4338.635,4332.655,4335.465,0.5517
1780969500000,4335.495,4338.105,4332.795,4336.355,0.522
1780970400000,4336.335,4336.755,4327.868,4332.795,0.4802
1780971300000,4332.765,4336.065,4329.905,4335.225,0.4229
1780972200000,4335.285,4339.605,4330.835,4338.595,0.5168
1780973100000,4338.675,4340.845,4334.635,4335.835,0.4247
1780974000000,4335.755,4341.365,4331.075,4338.445,0.4823
1780974900000,4338.375,4342.065,4333.205,4336.505,0.445
1780975800000,4336.525,4337.825,4333.248,4337.338,0.377
1780976700000,4337.335,4341.665,4334.125,4336.425,0.3331
1780977600000,4335.945,4339.068,4331.888,4331.995,0.2894
1780978500000,4331.955,4332.565,4328.465,4330.245,0.2833
1780979400000,4330.295,4330.385,4324.005,4327.915,0.3687
1780980300000,4327.945,4332.705,4325.995,4332.075,0.2932
1780981200000,4332.095,4336.775,4330.655,4331.205,0.3555
1780982100000,4331.175,4335.305,4330.645,4332.435,0.3924
1780983000000,4332.485,4351.075,4331.555,4348.365,0.7333
1780983900000,4348.305,4348.865,4341.298,4343.165,0.4941
1780984800000,4343.185,4348.635,4339.925,4341.045,0.4873
1780985700000,4341.045,4345.675,4337.905,4338.795,0.4132
1780986600000,4338.765,4339.225,4331.745,4336.485,0.4367
1780987500000,4336.525,4340.025,4330.025,4330.405,0.3499
1780988400000,4330.375,4334.585,4326.675,4326.675,0.5399
1780989300000,4326.625,4331.985,4322.565,4330.915,0.4947
1780990200000,4330.985,4331.175,4322.055,4328.245,0.4059
1780991100000,4328.245,4330.095,4324.985,4326.415,0.3238
1780992000000,4326.485,4336.275,4320.875,4331.495,0.5446
1780992900000,4331.455,4335.485,4331.255,4334.195,0.4447
1780993800000,4334.365,4336.765,4330.335,4334.975,0.2829
1780994700000,4334.905,4335.295,4325.775,4326.415,0.2544
1780995600000,4326.455,4330.835,4325.125,4328.185,0.3164
1780996500000,4328.125,4336.115,4323.865,4326.695,0.3929
1780997400000,4326.508,4330.855,4324.845,4326.965,0.333
1780998300000,4326.945,4333.475,4326.418,4332.055,0.2886
1780999200000,4332.035,4335.635,4324.755,4335.215,0.4457
1781000100000,4335.365,4336.665,4331.175,4333.635,0.3359
1781001000000,4333.775,4334.855,4329.565,4332.465,0.2506
1781001900000,4332.415,4340.645,4330.068,4339.015,0.3127
1781002800000,4338.925,4340.248,4335.445,4337.675,0.3442
1781003700000,4337.675,4340.565,4335.985,4338.585,0.2864
1781004600000,4338.685,4339.875,4336.605,4338.755,0.2616
1781005500000,4338.825,4343.705,4337.145,4339.665,0.3023
1781006400000,4339.685,4344.085,4339.555,4340.815,0.3733
1781007300000,4340.785,4342.815,4335.165,4335.725,0.4346
1781008200000,4335.665,4341.915,4334.685,4340.675,0.4684
1781009100000,4340.695,4344.305,4336.505,4341.225,0.4486
1781010000000,4341.245,4345.515,4337.945,4340.815,0.6793
1781010900000,4340.785,4341.875,4330.095,4330.695,0.6194
1781011800000,4330.995,4334.235,4324.985,4330.085,0.9091
1781012700000,4330.015,4363.205,4326.235,4328.655,1.0527
1781013600000,4328.445,4335.765,4319.485,4321.055,1.0942
1781014500000,4321.025,4323.468,4305.395,4318.035,1.4764
1781015400000,4318.005,4320.678,4284.708,4284.708,1.3121
1781016300000,4284.708,4300.565,4278.435,4300.285,1.2656
1781017200000,4300.285,4301.795,4289.255,4294.725,1.2964
1781018100000,4294.695,4296.725,4276.975,4278.545,1.1043
1781019000000,4278.585,4281.815,4262.865,4279.535,1.2084
1781019900000,4279.545,4285.625,4272.015,4272.015,1.1118
1781020800000,4272.035,4280.855,4258.245,4259.575,1.4394
1781021700000,4259.535,4266.285,4252.895,4263.118,1.704
1781022600000,4263.125,4267.485,4236.245,4244.825,1.3115
1781023500000,4244.485,4253.905,4238.558,4251.905,1.3367
1781024400000,4251.815,4264.205,4250.925,4260.975,3.8926
1781025300000,4260.965,4267.705,4258.155,4262.915,3.7809
1781026200000,4262.905,4267.798,4260.705,4264.398,1.5762
1781027100000,4264.425,4266.485,4255.695,4262.815,1.1285
1781028000000,4263.055,4266.775,4259.305,4265.195,0.804
1781028900000,4265.075,4274.095,4262.705,4270.615,0.7479
1781029800000,4270.595,4273.848,4263.405,4264.105,0.7444
1781030700000,4264.325,4271.355,4262.065,4269.735,0.5687
1781031600000,4269.875,4271.525,4257.725,4258.445,0.6615
1781032500000,4258.465,4258.775,4252.618,4257.175,0.8893
1781033400000,4257.105,4260.105,4249.965,4250.735,0.8138
1781034300000,4250.965,4259.655,4249.715,4258.378,0.8477
1781035200000,4258.625,4260.945,4255.475,4258.225,0.4175
1781036100000,4258.195,4260.315,4257.645,4258.955,0.1791
1781037000000,4258.815,4261.795,4257.515,4261.135,0.146
1781037900000,4261.185,4261.945,4259.095,4260.635,0.1437
1781042400000,4252.015,4256.885,4248.595,4254.645,0.4505
1781043300000,4254.718,4256.445,4252.435,4256.435,0.2243
1781044200000,4256.405,4257.085,4247.355,4248.758,0.2789
1781045100000,4248.758,4249.665,4232.185,4236.738,0.541
1781046000000,4236.465,4246.858,4234.938,4235.865,0.8334
1781046900000,4235.895,4236.375,4222.775,4223.945,0.3688
1781047800000,4224.025,4229.545,4216.245,4218.245,0.341
1781048700000,4218.275,4224.345,4210.115,4221.805,0.5203
1781049600000,4221.805,4226.345,4216.345,4224.875,0.5997
1781050500000,4224.855,4228.105,4217.645,4217.645,0.4842
1781051400000,4217.695,4218.855,4198.705,4203.875,0.7008
1781052300000,4204.095,4220.685,4199.555,4217.975,0.7211
1781053200000,4217.955,4218.545,4186.848,4203.075,0.9018
1781054100000,4203.045,4216.435,4197.095,4201.615,0.6585
1781055000000,4201.585,4206.855,4184.435,4187.078,0.7988
1781055900000,4186.935,4195.375,4183.545,4188.525,0.7362
1781056800000,4188.575,4191.655,4179.375,4182.555,0.5747
1781057700000,4182.685,4188.235,4177.918,4187.805,0.5447
1781058600000,4187.755,4192.295,4173.778,4184.115,0.751
1781059500000,4184.115,4190.335,4173.058,4173.775,0.7675
1781060400000,4173.735,4180.498,4172.548,4177.815,0.7002
1781061300000,4178.005,4180.958,4173.375,4176.805,0.4763
1781062200000,4176.775,4182.755,4175.995,4179.675,0.4488
1781063100000,4179.705,4186.195,4179.415,4184.625,0.4621
1781064000000,4184.625,4186.995,4180.505,4180.975,0.3404
1781064900000,4180.925,4182.735,4173.395,4174.235,0.4364
1781065800000,4174.195,4175.455,4172.725,4173.255,0.5062
1781066700000,4173.565,4175.685,4172.135,4174.485,0.4369
1781067600000,4174.525,4180.415,4173.045,4179.475,0.4883
1781068500000,4179.455,4187.025,4175.185,4186.805,0.4658
1781069400000,4186.755,4198.845,4181.375,4197.875,0.7874
1781070300000,4197.935,4208.825,4197.115,4204.885,0.6836
1781071200000,4204.915,4221.558,4204.915,4212.705,0.6471
1781072100000,4212.725,4216.525,4208.065,4211.475,0.491
1781073000000,4211.265,4213.215,4204.665,4207.305,0.4371
1781073900000,4207.395,4209.655,4201.428,4203.775,0.4333
1781074800000,4203.525,4207.875,4197.115,4200.135,0.5522
1781075700000,4200.205,4203.655,4193.365,4194.775,0.4594
1781076600000,4194.715,4197.055,4187.815,4189.545,0.5179
1781077500000,4189.495,4192.875,4181.345,4185.885,0.5707
1781078400000,4185.865,4187.235,4161.205,4166.405,0.806
1781079300000,4166.635,4178.865,4166.035,4172.155,0.6679
1781080200000,4172.075,4179.135,4166.205,4170.365,0.6055
1781081100000,4170.345,4176.315,4166.265,4168.865,0.6971
1781082000000,4168.905,4173.935,4164.675,4164.905,0.5648
1781082900000,4164.825,4174.795,4164.165,4166.025,0.6038
1781083800000,4165.855,4179.335,4165.625,4171.335,0.6482
1781084700000,4171.335,4174.715,4162.885,4168.545,0.5484
1781085600000,4168.545,4171.015,4155.435,4160.865,0.5063
1781086500000,4160.865,4169.688,4159.525,4164.985,0.4749
1781087400000,4164.755,4171.175,4163.685,4171.175,0.5124
1781088300000,4171.155,4178.645,4169.545,4174.435,0.5385
1781089200000,4174.415,4175.895,4153.285,4168.405,0.8242
1781090100000,4168.265,4171.535,4156.655,4166.415,0.7467
1781091000000,4166.265,4167.815,4154.085,4154.205,0.7816
1781091900000,4154.175,4163.355,4145.665,4147.505,0.7537
1781092800000,4147.535,4152.375,4134.355,4136.055,0.7335
1781093700000,4136.035,4142.695,4130.345,4140.908,0.6985
1781094600000,4141.098,4173.561,4137.225,4160.005,1.2054
1781095500000,4160.375,4169.185,4141.995,4146.675,1.086
1781096400000,4147.225,4157.795,4144.655,4151.075,0.9386
1781097300000,4151.075,4151.075,4132.678,4149.595,0.7717
1781098200000,4148.985,4178.885,4141.765,4178.885,1.0904
1781099100000,4179.135,4186.125,4173.665,4179.455,1.0878
1781100000000,4179.475,4180.635,4169.855,4173.965,1.0108
1781100900000,4174.115,4175.265,4159.415,4160.895,0.9287
1781101800000,4160.865,4163.155,4149.665,4149.795,0.9378
1781102700000,4149.775,4151.585,4117.588,4124.755,1.0646
1781103600000,4124.745,4136.375,4118.828,4123.065,1.0042
1781104500000,4123.115,4136.815,4112.955,4127.515,1.1073
1781105400000,4127.555,4131.015,4121.825,4128.475,0.948
1781106300000,4128.585,4130.915,4106.595,4128.715,1.0519
1781107200000,4128.675,4132.785,4122.725,4129.025,0.9115
1781108100000,4129.005,4135.115,4125.638,4127.285,0.7935
1781109000000,4127.435,4131.945,4120.215,4121.955,0.8323
1781109900000,4121.935,4122.955,4115.685,4121.765,0.7976
1781110800000,4121.795,4134.805,4114.625,4117.855,0.7903
1781111700000,4117.855,4120.055,4109.005,4110.935,0.8171
1781112600000,4110.985,4112.275,4101.658,4102.015,0.7658
1781113500000,4102.065,4113.495,4100.535,4111.485,0.86
1781114400000,4111.615,4120.325,4111.485,4115.745,0.6942
1781115300000,4115.725,4118.005,4109.435,4112.155,0.6332
1781116200000,4112.125,4112.525,4104.415,4104.775,0.7058
1781117100000,4104.765,4107.615,4096.848,4101.335,0.662
1781118000000,4101.475,4101.885,4086.865,4088.765,0.6437
1781118900000,4088.855,4091.865,4081.405,4084.578,0.8584
1781119800000,4084.578,4091.815,4082.028,4091.388,0.9912
1781120700000,4091.405,4092.455,4081.548,4082.505,0.9858
1781121600000,4082.405,4082.945,4069.025,4071.928,0.691
1781122500000,4071.928,4079.935,4070.965,4078.255,0.2805
1781123400000,4078.165,4078.165,4071.185,4072.615,0.2374
1781124300000,4072.408,4072.545,4066.945,4071.955,0.273
1781128800000,4068.698,4072.505,4049.875,4055.835,0.4143
1781129700000,4055.885,4056.815,4035.715,4044.365,0.534
1781130600000,4044.435,4068.905,4044.165,4062.615,0.4053
1781131500000,4062.605,4066.525,4044.888,4045.748,0.4493
1781132400000,4045.685,4053.198,4023.585,4029.495,0.7405
1781133300000,4029.575,4064.555,4024.838,4061.295,0.6418
1781134200000,4061.265,4064.225,4054.575,4055.975,0.4042
1781135100000,4055.995,4057.145,4044.295,4046.855,0.4664
1781136000000,4047.105,4059.235,4035.848,4051.945,0.8705
1781136900000,4051.985,4072.465,4049.475,4067.405,0.9432
1781137800000,4067.365,4076.525,4058.885,4063.205,0.6285
1781138700000,4063.135,4077.745,4062.865,4075.545,0.6024
1781139600000,4075.495,4089.855,4065.975,4086.515,1.0856
1781140500000,4086.465,4108.415,4085.335,4104.205,0.9891
1781141400000,4104.305,4117.895,4103.755,4113.295,0.8286
1781142300000,4113.295,4116.905,4097.705,4101.655,0.7494
1781143200000,4101.765,4102.395,4088.965,4089.275,0.8213
1781144100000,4089.365,4095.565,4081.335,4082.125,0.6248
1781145000000,4082.145,4084.825,4054.815,4059.175,1.1725
1781145900000,4059.158,4073.175,4052.005,4067.535,0.8156
1781146800000,4067.465,4078.255,4064.175,4065.175,0.7569
1781147700000,4065.375,4071.075,4056.655,4062.905,0.7937
1781148600000,4062.945,4071.448,4062.195,4067.065,0.5751
1781149500000,4067.155,4075.135,4064.555,4072.485,0.5139
1781150400000,4072.535,4082.885,4069.725,4082.405,0.6026
1781151300000,4082.425,4085.225,4075.905,4077.328,0.5258
1781152200000,4077.328,4083.648,4074.225,4081.755,0.4502
1781153100000,4081.848,4085.595,4079.265,4082.255,0.4666
1781154000000,4082.365,4082.875,4075.105,4077.055,0.5446
1781154900000,4077.035,4080.985,4072.278,4074.785,0.5611
1781155800000,4075.015,4099.285,4074.315,4099.105,0.8517
1781156700000,4099.005,4106.045,4093.235,4093.915,0.6924
1781157600000,4093.895,4094.475,4075.975,4084.075,0.8279
1781158500000,4084.085,4092.625,4081.505,4086.385,0.6615
1781159400000,4086.385,4092.685,4082.895,4092.575,0.4512
1781160300000,4092.595,4097.365,4090.815,4094.195,0.4084
1781161200000,4094.525,4098.265,4091.465,4096.485,0.5674
1781162100000,4096.485,4110.105,4096.165,4107.325,0.593
1781163000000,4107.465,4110.405,4101.375,4107.405,0.4787
1781163900000,4107.375,4107.955,4098.835,4104.775,0.415
1781164800000,4104.805,4112.485,4103.915,4106.055,0.5585
1781165700000,4106.055,4108.315,4097.005,4097.125,0.5188
1781166600000,4097.115,4099.395,4090.135,4090.435,0.4516
1781167500000,4090.395,4091.915,4084.208,4084.208,0.4256
1781168400000,4084.245,4087.305,4080.585,4086.085,0.4656
1781169300000,4085.815,4088.835,4078.695,4079.255,0.4232
1781170200000,4079.285,4091.685,4077.295,4091.505,0.4038
1781171100000,4091.475,4096.235,4089.675,4091.585,0.366
1781172000000,4091.535,4094.325,4088.165,4091.985,0.3836
1781172900000,4091.955,4094.495,4086.625,4087.505,0.347
1781173800000,4087.575,4092.965,4086.375,4090.385,0.3416
1781174700000,4090.355,4092.865,4087.475,4089.825,0.3052
1781175600000,4089.805,4093.245,4086.125,4086.125,0.4834
1781176500000,4086.045,4091.115,4083.275,4090.185,0.5175
1781177400000,4090.185,4095.715,4081.445,4084.675,0.5504
1781178300000,4084.655,4087.445,4079.635,4080.135,0.3712
1781179200000,4079.975,4086.965,4072.815,4076.105,0.4732
1781180100000,4076.075,4081.875,4061.085,4068.175,0.8087
1781181000000,4068.155,4077.085,4057.325,4073.115,0.9411
1781181900000,4072.975,4085.025,4069.755,4081.815,0.8284
1781182800000,4081.715,4085.955,4071.825,4072.845,0.8919
1781183700000,4072.895,4081.585,4071.905,4075.165,0.797
1781184600000,4075.205,4082.455,4066.795,4076.305,1.1793
1781185500000,4076.335,4092.415,4073.315,4083.005,1.1489
1781186400000,4083.185,4085.255,4052.465,4060.715,1.3507
1781187300000,4060.815,4084.665,4055.875,4074.655,1.1457
1781188200000,4074.585,4083.275,4070.285,4076.095,1.0746
1781189100000,4076.175,4080.745,4072.005,4073.355,1.0223
1781190000000,4073.235,4087.435,4070.225,4080.375,1.087
1781190900000,4080.385,4089.145,4074.645,4081.275,0.9889
1781191800000,4081.245,4090.305,4077.205,4087.938,0.9296
1781192700000,4088.135,4095.305,4085.665,4088.585,0.8323
1781193600000,4088.715,4103.155,4086.585,4102.545,0.7239
1781194500000,4102.545,4107.455,4079.335,4079.485,0.8253
1781195400000,4079.485,4087.675,4078.138,4081.785,0.661
1781196300000,4081.618,4084.015,4077.895,4080.095,0.5315
1781197200000,4080.085,4080.625,4071.445,4075.815,0.7351
1781198100000,4075.825,4101.955,4074.125,4101.475,0.6336
1781199000000,4101.165,4169.695,4101.165,4166.435,1.1164
1781199900000,4166.495,4166.495,4146.258,4151.745,1.1475
1781200800000,4151.815,4155.195,4131.108,4146.705,1.2114
1781201700000,4146.625,4162.895,4145.045,4152.655,0.9514
1781202600000,4152.645,4165.008,4148.785,4164.545,0.93
1781203500000,4164.505,4171.455,4160.165,4161.525,0.7787
1781204400000,4161.615,4189.055,4161.615,4188.038,0.9639
1781205300000,4188.038,4198.095,4185.935,4195.375,0.951
1781206200000,4195.425,4219.845,4195.425,4210.105,0.9365
1781207100000,4209.875,4215.138,4207.058,4208.458,1.2577
1781208000000,4208.508,4218.278,4207.905,4213.518,2.0081
1781208900000,4213.518,4215.958,4211.958,4213.745,0.3882
1781209800000,4213.775,4216.115,4209.385,4209.465,1.0004
1781210700000,4209.558,4212.745,4208.875,4212.005,0.2405
1781215200000,4211.498,4219.925,4204.995,4209.285,0.249
1781216100000,4209.268,4215.535,4205.225,4214.575,0.2636
1781217000000,4214.615,4227.925,4211.025,4225.625,0.3196
1781217900000,4225.575,4246.415,4224.845,4242.838,0.5123
1781218800000,4242.525,4245.498,4221.305,4223.515,0.7618
1781219700000,4223.565,4226.355,4213.865,4216.325,0.3344
1781220600000,4216.345,4223.375,4214.205,4219.165,0.3377
1781221500000,4219.125,4224.365,4214.965,4219.625,0.4266
1781222400000,4219.558,4225.435,4212.335,4216.635,0.6388
1781223300000,4216.565,4230.205,4206.905,4220.145,0.6182
1781224200000,4220.115,4228.585,4202.255,4203.645,0.5287
1781225100000,4203.625,4208.345,4200.355,4208.285,0.5826
1781226000000,4208.225,4211.051,4182.645,4186.875,0.8859
1781226900000,4186.875,4193.585,4178.965,4180.765,0.7383
1781227800000,4180.645,4186.425,4171.188,4179.235,0.8123
1781228700000,4179.195,4191.335,4179.115,4186.495,0.5937
1781229600000,4186.318,4199.805,4183.505,4193.715,0.5705
1781230500000,4193.815,4194.295,4186.415,4188.285,0.3682
1781231400000,4188.265,4193.008,4182.485,4186.015,0.5217
1781232300000,4185.975,4193.525,4183.375,4191.365,0.4666
1781233200000,4191.295,4196.015,4189.385,4193.745,0.4067
1781234100000,4193.585,4203.555,4192.855,4203.235,0.5262
1781235000000,4203.445,4204.815,4198.625,4199.015,0.4902
1781235900000,4198.858,4201.285,4195.195,4196.885,0.3694
1781236800000,4196.935,4200.815,4191.795,4194.095,0.3007
1781237700000,4194.035,4195.435,4190.165,4192.525,0.2584
1781238600000,4192.565,4198.055,4191.645,4193.215,0.3011
1781239500000,4193.365,4194.085,4189.345,4189.725,0.3067
1781240400000,4189.715,4192.825,4181.758,4188.375,0.4758
1781241300000,4188.545,4189.295,4184.595,4186.885,0.5524
1781242200000,4186.975,4187.555,4172.255,4180.275,0.8019
1781243100000,4180.315,4180.805,4170.575,4173.135,0.6776
1781244000000,4173.065,4185.315,4173.005,4182.515,0.5888
1781244900000,4182.635,4182.905,4178.605,4181.745,0.4779
1781245800000,4181.695,4182.295,4172.035,4176.195,0.5041
1781246700000,4176.195,4184.525,4173.995,4183.875,0.4743
1781247600000,4183.845,4184.485,4175.885,4178.075,0.4566
1781248500000,4178.045,4179.815,4173.655,4173.985,0.398
1781249400000,4173.925,4184.335,4169.955,4182.775,0.4286
1781250300000,4182.755,4194.295,4173.735,4194.295,0.5151
1781251200000,4194.315,4204.695,4191.745,4203.615,0.68
1781252100000,4203.575,4220.485,4199.115,4212.945,0.7912
1781253000000,4213.035,4222.305,4211.625,4218.125,0.6228
1781253900000,4218.465,4225.825,4214.385,4219.395,0.4662
1781254800000,4219.445,4225.315,4217.105,4223.845,0.3872
1781255700000,4223.995,4226.705,4218.845,4220.675,0.5436
1781256600000,4220.925,4227.725,4219.015,4225.105,0.4457
1781257500000,4225.185,4227.715,4221.205,4221.635,0.3837
1781258400000,4221.525,4225.435,4218.395,4221.145,0.3606
1781259300000,4221.205,4222.085,4202.575,4206.645,0.48
1781260200000,4206.845,4218.505,4206.315,4215.195,0.3915
1781261100000,4215.125,4218.505,4209.085,4210.695,0.3257
1781262000000,4211.181,4211.815,4204.855,4207.245,0.3792
1781262900000,4207.155,4210.065,4201.905,4202.405,0.3118
1781263800000,4202.435,4210.235,4197.325,4209.595,0.3633
1781264700000,4209.705,4215.235,4206.345,4206.725,0.3508
1781265600000,4206.845,4214.115,4202.705,4214.075,0.504
1781266500000,4214.245,4215.205,4200.005,4200.905,0.4189
1781267400000,4200.875,4201.605,4191.385,4196.565,0.5222
1781268300000,4196.515,4200.365,4188.375,4191.555,0.5255
1781269200000,4191.445,4200.995,4186.335,4198.195,0.5971
1781270100000,4198.225,4206.575,4196.978,4202.645,0.5576
1781271000000,4202.645,4210.125,4182.675,4190.805,1.0952
1781271900000,4190.565,4193.845,4183.275,4185.905,1.0639
1781272800000,4185.935,4198.325,4184.545,4193.025,1.0706
1781273700000,4192.855,4199.335,4182.455,4188.495,0.9737
1781274600000,4188.435,4193.045,4180.935,4184.345,0.9761
1781275500000,4184.365,4208.365,4176.945,4203.805,1.0605
1781276400000,4203.885,4214.955,4200.065,4213.795,0.8009
1781277300000,4213.775,4235.298,4212.455,4225.605,0.8394
1781278200000,4225.585,4228.235,4210.255,4210.765,0.8465
1781279100000,4210.835,4218.715,4206.805,4211.675,0.8077
1781280000000,4211.685,4224.765,4207.925,4221.475,0.733
1781280900000,4221.615,4232.735,4215.548,4216.825,0.7186
1781281800000,4216.785,4220.215,4211.435,4213.085,0.6323
1781282700000,4213.125,4217.985,4211.115,4215.755,0.6512
1781283600000,4215.665,4226.165,4214.845,4218.205,0.6772
1781284500000,4218.335,4223.665,4213.575,4218.635,0.613
1781285400000,4218.655,4223.405,4213.625,4222.225,0.5378
1781286300000,4222.195,4224.845,4219.425,4221.065,0.4679
1781287200000,4221.165,4228.308,4218.005,4226.835,0.5327
1781288100000,4226.798,4235.148,4224.145,4226.228,1.045
1781289000000,4226.225,4229.728,4224.128,4229.028,1.0668
1781289900000,4228.928,4228.928,4213.815,4215.378,0.9207
1781290800000,4215.428,4219.028,4213.985,4217.198,0.6389
1781291700000,4217.195,4217.235,4207.585,4208.248,0.4559
1781292600000,4208.248,4209.965,4201.535,4204.885,0.6233
1781293500000,4204.835,4211.028,4203.445,4210.425,0.7047
1781294400000,4210.435,4213.315,4209.285,4212.255,0.3608
1781295300000,4212.255,4216.615,4212.015,4214.098,0.1792
1781296200000,4214.185,4214.185,4212.225,4213.385,0.2045
1781297100000,4213.498,4218.998,4212.298,4217.765,0.1641
1781474400000,4273.098,4308.255,4259.585,4299.685,0.5864
1781475300000,4299.285,4305.965,4283.525,4286.605,0.4679
1781476200000,4286.435,4288.355,4280.008,4284.945,0.3102
1781477100000,4284.945,4291.715,4284.485,4285.038,0.3598
1781478000000,4285.038,4287.738,4281.668,4282.795,0.9573
1781478900000,4282.875,4284.345,4280.885,4283.125,0.1946
1781479800000,4283.075,4285.868,4281.365,4284.795,0.1738
1781480700000,4284.925,4295.025,4283.995,4293.865,0.3165
1781481600000,4293.835,4300.995,4293.055,4299.875,0.4182
1781482500000,4299.835,4308.105,4299.525,4300.785,0.4668
1781483400000,4300.945,4305.505,4295.495,4297.405,0.3839
1781484300000,4297.325,4299.875,4291.355,4292.325,0.3204
1781485200000,4292.355,4300.015,4285.185,4295.935,0.75
1781486100000,4295.745,4306.265,4288.945,4303.295,0.608
1781487000000,4303.395,4319.315,4301.025,4317.565,0.5596
1781487900000,4317.355,4319.045,4312.925,4316.465,0.4299
1781488800000,4316.435,4326.605,4315.765,4326.455,0.4361
1781489700000,4326.545,4330.865,4324.195,4327.865,0.3028
1781490600000,4327.805,4334.045,4327.475,4329.945,0.4295
1781491500000,4330.025,4335.425,4327.605,4329.445,0.3503
1781492400000,4329.435,4330.975,4321.885,4325.105,0.3645
1781493300000,4325.175,4328.785,4321.095,4323.845,0.2982
1781494200000,4323.965,4327.035,4320.878,4323.025,0.2412
1781495100000,4322.965,4327.125,4322.815,4324.625,0.1365
1781496000000,4324.675,4327.305,4322.555,4326.205,0.1787
1781496900000,4326.275,4327.395,4320.565,4326.795,0.26
1781497800000,4326.815,4330.015,4325.078,4327.705,0.173
1781498700000,4327.635,4329.145,4326.255,4328.225,0.1451
1781499600000,4328.255,4330.625,4323.565,4328.495,0.2584
1781500500000,4328.565,4332.655,4325.585,4330.085,0.2354
1781501400000,4330.085,4332.515,4312.325,4312.448,0.4526
1781502300000,4312.448,4316.035,4307.215,4309.755,0.4203
1781503200000,4309.825,4313.165,4302.755,4308.575,0.4659
1781504100000,4308.555,4309.305,4302.715,4304.895,0.3569
1781505000000,4304.925,4306.795,4300.645,4306.205,0.3578
1781505900000,4306.175,4309.615,4303.955,4307.985,0.2868
1781506800000,4308.245,4314.295,4305.125,4313.475,0.3711
1781507700000,4313.515,4318.605,4313.005,4316.525,0.3006
1781508600000,4316.635,4317.295,4311.795,4316.455,0.3595
1781509500000,4316.455,4325.255,4312.475,4323.195,0.4005
1781510400000,4323.105,4329.645,4321.675,4328.905,0.4257
1781511300000,4328.745,4332.805,4327.255,4328.445,0.3848
1781512200000,4328.385,4345.285,4327.705,4340.745,0.4681
1781513100000,4340.745,4342.745,4333.905,4333.995,0.3316
1781514000000,4334.025,4342.905,4334.025,4339.985,0.3606
1781514900000,4339.965,4343.075,4336.305,4338.835,0.3616
1781515800000,4338.825,4340.835,4334.605,4335.638,0.3165
1781516700000,4335.615,4340.855,4335.055,4336.475,0.3208
1781517600000,4336.475,4340.325,4335.595,4337.625,0.2545
1781518500000,4337.625,4339.305,4335.985,4338.385,0.2299
1781519400000,4338.375,4340.265,4335.055,4337.595,0.2356
1781520300000,4337.655,4341.295,4336.205,4337.935,0.258
1781521200000,4338.055,4339.795,4335.995,4337.905,0.2699
1781522100000,4337.835,4341.445,4336.095,4340.985,0.2763
1781523000000,4341.075,4347.345,4337.665,4338.255,0.3835
1781523900000,4338.205,4338.365,4331.575,4335.095,0.4254
1781524800000,4335.095,4338.475,4330.335,4331.205,0.3822
1781525700000,4331.205,4337.965,4324.515,4337.045,0.5343
1781526600000,4337.255,4346.535,4334.955,4344.805,0.4208
1781527500000,4344.975,4349.175,4343.025,4348.855,0.4281
1781528400000,4348.805,4350.255,4341.065,4348.925,0.4423
1781529300000,4348.965,4355.875,4348.965,4353.095,0.5054
1781530200000,4353.215,4368.595,4351.965,4362.988,0.9472
1781531100000,4362.988,4364.665,4354.155,4355.165,0.9346
1781532000000,4355.135,4369.485,4353.728,4357.195,0.8331
1781532900000,4357.285,4364.065,4353.765,4363.455,0.7029
1781533800000,4363.415,4364.985,4353.788,4356.805,0.6702
1781534700000,4356.835,4363.455,4355.245,4356.515,0.6292
1781535600000,4356.495,4359.225,4349.345,4350.875,0.6107
1781536500000,4350.835,4358.065,4349.985,4353.815,0.5019
1781537400000,4353.835,4359.645,4349.375,4357.365,0.4584
1781538300000,4357.405,4360.655,4354.735,4356.115,0.4652
1781539200000,4356.175,4358.545,4348.935,4351.635,0.4387
1781540100000,4351.695,4352.405,4338.915,4342.745,0.4497
1781541000000,4342.805,4342.945,4336.005,4336.045,0.3766
1781541900000,4336.045,4339.625,4334.385,4339.095,0.435
1781542800000,4339.015,4339.015,4330.495,4333.598,0.534
1781543700000,4333.665,4334.668,4328.725,4329.598,0.6484
1781544600000,4329.605,4329.665,4320.845,4321.818,0.5288
1781545500000,4321.818,4325.195,4320.175,4324.535,0.5003
1781546400000,4324.538,4324.825,4317.865,4324.145,0.5719
1781547300000,4324.175,4327.855,4322.685,4324.525,0.4946
1781548200000,4324.525,4326.005,4321.565,4324.725,0.4378
1781549100000,4324.755,4327.145,4323.815,4325.455,0.3415
1781550000000,4325.485,4326.475,4320.665,4322.355,0.3487
1781550900000,4322.335,4324.435,4320.595,4321.265,0.3362
1781551800000,4321.225,4323.585,4317.978,4319.075,0.447
1781552700000,4319.075,4320.965,4316.365,4320.525,0.4991
1781553600000,4320.545,4321.855,4315.515,4315.698,0.1688
1781554500000,4315.698,4318.405,4310.455,4312.535,0.1577
1781555400000,4312.595,4312.895,4308.195,4309.665,0.1387
1781556300000,4309.605,4310.475,4306.305,4309.315,0.1408
1781560800000,4308.898,4315.135,4307.658,4309.815,0.1275
1781561700000,4309.805,4313.215,4305.755,4308.205,0.1414
1781562600000,4308.225,4314.195,4306.445,4312.085,0.0852
1781563500000,4312.005,4314.145,4310.188,4311.458,0.1163
1781564400000,4311.458,4316.018,4311.305,4313.165,0.2303
1781565300000,4313.075,4315.305,4311.185,4315.185,0.0959
1781566200000,4314.795,4318.965,4313.155,4317.945,0.1202
1781567100000,4317.995,4318.705,4312.785,4315.395,0.1278
1781568000000,4315.375,4318.105,4313.115,4313.195,0.1746
1781568900000,4313.165,4315.515,4306.665,4308.125,0.2439
1781569800000,4308.095,4313.585,4307.705,4310.925,0.2939
1781570700000,4310.715,4320.645,4310.295,4318.905,0.281
1781571600000,4318.965,4325.715,4315.245,4319.585,0.5229
1781572500000,4319.605,4323.715,4316.105,4319.015,0.4222
1781573400000,4319.045,4320.095,4313.075,4314.795,0.396
1781574300000,4314.765,4319.185,4311.798,4313.375,0.3166
1781575200000,4313.285,4313.845,4307.325,4309.325,0.3455
1781576100000,4309.355,4312.765,4308.145,4312.445,0.1608
1781577000000,4312.715,4318.105,4309.425,4311.845,0.2961
1781577900000,4311.985,4320.685,4311.005,4318.455,0.2871
1781578800000,4318.395,4320.675,4316.875,4318.315,0.2028
1781579700000,4318.355,4322.415,4315.195,4320.975,0.2165
1781580600000,4320.925,4332.735,4319.525,4331.715,0.2485
1781581500000,4331.615,4332.845,4328.715,4330.275,0.218
1781582400000,4330.205,4331.898,4325.455,4326.825,0.3073
1781583300000,4326.785,4327.395,4321.705,4322.625,0.2621
1781584200000,4322.695,4325.045,4321.415,4322.898,0.2781
1781585100000,4322.898,4323.598,4321.005,4322.175,0.3271
1781586000000,4322.175,4328.965,4321.805,4326.125,0.3112
1781586900000,4326.055,4327.635,4324.155,4326.985,0.2578
1781587800000,4326.808,4330.465,4315.635,4317.425,0.6168
1781588700000,4317.445,4320.805,4313.975,4315.595,0.4858
1781589600000,4315.565,4319.425,4313.105,4318.425,0.3545
1781590500000,4318.415,4318.505,4314.155,4316.415,0.2851
1781591400000,4316.375,4320.045,4313.938,4316.075,0.3488
1781592300000,4316.045,4324.255,4315.875,4323.745,0.329
1781593200000,4323.705,4328.335,4322.425,4325.905,0.3016
1781594100000,4325.875,4329.475,4324.025,4328.575,0.3438
1781595000000,4328.525,4332.495,4326.005,4327.495,0.3645
1781595900000,4327.575,4335.465,4326.385,4334.945,0.3909
1781596800000,4334.945,4339.925,4332.575,4337.715,0.4113
1781597700000,4337.655,4343.385,4337.475,4341.075,0.3576
1781598600000,4341.075,4345.125,4338.955,4343.215,0.3148
1781599500000,4343.165,4347.905,4340.698,4346.965,0.3115
1781600400000,4346.965,4348.195,4343.985,4346.085,0.3602
1781601300000,4346.115,4346.225,4338.285,4339.945,0.325
1781602200000,4339.895,4346.195,4339.145,4342.035,0.3074
1781603100000,4342.035,4348.285,4340.225,4345.165,0.2726
1781604000000,4345.165,4346.625,4342.965,4345.975,0.2387
1781604900000,4345.955,4346.635,4343.625,4344.165,0.2427
1781605800000,4344.225,4346.705,4342.185,4346.605,0.2575
1781606700000,4346.585,4348.885,4346.455,4348.845,0.2941
1781607600000,4348.895,4349.355,4339.435,4341.605,0.3875
1781608500000,4341.405,4343.415,4338.445,4341.935,0.3149
1781609400000,4341.925,4342.145,4334.915,4338.895,0.4148
1781610300000,4338.785,4341.395,4336.755,4340.755,0.3435
1781611200000,4340.705,4345.425,4337.885,4344.415,0.4081
1781612100000,4344.325,4344.925,4337.155,4343.485,0.424
1781613000000,4343.515,4349.495,4341.295,4349.265,0.4865
1781613900000,4349.305,4354.905,4348.335,4354.425,0.4694
1781614800000,4354.405,4354.785,4341.905,4343.485,0.6282
1781615700000,4343.785,4344.745,4332.865,4334.915,0.6318
1781616600000,4334.935,4340.375,4333.515,4338.775,0.8052
1781617500000,4338.795,4340.465,4331.455,4331.525,0.7691
1781618400000,4331.435,4338.515,4331.235,4335.285,0.6466
1781619300000,4335.165,4335.165,4317.375,4319.385,0.8802
1781620200000,4319.315,4328.135,4313.005,4324.145,0.873
1781621100000,4324.075,4327.155,4321.345,4323.905,0.7079
1781622000000,4323.895,4327.005,4322.215,4324.395,0.6101
1781622900000,4324.315,4328.445,4320.965,4325.705,0.5506
1781623800000,4325.705,4328.595,4322.805,4326.395,0.6317
1781624700000,4326.385,4343.315,4321.845,4335.035,0.7921
1781625600000,4335.035,4346.795,4334.605,4345.745,0.6392
1781626500000,4345.925,4346.645,4341.615,4344.365,0.5331
1781627400000,4344.395,4345.065,4339.985,4343.925,0.59
1781628300000,4343.955,4346.255,4339.855,4340.525,0.5195
1781629200000,4340.465,4341.105,4334.125,4335.455,0.4764
1781630100000,4335.375,4335.835,4325.105,4334.625,0.6496
1781631000000,4335.015,4339.915,4334.015,4338.295,0.4753
1781631900000,4338.235,4340.355,4335.795,4340.195,0.4555
1781632800000,4340.035,4342.525,4338.975,4341.565,0.5152
1781633700000,4341.535,4342.165,4338.895,4341.235,0.4866
1781634600000,4341.255,4342.615,4338.145,4338.645,0.4776
1781635500000,4338.645,4339.945,4335.995,4338.385,0.3961
1781636400000,4338.345,4342.705,4337.635,4338.955,0.5811
1781637300000,4338.945,4340.995,4336.128,4339.398,0.6193
1781638200000,4339.365,4339.905,4336.708,4338.415,0.517
1781639100000,4338.425,4339.548,4330.398,4334.105,0.7267
1781640000000,4334.105,4334.245,4331.008,4331.038,0.2857
1781640900000,4331.165,4334.195,4330.935,4332.568,0.1666
1781641800000,4332.915,4334.975,4331.408,4333.365,0.1693
1781642700000,4333.255,4333.325,4329.315,4330.995,0.1391
1781647200000,4331.365,4335.145,4330.405,4332.215,0.0882
1781648100000,4332.065,4332.865,4328.745,4329.845,0.1133
1781649000000,4330.035,4333.045,4329.865,4332.525,0.0832
1781649900000,4332.485,4335.955,4331.915,4334.885,0.0802
1781650800000,4334.848,4338.245,4333.318,4336.405,0.0907
1781651700000,4336.365,4336.845,4335.338,4335.915,0.0551
1781652600000,4335.955,4336.265,4332.765,4334.435,0.0681
1781653500000,4334.395,4334.805,4329.245,4330.735,0.1171
1781654400000,4330.765,4339.875,4328.435,4337.425,0.3361
1781655300000,4337.445,4341.545,4336.355,4337.075,0.2875
1781656200000,4336.995,4338.665,4334.495,4335.055,0.2075
1781657100000,4335.085,4337.675,4331.935,4336.895,0.2883
1781658000000,4336.855,4349.415,4334.185,4347.395,0.5989
1781658900000,4347.495,4347.595,4338.845,4343.185,0.4483
1781659800000,4343.125,4343.975,4337.578,4339.325,0.3865
1781660700000,4339.215,4343.465,4336.575,4340.675,0.3635
1781661600000,4340.635,4343.945,4339.925,4341.885,0.3155
1781662500000,4341.915,4344.335,4339.435,4340.425,0.1946
1781663400000,4340.455,4343.585,4337.565,4338.615,0.3253
1781664300000,4338.445,4338.755,4329.565,4331.475,0.4188
1781665200000,4331.345,4333.955,4329.305,4330.305,0.2785
1781666100000,4330.325,4332.325,4328.555,4331.485,0.3001
1781667000000,4331.575,4333.315,4330.165,4333.065,0.1965
1781667900000,4333.065,4333.705,4330.335,4332.055,0.1681
1781668800000,4331.935,4332.155,4328.465,4330.655,0.2092
1781669700000,4330.685,4333.965,4323.895,4324.415,0.2426
1781670600000,4324.385,4325.605,4317.415,4323.025,0.2555
1781671500000,4322.995,4326.625,4322.135,4326.625,0.18
1781672400000,4326.705,4327.735,4321.225,4322.325,0.2089
1781673300000,4322.565,4327.385,4321.025,4327.035,0.2407
1781674200000,4327.005,4332.935,4326.715,4329.535,0.3998
1781675100000,4329.515,4334.105,4324.255,4326.325,0.4477
1781676000000,4326.385,4329.875,4324.175,4329.315,0.4008
1781676900000,4329.025,4329.265,4320.315,4324.175,0.4252
1781677800000,4324.145,4328.915,4322.335,4327.478,0.3732
1781678700000,4327.425,4331.695,4326.455,4331.575,0.2635
1781679600000,4331.595,4332.735,4326.865,4327.045,0.2775
1781680500000,4327.205,4332.635,4326.515,4329.005,0.2495
1781681400000,4328.965,4331.605,4325.315,4328.795,0.2254
1781682300000,4328.895,4329.375,4324.525,4325.045,0.1988
1781683200000,4325.075,4327.795,4322.015,4322.755,0.3615
1781684100000,4322.785,4324.815,4319.455,4323.495,0.346
1781685000000,4323.465,4324.245,4319.015,4319.895,0.3675
1781685900000,4319.835,4325.275,4316.965,4324.485,0.3573
1781686800000,4324.445,4325.605,4321.045,4325.045,0.2828
1781687700000,4325.105,4333.035,4325.005,4331.815,0.3373
1781688600000,4331.885,4335.445,4328.015,4328.355,0.2981
1781689500000,4328.335,4329.515,4325.425,4329.375,0.2551
1781690400000,4329.345,4330.845,4327.485,4330.635,0.2753
1781691300000,4330.665,4330.805,4326.495,4328.835,0.2565
1781692200000,4328.835,4331.005,4326.995,4330.725,0.2227
1781693100000,4330.695,4335.035,4330.658,4331.305,0.2942
1781694000000,4331.305,4331.745,4327.675,4328.885,0.3456
1781694900000,4328.808,4331.605,4327.815,4328.635,0.2687
1781695800000,4328.865,4328.865,4324.105,4325.705,0.3328
1781696700000,4325.705,4327.155,4320.785,4322.975,0.3481
1781697600000,4322.985,4324.765,4319.665,4323.335,0.3964
1781698500000,4323.235,4327.485,4321.625,4324.025,0.3506
1781699400000,4324.135,4332.055,4323.388,4331.415,0.3862
1781700300000,4331.465,4335.415,4330.915,4333.475,0.2731
1781701200000,4333.455,4334.125,4323.895,4331.735,0.4859
1781702100000,4331.705,4338.135,4330.775,4335.255,0.5033
1781703000000,4335.295,4341.845,4332.475,4341.725,0.8023
1781703900000,4341.375,4345.185,4339.055,4339.568,0.6966
1781704800000,4339.555,4345.838,4335.495,4342.125,0.8362
1781705700000,4342.165,4362.055,4340.755,4360.078,0.8279
1781706600000,4360.085,4363.875,4347.115,4351.815,0.7915
1781707500000,4351.815,4355.205,4330.615,4344.205,0.8218
1781708400000,4344.158,4348.275,4343.555,4347.905,0.6783
1781709300000,4347.875,4359.785,4346.775,4355.255,0.633
1781710200000,4355.035,4361.015,4354.225,4358.038,0.474
1781711100000,4358.038,4364.665,4357.145,4363.465,0.4986
1781712000000,4363.445,4365.525,4360.415,4362.008,0.4042
1781712900000,4362.005,4366.355,4360.375,4365.095,0.3469
1781713800000,4364.855,4365.035,4354.895,4357.355,0.4837
1781714700000,4357.315,4359.418,4355.858,4359.278,0.3404
1781715600000,4359.278,4360.875,4355.025,4358.825,0.4072
1781716500000,4358.755,4363.775,4357.765,4361.098,0.5489
1781717400000,4361.098,4382.125,4360.555,4376.278,0.7222
1781718300000,4376.278,4381.875,4373.868,4379.575,0.512
1781719200000,4379.575,4379.575,4276.895,4284.195,1.0496
1781720100000,4284.285,4308.225,4282.825,4292.435,1.1403
1781721000000,4292.395,4326.485,4269.015,4323.075,1.2672
1781721900000,4323.075,4332.265,4278.225,4285.985,1.2066
1781722800000,4285.505,4295.115,4259.465,4264.485,1.1433
1781723700000,4264.455,4265.155,4226.255,4226.765,1.1538
1781724600000,4226.795,4235.525,4218.805,4230.635,1.1375
1781725500000,4230.525,4246.795,4229.595,4235.585,1.0946
1781726400000,4235.515,4259.785,4234.775,4257.325,0.6996
1781727300000,4257.435,4269.695,4253.725,4257.798,0.6583
1781728200000,4257.825,4265.135,4257.785,4259.725,0.4378
1781729100000,4259.755,4262.035,4255.625,4256.855,0.2611
1781733600000,4254.435,4268.165,4252.898,4265.625,0.2541
1781734500000,4265.685,4270.925,4260.531,4266.665,0.2327
1781735400000,4266.705,4268.605,4263.295,4263.525,0.1683
1781736300000,4263.545,4270.585,4260.265,4266.238,0.2684
1781737200000,4266.128,4282.035,4263.648,4281.585,0.6702
1781738100000,4281.705,4283.795,4275.375,4279.715,0.2815
1781739000000,4279.735,4282.495,4267.735,4275.905,0.2509
1781739900000,4275.895,4279.205,4272.025,4277.665,0.2801
1781740800000,4277.685,4298.915,4276.225,4297.215,0.5727
1781741700000,4297.195,4301.098,4294.515,4300.255,0.4865
1781742600000,4300.295,4311.455,4299.535,4310.605,0.4411
1781743500000,4310.635,4315.015,4307.975,4308.125,0.71
1781744400000,4308.098,4328.305,4306.645,4322.665,0.797
1781745300000,4322.715,4323.315,4314.945,4318.965,0.5155
1781746200000,4319.045,4324.955,4316.795,4322.355,0.5722
1781747100000,4322.305,4325.995,4317.148,4317.625,0.4645
1781748000000,4317.885,4329.865,4316.035,4326.905,0.4819
1781748900000,4326.905,4329.585,4323.165,4324.185,0.3034
1781749800000,4324.165,4325.175,4315.995,4316.275,0.5054
1781750700000,4316.345,4318.655,4310.285,4310.725,0.4988
1781751600000,4310.695,4316.195,4308.915,4311.535,0.3866
1781752500000,4311.705,4316.605,4310.655,4314.395,0.3683
1781753400000,4314.435,4322.445,4313.375,4318.785,0.3133
1781754300000,4318.735,4320.675,4316.265,4319.515,0.2192
1781755200000,4319.415,4323.865,4314.365,4317.095,0.2544
1781756100000,4317.055,4318.795,4311.245,4313.315,0.299
1781757000000,4313.285,4317.985,4309.535,4309.695,0.2959
1781757900000,4309.775,4317.155,4309.445,4315.865,0.3092
1781758800000,4315.545,4318.095,4312.065,4315.815,0.2927
1781759700000,4315.735,4322.805,4315.405,4322.795,0.2673
1781760600000,4322.845,4324.855,4309.395,4310.295,0.4773
1781761500000,4310.395,4311.525,4301.075,4307.785,0.6288
1781762400000,4307.825,4309.875,4296.005,4298.705,0.6846
1781763300000,4298.655,4305.205,4296.245,4304.895,0.4734
1781764200000,4304.675,4305.265,4298.945,4301.215,0.3627
1781765100000,4301.185,4307.405,4300.945,4306.325,0.4114
1781766000000,4306.285,4308.985,4300.185,4306.955,0.4587
1781766900000,4306.955,4309.305,4303.705,4307.505,0.3575
1781767800000,4307.465,4307.465,4292.995,4297.495,0.4472
1781768700000,4297.465,4298.685,4287.225,4288.475,0.4288
1781769600000,4288.535,4292.655,4283.905,4286.935,0.5949
1781770500000,4286.895,4289.855,4283.745,4284.775,0.4055
1781771400000,4284.715,4289.705,4280.925,4281.435,0.4653
1781772300000,4281.585,4281.585,4265.328,4266.635,0.5841
1781773200000,4266.635,4269.275,4259.535,4267.625,0.6172
1781774100000,4267.485,4273.065,4265.315,4266.145,0.4424
1781775000000,4266.115,4268.845,4263.228,4268.315,0.4065
1781775900000,4268.355,4273.155,4267.155,4268.275,0.3952
1781776800000,4268.225,4269.835,4261.635,4267.935,0.4796
1781777700000,4267.825,4272.635,4263.475,4269.385,0.4085
1781778600000,4269.345,4270.685,4263.345,4264.105,0.3383
1781779500000,4264.105,4266.395,4254.595,4255.325,0.4463
1781780400000,4255.655,4255.655,4240.388,4247.245,0.688
1781781300000,4247.225,4249.715,4243.485,4248.955,0.5534
1781782200000,4248.905,4250.055,4241.705,4243.255,0.5468
1781783100000,4243.175,4245.758,4239.648,4241.875,0.58
1781784000000,4241.875,4257.935,4240.205,4256.195,0.6287
1781784900000,4256.175,4269.025,4254.055,4254.945,0.6626
1781785800000,4254.925,4258.375,4241.015,4242.985,0.6686
1781786700000,4243.005,4247.715,4240.698,4246.465,0.5474
1781787600000,4246.405,4259.135,4244.725,4259.045,0.512
1781788500000,4259.015,4263.165,4252.458,4262.905,0.4889
1781789400000,4262.845,4276.515,4262.705,4264.265,0.9156
1781790300000,4264.145,4265.185,4250.415,4256.375,0.8569
1781791200000,4256.325,4257.575,4238.145,4241.435,0.9685
1781792100000,4241.398,4255.695,4236.845,4244.095,0.9307
1781793000000,4244.085,4252.035,4241.095,4244.525,0.7394
1781793900000,4244.435,4254.435,4240.175,4252.175,0.6585
1781794800000,4252.155,4254.645,4246.195,4246.485,0.6409
1781795700000,4246.525,4249.185,4234.135,4235.565,0.848
1781796600000,4235.575,4236.615,4223.985,4231.615,1.0008
1781797500000,4231.575,4231.665,4222.855,4226.428,0.7393
1781798400000,4226.428,4233.295,4225.575,4227.255,0.7475
1781799300000,4227.365,4228.415,4221.708,4224.875,0.6864
1781800200000,4224.945,4229.315,4214.865,4221.865,0.7402
1781801100000,4221.845,4222.255,4213.925,4219.445,0.672
1781802000000,4219.661,4228.485,4218.545,4227.675,0.5643
1781802900000,4227.705,4231.445,4225.485,4226.095,0.6605
1781803800000,4226.028,4230.035,4222.085,4229.535,0.5957
1781804700000,4229.585,4232.945,4227.135,4230.065,0.3975
1781805600000,4230.185,4232.995,4227.195,4228.215,0.4431
1781806500000,4228.165,4229.645,4225.265,4226.075,0.456
1781807400000,4226.115,4226.115,4220.275,4224.705,0.5696
1781808300000,4224.685,4225.135,4217.928,4218.185,0.4751
1781809200000,4218.148,4218.825,4203.685,4207.185,0.5867
1781810100000,4207.215,4208.505,4201.815,4204.955,0.5116
1781811000000,4204.955,4214.265,4201.145,4213.805,0.4414
1781811900000,4213.835,4218.298,4213.035,4216.505,0.6386
1781812800000,4216.725,4217.675,4214.475,4216.825,0.3271
1781813700000,4216.775,4219.335,4214.585,4218.795,0.2103
1781814600000,4218.755,4218.815,4212.715,4212.745,0.1522
1781815500000,4212.765,4213.245,4207.495,4208.875,0.1849
1781820000000,4209.298,4212.875,4202.685,4207.805,0.1286
1781820900000,4208.205,4209.855,4202.335,4203.855,0.1151
1781821800000,4203.835,4205.515,4202.645,4204.745,0.1036
1781822700000,4204.765,4210.365,4204.015,4206.938,0.1827
1781823600000,4206.695,4207.798,4193.445,4195.485,0.6904
1781824500000,4195.935,4199.165,4193.605,4196.995,0.176
1781825400000,4196.955,4198.885,4193.695,4194.065,0.1774
1781826300000,4194.555,4194.555,4186.745,4188.115,0.2872
1781827200000,4187.998,4197.945,4184.188,4185.215,0.5093
1781828100000,4185.265,4188.448,4183.738,4184.855,0.4706
1781829000000,4185.065,4191.085,4184.218,4188.275,0.3091
1781829900000,4188.235,4192.185,4187.315,4190.125,0.2385
1781830800000,4190.075,4194.335,4184.055,4186.175,0.4118
1781831700000,4186.155,4191.338,4183.495,4190.565,0.3276
1781832600000,4190.615,4190.615,4184.238,4185.485,0.3169
1781833500000,4185.405,4187.165,4183.765,4184.725,0.3676
1781834400000,4184.675,4186.145,4178.375,4179.535,0.4832
1781835300000,4179.575,4179.835,4174.925,4179.215,0.3908
1781836200000,4179.235,4183.635,4176.835,4179.615,0.2561
1781837100000,4179.625,4180.465,4171.565,4176.025,0.3012
1781838000000,4175.995,4177.065,4165.935,4165.935,0.3827
1781838900000,4165.975,4170.575,4164.895,4167.055,0.3923
1781839800000,4167.045,4167.468,4157.635,4162.005,0.4883
1781840700000,4162.025,4162.095,4145.345,4153.555,0.4245
1781841600000,4153.265,4155.065,4142.905,4145.245,0.5102
1781842500000,4145.225,4149.695,4141.155,4146.325,0.4796
1781843400000,4146.265,4147.125,4133.145,4135.085,0.5098
1781844300000,4135.085,4136.445,4124.805,4125.495,0.5049
1781845200000,4125.915,4131.345,4121.438,4130.115,0.5371
1781846100000,4130.235,4134.485,4125.505,4133.405,0.4937
1781847000000,4133.335,4139.235,4130.275,4134.825,0.4961
1781847900000,4134.825,4141.215,4132.695,4139.275,0.4845
1781848800000,4139.395,4147.955,4133.465,4147.035,0.478
1781849700000,4147.025,4147.345,4139.085,4141.645,0.4397
1781850600000,4141.875,4145.285,4132.635,4135.885,0.3897
1781851500000,4135.835,4150.465,4134.375,4147.495,0.3511
1781852400000,4147.865,4159.635,4147.655,4157.055,0.4137
1781853300000,4157.055,4159.905,4151.795,4152.195,0.3996
1781854200000,4152.315,4157.295,4151.025,4153.775,0.3667
1781855100000,4154.395,4162.895,4151.355,4157.765,0.3123
1781856000000,4157.785,4166.965,4154.975,4165.395,0.4541
1781856900000,4165.325,4177.485,4164.975,4175.651,0.4903
1781857800000,4176.045,4178.345,4166.398,4168.695,0.3836
1781858700000,4168.645,4169.255,4164.275,4168.795,0.3499
1781859600000,4168.795,4170.635,4163.325,4163.805,0.4137
1781860500000,4163.795,4168.035,4161.755,4162.415,0.3669
1781861400000,4162.485,4165.785,4162.175,4162.365,0.2635
1781862300000,4162.525,4167.095,4160.645,4162.725,0.2142
1781863200000,4162.765,4162.845,4152.695,4155.185,0.3287
1781864100000,4155.005,4158.065,4152.525,4153.545,0.2482
1781865000000,4153.595,4155.105,4150.075,4151.005,0.2611
1781865900000,4151.005,4154.405,4147.955,4149.505,0.2858
1781866800000,4149.445,4150.015,4142.425,4146.625,0.3858
1781867700000,4146.605,4148.735,4143.035,4143.995,0.2845
1781868600000,4143.945,4150.355,4141.695,4149.875,0.2707
1781869500000,4149.855,4154.835,4148.415,4152.385,0.2479
1781870400000,4152.395,4160.155,4152.105,4155.555,0.3105
1781871300000,4155.675,4155.995,4151.095,4151.695,0.2553
1781872200000,4151.595,4154.485,4147.995,4152.095,0.3228
1781873100000,4152.095,4179.795,4147.025,4178.815,0.712
1781874000000,4178.815,4182.825,4164.115,4169.655,0.7817
1781874900000,4169.655,4171.845,4161.655,4163.725,0.4297
1781875800000,4163.675,4168.055,4157.565,4158.355,0.4234
1781876700000,4158.245,4160.765,4150.305,4151.195,0.3884
1781877600000,4151.165,4154.365,4147.548,4149.105,0.4202
1781878500000,4149.185,4150.065,4143.475,4149.005,0.3602
1781879400000,4148.955,4150.348,4142.905,4144.225,0.3423
1781880300000,4144.305,4151.075,4142.455,4149.055,0.3296
1781881200000,4149.195,4153.165,4147.825,4151.255,0.3505
1781882100000,4151.255,4153.865,4149.498,4151.235,0.2479
1781883000000,4151.355,4152.885,4147.455,4147.885,0.2331
1781883900000,4147.895,4153.365,4147.895,4150.855,0.1471
1781884800000,4150.845,4150.845,4144.335,4145.025,0.1823
1781885700000,4145.065,4148.765,4144.078,4146.905,0.1504
1781886600000,4146.875,4153.425,4146.875,4151.425,0.1717
1781887500000,4151.595,4157.625,4150.945,4154.335,0.226
1782079200000,4139.698,4159.625,4138.825,4151.275,0.3995
1782080100000,4151.185,4154.415,4147.525,4151.925,0.288
1782081000000,4151.748,4154.855,4149.905,4153.655,0.2305
1782081900000,4153.675,4156.705,4152.225,4156.038,0.2128
1782082800000,4155.898,4164.525,4154.888,4158.235,0.9311
1782083700000,4158.215,4158.825,4153.575,4156.615,0.2889
1782084600000,4156.655,4156.655,4141.675,4145.415,0.3022
1782085500000,4145.385,4146.975,4136.125,4139.985,0.4521
1782086400000,4140.015,4162.295,4139.755,4160.785,0.6163
1782087300000,4160.745,4170.535,4160.645,4167.055,0.608
1782088200000,4167.098,4176.235,4165.505,4175.365,0.4317
1782089100000,4175.495,4200.785,4175.165,4200.595,0.552
1782090000000,4200.655,4220.778,4200.655,4211.475,0.9642
1782090900000,4211.415,4214.895,4204.758,4207.105,0.8063
1782091800000,4207.085,4207.085,4194.705,4200.575,0.7524
1782092700000,4200.535,4201.565,4189.395,4190.745,0.6534
1782093600000,4190.705,4194.915,4183.325,4183.925,0.6626
1782094500000,4183.955,4190.085,4183.258,4188.705,0.396
1782095400000,4188.665,4200.145,4186.845,4191.515,0.6085
1782096300000,4191.535,4192.085,4187.255,4188.218,0.5173
1782097200000,4188.218,4189.768,4178.115,4178.115,0.5939
1782098100000,4178.165,4180.765,4173.405,4179.775,0.4833
1782099000000,4179.745,4180.515,4174.815,4175.425,0.2674
1782099900000,4175.425,4178.575,4170.445,4171.265,0.3137
1782100800000,4171.305,4178.085,4170.375,4176.085,0.3563
1782101700000,4176.135,4178.685,4174.195,4176.145,0.3425
1782102600000,4176.155,4178.655,4174.475,4176.525,0.3054
1782103500000,4176.545,4181.988,4175.905,4181.565,0.3498
1782104400000,4181.438,4186.235,4179.225,4185.175,0.4779
1782105300000,4185.155,4194.075,4184.285,4193.705,0.3542
1782106200000,4193.795,4198.375,4189.105,4192.925,0.6416
1782107100000,4192.925,4196.748,4190.075,4193.515,0.5399
1782108000000,4193.515,4198.245,4190.985,4194.275,0.5048
1782108900000,4194.255,4200.495,4193.645,4196.395,0.4721
1782109800000,4196.365,4202.265,4194.575,4201.915,0.3775
1782110700000,4201.945,4207.205,4196.798,4197.298,0.4307
1782111600000,4197.298,4201.145,4196.985,4199.105,0.3867
1782112500000,4199.125,4201.665,4196.785,4197.445,0.3518
1782113400000,4197.515,4199.645,4192.205,4194.295,0.3629
1782114300000,4194.295,4195.955,4188.555,4190.195,0.3466
1782115200000,4190.195,4194.575,4188.405,4189.805,0.383
1782116100000,4189.775,4195.115,4188.965,4191.345,0.3603
1782117000000,4191.565,4194.125,4188.795,4193.335,0.2648
1782117900000,4193.275,4197.495,4191.895,4197.355,0.277
1782118800000,4197.295,4209.355,4195.765,4205.085,0.4096
1782119700000,4205.165,4209.095,4202.815,4203.765,0.2618
1782120600000,4203.795,4210.095,4201.115,4206.695,0.339
1782121500000,4206.845,4210.035,4204.145,4208.095,0.2089
1782122400000,4208.045,4213.995,4207.725,4212.745,0.2874
1782123300000,4212.465,4214.025,4207.945,4209.825,0.2246
1782124200000,4209.825,4211.525,4208.125,4208.375,0.1843
1782125100000,4208.405,4209.215,4203.445,4204.545,0.2267
1782126000000,4204.605,4215.005,4204.435,4207.875,0.4896
1782126900000,4207.735,4209.505,4203.185,4203.775,0.2358
1782127800000,4203.655,4208.085,4201.955,4206.405,0.2796
1782128700000,4206.435,4207.395,4201.315,4207.225,0.2521
1782129600000,4207.285,4210.995,4205.165,4207.145,0.3383
1782130500000,4207.105,4211.605,4205.975,4208.355,0.3276
1782131400000,4208.305,4208.645,4200.705,4203.695,0.3215
1782132300000,4203.875,4204.645,4192.075,4193.225,0.39
1782133200000,4193.385,4196.525,4188.585,4194.205,0.7297
1782134100000,4194.125,4196.925,4185.335,4186.785,0.5931
1782135000000,4186.765,4194.435,4182.735,4190.795,0.9036
1782135900000,4190.815,4205.405,4187.185,4199.635,0.7882
1782136800000,4199.905,4210.645,4193.675,4205.068,0.8139
1782137700000,4205.068,4205.955,4190.985,4191.795,0.8183
1782138600000,4191.558,4197.395,4186.365,4192.885,0.7723
1782139500000,4192.935,4205.995,4192.785,4198.025,0.8042
1782140400000,4198.035,4201.115,4194.518,4197.535,0.7596
1782141300000,4197.555,4197.725,4188.025,4188.825,0.7187
1782142200000,4188.805,4190.215,4180.148,4180.755,0.5812
1782143100000,4180.718,4184.925,4169.485,4182.695,0.651
1782144000000,4182.755,4184.615,4174.195,4177.355,0.5415
1782144900000,4177.048,4182.705,4175.985,4182.385,0.6252
1782145800000,4182.355,4186.048,4181.035,4181.655,0.6856
1782146700000,4181.605,4192.735,4180.548,4189.665,0.6102
1782147600000,4189.725,4190.978,4185.705,4186.345,0.5354
1782148500000,4186.315,4191.485,4182.978,4183.848,0.5828
1782149400000,4183.925,4184.628,4176.855,4181.405,0.549
1782150300000,4181.415,4183.455,4179.875,4182.868,0.4768
1782151200000,4182.868,4186.065,4182.185,4183.755,0.4824
1782152100000,4183.745,4189.615,4183.745,4187.785,0.4833
1782153000000,4187.825,4189.755,4185.635,4189.645,0.4611
1782153900000,4189.675,4192.665,4189.425,4191.028,0.7055
1782154800000,4191.265,4193.198,4190.798,4191.325,0.8904
1782155700000,4191.365,4192.075,4187.298,4187.385,0.4865
1782156600000,4187.395,4190.175,4184.215,4184.455,0.4548
1782157500000,4184.525,4191.575,4184.115,4190.355,0.5373
1782158400000,4190.485,4193.685,4190.005,4190.855,0.1982
1782159300000,4190.895,4191.505,4188.645,4190.375,0.1006
1782160200000,4190.255,4193.695,4189.515,4192.775,0.114
1782161100000,4192.775,4193.215,4190.695,4191.165,0.1138
1782165600000,4191.458,4194.175,4191.145,4192.085,0.1021
1782166500000,4192.058,4193.195,4190.795,4192.665,0.0601
1782167400000,4192.755,4194.365,4188.945,4189.795,0.1168
1782168300000,4189.765,4190.348,4188.108,4189.438,0.1087
1782169200000,4189.438,4192.448,4188.888,4190.735,0.3416
1782170100000,4190.755,4191.575,4190.015,4190.675,0.0478
1782171000000,4190.705,4195.095,4190.425,4194.635,0.0772
1782171900000,4194.655,4194.675,4186.505,4187.475,0.1853
1782172800000,4187.315,4192.085,4178.095,4178.525,0.3907
1782173700000,4178.505,4185.545,4178.505,4183.595,0.3291
1782174600000,4183.535,4193.295,4181.955,4192.505,0.349
1782175500000,4192.525,4194.405,4189.785,4193.145,0.4487
1782176400000,4193.145,4198.435,4184.775,4184.995,0.5798
1782177300000,4184.965,4185.615,4170.695,4177.965,0.6186
1782178200000,4177.995,4178.385,4153.205,4154.305,0.849
1782179100000,4153.895,4162.745,4149.705,4161.015,0.7029
1782180000000,4161.035,4163.015,4148.755,4153.405,0.6046
1782180900000,4153.425,4163.295,4153.155,4161.655,0.4177
1782181800000,4161.655,4162.175,4152.085,4154.785,0.5637
1782182700000,4154.555,4156.675,4146.345,4146.695,0.5731
1782183600000,4146.765,4149.415,4138.375,4141.825,0.6562
1782184500000,4141.785,4143.885,4130.488,4140.515,0.6172
1782185400000,4140.495,4141.145,4133.335,4138.665,0.4413
1782186300000,4138.705,4144.765,4136.385,4143.925,0.3822
1782187200000,4144.225,4146.795,4141.665,4143.045,0.3304
1782188100000,4143.075,4143.185,4137.115,4139.805,0.3261
1782189000000,4139.785,4140.365,4135.035,4138.605,0.3582
1782189900000,4138.585,4140.015,4114.495,4117.875,0.4749
1782190800000,4117.905,4137.305,4115.095,4129.585,0.5991
1782191700000,4129.615,4130.515,4123.345,4124.975,0.4355
1782192600000,4124.995,4133.575,4116.815,4127.445,0.8281
1782193500000,4127.465,4127.495,4116.485,4120.945,0.7172
1782194400000,4120.925,4126.745,4110.825,4122.385,0.7367
1782195300000,4122.405,4126.615,4114.175,4116.245,0.6028
1782196200000,4116.275,4120.825,4110.605,4113.285,0.6146
1782197100000,4113.275,4120.215,4110.195,4114.205,0.5686
1782198000000,4114.105,4124.645,4110.185,4115.635,0.6151
1782198900000,4115.525,4122.775,4113.495,4117.965,0.4421
1782199800000,4117.935,4119.195,4103.575,4104.645,0.6288
1782200700000,4105.045,4107.895,4096.375,4098.455,0.6294
1782201600000,4098.565,4099.905,4090.545,4093.735,0.6612
1782202500000,4093.705,4099.725,4092.155,4097.945,0.564
1782203400000,4097.925,4110.705,4096.505,4109.275,0.5901
1782204300000,4109.295,4109.425,4101.665,4104.975,0.4583
1782205200000,4105.065,4113.435,4103.715,4110.775,0.4479
1782206100000,4110.865,4116.668,4108.585,4112.425,0.435
1782207000000,4112.385,4119.845,4111.878,4116.895,0.3859
1782207900000,4117.105,4122.075,4115.015,4122.055,0.3331
1782208800000,4122.065,4133.055,4121.925,4129.635,0.4061
1782209700000,4129.695,4132.885,4126.575,4130.045,0.3426
1782210600000,4130.075,4131.825,4124.155,4126.265,0.422
1782211500000,4126.185,4126.515,4119.295,4119.465,0.4512
1782212400000,4119.445,4129.465,4117.145,4128.845,0.5569
1782213300000,4128.915,4131.485,4124.095,4127.035,0.4461
1782214200000,4127.005,4128.525,4118.345,4120.815,0.4743
1782215100000,4120.835,4125.948,4117.968,4122.965,0.51
1782216000000,4123.015,4127.115,4112.625,4113.705,0.5755
1782216900000,4113.705,4119.905,4111.425,4114.815,0.5541
1782217800000,4114.975,4122.425,4114.025,4117.545,0.5142
1782218700000,4117.488,4121.615,4112.115,4112.908,0.4746
1782219600000,4112.885,4119.165,4107.658,4113.165,0.7094
1782220500000,4113.175,4119.345,4105.138,4115.655,0.7523
1782221400000,4115.625,4128.435,4109.725,4126.095,1.1141
1782222300000,4126.085,4140.098,4124.255,4135.048,1.0611
1782223200000,4135.048,4144.795,4132.955,4137.418,0.9914
1782224100000,4137.288,4142.645,4128.355,4132.278,1.3479
1782225000000,4132.285,4132.795,4122.588,4126.015,1.1484
1782225900000,4125.975,4130.175,4123.465,4129.985,1.1157
1782226800000,4130.175,4135.315,4123.118,4127.828,0.9256
1782227700000,4127.765,4130.345,4123.518,4126.855,0.7859
1782228600000,4126.665,4141.565,4126.205,4138.595,0.9082
1782229500000,4138.745,4139.595,4133.635,4138.535,0.6734
1782230400000,4138.515,4139.825,4133.505,4135.115,0.4943
1782231300000,4135.145,4138.065,4132.735,4136.095,0.5696
1782232200000,4136.065,4143.445,4134.755,4143.055,0.8123
1782233100000,4143.085,4143.565,4131.275,4134.035,0.5934
1782234000000,4134.015,4139.505,4129.745,4138.195,0.6215
1782234900000,4138.205,4138.285,4129.695,4130.798,0.5644
1782235800000,4130.798,4132.008,4127.448,4131.668,0.6719
1782236700000,4131.725,4132.758,4127.478,4127.705,0.6196
1782237600000,4127.805,4130.775,4123.665,4124.025,0.4268
1782238500000,4124.065,4125.405,4120.195,4120.748,0.4357
1782239400000,4120.748,4122.555,4115.668,4115.708,0.5179
1782240300000,4115.748,4118.065,4112.475,4117.675,0.6489
1782241200000,4117.655,4125.955,4116.625,4121.095,0.773
1782242100000,4121.145,4122.255,4117.325,4121.645,0.5932
1782243000000,4121.605,4124.295,4120.405,4120.728,0.6827
1782243900000,4120.728,4121.075,4111.395,4111.435,0.9386
1782244800000,4111.565,4112.575,4108.435,4109.685,0.4222
1782245700000,4109.738,4110.935,4107.185,4110.455,0.211
1782246600000,4110.505,4111.485,4108.765,4110.395,0.1654
1782247500000,4110.355,4111.125,4108.435,4111.035,0.1332
1782252000000,4111.898,4114.125,4110.635,4113.645,0.1341
1782252900000,4113.605,4114.835,4104.485,4105.725,0.293
1782253800000,4105.765,4108.215,4096.685,4104.045,0.3676
1782254700000,4103.795,4108.885,4103.235,4103.898,0.4222
1782255600000,4103.898,4103.898,4094.438,4099.505,0.8928
1782256500000,4099.535,4100.505,4096.905,4097.325,0.1635
1782257400000,4097.395,4097.985,4080.495,4086.035,0.4165
1782258300000,4086.175,4100.295,4085.545,4099.035,0.5074
1782259200000,4098.955,4111.965,4094.135,4107.005,0.7099
1782260100000,4106.918,4109.205,4093.375,4099.475,0.5888
1782261000000,4099.385,4100.075,4093.655,4094.965,0.4942
1782261900000,4094.945,4099.715,4093.928,4097.055,0.607
1782262800000,4097.075,4097.635,4068.255,4089.425,0.9876
1782263700000,4089.455,4100.765,4083.245,4098.165,0.8933
1782264600000,4098.115,4102.015,4091.605,4092.595,0.923
1782265500000,4092.645,4092.865,4082.088,4088.798,0.8254
1782266400000,4088.605,4095.815,4079.445,4079.875,0.7372
1782267300000,4079.875,4080.815,4071.265,4073.395,0.5653
1782268200000,4073.395,4076.755,4051.935,4057.005,0.8285
1782269100000,4057.025,4069.445,4054.795,4060.905,0.705
1782270000000,4061.155,4065.165,4052.555,4057.535,0.734
1782270900000,4057.555,4058.805,4050.185,4056.165,0.7173
1782271800000,4056.238,4069.375,4055.345,4068.438,0.6867
1782272700000,4068.748,4070.555,4061.725,4062.455,0.5051
1782273600000,4062.525,4063.595,4055.585,4058.575,0.5105
1782274500000,4058.555,4067.085,4054.815,4062.975,0.5103
1782275400000,4063.025,4066.565,4062.425,4063.435,0.4783
1782276300000,4063.375,4066.825,4061.695,4064.195,0.3878
1782277200000,4064.225,4069.875,4060.535,4067.535,0.5195
1782278100000,4067.445,4074.325,4065.255,4073.225,0.5132
1782279000000,4073.255,4085.965,4071.945,4077.015,0.4638
1782279900000,4076.985,4079.795,4071.015,4075.725,0.3479
1782280800000,4075.555,4096.865,4074.805,4095.705,0.5273
1782281700000,4096.055,4097.335,4083.135,4087.335,0.4181
1782282600000,4087.205,4093.715,4084.175,4091.595,0.3512
1782283500000,4091.495,4094.295,4084.205,4086.635,0.3388
1782284400000,4086.525,4090.665,4084.915,4086.055,0.3424
1782285300000,4086.295,4087.595,4083.105,4084.235,0.2516
1782286200000,4084.105,4085.225,4075.855,4082.315,0.325
1782287100000,4082.305,4086.005,4073.525,4074.715,0.2989
1782288000000,4074.665,4077.995,4072.935,4073.825,0.3336
1782288900000,4073.725,4080.505,4073.055,4080.395,0.3075
1782289800000,4080.355,4087.445,4078.535,4082.905,0.3064
1782290700000,4083.005,4083.245,4075.375,4076.065,0.2432
1782291600000,4076.275,4078.255,4069.655,4076.145,0.2875
1782292500000,4075.825,4079.015,4068.225,4069.205,0.2371
1782293400000,4069.125,4072.025,4065.315,4068.145,0.2669
1782294300000,4068.175,4070.905,4064.035,4064.395,0.2382
1782295200000,4064.385,4066.145,4058.875,4060.915,0.2941
1782296100000,4060.555,4060.815,4055.055,4060.695,0.2813
1782297000000,4060.725,4066.775,4056.445,4064.685,0.2822
1782297900000,4064.775,4065.565,4054.515,4055.495,0.3681
1782298800000,4055.355,4058.445,4044.595,4045.625,0.5252
1782299700000,4045.785,4046.685,4037.305,4044.195,0.6359
1782300600000,4044.055,4051.405,4043.325,4045.845,0.6114
1782301500000,4045.785,4056.095,4039.005,4046.495,0.7948
1782302400000,4046.515,4048.665,4035.045,4038.005,0.7396
1782303300000,4037.985,4041.875,4006.635,4014.985,0.8569
1782304200000,4015.415,4020.645,4007.005,4013.285,0.7777
1782305100000,4013.375,4017.385,3987.365,3987.495,0.8871
1782306000000,3987.535,3995.535,3966.615,3971.315,1.2563
1782306900000,3971.365,3976.865,3964.305,3975.305,1.0291
1782307800000,3975.325,4017.765,3973.635,4015.365,1.3421
1782308700000,4015.205,4041.905,4009.105,4037.975,1.3365
1782309600000,4037.945,4040.758,4018.695,4019.555,1.3287
1782310500000,4019.645,4027.845,4014.115,4023.525,1.0348
1782311400000,4023.575,4034.335,4010.928,4015.635,1.071
1782312300000,4015.615,4015.615,4002.698,4007.825,0.9345
1782313200000,4007.875,4009.845,3997.015,4001.605,1.0021
1782314100000,4001.565,4014.835,3999.285,4014.655,0.9204
1782315000000,4014.755,4015.195,4001.188,4006.165,0.7858
1782315900000,4005.865,4016.725,3999.875,4002.335,0.7271
1782316800000,4002.405,4006.545,3995.215,4002.515,0.7136
1782317700000,4002.665,4016.905,4001.335,4015.945,0.6033
1782318600000,4015.985,4022.065,4009.175,4011.365,0.6744
1782319500000,4011.395,4012.015,4006.208,4006.348,0.5028
1782320400000,4006.348,4011.085,4004.275,4005.605,0.5506
1782321300000,4005.585,4007.005,3989.955,3990.208,0.9182
1782322200000,3990.315,3990.715,3982.845,3984.175,0.8967
1782323100000,3984.085,3986.605,3972.495,3972.808,0.9155
1782324000000,3972.865,3992.565,3958.695,3988.685,1.0003
1782324900000,3988.725,3992.175,3979.225,3990.035,0.8718
1782325800000,3990.055,3993.995,3981.265,3983.265,0.6949
1782326700000,3983.265,3984.095,3976.665,3981.215,0.6847
1782327600000,3981.571,3984.905,3973.225,3976.185,0.7177
1782328500000,3976.065,3984.285,3973.745,3983.825,0.4586
1782329400000,3983.855,3988.555,3979.238,3982.435,0.5648
1782330300000,3982.535,3990.615,3980.695,3987.755,0.724
1782331200000,3987.698,4002.685,3984.485,3995.045,0.5313
1782332100000,3995.085,4000.715,3992.045,3999.875,0.3361
1782333000000,3999.845,4001.095,3995.535,3998.645,0.2559
1782333900000,3998.695,4001.055,3996.395,3997.605,0.1985
1782338400000,4003.035,4008.545,4000.615,4001.345,0.2099
1782339300000,4001.435,4002.615,4000.158,4001.665,0.1187
1782340200000,4002.185,4006.525,3999.215,4001.688,0.2174
1782341100000,4001.928,4002.088,3992.535,3995.898,0.2129
1782342000000,3995.705,3998.098,3990.228,3994.785,0.6662
1782342900000,3994.925,4000.455,3994.835,3997.965,0.1598
1782343800000,3997.975,4018.385,3997.855,4014.235,0.2931
1782344700000,4014.265,4017.485,4009.305,4012.205,0.2791
1782345600000,4012.185,4016.255,4003.525,4005.105,0.5945
1782346500000,4005.225,4005.975,3994.975,3996.045,0.6725
1782347400000,3995.945,3995.945,3981.155,3985.115,0.7236
1782348300000,3985.195,4000.675,3978.035,3990.985,1.0816
1782349200000,3990.965,4005.565,3981.695,3986.435,1.3204
1782350100000,3986.548,3999.715,3983.515,3990.485,0.7943
1782351000000,3990.445,3995.555,3976.715,3981.525,0.7776
1782351900000,3981.475,3988.255,3972.115,3976.555,0.6953
1782352800000,3976.525,3981.368,3961.755,3967.465,1.0736
1782353700000,3967.708,3990.845,3967.035,3986.185,0.6841
1782354600000,3986.165,3987.805,3974.525,3978.235,0.7388
1782355500000,3978.205,3984.245,3975.305,3982.575,0.7248
1782356400000,3982.535,3989.005,3965.885,3970.415,0.8031
1782357300000,3970.385,3982.725,3967.485,3975.998,0.912
1782358200000,3975.985,3976.845,3968.645,3974.935,0.466
1782359100000,3974.945,4000.885,3974.285,3995.215,0.5766
1782360000000,3995.155,3997.275,3989.175,3989.175,0.4853
1782360900000,3989.095,3997.325,3987.375,3994.245,0.4607
1782361800000,3994.245,3995.645,3983.365,3991.775,0.4105
1782362700000,3991.795,3996.905,3991.145,3995.805,0.3815
1782363600000,3995.685,3999.735,3991.975,3998.045,0.5302
1782364500000,3998.125,3998.855,3988.845,3993.885,0.5072
1782365400000,3994.075,3997.345,3981.485,3982.855,0.7257
1782366300000,3982.735,3991.745,3980.195,3986.315,0.696
1782367200000,3986.305,3989.135,3979.675,3979.865,0.5979
1782368100000,3979.775,3986.635,3973.765,3984.025,0.6253
1782369000000,3984.085,3984.965,3976.455,3982.075,0.5427
1782369900000,3982.045,3984.285,3975.775,3977.155,0.4406
1782370800000,3977.385,3985.875,3973.325,3979.835,0.5066
1782371700000,3979.855,3989.615,3977.415,3984.995,0.4189
1782372600000,3984.995,3989.345,3973.465,3974.385,0.4058
1782373500000,3974.325,3988.775,3971.285,3987.765,0.3586
1782374400000,3987.655,3995.195,3984.105,3986.795,0.4666
1782375300000,3986.705,4001.175,3986.125,3993.605,0.4151
1782376200000,3993.565,4001.945,3993.565,3999.495,0.3469
1782377100000,3999.685,3999.695,3988.425,3989.025,0.309
1782378000000,3989.085,3996.405,3988.995,3990.785,0.2977
1782378900000,3990.745,3995.285,3989.098,3993.835,0.2807
1782379800000,3993.935,3997.595,3985.658,3988.275,0.3924
1782380700000,3988.095,3993.265,3987.405,3988.085,0.2193
1782381600000,3988.025,3989.075,3983.495,3984.265,0.2459
1782382500000,3984.075,3989.155,3983.055,3989.085,0.2276
1782383400000,3989.095,3989.265,3984.608,3985.465,0.2221
1782384300000,3985.345,3985.645,3981.118,3984.165,0.2045
1782385200000,3984.445,3986.015,3981.885,3983.175,0.2582
1782386100000,3982.965,3983.015,3976.005,3977.045,0.2843
1782387000000,3977.065,3986.055,3973.505,3984.695,0.3179
1782387900000,3984.705,3987.715,3979.345,3979.895,0.3613
1782388800000,3979.905,3984.595,3979.385,3982.585,0.3914
1782389700000,3982.348,3986.055,3978.805,3983.185,0.4605
1782390600000,3983.125,4011.705,3982.975,4005.225,1.06
1782391500000,4005.208,4019.325,4003.415,4012.215,0.7837
1782392400000,4012.495,4033.885,4011.615,4030.775,1.0584
1782393300000,4030.815,4031.178,4018.615,4021.855,0.7831
1782394200000,4021.855,4028.475,4010.655,4011.565,1.2369
1782395100000,4011.755,4018.885,4000.825,4002.005,1.2357
1782396000000,4002.115,4021.345,3998.955,4016.238,1.2212
1782396900000,4016.238,4028.038,4012.375,4026.308,1.2173
1782397800000,4026.308,4028.205,4015.775,4019.595,1.0852
1782398700000,4019.595,4020.715,4011.095,4011.725,1.0313
1782399600000,4011.845,4020.315,4004.795,4007.855,1.0613
1782400500000,4007.605,4040.345,4005.805,4026.775,1.1306
1782401400000,4026.755,4030.695,4021.628,4027.505,0.9044
1782402300000,4027.478,4042.388,4026.665,4040.778,0.9369
1782403200000,4041.045,4042.685,4033.485,4036.678,0.827
1782404100000,4036.688,4043.785,4036.688,4040.015,0.7302
1782405000000,4040.145,4040.428,4030.768,4031.135,0.6766
1782405900000,4031.128,4033.105,4023.485,4028.445,0.6754
1782406800000,4028.485,4032.125,4026.535,4029.185,0.6179
1782407700000,4029.148,4035.618,4027.618,4032.435,0.8008
1782408600000,4032.545,4035.875,4030.795,4034.045,0.536
1782409500000,4033.985,4036.705,4029.665,4034.575,0.565
1782410400000,4034.535,4035.185,4025.728,4032.328,0.8223
1782411300000,4032.328,4043.918,4031.845,4043.758,0.7002
1782412200000,4043.685,4043.808,4031.595,4032.435,0.6897
1782413100000,4032.455,4035.975,4029.538,4034.438,0.4945
1782414000000,4034.438,4040.255,4032.278,4039.918,0.5964
1782414900000,4039.908,4043.458,4035.155,4035.745,0.6373
1782415800000,4035.725,4037.518,4031.675,4034.125,0.5772
1782416700000,4034.165,4034.165,4021.645,4026.525,0.7542
1782417600000,4026.425,4034.705,4025.455,4027.825,0.2874
1782418500000,4027.805,4030.515,4026.245,4030.455,0.1917
1782419400000,4030.435,4030.505,4024.468,4026.245,0.1634
1782420300000,4026.125,4026.785,4024.095,4024.095,0.138
1782424800000,4029.098,4031.275,4021.705,4022.605,0.1703
1782425700000,4022.585,4026.175,4019.515,4024.615,0.2084
1782426600000,4024.595,4036.225,4024.145,4028.098,0.3033
1782427500000,4028.125,4029.835,4021.635,4025.808,0.3867
1782428400000,4025.595,4026.608,4020.928,4023.265,0.6014
1782429300000,4023.295,4029.915,4022.235,4029.555,0.1956
1782430200000,4029.525,4030.175,4021.065,4024.105,0.2119
1782431100000,4024.075,4024.075,4012.375,4014.255,0.3229
1782432000000,4014.205,4019.655,4011.275,4019.565,0.5752
1782432900000,4019.545,4023.085,4012.225,4015.185,0.4539
1782433800000,4015.215,4019.675,4012.205,4018.935,0.4794
1782434700000,4018.945,4024.255,4015.265,4020.075,0.5135
1782435600000,4020.145,4029.335,4013.945,4019.575,0.6774
1782436500000,4019.515,4026.215,4017.385,4022.335,0.5531
1782437400000,4022.735,4025.355,4015.888,4020.355,0.6577
1782438300000,4020.325,4022.725,4014.205,4020.795,0.6076
1782439200000,4020.905,4022.898,4013.145,4014.925,0.5544
1782440100000,4014.875,4016.455,4003.685,4007.108,0.471
1782441000000,4007.368,4009.035,3990.965,3992.035,0.6982
1782441900000,3992.005,3995.295,3982.635,3990.465,0.7423
1782442800000,3990.425,3999.445,3986.365,3997.395,0.5764
1782443700000,3997.445,3999.635,3992.408,3995.105,0.521
1782444600000,3995.105,4001.005,3992.805,3999.985,0.5398
1782445500000,4000.005,4006.465,3997.095,4004.065,0.5818
1782446400000,4004.145,4009.275,3998.485,4008.255,0.4914
1782447300000,4008.235,4011.865,4005.785,4007.095,0.5117
1782448200000,4007.015,4008.115,4001.445,4008.005,0.4973
1782449100000,4008.065,4015.195,4006.965,4011.085,0.4373
1782450000000,4011.395,4015.145,4006.125,4015.135,0.4149
1782450900000,4015.175,4018.975,4011.615,4016.375,0.4715
1782451800000,4016.325,4021.135,4010.625,4011.015,0.6177
1782452700000,4011.075,4015.275,4005.395,4007.785,0.577
1782453600000,4007.785,4011.425,4006.505,4009.195,0.5345
1782454500000,4009.225,4024.815,4008.115,4023.935,0.7077
1782455400000,4023.925,4027.405,4020.908,4024.935,0.6192
1782456300000,4024.888,4032.975,4021.745,4031.855,0.5595
1782457200000,4031.835,4033.765,4026.618,4027.175,0.4352
1782458100000,4027.165,4039.795,4026.715,4037.785,0.3819
1782459000000,4037.895,4038.705,4030.705,4031.305,0.3225
1782459900000,4031.355,4032.035,4027.545,4030.465,0.2857
1782460800000,4030.365,4033.005,4025.715,4030.905,0.4456
1782461700000,4030.985,4035.695,4029.645,4035.525,0.3822
1782462600000,4035.435,4036.045,4032.125,4035.475,0.3626
1782463500000,4035.505,4037.685,4029.475,4030.795,0.4092
1782464400000,4030.775,4041.345,4029.285,4039.185,0.4437
1782465300000,4039.315,4050.748,4034.265,4048.125,0.5461
1782466200000,4047.925,4054.005,4045.115,4047.845,0.4811
1782467100000,4047.845,4053.755,4045.325,4046.975,0.4313
1782468000000,4046.935,4052.025,4044.175,4050.825,0.3883
1782468900000,4050.735,4051.325,4042.165,4048.025,0.3491
1782469800000,4048.145,4054.375,4046.595,4048.415,0.4151
1782470700000,4048.585,4054.745,4047.555,4054.605,0.3369
1782471600000,4054.605,4055.385,4046.945,4047.075,0.3523
1782472500000,4047.035,4053.955,4045.915,4052.315,0.3014
1782473400000,4052.485,4055.488,4045.995,4046.495,0.4346
1782474300000,4046.495,4048.185,4042.358,4045.665,0.4178
1782475200000,4045.835,4050.825,4043.375,4049.005,0.3767
1782476100000,4048.975,4051.395,4041.748,4046.445,0.4695
1782477000000,4046.055,4049.175,4035.408,4039.965,0.5503
1782477900000,4039.945,4061.305,4039.035,4058.645,0.8512
1782478800000,4059.305,4065.745,4043.085,4050.385,0.9171
1782479700000,4050.185,4058.328,4043.005,4056.725,1.0441
1782480600000,4056.655,4061.918,4044.775,4061.895,1.206
1782481500000,4062.075,4077.775,4058.205,4073.085,1.1363
1782482400000,4073.015,4084.875,4067.448,4082.085,1.0226
1782483300000,4082.115,4092.895,4081.105,4084.165,1.014
1782484200000,4084.215,4084.811,4076.008,4082.505,1.0603
1782485100000,4082.505,4091.535,4080.088,4080.215,0.988
1782486000000,4080.145,4082.978,4075.385,4079.245,0.9482
1782486900000,4079.325,4084.355,4077.585,4084.015,0.6947
1782487800000,4084.045,4095.535,4081.475,4094.995,0.6638
1782488700000,4095.035,4095.795,4082.975,4090.205,0.7079
1782489600000,4090.225,4092.695,4088.115,4090.995,0.473
1782490500000,4091.025,4093.148,4082.795,4086.375,0.5452
1782491400000,4086.415,4092.818,4081.905,4084.155,0.5408
1782492300000,4084.165,4086.515,4082.485,4084.785,0.4105
1782493200000,4084.845,4087.808,4082.195,4083.165,0.3981
1782494100000,4083.205,4084.945,4080.015,4081.275,0.4883
1782495000000,4081.295,4083.125,4073.818,4076.425,0.8782
1782495900000,4076.395,4077.545,4073.505,4074.535,0.3965
1782496800000,4074.515,4078.635,4072.235,4076.565,0.4007
1782497700000,4076.615,4076.715,4071.255,4073.215,0.4699
1782498600000,4073.265,4075.205,4071.435,4072.225,0.4554
1782499500000,4072.208,4072.208,4066.758,4067.015,0.501
1782500400000,4067.115,4069.785,4064.325,4069.165,0.9368
1782501300000,4069.125,4069.375,4064.285,4066.055,0.3596
1782502200000,4066.135,4070.655,4065.398,4068.475,0.4365
1782503100000,4068.445,4074.485,4066.645,4071.415,0.7115
1782504000000,4071.435,4072.505,4064.228,4067.488,0.9151
1782504900000,4067.498,4072.495,4065.805,4071.575,1.179
1782505800000,4071.575,4071.575,4066.495,4070.388,1.3981
1782506700000,4070.288,4089.798,4069.698,4087.915,0.8174
1782684000000,4086.298,4086.298,4069.235,4069.498,0.4838
1782684900000,4069.598,4069.798,4052.398,4056.915,0.4203
1782685800000,4056.725,4065.235,4055.195,4063.135,0.2473
1782686700000,4063.115,4069.215,4061.975,4065.798,0.3219
1782687600000,4065.798,4070.278,4064.868,4065.345,0.9268
1782688500000,4065.365,4065.425,4055.235,4056.735,0.2342
1782689400000,4056.675,4062.535,4051.585,4062.465,0.2699
1782690300000,4062.425,4066.075,4060.955,4062.585,0.3176
1782691200000,4062.555,4064.615,4053.255,4058.665,0.6598
1782692100000,4058.645,4061.865,4048.055,4048.075,0.5294
1782693000000,4048.175,4069.585,4048.175,4069.285,0.5071
1782693900000,4069.078,4073.955,4062.865,4069.305,0.5275
1782694800000,4069.445,4074.295,4053.615,4054.615,0.9228
1782695700000,4054.635,4065.835,4054.355,4059.075,0.8068
1782696600000,4059.095,4066.445,4055.455,4063.345,0.7281
1782697500000,4063.365,4063.595,4054.685,4061.155,0.735
1782698400000,4061.075,4070.515,4059.115,4060.765,0.7736
1782699300000,4060.725,4070.465,4060.135,4068.635,0.5975
1782700200000,4068.755,4071.555,4058.175,4060.355,0.6972
1782701100000,4060.295,4069.245,4058.555,4066.105,0.59
1782702000000,4066.155,4070.795,4064.795,4068.845,0.5442
1782702900000,4068.875,4075.515,4067.105,4071.968,0.5171
1782703800000,4071.985,4073.195,4065.275,4067.545,0.367
1782704700000,4067.928,4071.665,4066.055,4068.645,0.3366
1782705600000,4068.615,4068.765,4063.955,4065.445,0.332
1782706500000,4065.375,4066.395,4061.975,4064.845,0.294
1782707400000,4064.788,4065.265,4052.605,4056.915,0.4252
1782708300000,4057.315,4057.735,4049.395,4052.015,0.3673
1782709200000,4051.858,4057.235,4047.095,4055.725,0.5572
1782710100000,4055.725,4057.195,4047.568,4048.925,0.4923
1782711000000,4048.885,4051.375,4039.015,4050.235,0.7853
1782711900000,4050.195,4056.675,4046.885,4054.175,0.6798
1782712800000,4054.155,4064.005,4053.235,4059.475,0.6367
1782713700000,4059.475,4063.005,4055.845,4060.555,0.5071
1782714600000,4060.555,4061.735,4054.865,4060.995,0.3987
1782715500000,4061.125,4064.855,4059.558,4062.175,0.4017
1782716400000,4062.205,4062.635,4055.855,4059.075,0.3683
1782717300000,4059.025,4066.285,4057.895,4065.965,0.3205
1782718200000,4065.905,4066.245,4060.885,4062.485,0.3094
1782719100000,4062.525,4068.455,4060.595,4061.495,0.3228
1782720000000,4061.238,4065.965,4060.345,4063.835,0.384
1782720900000,4063.755,4065.555,4060.385,4061.015,0.3447
1782721800000,4061.075,4066.555,4054.535,4055.555,0.3416
1782722700000,4055.475,4057.195,4043.515,4046.925,0.3981
1782723600000,4046.805,4055.115,4045.225,4050.025,0.3692
1782724500000,4049.935,4053.285,4045.085,4047.215,0.3888
1782725400000,4047.385,4050.615,4040.465,4043.515,0.4204
1782726300000,4043.425,4043.955,4024.168,4031.465,0.4921
1782727200000,4031.415,4039.655,4027.285,4038.315,0.4358
1782728100000,4038.215,4038.585,4032.525,4037.235,0.2911
1782729000000,4037.195,4038.565,4031.735,4034.435,0.3191
1782729900000,4034.385,4038.155,4032.515,4036.755,0.2724
1782730800000,4036.775,4038.515,4032.205,4034.145,0.3762
1782731700000,4034.235,4035.925,4027.085,4031.935,0.317
1782732600000,4031.865,4038.345,4029.765,4035.185,0.3629
1782733500000,4035.115,4042.125,4034.635,4039.095,0.3074
1782734400000,4039.285,4052.385,4037.775,4047.425,0.4394
1782735300000,4047.455,4049.605,4037.585,4038.215,0.4252
1782736200000,4038.275,4047.035,4037.398,4044.735,0.3197
1782737100000,4044.655,4047.665,4042.335,4043.455,0.2675
1782738000000,4043.485,4051.615,4043.125,4047.095,0.4477
1782738900000,4047.045,4049.615,4037.408,4037.408,0.4211
1782739800000,4037.735,4044.445,4033.535,4038.395,0.9413
1782740700000,4038.205,4040.395,4028.125,4032.175,0.8083
1782741600000,4032.325,4035.225,4007.468,4008.685,1.2408
1782742500000,4008.535,4028.265,3999.918,4024.615,1.0139
1782743400000,4024.555,4027.898,4019.805,4020.715,1.0372
1782744300000,4020.715,4030.045,4017.645,4025.355,1.1317
1782745200000,4025.365,4026.045,4018.948,4021.538,1.0421
1782746100000,4021.578,4027.398,4016.398,4024.145,0.9008
1782747000000,4024.145,4026.215,4017.255,4022.338,0.8698
1782747900000,4022.338,4030.148,4021.875,4026.755,0.7763
1782748800000,4026.895,4028.445,4023.325,4023.365,0.4864
1782749700000,4023.555,4026.238,4021.578,4023.398,0.4985
1782750600000,4023.465,4024.098,4018.405,4021.105,0.58
1782751500000,4021.175,4028.065,4020.378,4023.565,0.5514
1782752400000,4023.645,4031.848,4023.005,4028.705,0.664
1782753300000,4028.765,4030.478,4022.138,4023.618,0.5904
1782754200000,4023.618,4024.248,4020.478,4021.618,0.5033
1782755100000,4021.678,4022.298,4019.025,4020.678,0.4555
1782756000000,4020.678,4024.048,4020.078,4023.678,0.5429
1782756900000,4023.665,4024.948,4019.958,4020.748,0.6638
1782757800000,4020.768,4021.268,4019.195,4020.475,0.5686
1782758700000,4020.535,4020.768,4011.725,4013.165,0.3834
1782759600000,4013.175,4014.445,4007.855,4007.855,0.3896
1782760500000,4007.875,4017.005,4005.155,4016.895,0.3536
1782761400000,4016.925,4019.315,4015.955,4017.725,0.3288
1782762300000,4017.705,4018.215,4012.295,4015.595,0.4413
1782763200000,4015.575,4015.955,4012.505,4014.075,0.1325
1782764100000,4014.045,4017.845,4014.045,4017.625,0.082
1782765000000,4017.655,4017.735,4014.275,4015.565,0.0634
1782765900000,4015.495,4017.005,4013.51,4015.925,0.099
1782770400000,4015.898,4022.145,4015.898,4018.148,0.1447
1782771300000,4018.148,4020.415,4014.965,4015.675,0.1714
1782772200000,4015.548,4015.548,4010.195,4010.195,0.2509
1782773100000,4010.175,4016.785,4009.298,4013.628,0.2351
1782774000000,4014.138,4021.085,4013.568,4020.505,0.435
1782774900000,4020.485,4022.128,4015.575,4016.455,0.1558
1782775800000,4016.405,4021.615,4013.135,4014.935,0.1612
1782776700000,4014.845,4017.815,4013.295,4014.645,0.1732
1782777600000,4014.605,4014.945,4003.045,4009.815,0.6494
1782778500000,4009.905,4011.425,4003.615,4005.925,0.4698
1782779400000,4005.955,4006.435,3990.638,3991.555,0.9121
1782780300000,3991.575,3993.625,3979.608,3986.645,0.962
1782781200000,3986.705,3986.705,3941.528,3957.745,1.2772
1782782100000,3957.755,3980.545,3949.775,3978.658,0.8761
1782783000000,3978.755,3979.318,3966.025,3968.855,0.7592
1782783900000,3968.855,3973.295,3961.155,3969.095,0.6771
1782784800000,3968.975,3973.125,3952.015,3957.235,0.6596
1782785700000,3957.185,3965.115,3955.705,3961.595,0.3809
1782786600000,3961.405,3963.955,3954.038,3959.475,0.52
1782787500000,3959.465,3970.375,3959.045,3962.605,0.5695
1782788400000,3962.475,3969.435,3962.235,3965.978,0.4194
1782789300000,3965.635,3970.895,3962.808,3965.258,0.5217
1782790200000,3965.258,3966.658,3959.835,3963.045,0.4147
1782791100000,3962.955,3970.888,3962.855,3969.455,0.313
1782792000000,3969.495,3974.758,3967.955,3972.245,0.3214
1782792900000,3972.245,3983.335,3971.695,3982.525,0.2636
1782793800000,3982.455,3997.825,3982.215,3988.255,0.4491
1782794700000,3988.365,3991.095,3983.365,3985.285,0.2958
1782795600000,3985.305,3990.545,3983.595,3984.505,0.3274
1782796500000,3984.475,3987.325,3979.315,3982.478,0.3818
1782797400000,3982.385,3984.895,3974.865,3979.195,0.5799
1782798300000,3979.065,3981.465,3976.055,3977.625,0.4083
1782799200000,3977.725,3989.365,3977.725,3987.575,0.4729
1782800100000,3987.745,4013.355,3983.705,4011.815,0.9457
1782801000000,4011.775,4033.815,4010.675,4024.535,1.3511
1782801900000,4024.348,4033.105,4023.925,4029.258,0.568
1782802800000,4029.268,4029.905,4023.548,4025.388,0.4377
1782803700000,4025.305,4034.465,4024.995,4028.265,0.5595
1782804600000,4028.265,4031.588,4025.888,4028.438,0.4557
1782805500000,4028.315,4032.715,4025.378,4031.828,0.5268
1782806400000,4031.828,4037.278,4021.675,4023.905,0.8635
1782807300000,4023.875,4026.018,4020.148,4025.618,0.5027
1782808200000,4025.618,4026.565,4015.045,4017.528,0.5067
1782809100000,4017.628,4019.178,4013.335,4015.218,0.598
1782810000000,4015.218,4021.365,4014.268,4018.068,0.3775
1782810900000,4017.885,4022.615,4015.955,4017.175,0.4572
1782811800000,4017.175,4018.475,4012.085,4018.238,0.5187
1782812700000,4018.258,4023.525,4017.898,4023.525,0.4892
1782813600000,4023.525,4026.225,4021.208,4025.478,0.5602
1782814500000,4025.478,4028.398,4023.475,4028.158,0.3599
1782815400000,4028.158,4029.505,4024.775,4027.635,0.2619
1782816300000,4027.705,4031.005,4025.905,4029.415,0.2865
1782817200000,4029.345,4033.255,4024.995,4033.065,0.326
1782818100000,4033.115,4033.805,4029.395,4031.475,0.353
1782819000000,4031.475,4034.995,4027.875,4034.185,0.3585
1782819900000,4034.305,4037.075,4030.085,4033.825,0.3314
1782820800000,4033.775,4034.275,4025.595,4026.205,0.379
1782821700000,4026.165,4028.295,4014.455,4016.465,0.4589
1782822600000,4016.435,4021.415,4012.315,4018.355,0.523
1782823500000,4017.875,4018.035,4008.385,4009.595,0.4592
1782824400000,4009.565,4025.605,4009.055,4023.145,0.6996
1782825300000,4023.145,4033.055,4018.715,4023.495,0.5589
1782826200000,4023.615,4027.225,4012.975,4024.895,0.8257
1782827100000,4024.715,4032.535,4021.725,4029.355,0.7832
1782828000000,4029.345,4048.285,4024.825,4043.295,0.8011
1782828900000,4043.245,4063.205,4042.925,4053.725,0.8226
1782829800000,4053.795,4058.185,4044.385,4050.755,0.7454
1782830700000,4050.875,4050.875,4037.025,4037.125,0.7708
1782831600000,4037.125,4039.145,4031.955,4035.735,0.6848
1782832500000,4035.715,4035.715,4021.945,4028.335,0.596
1782833400000,4028.345,4031.265,4026.745,4029.455,0.4956
1782834300000,4029.505,4034.625,4028.595,4028.985,0.5152
1782835200000,4028.965,4030.065,4025.595,4029.565,0.3836
1782836100000,4029.595,4031.185,4027.405,4029.235,0.3574
1782837000000,4029.235,4032.045,4027.055,4031.135,0.3616
1782837900000,4031.115,4033.595,4025.615,4025.835,0.3613
1782838800000,4025.815,4027.625,4020.345,4022.825,0.4572
1782839700000,4022.855,4027.825,4021.425,4025.355,0.4486
1782840600000,4025.325,4029.565,4025.315,4029.185,0.3085
1782841500000,4029.135,4031.945,4028.845,4030.535,0.2939
1782842400000,4030.555,4033.525,4030.445,4032.215,0.2808
1782843300000,4032.175,4032.665,4030.155,4031.265,0.254
1782844200000,4031.285,4031.325,4027.915,4030.515,0.2403
1782845100000,4030.545,4032.175,4028.145,4028.215,0.3194
1782846000000,4028.005,4029.215,4023.225,4023.735,0.3054
1782846900000,4023.765,4024.845,4020.865,4020.955,0.2776
1782847800000,4020.975,4022.905,4020.395,4021.645,0.341
1782848700000,4021.685,4022.365,4014.365,4015.745,0.683
1782849600000,4015.725,4020.305,4013.525,4019.575,0.1907
1782850500000,4019.525,4020.775,4012.145,4012.675,0.1534
1782851400000,4012.635,4013.295,4009.825,4010.875,0.114
1782852300000,4010.845,4011.315,4006.125,4007.165,0.1534
1782856800000,4009.785,4017.355,4009.275,4014.315,0.1743
1782857700000,4014.345,4016.215,4011.775,4013.645,0.1571
1782858600000,4013.625,4017.875,4013.075,4014.095,0.0953
1782859500000,4014.055,4015.985,4010.845,4012.865,0.1035
1782860400000,4012.905,4017.655,4010.605,4013.805,0.1354
1782861300000,4013.825,4014.765,4007.885,4010.765,0.1161
1782862200000,4010.785,4012.285,4008.525,4008.975,0.1073
1782863100000,4008.995,4009.835,4004.915,4005.485,0.1705
1782864000000,4005.755,4009.475,4005.125,4008.155,0.2696
1782864900000,4008.085,4008.905,4001.165,4001.475,0.3376
1782865800000,4001.545,4005.455,3995.585,3996.065,0.3203
1782866700000,3996.095,3999.295,3992.665,3996.485,0.4286
1782867600000,3996.435,3999.505,3978.655,3983.885,0.7875
1782868500000,3984.135,3985.695,3975.315,3985.455,0.7029
1782869400000,3985.485,3988.235,3974.955,3978.615,0.5726
1782870300000,3978.715,3981.675,3973.745,3977.545,0.548
1782871200000,3977.585,3979.705,3969.935,3976.275,0.5622
1782872100000,3976.275,3982.085,3975.515,3980.525,0.3763
1782873000000,3980.565,3985.885,3978.625,3982.695,0.5985
1782873900000,3982.895,3985.035,3978.205,3978.935,0.5391
1782874800000,3978.935,3985.255,3978.195,3983.135,0.4729
1782875700000,3983.135,3986.845,3979.905,3981.145,0.4372
1782876600000,3981.175,3982.035,3976.265,3977.265,0.3386
1782877500000,3977.225,3980.355,3976.435,3980.285,0.2066
1782878400000,3980.635,3980.855,3973.825,3976.105,0.2766
1782879300000,3975.935,3977.915,3974.105,3977.395,0.2323
1782880200000,3977.335,3980.475,3972.215,3974.405,0.2646
1782881100000,3974.405,3982.465,3973.945,3976.345,0.2482
1782882000000,3976.325,3976.895,3969.595,3971.685,0.32
1782882900000,3971.715,3974.965,3969.865,3972.505,0.2773
1782883800000,3972.545,3978.685,3970.125,3974.415,0.5096
1782884700000,3974.535,3978.745,3973.325,3973.815,0.4237
1782885600000,3973.765,3977.205,3963.365,3964.915,0.5299
1782886500000,3964.915,3969.515,3962.945,3967.305,0.4312
1782887400000,3967.275,3973.265,3963.055,3971.585,0.4213
1782888300000,3971.605,3973.335,3968.755,3971.695,0.3126
1782889200000,3971.665,3973.655,3960.105,3961.365,0.3738
1782890100000,3961.265,3972.025,3959.905,3964.145,0.3335
1782891000000,3964.105,3970.975,3960.565,3970.765,0.3358
1782891900000,3970.725,3978.145,3968.725,3975.765,0.4291
1782892800000,3975.735,3975.985,3969.035,3973.945,0.3785
1782893700000,3973.945,3984.075,3973.945,3978.475,0.4134
1782894600000,3978.465,3979.435,3972.095,3976.665,0.3307
1782895500000,3976.695,3977.085,3970.965,3974.185,0.2845
1782896400000,3974.145,3977.305,3972.565,3975.445,0.3286
1782897300000,3975.435,3980.085,3975.175,3978.365,0.3004
1782898200000,3978.325,3982.225,3977.195,3981.345,0.2756
1782899100000,3981.445,3985.775,3981.445,3984.135,0.292
1782900000000,3984.105,3989.375,3982.575,3983.875,0.3332
1782900900000,3984.135,3987.085,3981.115,3986.785,0.2488
1782901800000,3986.785,3994.195,3986.295,3987.055,0.3065
1782902700000,3987.035,3998.415,3986.665,3997.995,0.2484
1782903600000,3998.025,4019.125,3997.465,4015.645,0.4354
1782904500000,4015.755,4027.895,4014.845,4026.435,0.4748
1782905400000,4026.455,4031.645,4022.905,4028.965,0.4335
1782906300000,4029.055,4035.215,4028.555,4030.005,0.4078
1782907200000,4030.165,4033.375,4019.185,4020.295,0.4766
1782908100000,4020.295,4030.175,4020.295,4025.515,0.4806
1782909000000,4025.455,4032.755,4023.235,4025.545,0.5947
1782909900000,4025.765,4028.755,4022.255,4022.435,0.4669
1782910800000,4022.415,4024.615,4012.545,4021.105,0.7251
1782911700000,4021.085,4047.065,4021.045,4046.425,0.8527
1782912600000,4046.485,4099.655,4041.225,4097.655,1.0038
1782913500000,4098.035,4107.585,4084.545,4089.095,0.8494
1782914400000,4089.125,4101.375,4082.685,4092.695,0.8549
1782915300000,4092.695,4106.435,4089.175,4100.245,0.9137
1782916200000,4100.205,4115.485,4091.645,4092.695,0.8415
1782917100000,4092.595,4094.935,4086.185,4093.045,0.7984
1782918000000,4092.965,4094.275,4081.655,4084.885,0.7566
1782918900000,4084.885,4091.695,4078.215,4083.735,0.5405
1782919800000,4083.685,4083.865,4076.555,4082.135,0.546
1782920700000,4082.045,4088.055,4079.065,4080.805,0.4876
1782921600000,4080.735,4088.115,4080.735,4082.135,0.5013
1782922500000,4082.065,4084.665,4080.275,4081.175,0.4115
1782923400000,4081.065,4083.045,4072.565,4074.235,0.4396
1782924300000,4074.185,4076.065,4070.205,4070.855,0.46
1782925200000,4070.825,4073.495,4067.495,4070.905,0.4563
1782926100000,4070.905,4071.615,4067.465,4067.685,0.4164
1782927000000,4067.725,4072.935,4067.565,4070.535,0.3434
1782927900000,4070.505,4072.135,4066.905,4067.995,0.3335
1782928800000,4067.975,4070.445,4066.835,4068.695,0.3541
1782929700000,4068.585,4068.895,4060.795,4060.915,0.3554
1782930600000,4060.955,4065.725,4060.955,4062.585,0.3063
1782931500000,4062.595,4062.905,4057.635,4061.795,0.3704
1782932400000,4061.775,4067.935,4061.255,4065.135,0.3612
1782933300000,4065.155,4065.975,4056.305,4058.565,0.3791
1782934200000,4058.555,4059.385,4052.685,4053.505,0.3838
1782935100000,4053.485,4054.075,4034.145,4038.525,0.5629
1782936000000,4038.365,4039.425,4028.195,4035.355,0.3304
1782936900000,4035.375,4039.115,4034.275,4038.345,0.1503
1782937800000,4038.195,4038.875,4033.025,4033.575,0.1569
1782938700000,4033.695,4035.665,4030.005,4030.745,0.1676
1782943200000,4033.175,4040.845,4032.105,4036.505,0.1664
1782944100000,4036.455,4038.915,4034.695,4037.835,0.1041
1782945000000,4037.885,4040.405,4036.135,4039.655,0.1197
1782945900000,4039.675,4044.225,4039.515,4044.155,0.1
1782946800000,4043.775,4044.065,4037.195,4037.345,0.0975
1782947700000,4037.305,4039.075,4033.465,4037.085,0.1383
1782948600000,4037.055,4040.445,4034.285,4035.495,0.0985
1782949500000,4035.445,4036.725,4033.105,4035.005,0.1823
1782950400000,4034.975,4045.745,4030.525,4044.555,0.399
1782951300000,4044.485,4048.255,4039.915,4046.235,0.2735
1782952200000,4046.245,4046.465,4037.665,4039.015,0.2727
1782953100000,4039.035,4052.425,4039.015,4051.495,0.3867
1782954000000,4051.415,4068.365,4050.375,4064.935,0.7664
1782954900000,4064.845,4065.525,4049.855,4052.975,0.6633
1782955800000,4052.985,4055.315,4046.095,4047.425,0.6969
1782956700000,4047.375,4056.225,4044.975,4049.935,0.6134
1782957600000,4049.915,4050.745,4040.985,4047.855,0.6007
1782958500000,4047.715,4054.645,4047.415,4051.335,0.4329
1782959400000,4051.345,4056.985,4047.435,4056.145,0.6148
1782960300000,4056.115,4060.685,4054.105,4056.785,0.553
1782961200000,4056.785,4059.575,4055.235,4057.335,0.4963
1782962100000,4057.295,4066.975,4057.245,4065.075,0.4744
1782963000000,4065.175,4067.475,4061.825,4065.325,0.3792
1782963900000,4065.295,4073.965,4062.665,4069.765,0.4584
1782964800000,4069.725,4072.665,4067.945,4069.885,0.3677
1782965700000,4069.865,4070.215,4063.915,4065.345,0.3251
1782966600000,4065.415,4066.365,4061.245,4063.145,0.3319
1782967500000,4063.095,4064.935,4060.335,4060.515,0.3255
1782968400000,4060.505,4061.065,4054.085,4055.455,0.4207
1782969300000,4055.425,4062.025,4054.405,4057.145,0.3879
1782970200000,4057.215,4066.125,4052.945,4061.595,0.7072
1782971100000,4061.545,4067.465,4059.725,4065.865,0.5727
1782972000000,4065.865,4075.815,4065.745,4068.195,0.5467
1782972900000,4068.185,4079.605,4066.935,4073.995,0.4521
1782973800000,4074.045,4076.565,4065.825,4067.875,0.4096
1782974700000,4067.825,4076.345,4066.635,4073.005,0.5106
1782975600000,4073.025,4073.965,4066.955,4067.515,0.384
1782976500000,4067.695,4068.305,4060.465,4062.135,0.3369
1782977400000,4062.105,4075.405,4060.625,4074.325,0.3494
1782978300000,4074.475,4074.825,4063.405,4064.355,0.3284
1782979200000,4064.025,4073.865,4061.105,4069.495,0.4303
1782980100000,4069.425,4077.745,4068.555,4074.735,0.4437
1782981000000,4074.755,4077.535,4071.825,4075.045,0.3952
1782981900000,4075.005,4079.695,4072.885,4075.835,0.3708
1782982800000,4075.875,4076.755,4069.175,4072.105,0.3859
1782983700000,4072.195,4073.525,4065.955,4067.385,0.281
1782984600000,4067.655,4072.065,4063.725,4069.165,0.3862
1782985500000,4069.205,4072.125,4064.295,4065.115,0.2919
1782986400000,4065.225,4066.385,4062.375,4063.185,0.2706
1782987300000,4063.145,4067.715,4061.865,4065.975,0.2669
1782988200000,4066.115,4068.545,4062.985,4064.465,0.2758
1782989100000,4064.445,4067.925,4061.355,4066.255,0.2787
1782990000000,4066.235,4066.905,4057.225,4063.115,0.3632
1782990900000,4063.145,4067.165,4062.435,4065.395,0.2696
1782991800000,4065.575,4071.415,4063.195,4070.965,0.3566
1782992700000,4071.085,4072.045,4064.935,4064.935,0.341
1782993600000,4064.985,4073.585,4061.015,4064.035,0.4341
1782994500000,4064.015,4069.475,4061.535,4064.325,0.4139
1782995400000,4065.045,4140.185,4064.105,4132.485,1.5732
1782996300000,4132.555,4134.365,4111.805,4117.285,1.0364
1782997200000,4117.265,4129.195,4115.145,4124.065,0.8279
1782998100000,4124.035,4124.405,4109.215,4112.955,0.7803
1782999000000,4112.905,4137.975,4109.925,4134.505,1.0138
1782999900000,4134.605,4143.715,4132.125,4136.485,0.9132
1783000800000,4136.485,4137.805,4123.665,4128.315,0.8719
1783001700000,4128.335,4136.115,4113.805,4116.035,0.9095
1783002600000,4116.055,4125.335,4114.315,4118.475,0.9442
1783003500000,4118.505,4129.465,4115.495,4128.275,0.9624
1783004400000,4128.245,4130.795,4114.395,4126.305,0.9638
1783005300000,4126.325,4131.425,4120.515,4122.225,0.8102
1783006200000,4122.185,4130.805,4122.185,4125.075,0.7325
1783007100000,4125.085,4130.015,4123.945,4128.255,0.7065
1783008000000,4128.285,4130.085,4121.705,4123.235,0.6401
1783008900000,4123.215,4123.855,4115.265,4116.095,0.6691
1783009800000,4116.095,4116.545,4100.005,4114.385,0.7602
1783010700000,4114.425,4119.905,4113.735,4117.915,0.5635
1783011600000,4117.635,4119.655,4113.255,4117.845,0.6568
1783012500000,4117.925,4119.525,4111.145,4112.465,0.6732
1783013400000,4112.165,4114.155,4105.725,4107.165,0.6221
1783014300000,4107.085,4110.005,4105.385,4106.495,0.5164
1783015200000,4106.435,4123.485,4105.585,4118.885,0.5635
1783016100000,4118.965,4122.985,4115.455,4122.985,0.4982
1783017000000,4122.935,4126.715,4120.955,4121.015,0.4366
1783017900000,4121.035,4124.015,4119.625,4122.445,0.4457
1783018800000,4122.445,4124.155,4112.965,4114.225,0.5675
1783019700000,4114.225,4114.725,4107.895,4112.355,0.4703
1783020600000,4112.385,4114.505,4110.645,4113.145,0.4782
1783021500000,4113.275,4123.965,4112.505,4121.095,0.6118
1783022400000,4121.015,4122.225,4116.135,4119.555,0.2445
1783023300000,4119.515,4124.775,4118.765,4123.205,0.1792
1783024200000,4123.115,4124.705,4120.495,4120.495,0.1465
1783025100000,4120.605,4123.945,4118.215,4122.425,0.1726
1783029600000,4124.065,4127.825,4122.495,4124.375,0.0861
1783030500000,4124.625,4125.065,4122.305,4123.985,0.0678
1783031400000,4124.035,4126.085,4122.255,4122.845,0.0577
1783032300000,4122.775,4126.395,4122.495,4123.685,0.0604
1783033200000,4123.755,4126.905,4123.395,4125.105,0.06
1783034100000,4125.125,4130.045,4124.025,4129.575,0.1019
1783035000000,4129.595,4131.905,4120.785,4124.495,0.1804
1783035900000,4124.515,4131.675,4124.035,4125.955,0.2763
1783036800000,4125.775,4136.735,4122.625,4134.545,0.4595
1783037700000,4134.565,4140.545,4131.465,4136.915,0.3705
1783038600000,4136.865,4139.665,4132.835,4136.185,0.2947
1783039500000,4136.085,4150.665,4135.175,4146.725,0.3731
1783040400000,4146.815,4179.005,4146.185,4175.895,0.8279
1783041300000,4175.895,4194.115,4173.795,4187.445,0.8772
1783042200000,4187.465,4195.365,4179.135,4179.525,0.7738
1783043100000,4179.495,4183.745,4175.045,4182.165,0.6097
1783044000000,4182.105,4184.275,4176.885,4179.345,0.5737
1783044900000,4179.255,4181.125,4176.245,4178.885,0.3424
1783045800000,4179.005,4186.565,4177.835,4182.945,0.5742
1783046700000,4182.975,4186.465,4178.585,4183.195,0.4666
1783047600000,4183.195,4184.325,4179.535,4182.485,0.4277
1783048500000,4182.525,4183.325,4178.945,4181.115,0.3217
1783049400000,4181.145,4182.885,4176.995,4177.025,0.3397
1783050300000,4177.025,4179.235,4174.955,4175.735,0.2607
1783051200000,4175.735,4178.665,4172.975,4177.475,0.3008
1783052100000,4177.415,4182.535,4176.395,4178.235,0.2915
1783053000000,4178.285,4178.475,4175.155,4176.955,0.2014
1783053900000,4176.955,4178.725,4174.305,4178.585,0.2107
1783054800000,4178.565,4181.005,4176.635,4178.075,0.3074
1783055700000,4178.035,4178.975,4172.755,4175.765,0.2867
1783056600000,4175.795,4181.675,4172.825,4174.855,0.5179
1783057500000,4174.875,4176.385,4169.025,4171.025,0.4725
1783058400000,4171.045,4171.605,4161.895,4162.135,0.5381
1783059300000,4162.155,4166.925,4160.225,4164.485,0.442
1783060200000,4164.525,4173.325,4164.125,4170.825,0.4377
1783061100000,4170.915,4174.195,4170.025,4172.705,0.329
1783062000000,4172.865,4180.905,4170.965,4173.845,0.338
1783062900000,4173.825,4175.815,4168.975,4175.045,0.2546
1783063800000,4175.045,4179.465,4173.475,4179.245,0.2788
1783064700000,4179.295,4181.685,4174.705,4177.385,0.3138
1783065600000,4177.185,4185.795,4177.135,4183.875,0.3324
1783066500000,4183.885,4185.355,4181.105,4183.095,0.3119
1783067400000,4183.055,4186.525,4180.555,4184.055,0.3022
1783068300000,4184.055,4185.375,4176.775,4180.915,0.3057
1783069200000,4180.885,4181.865,4175.755,4180.315,0.2938
1783070100000,4180.335,4180.455,4171.095,4171.785,0.3215
1783071000000,4171.715,4172.925,4168.265,4172.045,0.3643
1783071900000,4172.015,4174.935,4171.355,4171.925,0.2491
1783072800000,4171.885,4180.585,4170.535,4179.635,0.2465
1783073700000,4179.595,4181.075,4177.905,4178.425,0.2282
1783074600000,4178.465,4178.935,4175.425,4177.605,0.1976
1783075500000,4177.585,4178.595,4174.685,4177.025,0.1703
1783076400000,4176.865,4183.725,4175.415,4183.285,0.2689
1783077300000,4183.285,4186.025,4182.525,4183.055,0.2316
1783078200000,4183.015,4185.905,4182.575,4185.305,0.1877
1783079100000,4185.295,4186.325,4178.435,4180.895,0.2462
1783080000000,4181.015,4183.075,4177.695,4177.915,0.3034
1783080900000,4177.915,4178.125,4171.805,4174.435,0.2598
1783081800000,4174.455,4177.345,4172.485,4174.535,0.2594
1783082700000,4174.625,4177.325,4171.885,4176.525,0.1968
1783083600000,4176.675,4178.975,4164.275,4166.475,0.5128
1783084500000,4166.475,4171.995,4166.415,4171.425,0.3521
1783085400000,4171.445,4171.725,4164.865,4166.675,0.3955
1783086300000,4166.735,4168.475,4163.325,4164.365,0.3662
1783087200000,4164.305,4166.875,4155.085,4162.015,0.4613
1783088100000,4161.995,4166.515,4161.025,4165.925,0.3295
1783089000000,4165.955,4167.005,4163.135,4163.555,0.2891
1783089900000,4163.535,4170.965,4163.325,4169.485,0.25
1783090800000,4169.515,4173.935,4168.295,4172.045,0.2942
1783091700000,4171.995,4174.265,4166.665,4167.195,0.265
1783092600000,4167.165,4168.795,4165.865,4167.535,0.2069
1783093500000,4167.575,4168.775,4164.265,4164.545,0.2034
1783094400000,4164.565,4165.685,4162.905,4163.865,0.2079
1783095300000,4163.895,4167.205,4162.535,4166.365,0.1412
1783096200000,4166.725,4170.205,4166.685,4169.765,0.1283
1783097100000,4169.815,4176.055,4169.195,4175.245,0.1973
1783288800000,4182.515,4185.565,4171.855,4180.925,0.3715
1783289700000,4180.945,4185.555,4176.845,4184.655,0.1771
1783290600000,4184.635,4191.215,4182.825,4188.535,0.1642
1783291500000,4188.385,4189.755,4182.935,4187.405,0.1494
1783292400000,4187.435,4190.515,4186.455,4187.125,0.1177
1783293300000,4187.155,4201.705,4186.355,4200.175,0.1369
1783294200000,4200.145,4201.285,4193.225,4196.185,0.1767
1783295100000,4196.145,4196.895,4177.325,4182.915,0.33
1783296000000,4183.825,4185.255,4170.265,4174.695,0.4391
1783296900000,4174.705,4181.405,4170.865,4174.315,0.3496
1783297800000,4174.345,4187.125,4173.935,4185.615,0.3547
1783298700000,4185.575,4188.695,4174.395,4179.235,0.3373
1783299600000,4178.915,4192.355,4172.325,4188.555,0.7003
1783300500000,4188.565,4192.555,4180.375,4189.285,0.7406
1783301400000,4189.305,4200.435,4187.265,4197.945,0.7519
1783302300000,4197.795,4202.905,4184.825,4185.735,0.7287
1783303200000,4185.735,4187.465,4176.725,4180.715,0.674
1783304100000,4180.675,4185.835,4175.515,4177.525,0.5144
1783305000000,4177.625,4178.665,4168.375,4172.185,0.7277
1783305900000,4172.185,4175.695,4169.635,4173.895,0.5713
1783306800000,4173.885,4176.115,4165.265,4166.275,0.5627
1783307700000,4166.265,4167.615,4162.385,4165.675,0.4225
1783308600000,4165.375,4168.925,4161.355,4162.565,0.3784
1783309500000,4162.595,4166.535,4160.725,4164.985,0.359
1783310400000,4164.975,4166.385,4160.815,4163.195,0.3278
1783311300000,4163.185,4164.375,4159.995,4160.935,0.2636
1783312200000,4160.995,4162.195,4157.095,4159.875,0.3493
1783313100000,4159.875,4160.795,4157.775,4159.415,0.2767
1783314000000,4159.485,4160.835,4151.015,4151.825,0.4138
1783314900000,4151.835,4154.145,4150.305,4152.685,0.316
1783315800000,4152.495,4160.195,4149.275,4155.105,0.6486
1783316700000,4155.145,4156.655,4144.535,4147.735,0.568
1783317600000,4147.805,4152.025,4145.515,4151.745,0.4447
1783318500000,4151.845,4156.525,4147.695,4156.285,0.3276
1783319400000,4155.955,4159.425,4153.085,4155.655,0.3435
1783320300000,4155.605,4156.645,4148.865,4150.055,0.2282
1783321200000,4150.055,4153.325,4146.985,4150.715,0.3122
1783322100000,4150.685,4155.615,4150.105,4152.675,0.2837
1783323000000,4152.655,4164.125,4150.955,4163.415,0.247
1783323900000,4163.555,4166.075,4161.865,4164.295,0.2415
1783324800000,4164.655,4165.845,4156.945,4157.875,0.3035
1783325700000,4157.895,4158.455,4153.325,4155.315,0.2599
1783326600000,4155.345,4155.845,4148.235,4148.795,0.2442
1783327500000,4148.775,4152.735,4146.935,4150.225,0.2582
1783328400000,4150.275,4151.055,4147.715,4149.485,0.2163
1783329300000,4149.445,4149.575,4141.395,4143.315,0.244
1783330200000,4143.125,4143.125,4136.315,4139.215,0.3008
1783331100000,4138.895,4144.565,4138.885,4143.005,0.2033
1783332000000,4143.045,4148.535,4141.915,4148.275,0.1682
1783332900000,4148.205,4150.565,4147.425,4148.715,0.2141
1783333800000,4148.715,4155.455,4148.555,4154.205,0.2451
1783334700000,4154.185,4155.635,4152.285,4154.685,0.2691
1783335600000,4154.755,4156.195,4151.285,4154.635,0.2913
1783336500000,4154.735,4159.365,4153.545,4154.815,0.2706
1783337400000,4154.815,4158.585,4152.375,4153.415,0.2341
1783338300000,4153.455,4155.715,4151.705,4155.055,0.2771
1783339200000,4155.005,4158.235,4153.585,4155.915,0.3392
1783340100000,4155.915,4157.365,4144.915,4145.585,0.443
1783341000000,4145.565,4146.085,4131.285,4133.235,0.5352
1783341900000,4133.235,4142.555,4132.985,4139.395,0.4627
1783342800000,4139.685,4148.225,4136.725,4141.075,0.5747
1783343700000,4141.155,4148.555,4138.495,4142.025,0.5574
1783344600000,4141.925,4150.185,4141.655,4148.765,0.819
1783345500000,4148.755,4149.415,4135.625,4140.065,0.7086
1783346400000,4140.085,4146.985,4133.395,4140.215,0.7466
1783347300000,4140.365,4140.555,4132.085,4136.955,0.6673
1783348200000,4137.045,4141.625,4128.265,4129.945,0.6228
1783349100000,4129.925,4138.015,4128.845,4137.845,0.5781
1783350000000,4137.845,4146.305,4137.305,4139.425,0.5524
1783350900000,4139.445,4150.815,4138.475,4150.375,0.5992
1783351800000,4150.445,4151.725,4146.835,4149.785,0.4151
1783352700000,4149.765,4150.315,4144.555,4148.105,0.2865
1783353600000,4148.095,4148.215,4140.135,4140.355,0.3127
1783354500000,4140.385,4146.125,4140.035,4145.445,0.2833
1783355400000,4145.475,4150.075,4145.105,4149.175,0.3349
1783356300000,4149.155,4156.005,4148.525,4154.755,0.3407
1783357200000,4154.735,4155.965,4152.075,4153.325,0.3655
1783358100000,4153.345,4159.375,4150.035,4155.285,0.415
1783359000000,4155.315,4159.105,4154.575,4156.455,0.3897
1783359900000,4156.415,4161.405,4155.995,4161.085,0.3449
1783360800000,4160.905,4161.675,4155.125,4157.945,0.3025
1783361700000,4158.015,4162.885,4158.015,4161.655,0.2566
1783362600000,4161.575,4167.325,4159.425,4163.875,0.3035
1783363500000,4163.855,4164.985,4161.795,4163.555,0.2782
1783364400000,4163.675,4165.225,4158.785,4159.045,0.2809
1783365300000,4159.065,4163.215,4158.565,4162.705,0.3152
1783366200000,4162.665,4162.875,4159.405,4160.885,0.3332
1783367100000,4160.875,4164.915,4160.875,4163.585,0.4624
1783368000000,4163.485,4164.255,4160.645,4160.745,0.1677
1783368900000,4160.625,4162.905,4160.475,4162.655,0.0887
1783369800000,4162.665,4164.625,4162.375,4162.825,0.0711
1783370700000,4162.775,4165.375,4162.645,4164.325,0.1034
1783375200000,4163.245,4167.335,4161.075,4165.765,0.1013
1783376100000,4165.745,4167.075,4164.785,4165.935,0.0449
1783377000000,4166.075,4168.195,4165.865,4166.975,0.0788
1783377900000,4166.915,4167.365,4163.355,4163.355,0.0734
1783378800000,4163.475,4165.515,4162.195,4165.285,0.0559
1783379700000,4165.335,4165.445,4162.635,4162.885,0.0487
1783380600000,4162.915,4164.985,4160.525,4161.745,0.0709
1783381500000,4161.705,4163.535,4156.605,4156.975,0.1902
1783382400000,4156.935,4158.095,4152.415,4155.805,0.3736
1783383300000,4155.825,4160.405,4151.625,4159.555,0.3388
1783384200000,4159.605,4162.455,4147.955,4149.325,0.3399
1783385100000,4149.335,4153.605,4145.065,4145.725,0.3448
1783386000000,4145.655,4147.745,4137.605,4141.325,0.5488
1783386900000,4141.305,4142.505,4125.485,4132.435,0.5432
1783387800000,4132.395,4141.985,4131.905,4141.765,0.6356
1783388700000,4141.765,4146.115,4140.305,4141.625,0.5606
1783389600000,4141.605,4144.335,4137.275,4142.215,0.4597
1783390500000,4142.155,4144.995,4137.955,4140.355,0.3106
1783391400000,4140.265,4144.215,4135.895,4139.165,0.361
1783392300000,4139.095,4139.395,4131.005,4136.385,0.448
1783393200000,4136.345,4139.755,4134.845,4136.445,0.3633
1783394100000,4136.295,4137.455,4128.965,4131.925,0.4724
1783395000000,4131.915,4134.875,4126.855,4129.385,0.3599
1783395900000,4129.365,4131.355,4124.235,4130.865,0.3585
1783396800000,4130.905,4140.995,4130.155,4136.285,0.3831
1783397700000,4136.285,4137.405,4130.625,4131.935,0.3246
1783398600000,4131.835,4132.075,4128.555,4128.555,0.3252
1783399500000,4128.555,4131.075,4125.585,4126.425,0.289
1783400400000,4126.425,4131.115,4121.795,4122.085,0.4124
1783401300000,4122.125,4128.325,4120.665,4128.035,0.4219
1783402200000,4127.975,4128.165,4116.515,4122.325,0.6489
1783403100000,4122.355,4126.975,4120.105,4123.745,0.4276
1783404000000,4123.745,4129.235,4121.235,4123.345,0.4548
1783404900000,4123.355,4129.445,4123.105,4126.385,0.3893
1783405800000,4126.385,4132.235,4124.655,4132.205,0.3681
1783406700000,4132.215,4132.665,4128.215,4130.165,0.3409
1783407600000,4130.145,4131.095,4124.225,4129.415,0.3024
1783408500000,4129.315,4131.975,4125.775,4126.305,0.3005
1783409400000,4126.285,4131.005,4125.615,4129.845,0.2436
1783410300000,4129.815,4133.345,4124.155,4124.545,0.2913
1783411200000,4124.475,4139.045,4124.345,4136.855,0.3932
1783412100000,4136.885,4138.595,4133.785,4138.375,0.3243
1783413000000,4138.475,4138.805,4128.655,4131.005,0.2695
1783413900000,4131.005,4131.005,4121.715,4125.865,0.3703
1783414800000,4125.715,4128.905,4124.285,4127.355,0.3476
1783415700000,4127.375,4130.795,4119.805,4121.405,0.3499
1783416600000,4121.405,4133.555,4121.405,4132.745,0.3214
1783417500000,4132.715,4132.895,4124.785,4131.065,0.3461
1783418400000,4131.045,4134.915,4131.035,4132.275,0.3284
1783419300000,4132.445,4138.855,4131.925,4137.265,0.2656
1783420200000,4137.215,4137.445,4134.345,4135.435,0.2172
1783421100000,4135.585,4136.925,4133.325,4135.565,0.2324
1783422000000,4135.705,4136.055,4131.665,4133.005,0.3456
1783422900000,4133.075,4145.185,4132.865,4142.925,0.3588
1783423800000,4142.945,4148.705,4139.345,4148.125,0.3135
1783424700000,4147.995,4158.005,4146.815,4156.585,0.3677
1783425600000,4156.945,4174.375,4154.345,4173.085,0.5045
1783426500000,4173.285,4174.915,4162.885,4165.715,0.4829
1783427400000,4165.725,4167.995,4161.355,4166.205,0.3866
1783428300000,4166.115,4172.595,4163.995,4172.085,0.3761
1783429200000,4172.295,4178.065,4159.725,4171.015,0.7093
1783430100000,4171.015,4172.055,4163.825,4165.975,0.4955
1783431000000,4166.155,4180.225,4163.215,4177.155,0.8741
1783431900000,4177.135,4179.665,4155.755,4158.205,0.782
1783432800000,4158.205,4163.475,4150.805,4152.075,0.846
1783433700000,4152.075,4159.585,4150.945,4157.955,0.7448
1783434600000,4157.925,4159.055,4143.405,4152.105,0.7115
1783435500000,4152.125,4157.435,4151.735,4154.005,0.632
1783436400000,4153.935,4155.445,4148.005,4148.495,0.6112
1783437300000,4148.395,4148.795,4141.345,4142.815,0.5652
1783438200000,4142.835,4148.045,4141.835,4146.255,0.5099
1783439100000,4146.225,4147.785,4135.545,4138.795,0.5317
1783440000000,4138.725,4143.315,4136.725,4140.805,0.4502
1783440900000,4140.725,4147.025,4140.435,4145.975,0.4552
1783441800000,4145.625,4146.325,4142.165,4142.945,0.3859
1783442700000,4142.945,4146.425,4140.715,4144.725,0.38
1783443600000,4144.745,4146.855,4141.955,4142.805,0.3838
1783444500000,4142.745,4146.595,4140.235,4145.915,0.4758
1783445400000,4145.795,4148.085,4144.335,4146.875,0.3825
1783446300000,4146.935,4147.125,4142.775,4144.355,0.3674
1783447200000,4144.325,4145.035,4140.755,4142.165,0.4005
1783448100000,4142.135,4144.225,4139.975,4141.535,0.4035
1783449000000,4141.265,4142.055,4135.935,4141.715,0.3661
1783449900000,4141.695,4142.395,4124.805,4126.685,0.6677
1783450800000,4126.705,4127.475,4102.825,4105.675,0.822
1783451700000,4105.645,4106.785,4091.845,4103.255,0.7234
1783452600000,4103.265,4114.795,4103.265,4108.905,0.6019
1783453500000,4108.915,4117.315,4107.855,4113.865,0.5444
1783454400000,4113.755,4115.595,4112.055,4112.815,0.2205
1783455300000,4112.775,4112.995,4106.145,4110.465,0.1764
1783456200000,4110.465,4110.855,4104.145,4105.595,0.1721
1783457100000,4105.625,4106.885,4103.325,4105.225,0.1702
1783461600000,4093.905,4105.955,4093.535,4103.835,0.2236
1783462500000,4103.725,4103.825,4099.005,4099.075,0.1131
1783463400000,4099.035,4102.335,4098.275,4100.715,0.1406
1783464300000,4100.775,4100.905,4095.325,4097.525,0.1778
1783465200000,4097.455,4107.535,4095.385,4105.575,0.2086
1783466100000,4105.245,4106.285,4100.585,4104.725,0.1932
1783467000000,4104.665,4105.355,4096.985,4097.955,0.164
1783467900000,4097.865,4100.945,4095.545,4097.985,0.3575
1783468800000,4098.205,4103.705,4096.545,4099.865,0.6919
1783469700000,4099.815,4107.665,4098.645,4105.175,0.4592
1783470600000,4105.135,4126.305,4103.435,4122.955,0.5648
1783471500000,4122.975,4124.775,4110.405,4110.955,0.4823
1783472400000,4111.005,4117.555,4097.825,4108.245,0.6639
1783473300000,4108.205,4110.125,4101.805,4102.345,0.4863
1783474200000,4102.405,4105.575,4096.065,4103.055,0.8771
1783475100000,4102.865,4112.565,4102.155,4110.945,0.8043
1783476000000,4111.045,4117.945,4105.685,4111.915,0.7774
1783476900000,4111.925,4124.615,4111.775,4118.875,0.5628
1783477800000,4118.905,4120.905,4116.215,4119.955,0.6338
1783478700000,4119.985,4120.555,4113.065,4114.245,0.5961
1783479600000,4114.335,4130.665,4114.195,4127.895,0.8083
1783480500000,4127.895,4130.555,4124.375,4129.565,0.5406
1783481400000,4129.485,4130.915,4125.265,4126.265,0.495
1783482300000,4126.295,4128.935,4122.345,4123.425,0.4675
1783483200000,4123.365,4128.545,4121.335,4124.085,0.4207
1783484100000,4124.085,4127.125,4120.285,4125.695,0.4584
1783485000000,4125.695,4128.025,4121.925,4124.715,0.4827
1783485900000,4124.675,4126.665,4123.485,4124.825,0.485
1783486800000,4124.825,4133.685,4124.495,4125.515,0.6305
1783487700000,4125.455,4129.175,4121.615,4121.625,0.5602
1783488600000,4121.685,4131.575,4120.725,4127.975,0.802
1783489500000,4128.015,4129.745,4124.585,4127.535,0.7765
1783490400000,4127.535,4131.565,4121.955,4131.295,0.7218
1783491300000,4131.285,4133.525,4128.395,4129.335,0.5781
1783492200000,4129.335,4129.675,4124.305,4126.285,0.5631
1783493100000,4126.285,4126.905,4123.205,4123.285,0.4971
1783494000000,4123.315,4125.195,4116.325,4117.835,0.412
1783494900000,4118.055,4121.135,4114.615,4120.325,0.452
1783495800000,4120.255,4127.005,4118.025,4127.005,0.3614
1783496700000,4127.065,4127.065,4118.735,4120.755,0.4259
1783497600000,4120.915,4121.065,4116.185,4117.295,0.5048
1783498500000,4117.295,4120.705,4080.465,4088.445,0.9747
1783499400000,4088.295,4091.645,4060.275,4065.435,0.9734
1783500300000,4065.425,4075.765,4051.825,4056.405,0.9862
1783501200000,4056.375,4056.455,4049.935,4055.585,0.8491
1783502100000,4055.555,4060.955,4053.505,4056.295,0.7209
1783503000000,4056.275,4058.365,4044.305,4048.265,0.7645
1783503900000,4048.215,4052.475,4041.145,4042.785,0.6391
1783504800000,4042.825,4048.175,4040.405,4044.485,0.5869
1783505700000,4044.525,4055.655,4043.055,4050.495,0.5695
1783506600000,4050.365,4058.085,4049.715,4056.935,0.626
1783507500000,4056.915,4058.015,4052.715,4052.905,0.526
1783508400000,4052.945,4056.995,4047.625,4050.145,0.5387
1783509300000,4050.115,4054.135,4047.155,4049.795,0.5633
1783510200000,4049.715,4065.785,4041.135,4064.085,0.6222
1783511100000,4064.105,4072.425,4058.725,4061.785,0.7929
1783512000000,4061.655,4073.445,4058.385,4071.695,0.7314
1783512900000,4071.725,4077.225,4065.435,4070.455,0.7457
1783513800000,4070.485,4078.115,4067.555,4077.925,0.6815
1783514700000,4077.905,4086.245,4070.485,4071.965,0.6959
1783515600000,4072.155,4082.685,4069.415,4071.725,0.8583
1783516500000,4071.885,4075.785,4063.835,4066.405,0.7899
1783517400000,4066.365,4080.075,4066.365,4072.965,0.9712
1783518300000,4073.045,4078.975,4068.095,4070.595,0.9472
1783519200000,4070.135,4071.335,4056.565,4057.115,0.9103
1783520100000,4057.115,4065.275,4051.165,4059.925,0.9568
1783521000000,4059.905,4061.165,4034.215,4036.015,0.9517
1783521900000,4036.075,4046.175,4033.475,4040.735,1.0285
1783522800000,4040.665,4043.605,4033.325,4033.605,1.0414
1783523700000,4033.655,4035.865,4025.925,4030.625,0.9967
1783524600000,4030.705,4033.395,4021.525,4032.625,0.9228
1783525500000,4032.605,4038.235,4029.435,4033.815,0.8275
1783526400000,4033.945,4042.705,4032.945,4039.085,0.8587
1783527300000,4039.155,4044.725,4037.425,4043.595,0.7009
1783528200000,4043.625,4057.265,4039.135,4056.375,0.7548
1783529100000,4056.405,4064.345,4053.275,4063.395,0.7886
1783530000000,4063.385,4070.135,4059.375,4065.045,0.7699
1783530900000,4064.555,4073.865,4063.065,4072.905,0.7706
1783531800000,4072.865,4076.115,4068.595,4069.685,0.6606
1783532700000,4069.685,4069.995,4064.175,4064.325,0.5517
1783533600000,4064.325,4075.445,4063.075,4074.955,0.6774
1783534500000,4074.905,4074.995,4067.255,4069.435,0.6115
1783535400000,4069.415,4079.325,4066.815,4079.155,0.6446
1783536300000,4079.115,4091.245,4078.545,4084.045,0.5798
1783537200000,4084.075,4090.745,4084.075,4087.215,0.5942
1783538100000,4087.285,4088.315,4084.445,4087.955,0.501
1783539000000,4087.995,4091.075,4083.015,4083.755,0.5138
1783539900000,4083.695,4084.145,4078.135,4079.625,0.6039
1783540800000,4079.665,4083.335,4075.705,4078.725,0.3063
1783541700000,4078.745,4079.495,4074.025,4076.575,0.2557
1783542600000,4076.525,4078.345,4071.195,4074.705,0.2559
1783543500000,4074.615,4079.415,4073.625,4073.925,0.1863
1783548000000,4072.645,4079.395,4071.915,4076.675,0.1279
1783548900000,4076.745,4078.505,4073.135,4074.115,0.1191
1783549800000,4074.135,4078.885,4072.985,4076.155,0.142
1783550700000,4076.185,4079.745,4072.865,4073.095,0.0963
1783551600000,4073.435,4077.145,4070.305,4076.645,0.0333
1783552500000,4076.725,4077.785,4075.105,4077.405,0.0783
1783553400000,4077.375,4077.375,4071.585,4074.715,0.1232
1783554300000,4074.765,4077.385,4071.705,4075.925,0.174
1783555200000,4075.735,4087.625,4075.735,4087.405,0.4253
1783556100000,4087.445,4089.775,4073.575,4077.775,0.3405
1783557000000,4077.805,4081.675,4075.145,4076.645,0.3444
1783557900000,4076.615,4078.535,4070.075,4073.885,0.3069
1783558800000,4073.525,4078.605,4064.435,4074.025,0.5342
1783559700000,4073.985,4076.395,4066.415,4066.445,0.5094
1783560600000,4066.625,4074.935,4062.035,4073.155,0.6676
1783561500000,4073.255,4075.935,4068.575,4072.525,0.5626
1783562400000,4072.525,4079.165,4071.775,4078.175,0.6279
1783563300000,4078.165,4082.425,4076.475,4080.205,0.3649
1783564200000,4080.185,4081.735,4069.695,4070.535,0.5383
1783565100000,4070.505,4071.675,4064.075,4064.735,0.5835
1783566000000,4064.655,4067.375,4055.115,4058.855,0.6592
1783566900000,4058.925,4060.955,4053.985,4057.595,0.5583
1783567800000,4057.885,4063.425,4056.065,4061.605,0.4132
1783568700000,4061.875,4063.825,4060.875,4063.825,0.3282
1783569600000,4063.825,4064.215,4058.585,4060.295,0.3744
1783570500000,4060.245,4060.795,4057.055,4058.635,0.358
1783571400000,4058.705,4064.235,4056.185,4057.565,0.3809
1783572300000,4057.565,4064.355,4056.105,4064.235,0.3094
1783573200000,4064.155,4075.725,4063.405,4073.335,0.5658
1783574100000,4073.305,4073.595,4066.605,4071.925,0.5038
1783575000000,4071.935,4076.865,4064.445,4075.295,0.6496
1783575900000,4075.395,4084.035,4073.565,4081.715,0.6165
1783576800000,4081.715,4099.475,4081.145,4091.795,0.6528
1783577700000,4091.795,4102.965,4091.245,4102.065,0.6139
1783578600000,4101.975,4106.795,4095.545,4102.595,0.3654
1783579500000,4102.615,4107.835,4102.165,4107.575,0.322
1783580400000,4107.625,4109.825,4101.215,4101.405,0.4612
1783581300000,4101.375,4109.775,4101.345,4108.635,0.3771
1783582200000,4108.665,4110.715,4103.535,4108.765,0.3486
1783583100000,4108.875,4110.905,4104.515,4107.675,0.359
1783584000000,4107.625,4110.375,4105.005,4107.785,0.4606
1783584900000,4107.805,4117.515,4107.495,4114.535,0.3983
1783585800000,4114.585,4116.425,4109.925,4113.195,0.3298
1783586700000,4113.235,4113.505,4107.415,4108.105,0.3369
1783587600000,4108.085,4109.425,4105.575,4108.365,0.339
1783588500000,4108.275,4112.105,4107.155,4108.295,0.3153
1783589400000,4108.295,4109.905,4102.965,4103.675,0.3829
1783590300000,4103.425,4107.285,4102.895,4105.965,0.282
1783591200000,4105.985,4109.795,4103.785,4104.945,0.2856
1783592100000,4104.915,4106.345,4103.815,4103.965,0.2573
1783593000000,4104.035,4105.225,4102.135,4103.165,0.2817
1783593900000,4103.105,4104.285,4093.515,4098.755,0.4648
1783594800000,4098.715,4105.025,4097.625,4104.875,0.4124
1783595700000,4104.745,4106.965,4098.655,4100.185,0.3404
1783596600000,4099.955,4109.165,4098.595,4106.075,0.3518
1783597500000,4106.055,4110.255,4104.345,4108.465,0.3218
1783598400000,4108.435,4119.835,4105.685,4112.375,0.4919
1783599300000,4112.495,4113.165,4104.915,4106.815,0.4336
1783600200000,4106.885,4122.405,4106.795,4112.865,0.5165
1783601100000,4112.895,4114.305,4107.125,4107.485,0.5273
1783602000000,4107.565,4120.965,4106.475,4120.395,0.8043
1783602900000,4120.455,4126.995,4118.135,4125.875,0.7499
1783603800000,4126.055,4129.255,4119.485,4127.115,0.9723
1783604700000,4127.115,4127.405,4117.515,4121.445,0.8274
1783605600000,4121.405,4135.585,4120.095,4121.975,0.884
1783606500000,4121.995,4125.475,4113.885,4124.585,0.7502
1783607400000,4124.505,4126.475,4120.255,4123.875,0.6095
1783608300000,4123.915,4127.955,4117.905,4127.575,0.561
1783609200000,4127.545,4130.505,4124.485,4124.725,0.5051
1783610100000,4124.755,4130.645,4124.555,4127.655,0.4862
1783611000000,4127.675,4131.155,4125.875,4129.925,0.4514
1783611900000,4130.125,4132.565,4125.985,4126.655,0.4497
1783612800000,4126.515,4131.075,4125.345,4130.055,0.3987
1783613700000,4130.105,4132.835,4128.525,4132.525,0.4498
1783614600000,4132.355,4138.175,4131.325,4132.975,0.4477
1783615500000,4133.195,4134.185,4127.765,4127.765,0.3416
1783616400000,4127.835,4128.555,4125.315,4127.315,0.3869
1783617300000,4127.225,4131.855,4124.715,4131.325,0.4706
1783618200000,4131.335,4134.275,4128.825,4131.975,0.4099
1783619100000,4131.885,4138.095,4131.625,4135.955,0.3543
1783620000000,4135.845,4136.095,4127.105,4128.565,0.3461
1783620900000,4128.615,4128.615,4122.865,4123.625,0.3493
1783621800000,4123.605,4125.275,4121.215,4125.075,0.3269
1783622700000,4125.145,4125.395,4122.295,4124.485,0.3108
1783623600000,4124.485,4126.715,4122.715,4124.055,0.354
1783624500000,4124.115,4125.315,4120.455,4120.845,0.3113
1783625400000,4120.715,4122.535,4118.725,4120.175,0.3625
1783626300000,4120.135,4123.535,4119.815,4122.395,0.4111
1783627200000,4122.325,4124.085,4120.485,4121.295,0.1313
1783628100000,4121.275,4122.255,4120.245,4120.825,0.081
1783629000000,4120.735,4125.335,4120.435,4124.315,0.0917
1783629900000,4124.235,4124.285,4122.905,4123.365,0.0919
1783634400000,4124.065,4127.375,4121.835,4123.085,0.1117
1783635300000,4123.125,4124.485,4121.415,4122.965,0.0864
1783636200000,4123.055,4124.715,4121.545,4123.555,0.0895
1783637100000,4123.525,4124.025,4120.415,4120.415,0.0724
1783638000000,4120.475,4124.175,4120.205,4123.435,0.0444
1783638900000,4123.465,4124.895,4120.895,4121.655,0.0787
1783639800000,4121.805,4122.865,4120.005,4122.605,0.0613
1783640700000,4122.675,4124.425,4121.225,4123.115,0.1102
1783641600000,4123.065,4125.555,4119.265,4121.965,0.2631
1783642500000,4122.115,4123.485,4116.625,4119.235,0.2124
1783643400000,4119.305,4123.675,4114.035,4122.895,0.2633
1783644300000,4122.795,4128.255,4120.785,4125.965,0.2934
1783645200000,4126.085,4130.735,4118.605,4124.765,0.5914
1783646100000,4124.725,4127.375,4120.015,4121.295,0.5712
1783647000000,4121.325,4123.335,4108.655,4111.405,0.6033
1783647900000,4111.385,4121.085,4108.535,4116.495,0.6194
1783648800000,4116.635,4128.585,4115.745,4124.525,0.5807
1783649700000,4124.575,4127.685,4121.375,4125.395,0.4223
1783650600000,4125.475,4128.245,4121.745,4125.375,0.4723
1783651500000,4125.375,4128.865,4123.065,4127.495,0.4185
1783652400000,4127.305,4134.555,4125.495,4126.255,0.5202
1783653300000,4126.215,4128.035,4120.245,4124.975,0.422
1783654200000,4124.745,4127.705,4120.855,4121.215,0.3049
1783655100000,4121.185,4122.065,4119.015,4119.915,0.2308
1783656000000,4119.935,4120.635,4116.395,4120.515,0.2442
1783656900000,4120.525,4120.905,4111.625,4117.195,0.3259
1783657800000,4117.045,4119.385,4116.555,4118.745,0.2176
1783658700000,4118.815,4118.925,4114.585,4114.875,0.2315
1783659600000,4114.845,4116.025,4112.815,4113.665,0.3092
1783660500000,4113.675,4116.815,4112.515,4113.865,0.3018
1783661400000,4113.845,4115.125,4108.825,4113.885,0.5908
1783662300000,4113.885,4116.945,4107.955,4116.585,0.5228
1783663200000,4116.555,4119.095,4114.455,4114.715,0.4536
1783664100000,4114.715,4119.835,4113.495,4114.155,0.4256
1783665000000,4114.115,4115.915,4110.865,4111.195,0.3707
1783665900000,4111.075,4114.105,4111.075,4111.355,0.2742
1783666800000,4111.165,4113.585,4108.755,4111.375,0.2185
1783667700000,4111.285,4115.085,4108.415,4112.355,0.2232
1783668600000,4112.335,4114.365,4105.205,4106.595,0.269
1783669500000,4106.675,4109.775,4104.065,4108.795,0.3554
1783670400000,4108.705,4109.345,4103.855,4107.185,0.3754
1783671300000,4107.185,4108.635,4103.105,4104.165,0.3184
1783672200000,4104.195,4105.535,4099.255,4101.615,0.3217
1783673100000,4101.515,4101.675,4094.585,4097.745,0.3403
1783674000000,4097.675,4100.595,4094.215,4100.595,0.333
1783674900000,4100.555,4103.235,4099.725,4102.635,0.2576
1783675800000,4102.575,4103.785,4098.245,4102.705,0.2568
1783676700000,4102.765,4105.255,4102.115,4104.155,0.2319
1783677600000,4104.165,4108.375,4103.915,4106.165,0.2482
1783678500000,4106.225,4112.485,4106.065,4109.355,0.2806
1783679400000,4109.315,4110.395,4106.015,4108.945,0.2392
1783680300000,4108.945,4108.955,4104.175,4104.395,0.2571
1783681200000,4104.395,4108.055,4104.235,4106.135,0.2486
1783682100000,4106.105,4107.965,4099.845,4099.875,0.2888
1783683000000,4099.845,4107.435,4095.875,4106.525,0.3768
1783683900000,4106.285,4107.805,4101.935,4102.165,0.29
1783684800000,4102.205,4117.435,4100.765,4114.765,0.4692
1783685700000,4115.015,4116.275,4103.145,4105.925,0.5241
1783686600000,4106.235,4106.905,4097.405,4098.115,0.5194
1783687500000,4097.915,4104.855,4097.625,4100.535,0.3809
1783688400000,4100.805,4106.105,4098.475,4104.095,0.5572
1783689300000,4104.235,4106.485,4085.345,4087.185,0.5375
1783690200000,4087.465,4102.415,4086.785,4098.215,0.83
1783691100000,4098.275,4105.305,4097.075,4099.735,0.7006
1783692000000,4099.755,4103.345,4097.435,4099.895,0.6871
1783692900000,4099.905,4109.025,4097.295,4105.155,0.6216
1783693800000,4105.245,4107.685,4072.585,4098.935,0.7793
1783694700000,4098.855,4107.635,4091.355,4092.735,0.5576
1783695600000,4093.185,4100.755,4091.265,4097.305,0.5201
1783696500000,4097.365,4107.445,4097.215,4101.845,0.4855
1783697400000,4101.935,4106.805,4101.005,4106.045,0.5127
1783698300000,4106.195,4113.115,4105.395,4112.785,0.4293
1783699200000,4112.865,4114.615,4107.875,4110.035,0.4132
1783700100000,4110.005,4114.295,4106.975,4114.185,0.3835
1783701000000,4114.195,4115.365,4108.685,4108.795,0.3485
1783701900000,4108.825,4109.405,4104.115,4104.495,0.3354
1783702800000,4104.285,4105.375,4102.115,4103.695,0.3806
1783703700000,4103.655,4106.595,4103.415,4105.255,0.3585
1783704600000,4105.305,4106.695,4103.025,4103.655,0.2938
1783705500000,4103.625,4104.935,4100.045,4100.265,0.2628
1783706400000,4100.375,4104.655,4099.645,4104.355,0.3012
1783707300000,4104.405,4105.275,4101.785,4102.535,0.2602
1783708200000,4102.505,4103.425,4098.285,4098.755,0.2649
1783709100000,4098.635,4101.515,4097.725,4100.955,0.2337
1783710000000,4101.025,4102.185,4097.515,4101.265,0.2463
1783710900000,4101.225,4102.995,4100.805,4101.605,0.2013
1783711800000,4101.445,4103.555,4100.215,4102.255,0.2282
1783712700000,4102.235,4108.855,4102.195,4108.265,0.2986
1783713600000,4107.945,4115.005,4107.945,4111.935,0.1357
1783714500000,4111.725,4112.555,4110.385,4111.225,0.1074
1783715400000,4111.205,4112.365,4110.095,4111.665,0.1041
1783716300000,4111.635,4120.765,4111.355,4120.555,0.1589
1783893600000,4094.225,4103.265,4080.395,4081.155,0.4034
1783894500000,4081.205,4087.975,4079.895,4084.125,0.1929
1783895400000,4083.445,4086.365,4077.755,4078.235,0.1446
1783896300000,4078.275,4080.745,4069.035,4075.325,0.1891
1783897200000,4075.415,4075.415,4067.295,4070.005,0.1809
1783898100000,4070.085,4074.875,4068.625,4074.425,0.1481
1783899000000,4074.495,4078.825,4071.385,4077.545,0.1501
1783899900000,4077.585,4084.635,4075.435,4084.135,0.3844
1783900800000,4084.155,4090.805,4080.475,4086.605,0.4558
1783901700000,4086.545,4087.595,4074.095,4074.285,0.4111
1783902600000,4074.315,4075.125,4060.705,4072.795,0.3887
1783903500000,4072.935,4077.115,4068.345,4073.665,0.4312
1783904400000,4073.695,4080.775,4064.935,4079.175,0.8805
1783905300000,4079.225,4081.825,4070.615,4079.605,0.8594
1783906200000,4079.565,4089.575,4077.305,4084.365,0.8129
1783907100000,4084.385,4087.715,4067.185,4071.885,0.8549
1783908000000,4071.935,4074.695,4069.685,4071.925,0.81
1783908900000,4071.885,4074.075,4066.275,4066.845,0.6372
1783909800000,4066.815,4077.235,4064.125,4072.405,0.7396
1783910700000,4072.385,4072.745,4067.935,4068.255,0.6514
1783911600000,4068.255,4069.065,4052.625,4057.745,0.7446
1783912500000,4057.795,4062.255,4057.795,4061.505,0.5976
1783913400000,4061.565,4062.235,4056.575,4057.485,0.4734
1783914300000,4057.635,4060.765,4057.195,4060.155,0.4007
1783915200000,4060.135,4060.205,4052.165,4054.145,0.452
1783916100000,4054.225,4057.525,4050.085,4055.195,0.4889
1783917000000,4055.255,4057.365,4052.915,4053.895,0.3816
1783917900000,4053.865,4059.005,4052.375,4058.455,0.3721
1783918800000,4058.455,4072.965,4054.555,4069.145,0.614
1783919700000,4069.145,4069.515,4057.105,4057.785,0.5172
1783920600000,4057.825,4065.605,4052.015,4063.205,0.7224
1783921500000,4063.205,4064.145,4052.395,4053.365,0.7028
1783922400000,4053.345,4055.975,4043.585,4050.575,0.5993
1783923300000,4050.635,4060.995,4050.435,4060.905,0.4964
1783924200000,4060.945,4063.315,4058.325,4059.885,0.4958
1783925100000,4059.855,4060.325,4051.915,4055.245,0.4564
1783926000000,4055.415,4061.105,4048.815,4055.545,0.5147
1783926900000,4055.405,4059.175,4055.405,4058.625,0.2972
1783927800000,4058.625,4062.735,4055.975,4057.055,0.399
1783928700000,4057.105,4064.935,4055.875,4064.675,0.4184
1783929600000,4064.615,4074.695,4062.795,4073.695,0.5233
1783930500000,4073.745,4080.535,4073.375,4073.835,0.4831
1783931400000,4073.805,4076.115,4071.475,4075.375,0.3489
1783932300000,4075.355,4078.355,4072.005,4074.295,0.3398
1783933200000,4074.085,4075.925,4072.535,4074.375,0.3089
1783934100000,4074.255,4076.465,4071.125,4072.465,0.263
1783935000000,4072.495,4073.785,4069.265,4072.485,0.3278
1783935900000,4072.445,4073.365,4067.915,4068.025,0.2836
1783936800000,4068.035,4070.345,4066.515,4067.485,0.3093
1783937700000,4067.415,4069.125,4064.055,4064.815,0.265
1783938600000,4064.775,4068.015,4046.275,4051.995,0.3312
1783939500000,4051.965,4061.325,4047.945,4060.345,0.4684
1783940400000,4060.455,4067.685,4057.755,4063.845,0.4493
1783941300000,4063.875,4064.885,4058.025,4062.575,0.3909
1783942200000,4062.115,4068.415,4061.725,4064.965,0.4166
1783943100000,4065.315,4065.575,4054.515,4056.285,0.4736
1783944000000,4056.285,4060.265,4053.365,4056.085,0.5342
1783944900000,4056.055,4063.365,4054.965,4058.785,0.512
1783945800000,4058.645,4063.665,4058.315,4062.435,0.4239
1783946700000,4062.585,4067.165,4062.525,4067.145,0.5165
1783947600000,4067.175,4067.355,4058.835,4061.545,0.5771
1783948500000,4061.465,4065.795,4058.215,4061.955,0.5358
1783949400000,4061.985,4063.615,4051.335,4054.605,0.7915
1783950300000,4054.585,4058.095,4041.695,4043.035,0.7844
1783951200000,4043.025,4046.805,4029.475,4035.805,0.7339
1783952100000,4035.875,4037.025,4002.405,4016.555,0.8224
1783953000000,4016.185,4016.825,3999.845,4005.185,0.6221
1783953900000,4005.145,4015.085,4001.685,4015.015,0.6784
1783954800000,4015.005,4017.565,4010.535,4014.575,0.6022
1783955700000,4014.435,4020.265,4012.415,4016.195,0.5815
1783956600000,4016.435,4017.475,4012.015,4013.195,0.4712
1783957500000,4013.225,4015.815,4010.085,4015.815,0.4836
1783958400000,4015.835,4017.725,4012.115,4013.665,0.3899
1783959300000,4013.585,4013.655,4000.215,4003.555,0.5593
1783960200000,4003.555,4004.595,3990.515,4000.475,0.7436
1783961100000,4000.445,4002.575,3985.165,3992.985,0.6216
1783962000000,3993.025,3998.795,3991.795,3997.585,0.5028
1783962900000,3997.495,4001.715,3996.315,3998.815,0.4991
1783963800000,3998.895,4000.905,3995.905,3996.825,0.5032
1783964700000,3996.885,3999.165,3991.685,3992.995,0.5416
1783965600000,3993.105,3994.945,3989.675,3993.605,0.5741
1783966500000,3993.585,3996.605,3986.415,3994.995,0.5669
1783967400000,3994.945,4000.475,3993.725,3999.865,0.535
1783968300000,3999.805,4004.845,3997.985,4001.275,0.533
1783969200000,4001.265,4004.315,3997.535,3997.795,0.5022
1783970100000,3997.845,4000.665,3996.575,3998.045,0.5135
1783971000000,3998.075,4000.805,3993.185,3998.985,0.5429
1783971900000,3998.725,4002.145,3996.495,4001.705,0.5757
1783972800000,4001.745,4005.885,3998.085,3998.355,0.2756
1783973700000,3998.345,4000.105,3996.065,3999.615,0.1967
1783974600000,3999.635,4000.205,3996.985,3999.815,0.19
1783975500000,3999.525,4002.235,3997.755,4001.255,0.1826
1783980000000,4004.225,4006.195,3999.815,4003.705,0.1194
1783980900000,4003.665,4005.665,4003.665,4004.265,0.084
1783981800000,4004.235,4005.275,4002.125,4003.595,0.1033
1783982700000,4003.475,4005.165,4000.275,4000.425,0.1212
1783983600000,4000.525,4002.015,3999.025,3999.905,0.0819
1783984500000,3999.865,4000.175,3996.615,3997.095,0.1477
1783985400000,3997.115,3997.125,3993.315,3995.185,0.1583
1783986300000,3995.265,4001.785,3992.355,4000.795,0.2947
1783987200000,4000.825,4004.385,3983.285,3995.185,0.5538
1783988100000,3994.705,3996.745,3985.055,3995.095,0.5626
1783989000000,3995.115,4006.745,3994.185,4002.465,0.5046
1783989900000,4002.535,4007.075,3999.865,4003.815,0.5551
1783990800000,4003.875,4004.085,3991.635,3994.995,0.8534
1783991700000,3995.025,4004.625,3994.815,3997.595,0.7197
1783992600000,3997.595,4003.845,3992.485,4001.725,0.7771
1783993500000,4001.765,4011.995,3998.505,4010.535,0.7248
1783994400000,4010.325,4017.715,4005.685,4016.445,0.7223
1783995300000,4016.465,4018.805,4013.565,4017.615,0.5384
1783996200000,4017.615,4018.855,4010.295,4010.605,0.5996
1783997100000,4010.605,4013.615,4008.615,4012.005,0.5598
1783998000000,4012.055,4016.475,4011.735,4013.945,0.5458
1783998900000,4013.845,4018.445,4010.795,4017.595,0.5101
1783999800000,4017.705,4018.725,4013.535,4014.985,0.4704
1784000700000,4015.025,4017.855,4014.225,4016.555,0.344
1784001600000,4016.555,4018.565,4013.165,4015.445,0.3812
1784002500000,4015.545,4017.125,4013.685,4015.445,0.3105
1784003400000,4015.425,4023.455,4015.345,4020.265,0.3723
1784004300000,4020.185,4021.115,4015.775,4020.025,0.3524
1784005200000,4020.325,4023.525,4019.325,4022.745,0.3582
1784006100000,4022.815,4023.815,4019.605,4022.375,0.3296
1784007000000,4022.555,4034.005,4022.245,4031.795,0.6872
1784007900000,4031.715,4032.425,4028.775,4031.145,0.5649
1784008800000,4031.135,4032.875,4028.455,4030.605,0.4364
1784009700000,4030.655,4030.795,4022.685,4022.705,0.3925
1784010600000,4022.685,4026.105,4021.515,4024.995,0.4001
1784011500000,4025.025,4026.605,4022.765,4023.645,0.3868
1784012400000,4023.625,4028.825,4020.465,4024.655,0.468
1784013300000,4024.635,4029.775,4024.285,4026.075,0.3683
1784014200000,4026.125,4029.325,4022.605,4023.455,0.4157
1784015100000,4023.495,4025.945,4019.865,4020.505,0.474
1784016000000,4020.425,4022.215,4014.045,4017.035,0.5191
1784016900000,4017.075,4022.855,4017.055,4021.505,0.3369
1784017800000,4021.465,4023.695,4018.585,4019.255,0.3751
1784018700000,4019.325,4020.705,4015.695,4015.835,0.4307
1784019600000,4015.885,4024.265,4013.695,4020.355,0.3673
1784020500000,4020.415,4021.565,4014.825,4015.605,0.4408
1784021400000,4015.475,4017.945,4013.415,4016.935,0.3578
1784022300000,4016.975,4023.775,4016.275,4021.455,0.371
1784023200000,4021.395,4022.025,4016.505,4017.935,0.2853
1784024100000,4017.915,4019.895,4015.385,4017.535,0.2946
1784025000000,4017.585,4019.815,4014.905,4018.775,0.3424
1784025900000,4018.745,4022.605,4017.855,4021.435,0.2909
1784026800000,4021.475,4023.855,4015.195,4022.695,0.4612
1784027700000,4022.565,4028.175,4020.265,4024.585,0.3717
1784028600000,4024.605,4030.095,4024.205,4027.935,0.3482
1784029500000,4027.845,4031.555,4025.425,4030.945,0.313
1784030400000,4030.885,4035.655,4024.895,4025.545,0.436
1784031300000,4025.545,4030.625,4022.935,4029.645,0.4411
1784032200000,4029.605,4100.785,4028.915,4092.615,1.0388
1784033100000,4092.965,4094.925,4068.695,4075.915,0.593
1784034000000,4075.895,4083.265,4070.715,4074.815,0.5581
1784034900000,4074.815,4086.215,4071.905,4081.445,0.4641
1784035800000,4081.475,4088.625,4075.325,4087.375,0.8351
1784036700000,4087.315,4087.315,4073.925,4076.315,0.7587
1784037600000,4076.275,4085.015,4072.405,4082.035,0.7536
1784038500000,4082.065,4085.025,4070.205,4076.565,0.8354
1784039400000,4076.545,4090.135,4072.985,4079.785,0.5972
1784040300000,4079.815,4087.395,4076.525,4084.915,0.4757
1784041200000,4084.895,4100.615,4078.575,4089.965,0.5287
1784042100000,4089.815,4090.885,4082.365,4084.885,0.3848
1784043000000,4084.815,4086.715,4065.945,4073.845,0.468
1784043900000,4073.745,4076.315,4064.515,4065.945,0.4587
1784044800000,4065.965,4066.615,4057.305,4062.805,0.4628
1784045700000,4062.735,4064.685,4057.425,4058.905,0.3055
1784046600000,4058.965,4062.505,4057.385,4060.665,0.3224
1784047500000,4060.705,4062.035,4056.965,4061.385,0.2831
1784048400000,4061.445,4064.275,4055.075,4056.375,0.3323
1784049300000,4056.395,4063.955,4054.255,4062.685,0.3232
1784050200000,4062.645,4064.765,4058.465,4059.575,0.2463
1784051100000,4059.625,4063.695,4057.085,4062.505,0.2263
1784052000000,4062.115,4062.635,4058.755,4061.455,0.2288
1784052900000,4061.435,4062.935,4056.155,4058.365,0.2436
1784053800000,4058.315,4059.285,4042.605,4046.515,0.3265
1784054700000,4046.465,4054.265,4044.605,4053.875,0.2922
1784055600000,4053.895,4057.085,4051.925,4056.315,0.2756
1784056500000,4056.285,4056.665,4051.075,4051.455,0.263
1784057400000,4051.415,4052.605,4047.365,4052.345,0.2883
1784058300000,4052.275,4056.675,4050.345,4055.555,0.3013
1784059200000,4055.525,4056.235,4052.745,4053.305,0.1195
1784060100000,4053.295,4054.275,4050.365,4052.805,0.0937
1784061000000,4053.105,4053.275,4049.455,4050.275,0.1007
1784061900000,4049.995,4052.845,4048.895,4052.385,0.1015
1784066400000,4051.285,4053.295,4045.475,4050.345,0.1054
1784067300000,4050.325,4051.815,4046.045,4051.235,0.1364
1784068200000,4051.255,4052.435,4045.525,4050.325,0.1309
1784069100000,4050.365,4050.505,4043.975,4044.285,0.0877
1784070000000,4044.075,4048.975,4043.635,4047.265,0.0465
1784070900000,4047.295,4053.945,4046.475,4053.705,0.1443
1784071800000,4053.755,4055.975,4049.125,4054.315,0.1719
1784072700000,4054.335,4054.855,4051.615,4052.575,0.1794
1784073600000,4052.685,4055.925,4049.025,4051.095,0.3485
1784074500000,4051.035,4058.135,4048.595,4058.135,0.3041
1784075400000,4058.245,4058.315,4051.735,4054.305,0.274
1784076300000,4054.335,4060.365,4053.885,4058.705,0.2967
1784077200000,4059.225,4061.875,4054.745,4055.415,0.5831
1784078100000,4055.395,4056.935,4052.255,4054.145,0.5502
1784079000000,4054.085,4054.395,4036.135,4038.475,0.6164
1784079900000,4038.395,4042.305,4035.165,4036.845,0.5361
1784080800000,4036.485,4041.945,4033.585,4036.405,0.5576
1784081700000,4036.415,4036.515,4028.995,4032.955,0.4226
1784082600000,4032.675,4041.795,4032.375,4041.395,0.5168
1784083500000,4041.495,4041.775,4034.105,4034.965,0.4972
1784084400000,4034.895,4040.135,4032.805,4033.935,0.437
1784085300000,4033.955,4035.045,4029.805,4030.655,0.4412
1784086200000,4030.715,4035.605,4027.785,4029.025,0.3566
1784087100000,4029.025,4033.255,4028.775,4031.135,0.2688
1784088000000,4031.085,4033.005,4029.785,4031.355,0.2807
1784088900000,4031.305,4034.745,4030.705,4033.455,0.2646
1784089800000,4033.415,4034.775,4027.825,4029.865,0.318
1784090700000,4029.965,4034.105,4029.885,4032.825,0.2189
1784091600000,4033.435,4035.935,4025.115,4025.815,0.4631
1784092500000,4025.795,4028.455,4024.185,4024.875,0.3245
1784093400000,4024.835,4036.515,4021.665,4029.455,0.5552
1784094300000,4029.535,4034.725,4026.995,4034.485,0.4833
1784095200000,4034.445,4035.165,4026.905,4027.315,0.3826
1784096100000,4027.335,4028.495,4021.065,4026.215,0.4063
1784097000000,4026.315,4032.865,4022.285,4032.235,0.3497
1784097900000,4032.255,4033.535,4029.375,4031.875,0.4268
1784098800000,4031.965,4034.125,4027.965,4029.195,0.3621
1784099700000,4029.215,4029.755,4019.765,4023.775,0.4822
1784100600000,4023.945,4026.795,4019.465,4022.405,0.4515
1784101500000,4022.405,4026.605,4021.025,4024.355,0.3965
1784102400000,4024.455,4025.735,4017.155,4017.705,0.5071
1784103300000,4017.815,4026.615,4017.785,4026.615,0.5099
1784104200000,4026.535,4029.055,4024.405,4028.235,0.3982
1784105100000,4028.235,4033.065,4027.445,4030.915,0.3219
1784106000000,4031.255,4034.045,4029.375,4030.105,0.4299
1784106900000,4030.075,4032.705,4026.825,4027.155,0.3414
1784107800000,4027.115,4029.365,4025.205,4027.205,0.3107
1784108700000,4027.185,4030.325,4025.965,4030.125,0.3286
1784109600000,4030.155,4035.755,4028.395,4033.575,0.3701
1784110500000,4033.505,4035.315,4026.395,4028.595,0.4727
1784111400000,4028.545,4033.985,4028.145,4030.915,0.3686
1784112300000,4030.975,4030.985,4026.745,4027.895,0.3384
1784113200000,4027.755,4032.655,4027.555,4030.115,0.4441
1784114100000,4030.145,4030.985,4027.375,4030.515,0.391
1784115000000,4030.545,4039.315,4029.055,4037.235,0.3702
1784115900000,4037.335,4039.985,4035.355,4038.085,0.454
1784116800000,4038.245,4042.375,4035.515,4037.645,0.4955
1784117700000,4037.705,4040.585,4037.195,4038.505,0.5692
1784118600000,4038.745,4065.965,4038.355,4062.725,0.8688
1784119500000,4062.765,4071.265,4060.655,4067.575,0.6872
1784120400000,4068.105,4073.775,4061.405,4061.475,0.8992
1784121300000,4061.475,4066.445,4053.885,4055.565,0.6703
1784122200000,4055.455,4062.895,4055.115,4061.015,0.7738
1784123100000,4061.045,4066.285,4054.765,4061.395,0.8467
1784124000000,4061.405,4065.365,4059.745,4063.945,0.7796
1784124900000,4064.125,4065.775,4055.235,4058.175,0.8824
1784125800000,4058.175,4063.745,4056.715,4057.005,0.8897
1784126700000,4057.025,4060.805,4053.015,4060.045,0.874
1784127600000,4060.345,4062.705,4042.955,4043.805,0.8839
1784128500000,4043.765,4049.595,4039.475,4048.785,0.9302
1784129400000,4048.735,4050.185,4044.545,4049.445,0.7346
1784130300000,4049.295,4050.635,4046.025,4046.625,0.6592
1784131200000,4046.615,4047.605,4037.015,4038.085,0.7168
1784132100000,4037.965,4040.565,4032.665,4034.525,0.7776
1784133000000,4034.515,4036.885,4026.515,4028.585,0.8517
1784133900000,4028.495,4037.875,4027.405,4033.485,0.7533
1784134800000,4033.515,4038.925,4032.705,4035.695,0.6477
1784135700000,4035.575,4047.915,4032.855,4047.275,0.6134
1784136600000,4047.255,4063.025,4046.875,4062.315,0.7782
1784137500000,4062.305,4066.115,4060.135,4062.135,0.6548
1784138400000,4062.205,4070.265,4061.685,4067.655,0.6199
1784139300000,4067.655,4075.165,4066.515,4074.015,0.614
1784140200000,4074.045,4080.935,4067.415,4067.415,0.5841
1784141100000,4067.415,4068.395,4057.765,4058.825,0.6302
1784142000000,4058.865,4062.685,4057.025,4060.705,0.5336
1784142900000,4060.665,4061.195,4052.615,4055.815,0.4905
1784143800000,4056.035,4057.415,4047.655,4051.035,0.6437
1784144700000,4050.995,4057.195,4050.365,4056.825,0.5824
1784145600000,4056.795,4058.165,4054.865,4057.145,0.2356
1784146500000,4057.195,4061.985,4057.025,4061.165,0.1659
1784147400000,4061.215,4063.035,4060.205,4061.515,0.133
1784148300000,4061.165,4062.815,4059.685,4059.825,0.1162
1784152800000,4060.415,4066.755,4060.075,4063.025,0.1279
1784153700000,4063.115,4063.635,4060.875,4061.935,0.1161
1784154600000,4062.075,4062.095,4058.625,4059.465,0.1078
1784155500000,4059.545,4060.815,4057.765,4058.245,0.1014
1784156400000,4058.135,4061.275,4057.525,4059.865,0.0772
1784157300000,4059.775,4060.095,4056.455,4057.505,0.1301
1784158200000,4057.555,4059.095,4055.295,4057.855,0.1214
1784159100000,4057.825,4060.645,4055.935,4057.745,0.2384
1784160000000,4057.805,4059.195,4054.585,4056.005,0.3615
1784160900000,4056.065,4060.065,4054.535,4058.055,0.3138
1784161800000,4058.085,4061.065,4053.675,4054.655,0.3208
1784162700000,4054.615,4060.675,4043.425,4044.175,0.4146
1784163600000,4044.205,4050.285,4040.355,4044.935,0.5656
1784164500000,4044.995,4045.145,4033.435,4036.535,0.5399
1784165400000,4036.605,4045.685,4036.125,4041.745,0.4533
1784166300000,4041.765,4043.615,4036.855,4038.705,0.4494
1784167200000,4038.665,4039.715,4030.785,4032.175,0.4073
1784168100000,4032.145,4034.825,4028.205,4034.295,0.4802
1784169000000,4034.275,4035.485,4023.585,4027.435,0.7035
1784169900000,4027.375,4032.375,4024.335,4031.205,0.6442
1784170800000,4031.165,4032.905,4028.935,4029.465,0.5533
1784171700000,4029.425,4033.805,4027.355,4033.595,0.5346
1784172600000,4033.555,4036.355,4032.075,4035.105,0.454
1784173500000,4035.145,4036.695,4033.895,4036.025,0.3423
1784174400000,4036.065,4037.765,4031.645,4036.635,0.3525
1784175300000,4036.615,4036.665,4031.665,4033.585,0.286
1784176200000,4033.615,4035.185,4031.645,4032.335,0.2654
1784177100000,4032.315,4035.065,4031.965,4032.925,0.2839
1784178000000,4032.875,4033.845,4029.065,4030.555,0.3823
1784178900000,4031.035,4032.915,4026.205,4027.755,0.401
1784179800000,4027.735,4032.695,4024.975,4032.025,0.7448
1784180700000,4032.025,4032.475,4025.175,4026.965,0.6535
1784181600000,4027.035,4036.295,4026.855,4031.995,0.5229
1784182500000,4031.945,4032.735,4027.645,4030.085,0.3993
1784183400000,4030.025,4030.865,4022.745,4026.605,0.5196
1784184300000,4026.735,4031.315,4026.115,4030.335,0.4323
1784185200000,4030.375,4030.605,4025.535,4026.105,0.5183
1784186100000,4025.815,4026.735,4023.625,4024.295,0.5056
1784187000000,4024.325,4028.065,4022.845,4025.945,0.4736
1784187900000,4025.995,4031.735,4025.705,4030.495,0.5548
1784188800000,4030.445,4033.885,4025.225,4025.565,0.5872
1784189700000,4025.535,4033.585,4025.025,4032.115,0.4894
1784190600000,4032.075,4035.425,4031.785,4033.395,0.4998
1784191500000,4033.435,4036.395,4032.935,4035.165,0.4457
1784192400000,4035.125,4037.235,4035.015,4036.625,0.3851
1784193300000,4036.715,4037.505,4030.645,4033.035,0.3742
1784194200000,4032.975,4034.765,4030.185,4034.035,0.4219
1784195100000,4033.995,4036.115,4031.385,4031.425,0.3592
1784196000000,4031.405,4032.495,4029.425,4031.575,0.3739
1784196900000,4031.595,4034.565,4031.445,4033.065,0.3388
1784197800000,4033.065,4034.385,4031.375,4032.825,0.3597
1784198700000,4032.825,4033.035,4028.415,4029.275,0.401
1784199600000,4029.255,4029.995,4026.235,4027.865,0.4353
1784200500000,4027.835,4027.835,4020.995,4024.185,0.5755
1784201400000,4024.145,4035.925,4023.275,4034.735,0.5318
1784202300000,4034.735,4042.175,4026.977,4038.285,0.6921
1784203200000,4038.305,4043.065,4027.385,4031.565,0.6352
1784204100000,4031.615,4032.055,4012.545,4024.415,0.791
1784205000000,4024.505,4029.575,4000.335,4002.545,0.8441
1784205900000,4002.585,4008.765,3990.255,3992.005,0.8885
1784206800000,3992.045,3996.705,3973.325,3992.075,0.953
1784207700000,3992.195,4005.965,3991.015,4005.425,0.8001
1784208600000,4005.415,4008.315,3981.565,3986.185,1.1093
1784209500000,3986.135,3996.925,3986.035,3989.915,1.0753
1784210400000,3989.875,3997.175,3986.545,3988.885,1.0282
1784211300000,3988.955,4000.495,3987.425,3999.085,1.0448
1784212200000,3999.045,4004.715,3995.265,4004.545,0.9191
1784213100000,4004.465,4006.575,3992.245,3997.595,0.9616
1784214000000,3997.595,3998.475,3989.085,3992.535,0.9203
1784214900000,3992.515,4016.715,3992.345,4011.105,0.9508
1784215800000,4011.105,4016.195,4007.385,4010.135,0.8404
1784216700000,4010.135,4012.875,4005.145,4006.695,0.7106
1784217600000,4006.685,4007.315,3989.575,3989.575,0.8581
1784218500000,3989.425,3991.665,3981.915,3987.255,0.9007
1784219400000,3987.255,3992.355,3986.705,3991.795,0.7159
1784220300000,3991.705,3996.745,3989.095,3991.775,0.706
1784221200000,3991.965,3992.715,3984.285,3985.555,0.7246
1784222100000,3985.535,3988.535,3982.495,3987.485,0.7688
1784223000000,3987.545,3988.435,3979.775,3981.365,0.783
1784223900000,3981.445,3987.395,3980.885,3984.485,0.7057
1784224800000,3984.515,3989.235,3983.375,3984.985,0.7899
1784225700000,3984.965,3990.235,3984.035,3986.235,0.7389
1784226600000,3986.255,3986.285,3976.155,3982.835,0.8263
1784227500000,3982.795,3984.665,3979.235,3980.265,0.5424
1784228400000,3980.205,3985.995,3978.705,3980.245,0.6679
1784229300000,3980.205,3983.895,3978.345,3978.775,0.6077
1784230200000,3978.745,3979.375,3969.045,3975.585,0.8238
1784231100000,3975.625,3982.315,3972.665,3979.655,0.7868
1784232000000,3979.855,3979.875,3974.235,3974.815,0.2348
1784232900000,3974.925,3975.125,3971.635,3974.615,0.1679
1784233800000,3974.875,3976.085,3973.265,3974.325,0.1923
1784234700000,3974.365,3976.665,3973.925,3974.205,0.1732
1784239200000,3976.345,3980.085,3975.265,3975.935,0.1478
1784240100000,3976.125,3977.365,3974.455,3976.145,0.0995
1784241000000,3976.215,3976.865,3973.065,3973.125,0.0929
1784241900000,3973.065,3978.005,3972.545,3977.745,0.1083
1784242800000,3977.755,3980.115,3974.555,3979.785,0.1277
1784243700000,3979.765,3980.485,3977.465,3978.015,0.1496
1784244600000,3978.005,3981.665,3975.115,3981.145,0.184
1784245500000,3981.125,3986.365,3976.285,3985.835,0.4834
1784246400000,3985.875,3987.095,3982.755,3983.825,0.563
1784247300000,3983.785,3990.725,3983.725,3984.525,0.5495
1784248200000,3984.625,3984.985,3980.495,3981.735,0.4113
1784249100000,3981.765,3991.575,3981.525,3991.575,0.5468
1784250000000,3991.545,3994.655,3986.845,3991.865,0.9609
1784250900000,3991.865,3995.875,3987.675,3990.845,0.7537
1784251800000,3990.805,3995.315,3988.585,3991.205,0.7111
1784252700000,3991.105,3992.355,3978.835,3983.005,0.7954
1784253600000,3982.935,3987.275,3979.475,3980.715,0.6656
1784254500000,3980.695,3984.305,3980.115,3982.805,0.4631
1784255400000,3982.845,3983.945,3970.415,3974.815,0.7244
1784256300000,3974.865,3979.945,3974.215,3978.805,0.6651
1784257200000,3978.935,3992.365,3978.395,3988.415,0.7425
1784258100000,3988.385,4008.395,3988.215,4000.865,0.741
1784259000000,4000.745,4001.115,3995.535,3997.175,0.4546
1784259900000,3997.245,3998.365,3990.295,3991.095,0.4136
1784260800000,3991.125,3991.395,3986.915,3988.475,0.4301
1784261700000,3988.505,3990.065,3984.865,3986.015,0.4781
1784262600000,3986.045,3987.815,3979.835,3981.625,0.5513
1784263500000,3981.625,3984.385,3979.915,3981.425,0.4223
1784264400000,3981.425,3982.475,3976.855,3979.445,0.5884
1784265300000,3979.405,3981.635,3975.105,3979.465,0.5344
1784266200000,3979.505,3990.255,3977.975,3986.475,0.8447
1784267100000,3986.365,3991.235,3981.525,3984.645,0.7535
1784268000000,3984.625,4000.805,3984.625,3999.425,0.6334
1784268900000,3999.475,4005.635,3997.675,4003.615,0.5653
1784269800000,4003.615,4006.905,3995.475,3996.015,0.4819
1784270700000,3996.045,4001.425,3995.725,3999.105,0.4839
1784271600000,3999.075,4002.455,3992.985,3996.455,0.5735
1784272500000,3996.385,3999.215,3993.775,3996.265,0.5289
1784273400000,3996.265,3998.395,3993.755,3998.335,0.5681
1784274300000,3998.345,3998.485,3992.435,3992.555,0.4837
1784275200000,3992.725,3999.595,3991.085,3993.015,0.6819
1784276100000,3992.965,3994.945,3987.835,3992.135,0.7794
1784277000000,3992.175,3993.175,3987.595,3993.095,0.5743
1784277900000,3993.145,3999.345,3991.445,3993.945,0.5104
1784278800000,3993.945,3998.345,3992.555,3997.755,0.6239
1784279700000,3997.755,4002.165,3995.365,3998.835,0.5191
1784280600000,3998.915,3999.505,3995.005,3995.485,0.4725
1784281500000,3995.645,3998.575,3994.505,3997.795,0.4478
1784282400000,3997.865,3998.625,3994.625,3997.035,0.5734
1784283300000,3997.005,3998.785,3994.185,3995.985,0.5039
1784284200000,3996.005,3997.305,3993.725,3996.185,0.4062
1784285100000,3996.185,3997.095,3990.225,3990.635,0.4605
1784286000000,3990.635,3994.115,3990.005,3991.505,0.5663
1784286900000,3991.385,3995.855,3989.735,3995.475,0.5502
1784287800000,3995.535,3996.215,3991.215,3991.895,0.4836
1784288700000,3991.815,3998.585,3991.125,3993.815,0.4646
1784289600000,3993.815,3995.285,3988.085,3989.695,0.6073
1784290500000,3989.695,3992.115,3984.155,3987.115,0.6375
1784291400000,3987.125,3988.245,3965.255,3969.415,0.6582
1784292300000,3969.375,3972.955,3963.885,3965.915,0.7256
1784293200000,3965.995,3975.685,3959.485,3969.815,0.8179
1784294100000,3969.095,3974.945,3966.925,3968.205,0.8399
1784295000000,3968.245,4003.445,3963.635,3984.825,1.0212
1784295900000,3985.025,3997.185,3980.985,3996.665,1.0015
1784296800000,3996.625,4000.755,3989.765,3994.325,1.0242
1784297700000,3994.385,4004.115,3993.415,3998.285,1.0709
1784298600000,3998.345,3999.625,3991.755,3997.595,0.8978
1784299500000,3997.595,4001.235,3992.715,4000.905,0.8906
1784300400000,4000.885,4014.005,3997.455,4005.755,0.9194
1784301300000,4005.715,4013.095,4004.295,4013.095,0.8911
1784302200000,4013.195,4016.295,4008.905,4015.055,0.8293
1784303100000,4015.045,4021.235,4013.505,4018.835,0.6403
1784304000000,4018.915,4020.105,4010.675,4017.745,0.6237
1784304900000,4017.555,4023.645,4016.555,4018.475,0.5363
1784305800000,4018.525,4019.145,4012.455,4017.205,0.4825
1784306700000,4017.225,4020.225,4014.245,4014.735,0.4316
1784307600000,4014.815,4019.065,4013.065,4013.225,0.4306
1784308500000,4013.225,4015.685,4012.185,4013.575,0.499
1784309400000,4013.605,4014.425,4009.425,4010.655,0.4508
1784310300000,4010.695,4013.035,4008.195,4009.865,0.4821
1784311200000,4009.765,4012.785,4007.485,4010.185,0.4925
1784312100000,4010.225,4015.845,4008.785,4015.125,0.5482
1784313000000,4014.955,4015.905,4006.875,4007.965,0.471
1784313900000,4007.885,4012.195,4006.395,4011.115,0.4468
1784314800000,4011.145,4011.415,4004.115,4005.785,0.468
1784315700000,4005.645,4006.575,4002.085,4005.125,0.4497
1784316600000,4005.235,4009.895,4004.765,4009.655,0.4492
1784317500000,4009.725,4016.235,4008.955,4015.105,0.5619
1784318400000,4015.165,4015.715,4011.785,4011.855,0.2287
1784319300000,4011.825,4012.365,4008.585,4010.655,0.1466
1784320200000,4010.505,4012.925,4008.375,4012.735,0.1264
1784321100000,4012.685,4017.935,4012.675,4013.975,0.1235
1784498400000,4002.785,4007.105,3994.005,3996.245,0.2572
1784499300000,3995.925,3999.885,3994.625,3994.625,0.1488
1784500200000,3994.605,3998.915,3993.215,3996.655,0.1655
1784501100000,3996.495,3998.125,3993.345,3993.405,0.1126
1784502000000,3993.545,3994.335,3990.205,3990.745,0.1234
1784502900000,3990.735,3993.715,3990.375,3992.945,0.1094
1784503800000,3992.905,3994.235,3989.285,3992.135,0.1402
1784504700000,3992.095,3995.905,3989.205,3995.165,0.297
1784505600000,3995.025,3998.545,3981.935,3995.765,0.4317
1784506500000,3995.945,4005.165,3993.545,4003.635,0.426
1784507400000,4003.675,4006.975,3997.745,3998.135,0.3649
1784508300000,3998.145,4009.775,3998.085,4008.235,0.3502
1784509200000,4008.265,4019.995,4005.185,4009.865,0.5708
1784510100000,4009.795,4010.105,3999.555,4002.645,0.7388
1784511000000,4002.615,4005.445,3995.515,3996.855,0.7487
1784511900000,3996.895,4004.275,3996.645,4001.855,0.712
1784512800000,4001.905,4009.695,4000.955,4005.965,0.7473
1784513700000,4006.085,4008.805,4003.675,4006.735,0.5324
1784514600000,4006.775,4015.895,4005.815,4014.375,0.7567
1784515500000,4014.435,4028.845,4013.565,4021.635,0.7172
1784516400000,4021.545,4024.155,4018.365,4023.925,0.6901
1784517300000,4023.815,4026.545,4021.265,4021.995,0.6396
1784518200000,4022.035,4027.815,4018.515,4026.905,0.4512
1784519100000,4026.975,4027.445,4022.445,4023.855,0.4098
1784520000000,4023.885,4026.515,4021.035,4021.205,0.3432
1784520900000,4021.265,4025.165,4021.015,4024.945,0.2968
1784521800000,4024.965,4025.185,4021.765,4022.645,0.3344
1784522700000,4022.795,4022.795,4018.175,4018.545,0.3629
1784523600000,4018.725,4020.955,4011.375,4013.585,0.4285
1784524500000,4013.505,4014.635,4009.595,4010.535,0.3911
1784525400000,4010.565,4014.395,4007.645,4009.695,0.6529
1784526300000,4009.815,4010.555,4005.145,4008.465,0.6248
1784527200000,4008.415,4011.545,4006.575,4007.305,0.5042
1784528100000,4007.295,4009.365,4003.805,4004.595,0.4579
1784529000000,4004.615,4006.345,4002.785,4004.675,0.4348
1784529900000,4004.745,4007.375,4002.875,4003.525,0.3848
1784530800000,4003.615,4006.685,4001.815,4004.075,0.3905
1784531700000,4004.105,4008.595,4002.065,4006.675,0.4578
1784532600000,4006.485,4020.905,4006.405,4020.905,0.6331
1784533500000,4020.935,4021.695,4015.585,4017.025,0.4666
1784534400000,4017.125,4025.485,4017.125,4023.925,0.4822
1784535300000,4023.975,4030.355,4021.645,4021.715,0.4396
1784536200000,4021.665,4024.825,4018.665,4021.615,0.3993
1784537100000,4021.695,4022.595,4017.215,4018.695,0.4508
1784538000000,4018.685,4020.845,4014.945,4019.235,0.4533
1784538900000,4019.235,4021.955,4015.245,4016.215,0.3878
1784539800000,4016.295,4020.785,4014.625,4018.975,0.3934
1784540700000,4018.885,4023.045,4017.385,4021.005,0.3786
1784541600000,4021.005,4021.605,4017.975,4020.735,0.4001
1784542500000,4020.625,4023.175,4018.455,4021.675,0.3181
1784543400000,4021.675,4024.115,4020.955,4021.975,0.3412
1784544300000,4022.025,4025.345,4020.745,4023.925,0.3549
1784545200000,4023.945,4026.955,4019.575,4021.805,0.4932
1784546100000,4022.125,4023.655,4019.715,4021.995,0.392
1784547000000,4021.995,4040.435,4021.295,4032.285,0.8539
1784547900000,4032.405,4032.405,4024.755,4025.045,0.5733
1784548800000,4024.675,4024.995,4011.235,4012.415,0.7266
1784549700000,4012.345,4014.775,4006.545,4012.705,0.6432
1784550600000,4012.675,4014.595,4006.285,4009.785,0.5576
1784551500000,4009.785,4015.435,4007.835,4007.925,0.5585
1784552400000,4007.855,4013.675,4007.525,4008.485,0.6555
1784553300000,4008.445,4012.395,4006.755,4008.395,0.5882
1784554200000,4008.485,4017.185,4007.845,4012.785,0.9168
1784555100000,4012.805,4013.105,4005.375,4005.565,0.8212
1784556000000,4005.485,4007.615,3998.035,3998.575,0.8518
1784556900000,3998.605,4006.575,3998.085,4006.525,0.7489
1784557800000,4006.525,4010.755,4005.915,4007.155,0.6966
1784558700000,4007.185,4013.485,4004.875,4005.915,0.8263
1784559600000,4006.015,4019.325,4004.255,4014.175,0.839
1784560500000,4013.985,4016.345,4010.875,4016.215,0.7287
1784561400000,4016.215,4016.575,4010.015,4012.745,0.673
1784562300000,4012.735,4016.165,4011.555,4011.625,0.5714
1784563200000,4011.605,4018.115,4010.895,4013.465,0.6011
1784564100000,4013.525,4014.135,4010.555,4012.275,0.5145
1784565000000,4012.275,4012.455,4001.385,4009.445,0.6505
1784565900000,4009.115,4010.355,4006.455,4009.595,0.508
1784566800000,4009.595,4012.055,4009.295,4009.855,0.4553
1784567700000,4009.885,4012.915,4008.735,4011.905,0.5341
1784568600000,4011.885,4012.785,4007.465,4007.765,0.475
1784569500000,4007.765,4007.765,4003.415,4005.005,0.5522
1784570400000,4005.025,4010.675,4004.965,4008.525,0.4555
1784571300000,4008.525,4011.725,4003.005,4006.375,0.5494
1784572200000,4006.465,4007.355,4004.235,4006.185,0.5088
1784573100000,4006.095,4008.555,4005.045,4007.025,0.5074
1784574000000,4007.065,4007.835,4004.105,4004.395,0.5291
1784574900000,4004.395,4012.765,4004.015,4012.575,0.53
1784575800000,4012.705,4017.855,4005.005,4005.665,0.6265
1784576700000,4005.635,4009.935,4005.205,4006.755,0.5637
1784577600000,4006.695,4009.045,4005.515,4007.455,0.2563
1784578500000,4007.485,4008.955,4006.925,4007.935,0.1281
1784579400000,4008.025,4009.205,4007.125,4008.545,0.1183
1784580300000,4008.495,4008.545,4006.685,4007.565,0.1085
1784584800000,4006.065,4010.195,4005.465,4006.685,0.0806
1784585700000,4006.715,4010.495,4004.575,4009.765,0.1409
1784586600000,4009.745,4009.765,4002.415,4003.875,0.1546
1784587500000,4003.765,4008.225,3999.285,3999.755,0.1956
1784588400000,3999.945,4009.275,3999.535,4002.845,0.1831
1784589300000,4003.055,4007.065,4002.825,4003.205,0.1655
1784590200000,4003.145,4008.235,4003.095,4007.395,0.177
1784591100000,4007.485,4010.275,4003.935,4009.745,0.2763
1784592000000,4009.615,4012.515,4003.495,4010.305,0.5968
1784592900000,4010.415,4018.435,4007.555,4014.565,0.5823
1784593800000,4014.565,4023.775,4013.705,4022.195,0.4804
1784594700000,4022.135,4026.805,4021.635,4024.495,0.4477
1784595600000,4024.455,4030.165,4017.945,4028.625,0.857
1784596500000,4028.705,4035.525,4025.945,4027.755,0.6504
1784597400000,4027.755,4030.485,4022.665,4024.235,0.6704
1784598300000,4024.215,4027.985,4021.055,4022.945,0.5595
1784599200000,4023.105,4026.515,4021.835,4024.105,0.5312
1784600100000,4024.105,4029.615,4021.745,4028.375,0.3921
1784601000000,4028.795,4044.655,4027.545,4035.325,0.6322
1784601900000,4035.355,4038.495,4030.565,4037.715,0.445
1784602800000,4037.765,4041.795,4037.095,4037.765,0.3701
1784603700000,4037.765,4051.215,4036.295,4047.015,0.4315
1784604600000,4047.095,4049.005,4041.505,4041.535,0.3398
1784605500000,4041.535,4047.145,4041.495,4046.555,0.2874
1784606400000,4046.595,4051.415,4045.345,4045.615,0.3121
1784607300000,4045.575,4046.365,4043.365,4044.335,0.2024
1784608200000,4044.335,4047.235,4043.955,4046.655,0.2142
1784609100000,4046.815,4049.255,4045.095,4049.195,0.1955
1784610000000,4049.195,4051.515,4045.895,4051.145,0.2974
1784610900000,4051.025,4056.105,4047.525,4053.835,0.3296
1784611800000,4054.115,4066.335,4054.105,4065.525,0.6075
1784612700000,4065.955,4067.445,4060.865,4061.115,0.4699
1784613600000,4060.995,4072.215,4060.995,4071.025,0.5127
1784614500000,4071.005,4074.305,4067.985,4071.945,0.5055
1784615400000,4071.925,4080.465,4071.565,4076.685,0.4011
1784616300000,4076.725,4083.735,4076.725,4077.965,0.4245
1784617200000,4078.035,4079.985,4071.565,4071.955,0.3089
1784618100000,4071.915,4073.335,4067.965,4069.415,0.208
1784619000000,4069.375,4075.205,4067.455,4071.185,0.2293
1784619900000,4071.205,4072.405,4069.555,4070.975,0.2063
1784620800000,4070.815,4072.255,4065.335,4067.805,0.2971
1784621700000,4067.735,4068.465,4062.725,4063.325,0.2577
1784622600000,4063.315,4064.945,4060.735,4062.065,0.2586
1784623500000,4061.985,4063.355,4058.965,4062.605,0.2239
1784624400000,4062.715,4066.575,4062.715,4064.965,0.2231
1784625300000,4064.925,4068.215,4062.395,4062.545,0.2782
1784626200000,4062.565,4065.445,4060.735,4062.185,0.1831
1784627100000,4062.225,4069.415,4061.895,4065.645,0.2114
1784628000000,4065.715,4068.265,4060.525,4066.115,0.3315
1784628900000,4066.115,4068.965,4064.595,4066.535,0.2412
1784629800000,4066.635,4069.835,4066.305,4066.955,0.2024
1784630700000,4067.035,4068.395,4062.295,4062.715,0.3667
1784631600000,4062.725,4063.515,4055.205,4058.355,0.412
1784632500000,4058.385,4059.795,4056.005,4057.795,0.3145
1784633400000,4057.835,4061.035,4055.305,4055.735,0.3473
1784634300000,4055.735,4058.205,4054.185,4055.715,0.2799
1784635200000,4055.815,4060.925,4055.435,4059.085,0.4313
1784636100000,4059.085,4065.655,4055.495,4061.315,0.5384
1784637000000,4061.345,4063.565,4050.915,4053.755,0.5561
1784637900000,4053.735,4062.005,4052.575,4053.495,0.5079
1784638800000,4053.715,4060.195,4053.595,4059.725,0.6532
1784639700000,4059.725,4061.575,4050.015,4050.785,0.6467
1784640600000,4050.805,4057.215,4044.425,4046.315,0.9318
1784641500000,4046.215,4053.385,4044.165,4052.785,0.8518
1784642400000,4052.835,4065.765,4051.425,4065.715,0.8692
1784643300000,4065.685,4069.225,4060.855,4069.225,0.8693
1784644200000,4069.205,4073.725,4061.965,4067.355,0.7737
1784645100000,4067.395,4070.515,4065.925,4068.205,0.7313
1784646000000,4068.225,4073.775,4065.265,4073.025,0.6946
1784646900000,4073.065,4078.925,4073.025,4076.525,0.7473
1784647800000,4076.525,4083.305,4075.215,4075.535,0.6724
1784648700000,4075.545,4078.005,4071.715,4074.025,0.4903
1784649600000,4074.045,4078.925,4073.245,4078.225,0.4811
1784650500000,4078.225,4078.425,4073.665,4075.355,0.4134
1784651400000,4075.385,4076.065,4070.875,4071.725,0.3993
1784652300000,4071.755,4073.025,4069.605,4071.255,0.3953
1784653200000,4071.255,4072.375,4068.995,4070.315,0.3829
1784654100000,4070.265,4072.555,4068.595,4071.965,0.413
1784655000000,4072.075,4072.135,4066.535,4067.905,0.345
1784655900000,4067.865,4068.475,4066.565,4068.475,0.3309
1784656800000,4068.475,4072.095,4067.465,4071.215,0.4226
1784657700000,4071.245,4086.775,4070.965,4083.725,0.5491
1784658600000,4083.725,4085.475,4081.065,4082.125,0.4104
1784659500000,4082.125,4083.215,4079.095,4081.995,0.3226
1784660400000,4082.135,4085.655,4079.785,4080.605,0.4162
1784661300000,4080.585,4085.115,4080.585,4083.795,0.3965
1784662200000,4083.855,4084.855,4081.745,4083.155,0.2736
1784663100000,4083.145,4085.155,4082.605,4084.435,0.3972
1784664000000,4084.275,4086.265,4082.925,4084.095,0.135
1784664900000,4084.065,4084.435,4081.285,4082.435,0.0737
1784665800000,4082.685,4085.065,4080.155,4080.905,0.1073
1784666700000,4080.855,4080.935,4076.385,4076.995,0.1331
1784671200000,4077.815,4080.445,4076.425,4078.615,0.1182
1784672100000,4078.565,4083.055,4077.975,4082.835,0.1222
1784673000000,4082.975,4085.045,4082.325,4083.705,0.1047
1784673900000,4083.685,4084.185,4077.795,4079.155,0.116
1784674800000,4078.975,4081.705,4078.235,4081.105,0.0605
1784675700000,4081.065,4082.175,4080.615,4080.645,0.0676
1784676600000,4080.675,4081.925,4078.885,4079.945,0.0872
1784677500000,4079.945,4082.595,4078.905,4080.375,0.134
1784678400000,4080.485,4092.605,4076.325,4091.795,0.4406
1784679300000,4091.845,4098.625,4091.815,4098.005,0.3965
1784680200000,4098.025,4102.375,4089.285,4092.375,0.3564
1784681100000,4092.325,4099.255,4091.135,4097.145,0.3582
1784682000000,4097.225,4121.315,4096.365,4120.975,0.5977
1784682900000,4120.955,4121.485,4111.245,4115.115,0.4763
1784683800000,4115.135,4122.885,4112.675,4121.395,0.711
1784684700000,4121.445,4123.705,4117.065,4121.855,0.7173
1784685600000,4121.885,4123.455,4118.535,4121.505,0.6338
1784686500000,4121.615,4125.795,4119.705,4123.695,0.4918
1784687400000,4123.695,4130.265,4121.845,4128.155,0.7107
1784688300000,4127.725,4130.665,4125.875,4130.495,0.6241
1784689200000,4130.485,4140.505,4128.995,4137.115,0.6723
1784690100000,4136.655,4141.465,4136.575,4138.115,0.5386
1784691000000,4138.135,4138.185,4132.065,4133.125,0.4521
1784691900000,4133.165,4133.995,4129.715,4130.575,0.4559
1784692800000,4130.545,4131.025,4125.875,4126.585,0.4204
1784693700000,4126.555,4129.385,4126.505,4128.485,0.3243
1784694600000,4128.525,4128.985,4124.515,4126.995,0.3549
1784695500000,4126.925,4127.385,4124.865,4126.655,0.3353
1784696400000,4126.685,4129.795,4125.575,4128.215,0.3886
1784697300000,4128.195,4128.505,4122.715,4123.445,0.4525
1784698200000,4123.355,4133.905,4122.865,4132.285,0.6748
1784699100000,4132.255,4133.055,4127.745,4130.725,0.5989
1784700000000,4130.675,4135.065,4129.265,4129.555,0.4771
1784700900000,4129.515,4131.845,4113.705,4117.235,0.5122
1784701800000,4117.205,4120.135,4114.325,4118.665,0.5255
1784702700000,4118.545,4120.605,4113.195,4116.135,0.4978
1784703600000,4116.165,4117.055,4111.525,4116.235,0.4956
1784704500000,4116.145,4122.395,4115.815,4119.625,0.3987
1784705400000,4119.525,4122.905,4110.745,4112.255,0.5334
1784706300000,4112.235,4114.135,4109.025,4110.465,0.4482
1784707200000,4110.425,4115.835,4110.415,4114.475,0.4987
1784708100000,4114.645,4117.635,4113.285,4117.335,0.4838
1784709000000,4117.405,4118.965,4113.975,4114.345,0.4502
1784709900000,4114.445,4119.905,4113.145,4118.155,0.4064
1784710800000,4118.195,4122.075,4117.645,4121.455,0.4454
1784711700000,4121.575,4122.215,4117.665,4118.515,0.395
1784712600000,4118.465,4121.585,4114.215,4115.845,0.4326
1784713500000,4115.825,4117.765,4113.135,4114.795,0.4074
1784714400000,4115.045,4119.845,4114.765,4117.165,0.4232
1784715300000,4117.215,4121.715,4116.265,4119.125,0.4313
1784716200000,4119.125,4119.745,4115.835,4116.925,0.3448
1784717100000,4116.825,4120.135,4115.985,4117.425,0.3656
1784718000000,4117.395,4120.775,4115.035,4119.035,0.4
1784718900000,4118.975,4123.005,4117.265,4118.405,0.3648
1784719800000,4118.555,4120.485,4112.465,4114.895,0.4863
1784720700000,4114.935,4122.765,4114.505,4122.355,0.4522
1784721600000,4122.465,4127.215,4121.595,4126.765,0.5179
1784722500000,4127.175,4133.025,4124.405,4132.465,0.5911
1784723400000,4132.425,4134.195,4124.545,4127.155,0.5524
1784724300000,4127.105,4127.495,4107.265,4112.785,0.6204
1784725200000,4112.865,4125.785,4112.615,4125.655,0.5367
1784726100000,4125.685,4134.995,4124.815,4131.595,0.6025
1784727000000,4131.615,4146.645,4131.615,4142.605,0.9313
1784727900000,4142.675,4155.825,4142.475,4154.385,0.9286
1784728800000,4154.445,4163.325,4152.985,4156.315,0.8542
1784729700000,4156.325,4156.325,4144.125,4146.065,0.9131
1784730600000,4146.235,4152.905,4146.055,4150.685,0.7602
1784731500000,4150.685,4152.735,4143.845,4148.285,0.7621
1784732400000,4148.265,4158.385,4148.245,4157.395,0.7192
1784733300000,4157.215,4161.295,4153.095,4157.065,0.5961
1784734200000,4157.045,4160.765,4155.465,4159.645,0.6428
1784735100000,4159.725,4165.775,4158.265,4159.115,0.7036
1784736000000,4159.125,4159.335,4152.985,4154.295,0.5349
1784736900000,4154.255,4155.405,4147.785,4148.975,0.5065
1784737800000,4149.035,4151.045,4144.315,4146.785,0.5236
1784738700000,4147.385,4148.865,4144.395,4146.715,0.4785
1784739600000,4146.765,4147.735,4142.875,4145.205,0.4856
1784740500000,4145.165,4146.815,4142.545,4145.765,0.5562
1784741400000,4145.655,4147.255,4138.105,4140.355,0.5226
1784742300000,4140.405,4143.645,4140.185,4142.165,0.4354
1784743200000,4142.205,4142.785,4136.485,4137.785,0.6184
1784744100000,4137.775,4139.515,4134.535,4135.005,0.6238
1784745000000,4134.945,4136.215,4131.695,4135.905,0.5959
1784745900000,4135.905,4138.725,4135.205,4135.865,0.5147
1784746800000,4135.845,4137.115,4132.785,4133.885,0.5283
1784747700000,4133.935,4135.365,4131.445,4134.245,0.5256
1784748600000,4134.135,4135.975,4132.415,4133.725,0.5045
1784749500000,4133.895,4135.165,4128.735,4131.675,0.6041
1784750400000,4131.575,4135.285,4130.215,4134.285,0.4409
1784751300000,4134.225,4137.725,4133.665,4136.425,0.2219
1784752200000,4136.425,4137.335,4130.455,4130.895,0.2095
1784753100000,4130.865,4130.905,4127.555,4130.345,0.2079
1784757600000,4122.235,4134.495,4116.314,4123.635,0.2324
1784758500000,4123.885,4128.775,4120.485,4128.345,0.2037
1784759400000,4128.405,4129.825,4119.745,4121.415,0.1916
1784760300000,4121.115,4126.465,4120.215,4121.095,0.2434
1784761200000,4121.345,4124.415,4115.605,4123.355,0.2828
1784762100000,4123.245,4123.815,4118.815,4119.755,0.2002
1784763000000,4119.775,4124.465,4118.705,4123.545,0.1774
1784763900000,4123.565,4134.015,4122.375,4133.095,0.4325
1784764800000,4133.185,4134.085,4125.705,4126.615,0.4245
1784765700000,4126.575,4134.405,4126.285,4128.885,0.3796
1784766600000,4128.925,4131.935,4126.705,4127.545,0.3588
1784767500000,4127.505,4133.045,4124.795,4131.735,0.3869
1784768400000,4131.705,4138.975,4129.455,4134.155,0.7525
1784769300000,4133.975,4140.895,4133.255,4137.115,0.6284
1784770200000,4137.135,4138.985,4121.445,4121.685,0.796
1784771100000,4121.385,4123.635,4114.095,4117.595,0.7638
1784772000000,4117.505,4118.695,4111.815,4117.435,0.6542
1784772900000,4117.525,4117.965,4112.965,4116.065,0.4523
1784773800000,4115.975,4122.265,4113.675,4122.045,0.6121
1784774700000,4122.015,4128.515,4121.035,4127.985,0.5576
1784775600000,4128.085,4128.905,4123.865,4126.885,0.5135
1784776500000,4126.905,4132.935,4126.335,4130.335,0.5434
1784777400000,4130.265,4130.925,4125.765,4128.515,0.4002
1784778300000,4128.535,4128.595,4123.765,4124.325,0.281
1784779200000,4124.305,4127.375,4122.165,4127.375,0.365
1784780100000,4127.375,4129.615,4124.845,4129.505,0.3796
1784781000000,4129.445,4130.075,4122.745,4122.835,0.3318
1784781900000,4122.835,4123.945,4119.725,4120.825,0.343
1784782800000,4120.795,4124.785,4119.035,4124.125,0.4034
1784783700000,4123.915,4125.635,4119.585,4125.635,0.3789
1784784600000,4125.385,4128.385,4123.105,4127.535,0.5809
1784785500000,4127.465,4130.395,4120.285,4123.735,0.5806
1784786400000,4123.785,4128.045,4120.915,4123.105,0.4713
1784787300000,4123.105,4127.655,4121.135,4121.975,0.3631
1784788200000,4122.035,4123.735,4116.535,4119.755,0.4769
1784789100000,4119.795,4122.275,4117.685,4118.465,0.3927
1784790000000,4118.445,4119.355,4101.695,4106.445,0.6159
1784790900000,4106.455,4111.975,4105.385,4108.275,0.5429
1784791800000,4108.275,4108.665,4091.165,4095.395,0.5197
1784792700000,4095.455,4096.745,4089.975,4095.325,0.568
1784793600000,4095.195,4097.535,4090.065,4091.305,0.5744
1784794500000,4091.445,4092.285,4088.265,4091.755,0.4352
1784795400000,4091.715,4093.575,4088.445,4092.315,0.4083
1784796300000,4092.315,4094.635,4086.785,4093.315,0.4158
1784797200000,4093.275,4099.315,4092.515,4094.685,0.4865
1784798100000,4094.685,4096.965,4089.305,4091.295,0.4106
1784799000000,4091.315,4092.675,4088.515,4091.685,0.3833
1784799900000,4091.805,4094.095,4088.175,4089.665,0.3546
1784800800000,4089.665,4091.485,4087.715,4090.645,0.3869
1784801700000,4090.615,4092.285,4085.255,4089.655,0.3782
1784802600000,4089.615,4092.675,4086.365,4089.315,0.4072
1784803500000,4089.315,4095.185,4087.105,4093.025,0.3919
1784804400000,4093.135,4093.725,4086.825,4087.535,0.4224
1784805300000,4087.505,4089.175,4080.835,4084.205,0.4772
1784806200000,4084.295,4084.295,4072.755,4078.525,0.5976
1784807100000,4078.585,4088.955,4077.735,4085.535,0.5218
1784808000000,4085.325,4085.795,4081.155,4081.335,0.4028
1784808900000,4081.385,4083.165,4070.085,4074.505,0.6618
1784809800000,4074.425,4074.935,4063.905,4068.925,0.7241
1784810700000,4068.895,4069.125,4060.835,4061.685,0.7581
1784811600000,4061.685,4063.275,4040.155,4040.655,1.0048
1784812500000,4040.655,4059.015,4040.335,4058.695,0.9159
1784813400000,4058.565,4067.155,4055.295,4056.075,0.9659
1784814300000,4056.035,4058.755,4042.555,4043.115,0.8894
1784815200000,4043.115,4051.155,4039.685,4047.815,0.9743
1784816100000,4047.815,4056.735,4042.035,4056.235,0.9574
1784817000000,4056.265,4060.495,4051.475,4056.965,0.8279
1784817900000,4056.865,4061.585,4055.975,4057.715,0.7694
1784818800000,4057.915,4059.345,4049.235,4051.305,0.799
1784819700000,4050.995,4056.705,4045.225,4046.685,0.7761
1784820600000,4046.705,4053.055,4042.145,4047.965,0.8071
1784821500000,4047.985,4050.865,4046.535,4048.525,0.5825
1784822400000,4048.585,4050.865,4046.975,4049.975,0.5825
1784823300000,4049.955,4051.615,4045.545,4049.755,0.4966
1784824200000,4049.775,4051.055,4046.855,4049.615,0.4798
1784825100000,4049.575,4051.625,4047.865,4051.255,0.5092
1784826000000,4051.395,4054.465,4046.685,4047.005,0.6049
1784826900000,4047.185,4050.385,4045.915,4047.025,0.6129
1784827800000,4047.065,4049.015,4041.675,4042.705,0.5384
1784828700000,4042.685,4044.205,4041.475,4041.625,0.4681
1784829600000,4041.585,4044.065,4040.235,4041.665,0.5707
1784830500000,4041.685,4045.005,4040.385,4044.365,0.6018
1784831400000,4044.315,4048.055,4044.215,4046.355,0.5363
1784832300000,4046.355,4048.305,4044.055,4046.115,0.4545
1784833200000,4046.095,4048.525,4042.765,4043.015,0.3728
1784834100000,4043.015,4048.905,4042.875,4047.965,0.5175
1784835000000,4047.965,4050.875,4045.485,4045.625,0.5483
1784835900000,4045.695,4051.085,4044.665,4049.475,0.6144
1784836800000,4049.655,4050.885,4048.075,4049.345,0.2815
1784837700000,4049.315,4050.685,4047.175,4050.025,0.1804
1784838600000,4050.055,4050.535,4048.595,4049.695,0.1687
1784839500000,4049.515,4049.905,4047.265,4049.375,0.1285
1784844000000,4049.365,4050.275,4048.035,4048.615,0.0832
1784844900000,4048.565,4050.045,4048.565,4049.805,0.0594
1784845800000,4049.755,4050.445,4048.505,4049.165,0.0859
1784846700000,4049.195,4050.455,4048.255,4048.905,0.0678
1784847600000,4048.895,4049.165,4047.005,4048.165,0.0597
1784848500000,4048.195,4049.785,4046.775,4048.885,0.11
1784849400000,4048.755,4050.845,4046.705,4047.945,0.1823
1784850300000,4048.005,4049.455,4046.285,4046.765,0.2403
1784851200000,4046.725,4049.815,4041.015,4041.425,0.4471
1784852100000,4041.385,4047.765,4041.125,4046.335,0.4171
1784853000000,4046.355,4050.085,4044.635,4049.125,0.3639
1784853900000,4049.195,4050.795,4048.185,4049.715,0.3209
1784854800000,4049.525,4049.845,4039.475,4042.195,0.6726
1784855700000,4042.145,4045.675,4041.135,4042.415,0.5455
1784856600000,4042.415,4050.435,4041.225,4049.585,0.5765
1784857500000,4049.575,4049.865,4041.095,4043.375,0.5158
1784858400000,4043.345,4045.675,4040.735,4045.525,0.492
1784859300000,4045.495,4048.305,4042.435,4046.145,0.2997
1784860200000,4046.075,4047.915,4041.055,4041.475,0.4859
1784861100000,4041.435,4041.784,4022.755,4024.305,0.7767
1784862000000,4024.255,4032.195,4022.845,4031.555,0.5106
1784862900000,4031.535,4033.295,4027.925,4030.165,0.4418
1784863800000,4030.135,4032.865,4030.085,4031.405,0.3105
1784864700000,4031.425,4031.995,4028.095,4029.045,0.2729
1784865600000,4028.645,4030.135,4026.835,4027.905,0.2781
1784866500000,4027.945,4030.105,4027.395,4029.565,0.2527
1784867400000,4029.595,4030.175,4025.715,4026.625,0.228
1784868300000,4026.655,4028.745,4025.215,4026.805,0.2317
1784869200000,4026.825,4032.025,4025.015,4027.335,0.3615
1784870100000,4027.095,4029.725,4022.045,4025.955,0.3298
1784871000000,4025.755,4031.485,4023.735,4024.445,0.5605
1784871900000,4024.355,4029.065,4021.665,4022.725,0.4972
1784872800000,4022.765,4031.335,4022.695,4030.725,0.4377
1784873700000,4030.725,4038.955,4028.985,4036.535,0.3915
1784874600000,4036.455,4037.205,4033.045,4033.665,0.3577
1784875500000,4033.625,4038.535,4031.395,4035.535,0.3818
1784876400000,4035.575,4047.225,4034.895,4045.285,0.5218
1784877300000,4044.845,4050.685,4043.755,4048.605,0.4509
1784878200000,4048.615,4053.655,4045.645,4048.285,0.4064
1784879100000,4048.285,4049.565,4045.885,4048.205,0.3248
1784880000000,4048.545,4048.955,4045.075,4046.685,0.3689
1784880900000,4046.665,4052.485,4044.965,4052.355,0.3464
1784881800000,4052.375,4055.345,4048.635,4054.355,0.3566
1784882700000,4054.455,4058.565,4052.095,4057.375,0.3414
1784883600000,4057.475,4060.615,4053.045,4053.965,0.3615
1784884500000,4054.225,4056.535,4052.375,4052.715,0.2775
1784885400000,4052.595,4056.225,4051.445,4055.565,0.2463
1784886300000,4055.605,4059.655,4054.475,4059.655,0.2231
1784887200000,4059.935,4061.405,4057.495,4057.925,0.1868
1784888100000,4057.985,4063.545,4057.365,4061.795,0.1795
1784889000000,4061.685,4063.745,4057.975,4058.225,0.1662
1784889900000,4058.295,4060.145,4057.055,4059.955,0.1905
1784890800000,4060.075,4063.285,4058.265,4061.095,0.1834
1784891700000,4061.095,4061.795,4058.955,4058.995,0.1385
1784892600000,4058.955,4060.245,4055.085,4055.125,0.2083
1784893500000,4055.225,4061.455,4051.195,4057.545,0.2447
1784894400000,4057.665,4058.355,4052.155,4056.405,0.3334
1784895300000,4056.405,4060.065,4054.645,4059.445,0.2863
1784896200000,4059.295,4059.425,4051.875,4054.895,0.2982
1784897100000,4054.915,4056.215,4051.475,4055.985,0.2586
1784898000000,4055.845,4058.285,4044.515,4048.075,0.4481
1784898900000,4047.965,4049.285,4044.685,4046.185,0.348
1784899800000,4046.105,4056.705,4044.575,4051.615,0.5741
1784900700000,4050.105,4068.365,4047.995,4066.915,0.5299
1784901600000,4067.275,4069.825,4057.055,4058.655,0.5894
1784902500000,4058.725,4069.175,4055.595,4065.955,0.6086
1784903400000,4065.955,4068.045,4059.105,4060.165,0.5411
1784904300000,4060.245,4066.395,4058.365,4063.185,0.5077
1784905200000,4062.965,4076.345,4061.675,4074.415,0.5496
1784906100000,4074.365,4081.895,4071.615,4074.845,0.6645
1784907000000,4074.865,4079.415,4071.455,4071.825,0.5033
1784907900000,4071.865,4077.735,4070.695,4077.175,0.3918
1784908800000,4077.145,4077.335,4074.235,4074.605,0.3202
1784909700000,4074.705,4078.035,4073.375,4073.475,0.2913
1784910600000,4073.555,4073.765,4066.485,4067.515,0.3267
1784911500000,4067.495,4067.575,4063.895,4066.855,0.3025
1784912400000,4066.965,4068.345,4062.745,4064.035,0.3427
1784913300000,4064.045,4069.685,4063.455,4068.155,0.326
1784914200000,4068.275,4069.675,4065.935,4066.385,0.2388
1784915100000,4066.365,4067.185,4062.825,4063.165,0.2211
1784916000000,4063.165,4064.325,4061.065,4061.435,0.2278
1784916900000,4061.425,4062.865,4054.785,4055.005,0.289
1784917800000,4055.175,4057.085,4050.815,4051.885,0.2778
1784918700000,4051.905,4055.775,4051.535,4054.185,0.2046
1784919600000,4054.265,4056.245,4051.955,4052.055,0.266
1784920500000,4052.095,4052.215,4048.995,4051.365,0.2343
1784921400000,4051.365,4057.735,4051.065,4056.745,0.3044
1784922300000,4056.835,4057.265,4052.545,4053.465,0.2638
1784923200000,4053.565,4054.965,4052.015,4052.525,0.118
1784924100000,4052.525,4054.495,4051.905,4053.495,0.0911
1784925000000,4053.495,4055.795,4051.415,4055.215,0.077
1784925900000,4055.215,4055.455,4049.125,4049.125,0.061
1785103200000,4088.645,4097.195,4084.245,4087.705,0.2258
1785104100000,4087.827,4090.035,4082.095,4086.145,0.1157
1785105000000,4085.695,4092.885,4085.075,4090.985,0.0812
1785105900000,4090.995,4093.425,4084.345,4084.675,0.0543
1785106800000,4084.675,4087.385,4082.025,4084.355,0.0291
1785107700000,4084.505,4086.135,4080.625,4084.515,0.048
1785108600000,4084.745,4089.035,4083.035,4088.675,0.0398
1785109500000,4088.575,4096.045,4088.075,4093.845,0.1588
1785110400000,4094.115,4116.145,4093.715,4115.235,0.2632
1785111300000,4115.125,4115.125,4090.275,4094.415,0.2067
1785112200000,4094.305,4102.295,4093.365,4099.725,0.1524
1785113100000,4099.625,4109.215,4098.595,4100.335,0.1686
1785114000000,4100.225,4112.385,4100.225,4106.795,0.3964
1785114900000,4106.895,4108.905,4096.675,4099.795,0.4092
1785115800000,4099.855,4104.095,4097.575,4102.515,0.3707
1785116700000,4102.375,4110.045,4102.375,4109.865,0.3424
1785117600000,4110.025,4110.795,4103.005,4105.415,0.3415
1785118500000,4105.415,4105.765,4101.935,4102.995,0.2236
1785119400000,4102.995,4103.055,4095.185,4096.135,0.2709
1785120300000,4096.105,4097.435,4093.315,4093.435,0.2005
1785121200000,4093.165,4095.565,4088.825,4091.665,0.2638
1785122100000,4091.865,4093.615,4084.365,4085.345,0.2133
1785123000000,4085.235,4090.715,4085.015,4089.425,0.1834
1785123900000,4089.325,4091.285,4088.155,4090.645,0.1272
1785124800000,4090.745,4092.755,4088.245,4089.875,0.1627
1785125700000,4089.995,4090.295,4086.675,4088.595,0.1523
1785126600000,4088.595,4092.095,4088.585,4090.115,0.1465
1785127500000,4090.225,4091.065,4088.945,4089.935,0.1351
1785128400000,4090.075,4094.535,4088.435,4094.485,0.1808
1785129300000,4094.355,4094.455,4085.795,4086.585,0.1534
1785130200000,4086.125,4090.055,4085.415,4087.725,0.2458
1785131100000,4087.885,4093.535,4084.145,4092.965,0.2526
1785132000000,4092.995,4096.365,4091.495,4094.105,0.1973
1785132900000,4094.135,4096.375,4091.015,4095.915,0.174
1785133800000,4095.915,4099.075,4094.045,4098.575,0.1584
1785134700000,4098.505,4098.975,4095.085,4095.845,0.1797
1785135600000,4095.775,4101.975,4095.775,4101.795,0.3238
1785136500000,4101.685,4105.865,4099.535,4102.985,0.2472
1785137400000,4103.095,4103.645,4095.525,4097.115,0.2557
1785138300000,4097.115,4098.975,4088.435,4088.605,0.2608
1785139200000,4088.875,4092.945,4086.875,4091.065,0.3311
1785140100000,4090.985,4092.295,4088.675,4090.625,0.2605
1785141000000,4090.685,4092.725,4087.025,4091.215,0.2434
1785141900000,4091.225,4096.695,4090.615,4095.005,0.1904
1785142800000,4094.845,4098.235,4092.825,4093.745,0.1766
1785143700000,4093.905,4095.615,4090.885,4091.245,0.1731
1785144600000,4091.245,4094.505,4090.075,4093.995,0.1755
1785145500000,4093.995,4100.175,4093.535,4095.915,0.1866
1785146400000,4095.915,4096.255,4086.355,4090.705,0.2377
1785147300000,4090.705,4093.765,4088.945,4092.845,0.1691
1785148200000,4092.955,4101.715,4092.745,4100.185,0.1985
1785149100000,4100.185,4102.165,4098.535,4099.345,0.1617
1785150000000,4099.425,4103.895,4096.765,4101.725,0.2187
1785150900000,4101.875,4103.195,4096.455,4096.665,0.1576
1785151800000,4096.755,4099.735,4094.355,4095.395,0.2484
1785152700000,4095.495,4096.925,4093.555,4093.695,0.2069
1785153600000,4093.825,4097.435,4086.025,4087.455,0.3417
1785154500000,4087.355,4088.865,4081.495,4086.165,0.3589
1785155400000,4086.165,4088.335,4082.945,4086.445,0.2663
1785156300000,4086.475,4088.955,4081.495,4083.475,0.3563
1785157200000,4083.565,4088.625,4080.615,4084.765,0.5263
1785158100000,4084.765,4086.985,4075.785,4075.845,0.4638
1785159000000,4075.845,4089.115,4075.375,4086.545,0.8213
1785159900000,4086.645,4089.405,4070.125,4073.995,0.7126
1785160800000,4074.085,4078.975,4070.905,4076.755,0.7113
1785161700000,4076.805,4078.555,4066.915,4068.145,0.6388
1785162600000,4068.115,4070.475,4065.065,4068.605,0.6599
1785163500000,4068.735,4077.075,4068.735,4075.925,0.533
1785164400000,4075.945,4076.325,4071.575,4075.695,0.5361
1785165300000,4075.695,4079.175,4074.295,4076.215,0.5147
1785166200000,4076.235,4077.725,4072.395,4075.895,0.4816
1785167100000,4075.995,4079.735,4074.375,4078.285,0.3811
1785168000000,4078.295,4084.645,4077.645,4081.125,0.3775
1785168900000,4081.155,4088.625,4079.425,4084.875,0.4402
1785169800000,4084.995,4093.695,4084.865,4088.085,0.4363
1785170700000,4088.225,4088.375,4080.485,4082.055,0.344
1785171600000,4082.215,4082.215,4070.335,4073.265,0.4535
1785172500000,4073.205,4076.585,4072.125,4074.485,0.3675
1785173400000,4074.525,4075.735,4071.855,4074.265,0.2763
1785174300000,4074.265,4077.015,4073.095,4076.125,0.2564
1785175200000,4076.245,4079.095,4075.775,4076.415,0.2719
1785176100000,4076.415,4076.725,4073.885,4076.615,0.2897
1785177000000,4076.565,4079.225,4072.635,4076.075,0.2989
1785177900000,4076.075,4079.355,4074.685,4077.605,0.28
1785178800000,4077.725,4081.565,4075.915,4080.095,0.2497
1785179700000,4080.215,4088.575,4079.145,4085.485,0.2169
1785180600000,4085.695,4087.085,4083.605,4086.715,0.2327
1785181500000,4086.685,4089.245,4082.155,4083.075,0.3054
1785182400000,4083.135,4083.805,4081.125,4081.975,0.0985
1785183300000,4081.875,4081.985,4077.955,4078.425,0.0773
1785184200000,4078.555,4078.955,4075.455,4076.795,0.0931
1785185100000,4076.855,4077.015,4074.995,4076.565,0.0437
1785189600000,4077.045,4081.765,4075.205,4077.275,0.0638
1785190500000,4077.005,4077.005,4069.725,4071.895,0.0553
1785191400000,4072.225,4074.875,4071.755,4074.585,0.0301
1785192300000,4074.385,4074.745,4072.925,4073.305,0.0434
1785193200000,4073.135,4074.805,4070.735,4074.105,0.0716
1785194100000,4073.995,4074.445,4071.755,4072.935,0.0328
1785195000000,4072.575,4073.445,4071.225,4071.805,0.0322
1785195900000,4071.655,4073.245,4069.585,4073.075,0.1122
1785196800000,4072.955,4073.855,4061.475,4066.995,0.2483
1785197700000,4066.785,4067.415,4058.795,4061.785,0.2006
1785198600000,4061.805,4065.925,4060.195,4065.035,0.2029
1785199500000,4065.155,4065.165,4057.205,4057.635,0.2105
1785200400000,4057.455,4060.075,4053.455,4057.735,0.3596
1785201300000,4057.545,4058.955,4046.115,4046.985,0.3454
1785202200000,4046.875,4050.305,4043.225,4048.545,0.2842
1785203100000,4048.645,4048.645,4042.365,4044.865,0.2171
1785204000000,4045.155,4047.415,4042.165,4046.075,0.2427
1785204900000,4045.805,4048.835,4044.895,4046.035,0.1623
1785205800000,4045.985,4047.705,4041.285,4044.025,0.2164
1785206700000,4043.905,4045.245,4040.605,4041.915,0.2245
1785207600000,4041.705,4047.305,4040.185,4045.635,0.2157
1785208500000,4045.745,4049.275,4044.835,4047.495,0.1601
1785209400000,4047.505,4051.035,4046.835,4047.975,0.1754
1785210300000,4048.125,4050.595,4047.675,4049.135,0.1492
1785211200000,4049.005,4049.485,4043.085,4043.685,0.1693
1785212100000,4043.795,4047.815,4043.145,4045.385,0.1174
1785213000000,4045.515,4047.595,4043.385,4047.425,0.1037
1785213900000,4047.615,4047.725,4041.125,4042.085,0.1387
1785214800000,4041.675,4043.785,4039.515,4042.165,0.1664
1785215700000,4041.925,4043.535,4040.495,4042.885,0.1535
1785216600000,4042.835,4045.415,4034.415,4041.265,0.2396
1785217500000,4041.365,4046.455,4039.165,4044.975,0.1819
1785218400000,4044.955,4047.635,4042.755,4043.955,0.1187
1785219300000,4043.925,4048.765,4043.775,4047.245,0.1294
1785220200000,4047.515,4052.235,4046.615,4049.595,0.1189
1785221100000,4049.715,4051.235,4047.775,4048.125,0.1198
1785222000000,4047.965,4051.055,4047.305,4048.635,0.1361
1785222900000,4048.505,4052.315,4048.325,4049.905,0.1111
1785223800000,4050.025,4050.805,4048.385,4049.035,0.1084
1785224700000,4049.205,4049.655,4045.875,4047.055,0.1006
1785225600000,4046.855,4055.015,4042.845,4044.225,0.1846
1785226500000,4044.085,4050.955,4044.085,4049.415,0.1756
1785227400000,4049.565,4049.565,4041.655,4042.955,0.1237
1785228300000,4043.245,4045.985,4041.375,4045.255,0.1108
1785229200000,4045.115,4045.745,4040.475,4040.775,0.1077
1785230100000,4040.875,4043.945,4038.845,4040.075,0.0844
1785231000000,4040.035,4040.195,4029.255,4033.025,0.1449
1785231900000,4033.145,4034.205,4018.985,4023.345,0.1497
1785232800000,4023.155,4026.845,4020.425,4024.095,0.142
1785233700000,4023.655,4025.715,4016.695,4017.355,0.1392
1785234600000,4017.255,4023.435,4016.825,4022.145,0.1294
1785235500000,4022.165,4028.345,4021.955,4026.295,0.1151
1785236400000,4026.405,4028.535,4022.815,4023.745,0.2207
1785237300000,4023.635,4032.115,4023.595,4027.295,0.1445
1785238200000,4027.205,4031.335,4026.195,4027.055,0.122
1785239100000,4026.865,4028.265,4023.775,4027.825,0.122
1785240000000,4027.745,4028.665,4022.605,4027.385,0.1464
1785240900000,4027.425,4034.755,4025.895,4033.945,0.1282
1785241800000,4034.125,4034.755,4025.245,4033.345,0.1643
1785242700000,4033.235,4037.965,4028.245,4028.935,0.1635
1785243600000,4028.935,4035.335,4028.815,4032.675,0.2001
1785244500000,4032.805,4035.865,4028.335,4028.805,0.1469
1785245400000,4028.705,4032.685,4020.045,4025.115,0.4616
1785246300000,4025.005,4028.945,4021.475,4021.975,0.5531
1785247200000,4021.975,4033.345,4021.675,4025.565,0.551
1785248100000,4025.715,4026.575,4011.335,4021.985,0.5657
1785249000000,4021.955,4025.045,4018.555,4022.635,0.5357
1785249900000,4022.635,4029.565,4020.985,4024.235,0.4013
1785250800000,4024.235,4036.075,4022.125,4033.525,0.4662
1785251700000,4033.635,4040.705,4031.445,4035.315,0.5459
1785252600000,4035.565,4041.885,4032.345,4041.085,0.3465
1785253500000,4041.225,4047.025,4041.015,4045.985,0.3327
1785254400000,4045.935,4046.365,4041.765,4044.535,0.2948
1785255300000,4044.605,4045.665,4041.865,4042.095,0.2576
1785256200000,4042.095,4043.695,4040.215,4040.455,0.2515
1785257100000,4040.305,4040.915,4036.405,4037.305,0.2293
1785258000000,4037.445,4040.885,4035.435,4036.765,0.2892
1785258900000,4036.895,4041.495,4035.055,4037.595,0.3507
1785259800000,4037.615,4037.655,4027.395,4028.235,0.2552
1785260700000,4028.195,4029.685,4025.625,4027.675,0.2755
1785261600000,4027.805,4030.175,4026.875,4028.115,0.2259
1785262500000,4028.115,4030.045,4025.675,4026.995,0.315
1785263400000,4026.995,4027.495,4022.835,4024.025,0.3143
1785264300000,4024.275,4025.835,4021.515,4022.865,0.2799
1785265200000,4022.895,4025.665,4022.205,4023.895,0.252
1785266100000,4023.995,4025.135,4021.645,4023.105,0.1978
1785267000000,4023.665,4027.595,4022.805,4025.995,0.2221
1785267900000,4026.175,4027.905,4025.235,4026.225,0.2386
1785268800000,4026.115,4026.415,4022.355,4023.655,0.1144
1785269700000,4023.655,4027.485,4023.495,4027.075,0.0935
1785270600000,4027.115,4030.045,4027.115,4029.805,0.1045
1785271500000,4029.695,4030.295,4026.305,4027.875,0.0472
1785276000000,4024.565,4029.855,4024.345,4024.345,0.0475
1785276900000,4024.375,4024.865,4016.945,4020.665,0.0547
1785277800000,4020.785,4020.875,4013.785,4018.085,0.0697
1785278700000,4017.975,4019.305,4015.075,4017.765,0.0507
1785279600000,4017.815,4022.775,4015.785,4021.685,0.1193
1785280500000,4021.845,4021.845,4014.655,4018.215,0.067
1785281400000,4018.635,4023.195,4017.075,4022.615,0.0473
1785282300000,4023.075,4025.965,4018.725,4024.615,0.1662
1785283200000,4024.745,4025.895,4017.105,4020.325,0.3138
1785284100000,4020.205,4029.475,4020.205,4022.265,0.212
1785285000000,4022.155,4027.495,4021.025,4025.725,0.2287
1785285900000,4025.825,4025.825,4020.125,4021.635,0.3343
1785286800000,4021.515,4021.655,4010.055,4012.905,0.5042
1785287700000,4012.905,4020.095,4011.445,4018.215,0.4315
1785288600000,4018.185,4030.445,4014.675,4027.525,0.4786
1785289500000,4027.525,4028.015,4021.645,4025.695,0.3413
1785290400000,4025.865,4029.195,4022.875,4028.025,0.2869
1785291300000,4027.845,4035.235,4025.975,4032.975,0.2267
1785292200000,4032.855,4037.835,4030.305,4034.735,0.359
1785293100000,4034.535,4034.955,4029.055,4029.255,0.2168
1785294000000,4029.055,4032.755,4027.035,4027.585,0.2404
1785294900000,4027.745,4028.615,4025.215,4026.805,0.1762
1785295800000,4026.595,4029.485,4024.345,4025.765,0.187
1785296700000,4025.905,4026.655,4022.885,4023.285,0.1514
1785297600000,4023.315,4024.535,4021.045,4021.415,0.2173
1785298500000,4021.445,4025.295,4020.235,4023.235,0.209
1785299400000,4023.065,4027.215,4023.015,4026.835,0.1784
1785300300000,4026.885,4027.375,4023.285,4026.955,0.2239
1785301200000,4027.105,4031.555,4026.325,4030.135,0.1829
1785302100000,4030.075,4030.925,4026.795,4030.175,0.1825
1785303000000,4030.305,4039.485,4029.495,4038.785,0.3418
1785303900000,4038.915,4039.755,4031.305,4032.745,0.2798
1785304800000,4032.805,4038.055,4032.805,4037.205,0.1442
1785305700000,4037.215,4043.045,4035.605,4040.775,0.1362
1785306600000,4040.885,4044.605,4040.625,4042.485,0.132
1785307500000,4042.705,4042.705,4039.475,4040.995,0.1668
1785308400000,4041.125,4046.395,4040.765,4045.175,0.2507
1785309300000,4045.175,4047.635,4044.025,4045.755,0.2337
1785310200000,4045.825,4047.345,4044.605,4045.815,0.2312
1785311100000,4045.835,4046.785,4042.425,4043.575,0.2006
1785312000000,4043.485,4044.255,4038.855,4038.935,0.2683
1785312900000,4038.995,4042.065,4035.285,4037.145,0.2381
1785313800000,4037.105,4039.035,4035.555,4038.055,0.2246
1785314700000,4037.995,4039.955,4036.865,4037.455,0.2035
1785315600000,4037.825,4038.245,4035.275,4036.145,0.2049
1785316500000,4036.045,4037.565,4033.275,4033.565,0.1925
1785317400000,4033.705,4034.815,4031.135,4034.155,0.2303
1785318300000,4034.105,4036.275,4031.805,4032.585,0.1898
1785319200000,4032.505,4034.025,4030.615,4031.675,0.2519
1785320100000,4031.675,4033.175,4029.975,4032.875,0.1889
1785321000000,4032.805,4034.265,4026.095,4027.265,0.2101
1785321900000,4027.175,4028.405,4025.765,4027.295,0.1838
1785322800000,4027.345,4029.475,4024.695,4029.455,0.2179
1785323700000,4029.305,4033.415,4028.185,4032.575,0.1916
1785324600000,4032.625,4032.745,4029.975,4030.725,0.1582
1785325500000,4030.835,4036.035,4030.325,4032.615,0.2377
1785326400000,4032.615,4033.305,4025.785,4026.855,0.2391
1785327300000,4026.905,4027.395,4012.605,4013.035,0.6054
1785328200000,4012.975,4022.465,4008.975,4020.785,0.4157
1785329100000,4020.585,4023.535,4018.715,4022.435,0.292
1785330000000,4022.665,4026.265,4014.865,4015.525,0.4646
1785330900000,4015.495,4023.035,4013.595,4014.285,0.4322
1785331800000,4014.285,4017.745,4009.805,4013.565,0.779
1785332700000,4013.275,4015.865,4002.275,4007.025,0.7178
1785333600000,4007.055,4008.505,3995.655,3999.115,0.7307
1785334500000,3999.085,4009.955,3998.745,4005.275,0.6769
1785335400000,4005.305,4009.105,3998.765,4001.015,0.6022
1785336300000,4000.915,4005.575,3998.195,4004.655,0.611
1785337200000,4004.635,4009.665,4003.215,4006.615,0.5563
1785338100000,4006.665,4011.075,4003.525,4010.275,0.4802
1785339000000,4010.305,4013.385,4006.875,4010.365,0.4414
1785339900000,4010.175,4013.555,4008.155,4009.585,0.4031
1785340800000,4009.815,4015.495,4007.465,4009.365,0.3993
1785341700000,4009.415,4017.235,4007.685,4016.325,0.3517
1785342600000,4016.325,4018.875,4014.795,4016.895,0.342
1785343500000,4016.815,4032.595,4015.075,4027.055,0.4787
1785344400000,4027.005,4050.445,4026.985,4041.835,0.6153
1785345300000,4041.835,4050.335,4037.085,4039.105,0.6112
1785346200000,4039.005,4047.185,4036.165,4045.475,0.513
1785347100000,4045.535,4047.895,4041.125,4042.625,0.2795
1785348000000,4042.775,4085.875,4040.835,4080.785,0.5917
1785348900000,4080.895,4083.545,4063.545,4067.465,0.62
1785349800000,4067.445,4086.405,4052.065,4083.005,0.6592
1785350700000,4083.005,4109.595,4081.585,4106.445,0.6243
1785351600000,4106.985,4116.105,4089.785,4099.475,0.5408
1785352500000,4099.345,4104.285,4080.625,4083.865,0.4801
1785353400000,4083.855,4088.105,4065.085,4069.205,0.5005
1785354300000,4069.105,4071.825,4044.185,4044.585,0.5007
1785355200000,4044.365,4055.835,4042.465,4051.875,0.3252
1785356100000,4051.915,4057.215,4043.625,4055.455,0.2339
1785357000000,4055.335,4069.105,4053.735,4066.835,0.125
1785357900000,4066.955,4069.685,4063.155,4066.585,0.1223
1785362400000,4063.105,4077.555,4062.795,4076.185,0.1438
1785363300000,4076.205,4077.385,4072.065,4074.585,0.0938
1785364200000,4074.685,4081.005,4072.355,4080.965,0.0857
1785365100000,4081.095,4090.265,4079.295,4087.355,0.0922
1785366000000,4087.375,4099.225,4087.235,4091.205,0.1179
1785366900000,4091.315,4094.715,4090.175,4093.135,0.0654
1785367800000,4093.275,4094.365,4088.965,4089.745,0.09
1785368700000,4089.975,4092.815,4084.015,4084.245,0.2354
1785369600000,4084.745,4086.495,4078.755,4080.955,0.3123
1785370500000,4080.955,4083.525,4072.645,4075.085,0.3086
1785371400000,4075.215,4076.655,4064.845,4065.835,0.2322
1785372300000,4065.935,4072.725,4064.465,4071.895,0.2002
1785373200000,4071.915,4092.735,4070.005,4075.085,0.6147
1785374100000,4075.225,4084.515,4073.055,4080.905,0.5785
1785375000000,4080.905,4089.625,4080.435,4086.365,0.4873
1785375900000,4086.545,4090.675,4083.575,4084.385,0.3753
1785376800000,4084.315,4090.105,4082.195,4082.375,0.3325
1785377700000,4082.345,4083.605,4079.635,4082.575,0.2945
1785378600000,4082.705,4082.825,4073.355,4076.685,0.4043
1785379500000,4076.575,4076.935,4063.035,4063.325,0.3286
1785380400000,4063.305,4069.825,4060.245,4062.755,0.3661
1785381300000,4062.885,4063.765,4052.125,4053.615,0.4167
1785382200000,4053.725,4055.745,4050.445,4052.205,0.3302
1785383100000,4052.085,4059.505,4052.055,4058.585,0.3172
1785384000000,4058.535,4059.845,4052.655,4053.095,0.256
1785384900000,4052.955,4054.985,4050.645,4053.835,0.2279
1785385800000,4053.835,4053.875,4047.245,4048.335,0.246
1785386700000,4048.405,4051.795,4044.125,4045.825,0.2653
1785387600000,4045.825,4045.965,4041.325,4045.695,0.323
1785388500000,4045.575,4047.005,4037.235,4046.685,0.2892
1785389400000,4046.585,4051.265,4028.155,4033.175,0.555
1785390300000,4033.075,4038.205,4029.755,4033.465,0.4191
1785391200000,4033.505,4039.325,4031.185,4032.305,0.3327
1785392100000,4032.215,4039.285,4029.135,4033.095,0.2414
1785393000000,4032.975,4038.005,4030.835,4035.635,0.2007
1785393900000,4035.635,4040.425,4033.995,4036.505,0.2277
1785394800000,4036.085,4047.715,4035.175,4046.555,0.5549
1785395700000,4046.585,4051.195,4042.735,4045.605,0.4438
1785396600000,4045.595,4047.095,4035.955,4045.655,0.4212
1785397500000,4045.685,4046.465,4037.965,4038.765,0.3845
1785398400000,4038.705,4055.975,4036.595,4052.965,0.5299
1785399300000,4052.925,4068.245,4051.995,4064.235,0.4909
1785400200000,4064.325,4072.675,4062.765,4065.605,0.5036
1785401100000,4065.625,4070.865,4059.185,4061.175,0.3566
1785402000000,4061.285,4068.715,4060.155,4065.655,0.3583
1785402900000,4065.705,4072.245,4064.265,4067.395,0.3898
1785403800000,4067.395,4068.945,4060.325,4065.235,0.3695
1785404700000,4065.375,4072.935,4062.095,4063.115,0.3136
1785405600000,4063.275,4074.505,4062.845,4068.175,0.4396
1785406500000,4068.295,4077.435,4067.395,4076.205,0.4286
1785407400000,4076.255,4082.525,4075.065,4080.995,0.4365
1785408300000,4080.985,4083.095,4077.795,4077.845,0.3425
1785409200000,4077.715,4082.835,4077.425,4079.525,0.36
1785410100000,4079.525,4081.745,4076.315,4077.255,0.3104
1785411000000,4077.525,4079.315,4076.055,4077.345,0.3257
1785411900000,4077.345,4080.555,4075.465,4077.555,0.321
1785412800000,4077.535,4082.405,4074.535,4078.605,0.4168
1785413700000,4078.715,4081.165,4071.415,4076.305,0.3903
1785414600000,4076.315,4086.415,4071.555,4076.995,0.5984
1785415500000,4077.045,4079.175,4066.935,4068.755,0.5877
1785416400000,4068.895,4076.515,4064.895,4076.515,0.6192
1785417300000,4076.405,4083.775,4071.945,4080.035,0.5866
1785418200000,4079.745,4098.285,4074.655,4088.405,0.8234
1785419100000,4088.575,4112.495,4085.365,4112.055,0.6278
1785420000000,4111.845,4120.16,4093.605,4097.965,0.5657
1785420900000,4098.095,4099.935,4086.775,4095.865,0.4337
1785421800000,4095.935,4111.145,4094.515,4110.595,0.3568
1785422700000,4110.475,4112.775,4096.215,4099.865,0.4718
1785423600000,4099.865,4100.095,4082.965,4085.335,0.7515
1785424500000,4085.225,4097.035,4084.475,4095.825,0.6733
1785425400000,4095.985,4106.745,4092.405,4105.215,0.587
1785426300000,4105.225,4109.935,4103.325,4108.025,0.4859
1785427200000,4108.025,4115.715,4107.615,4113.965,0.4984
1785428100000,4113.885,4119.105,4113.455,4115.865,0.3983
1785429000000,4115.815,4116.225,4108.175,4108.435,0.452
1785429900000,4108.435,4110.525,4106.465,4110.525,0.3624
1785430800000,4110.545,4111.075,4104.665,4104.675,0.3895
1785431700000,4104.695,4108.025,4098.115,4101.545,0.4121
1785432600000,4100.605,4108.025,4099.745,4105.755,0.5108
1785433500000,4105.695,4108.325,4100.985,4102.435,0.3567
1785434400000,4102.455,4106.635,4102.445,4106.255,0.3582
1785435300000,4106.215,4106.555,4100.575,4103.325,0.3692
1785436200000,4103.325,4107.585,4102.745,4104.705,0.2977
1785437100000,4104.705,4105.075,4098.535,4099.465,0.2714
1785438000000,4099.415,4105.445,4098.625,4104.495,0.3251
1785438900000,4104.455,4114.735,4102.725,4112.655,0.3618
1785439800000,4112.565,4115.175,4111.315,4112.025,0.2965
1785440700000,4112.045,4112.935,4108.995,4111.775,0.3574
1785441600000,4111.825,4117.185,4109.775,4113.615,0.345
1785442500000,4113.755,4114.605,4111.325,4111.595,0.1996
1785443400000,4112.105,4112.275,4102.085,4102.515,0.2729
1785444300000,4102.515,4103.595,4098.835,4102.795,0.0608
1785448800000,4104.315,4107.445,4100.675,4106.535,0.0813
1785449700000,4106.575,4108.565,4105.11,4107.575,0.0761
1785450600000,4106.165,4110.535,4106.035,4110.205,0.0583
1785451500000,4110.315,4111.295,4108.615,4108.675,0.0597
1785452400000,4108.675,4111.305,4106.185,4106.945,0.0924
1785453300000,4107.045,4107.145,4103.415,4103.835,0.0731
1785454200000,4104.125,4107.435,4101.735,4105.775,0.0882
1785455100000,4105.915,4109.695,4105.075,4105.605,0.1035
1785456000000,4105.865,4106.755,4100.155,4100.915,0.2159
1785456900000,4100.675,4103.585,4095.555,4096.215,0.2119
1785457800000,4096.085,4097.215,4090.105,4092.685,0.2048
1785458700000,4092.685,4095.765,4090.205,4094.405,0.2188
1785459600000,4094.555,4101.325,4088.265,4088.795,0.4056
1785460500000,4088.695,4094.725,4086.315,4091.745,0.3042
1785461400000,4091.855,4091.985,4083.435,4085.555,0.2742
1785462300000,4085.065,4089.355,4081.635,4084.245,0.275
1785463200000,4084.265,4090.295,4081.365,4085.415,0.252
1785464100000,4085.535,4085.535,4081.145,4081.915,0.147
1785465000000,4081.815,4084.005,4075.035,4075.115,0.2222
1785465900000,4075.395,4078.225,4073.755,4075.845,0.208
1785466800000,4075.475,4076.035,4071.595,4073.305,0.2205
1785467700000,4073.205,4075.855,4071.905,4074.945,0.1756
1785468600000,4074.845,4079.445,4074.585,4076.045,0.175
1785469500000,4076.005,4077.245,4073.995,4074.855,0.1217
1785470400000,4074.855,4076.715,4072.815,4076.515,0.1301
1785471300000,4076.495,4080.035,4074.055,4079.815,0.1316
1785472200000,4080.035,4081.055,4078.895,4078.925,0.106
1785473100000,4078.925,4080.025,4074.395,4079.865,0.1258
1785474000000,4079.845,4083.075,4079.375,4079.535,0.1261
1785474900000,4079.635,4082.665,4079.225,4080.505,0.1011
1785475800000,4080.675,4081.505,4075.655,4076.095,0.2529
1785476700000,4076.025,4076.125,4073.085,4073.965,0.2095
1785477600000,4074.065,4082.685,4072.575,4082.095,0.1317
1785478500000,4082.115,4087.205,4080.975,4084.665,0.1551
1785479400000,4084.685,4084.865,4076.935,4077.875,0.1641
1785480300000,4077.985,4081.515,4076.185,4077.375,0.2027
1785481200000,4077.235,4078.965,4075.165,4077.385,0.2623
1785482100000,4077.335,4079.015,4071.785,4072.455,0.2503
1785483000000,4072.505,4073.795,4068.025,4072.045,0.2633
1785483900000,4072.135,4074.265,4067.415,4067.455,0.2566
1785484800000,4067.885,4067.954,4061.045,4062.025,0.3419
1785485700000,4061.995,4067.235,4057.775,4058.475,0.3304
1785486600000,4058.465,4061.305,4054.105,4059.075,0.2932
1785487500000,4059.075,4064.375,4057.605,4060.865,0.3049
1785488400000,4060.835,4063.775,4055.105,4056.575,0.4071
1785489300000,4056.685,4057.265,4051.115,4052.175,0.3056
1785490200000,4052.025,4054.515,4050.125,4052.935,0.251
1785491100000,4052.935,4057.045,4052.145,4054.895,0.2052
1785492000000,4054.835,4058.205,4053.045,4055.625,0.2226
1785492900000,4055.625,4055.865,4051.815,4053.025,0.1669
1785493800000,4052.945,4056.305,4052.785,4054.615,0.1978
1785494700000,4054.425,4056.905,4053.555,4054.315,0.1799
1785495600000,4054.205,4059.105,4051.935,4056.855,0.254
1785496500000,4056.855,4060.865,4053.785,4058.625,0.3154
1785497400000,4058.575,4058.625,4050.295,4051.925,0.3006
1785498300000,4051.835,4055.345,4051.155,4053.425,0.2217
1785499200000,4053.905,4059.075,4052.315,4058.955,0.2984
1785500100000,4058.945,4059.235,4046.845,4046.845,0.3121
1785501000000,4046.965,4051.475,4042.405,4044.435,0.4611
1785501900000,4044.375,4046.175,4040.425,4040.705,0.3927
1785502800000,4040.615,4042.495,4034.565,4036.035,0.5453
1785503700000,4036.125,4046.815,4035.375,4042.405,0.5185
1785504600000,4042.285,4043.695,4022.435,4024.765,0.7417
1785505500000,4024.715,4032.105,4021.985,4025.295,0.7204
1785506400000,4025.275,4032.255,4020.545,4031.895,0.7918
1785507300000,4031.805,4040.045,4029.645,4038.575,0.8027
1785508200000,4038.755,4042.885,4036.435,4041.335,0.6491
1785509100000,4041.245,4050.065,4040.825,4049.005,0.6605
1785510000000,4049.105,4050.565,4042.595,4046.895,0.707
1785510900000,4046.795,4052.505,4039.965,4041.045,0.6507
1785511800000,4040.995,4043.425,4036.545,4042.015,0.5954
1785512700000,4042.125,4046.615,4039.755,4045.375,0.5521
1785513600000,4045.375,4046.705,4041.165,4046.135,0.4643
1785514500000,4046.185,4048.385,4042.985,4047.345,0.4423
1785515400000,4047.465,4049.765,4041.035,4042.335,0.3966
1785516300000,4042.415,4044.985,4041.975,4043.185,0.3386
1785517200000,4043.195,4046.275,4041.325,4045.395,0.3546
1785518100000,4045.215,4053.405,4044.685,4050.235,0.438
1785519000000,4050.405,4053.035,4047.455,4051.895,0.4757
1785519900000,4051.775,4054.565,4049.965,4053.445,0.4654
1785520800000,4053.275,4055.025,4046.905,4047.965,0.4231
1785521700000,4047.885,4051.575,4047.465,4050.885,0.3362
1785522600000,4050.695,4051.565,4047.725,4049.235,0.2239
1785523500000,4049.215,4051.415,4047.985,4050.565,0.2235
1785524400000,4050.535,4052.775,4046.725,4047.825,0.2313
1785525300000,4047.825,4050.435,4046.875,4050.305,0.227
1785526200000,4050.315,4054.555,4048.785,4053.935,0.2778
1785527100000,4053.935,4055.535,4049.925,4050.695,0.4405
1785528000000,4050.685,4051.685,4044.955,4047.505,0.2452
1785528900000,4047.615,4048.605,4046.135,4047.905,0.1265
1785529800000,4047.905,4052.705,4046.945,4050.875,0.1796
1785530700000,4051.065,4051.985,4035.085,4043.235,0.2964
1785708000000,4081.935,4081.935,4066.805,4075.995,0.2508
1785708900000,4075.705,4076.865,4063.225,4065.625,0.1228
1785709800000,4065.515,4068.025,4063.785,4066.695,0.1146
1785710700000,4066.585,4066.935,4059.025,4059.385,0.0856
1785711600000,4059.085,4066.645,4058.945,4066.345,0.0387
1785712500000,4066.235,4072.585,4065.855,4071.925,0.0773
1785713400000,4071.765,4072.265,4067.615,4069.365,0.0462
1785714300000,4069.545,4074.525,4067.955,4073.265,0.1238
1785715200000,4074.665,4079.155,4069.515,4071.585,0.2077
1785716100000,4071.435,4072.765,4060.825,4064.035,0.1906
1785717000000,4063.845,4069.695,4056.395,4058.045,0.2306
1785717900000,4057.925,4060.415,4055.395,4056.725,0.2618
1785718800000,4056.885,4063.165,4051.265,4052.055,0.5216
1785719700000,4052.115,4054.995,4047.085,4052.515,0.3505
1785720600000,4052.375,4056.935,4047.155,4050.935,0.3969
1785721500000,4050.825,4057.365,4049.675,4056.375,0.294
1785722400000,4056.485,4060.695,4052.965,4055.475,0.2648
1785723300000,4055.405,4060.565,4051.865,4058.095,0.2083
1785724200000,4057.895,4060.415,4052.225,4059.365,0.3374
1785725100000,4059.135,4066.995,4058.205,4062.105,0.2746
1785726000000,4062.235,4065.205,4060.675,4064.095,0.2496
1785726900000,4063.875,4067.795,4061.265,4063.765,0.2418
1785727800000,4063.645,4064.815,4060.265,4060.445,0.145
1785728700000,4060.445,4066.585,4058.915,4064.845,0.1481
1785729600000,4064.935,4068.205,4063.955,4066.415,0.1449
1785730500000,4066.275,4070.875,4065.775,4068.065,0.1283
1785731400000,4068.205,4071.185,4068.105,4070.225,0.1419
1785732300000,4070.275,4071.595,4063.505,4063.535,0.1542
1785733200000,4063.545,4065.135,4056.255,4057.185,0.2554
1785734100000,4057.075,4062.365,4053.855,4059.925,0.1872
1785735000000,4059.545,4064.595,4054.845,4063.285,0.3194
1785735900000,4063.395,4069.705,4058.665,4068.645,0.2799
1785736800000,4068.645,4070.925,4065.735,4065.735,0.1813
1785737700000,4065.835,4071.695,4065.245,4068.205,0.2053
1785738600000,4068.105,4068.595,4060.265,4065.365,0.1661
1785739500000,4065.245,4066.735,4062.485,4063.815,0.16
1785740400000,4063.655,4065.095,4059.465,4061.385,0.3091
1785741300000,4061.325,4061.785,4051.915,4057.925,0.4169
1785742200000,4058.025,4061.015,4056.445,4059.515,0.2529
1785743100000,4059.515,4063.135,4058.095,4060.875,0.2468
1785744000000,4060.865,4062.025,4058.125,4061.565,0.2891
1785744900000,4061.565,4062.285,4054.065,4055.965,0.2796
1785745800000,4055.915,4060.565,4054.715,4058.285,0.263
1785746700000,4058.385,4060.755,4057.455,4059.255,0.2292
1785747600000,4058.995,4061.985,4057.055,4061.345,0.2181
1785748500000,4061.295,4061.335,4051.935,4052.515,0.2381
1785749400000,4052.445,4054.585,4046.275,4053.295,0.3211
1785750300000,4053.295,4057.925,4053.155,4055.115,0.2328
1785751200000,4055.235,4056.885,4052.885,4056.055,0.2161
1785752100000,4056.055,4056.845,4051.755,4053.255,0.2262
1785753000000,4053.345,4053.525,4048.455,4049.005,0.2136
1785753900000,4049.065,4050.515,4045.655,4049.145,0.1998
1785754800000,4049.235,4052.725,4047.525,4049.605,0.2607
1785755700000,4049.555,4049.735,4045.285,4048.195,0.2359
1785756600000,4048.165,4054.915,4047.735,4053.355,0.2329
1785757500000,4053.465,4062.895,4052.425,4062.295,0.3134
1785758400000,4062.405,4064.415,4054.505,4055.655,0.332
1785759300000,4055.715,4056.355,4048.365,4050.595,0.3405
1785760200000,4050.835,4052.685,4042.015,4044.855,0.3647
1785761100000,4044.785,4048.715,4043.115,4047.445,0.3144
1785762000000,4047.595,4053.425,4038.315,4038.625,0.6367
1785762900000,4038.635,4040.285,4031.295,4034.085,0.5393
1785763800000,4034.095,4035.335,4018.915,4031.845,0.7406
1785764700000,4031.875,4035.385,4028.035,4031.605,0.5765
1785765600000,4029.915,4036.025,4026.435,4033.065,0.6217
1785766500000,4033.095,4035.935,4029.775,4032.305,0.5034
1785767400000,4032.375,4037.875,4031.735,4036.205,0.4748
1785768300000,4036.355,4039.125,4033.525,4036.055,0.4435
1785769200000,4036.075,4037.045,4030.185,4033.135,0.4845
1785770100000,4033.085,4038.305,4030.575,4032.575,0.4404
1785771000000,4032.665,4038.735,4030.795,4036.565,0.4147
1785771900000,4036.705,4040.825,4035.265,4035.865,0.3417
1785772800000,4035.925,4037.405,4034.415,4036.425,0.2783
1785773700000,4036.355,4038.425,4034.745,4036.795,0.2896
1785774600000,4036.785,4039.075,4035.385,4038.445,0.3133
1785775500000,4038.595,4038.595,4035.505,4036.745,0.2674
1785776400000,4036.855,4037.485,4033.075,4034.095,0.2683
1785777300000,4034.115,4037.695,4033.625,4034.175,0.3476
1785778200000,4034.425,4036.705,4033.465,4035.875,0.2376
1785779100000,4035.895,4036.195,4030.025,4030.345,0.2373
1785780000000,4030.425,4038.365,4029.465,4034.885,0.285
1785780900000,4034.915,4038.845,4034.775,4037.725,0.2619
1785781800000,4037.645,4041.315,4036.295,4041.265,0.2057
1785782700000,4041.195,4044.875,4040.285,4043.325,0.2637
1785783600000,4043.325,4049.265,4043.275,4046.105,0.3059
1785784500000,4046.075,4054.135,4046.075,4052.825,0.2859
1785785400000,4052.905,4055.705,4051.745,4053.825,0.2431
1785786300000,4053.715,4055.545,4051.305,4051.835,0.2934
1785787200000,4051.835,4052.815,4049.935,4052.335,0.1241
1785788100000,4052.255,4055.775,4051.225,4054.035,0.0881
1785789000000,4054.135,4058.015,4053.625,4055.955,0.1067
1785789900000,4056.225,4057.055,4053.695,4054.405,0.0474
1785794400000,4048.785,4054.215,4048.445,4051.195,0.047
1785795300000,4051.065,4052.405,4050.305,4051.865,0.022
1785796200000,4051.705,4053.365,4051.225,4052.795,0.0251
1785797100000,4052.515,4053.175,4050.875,4052.415,0.0438
1785798000000,4052.305,4054.495,4049.795,4051.065,0.0728
1785798900000,4051.175,4054.525,4050.365,4051.485,0.0549
1785799800000,4051.485,4052.625,4050.945,4052.185,0.0273
1785800700000,4052.255,4053.875,4050.965,4053.785,0.0873
1785801600000,4053.555,4069.015,4052.805,4063.145,0.2765
1785802500000,4063.025,4064.125,4057.595,4058.815,0.1566
1785803400000,4058.715,4060.555,4055.155,4055.965,0.1469
1785804300000,4056.125,4057.815,4048.475,4048.945,0.2307
1785805200000,4048.445,4050.365,4042.345,4046.675,0.3641
1785806100000,4046.835,4052.505,4046.605,4048.955,0.2221
1785807000000,4049.205,4060.135,4048.235,4058.885,0.3558
1785807900000,4058.885,4061.695,4056.305,4058.375,0.3217
1785808800000,4058.475,4061.055,4055.405,4058.155,0.2961
1785809700000,4058.155,4059.545,4055.485,4056.585,0.1965
1785810600000,4056.435,4064.935,4055.445,4061.645,0.2764
1785811500000,4061.535,4062.245,4057.775,4058.665,0.1941
1785812400000,4058.555,4060.595,4056.175,4057.845,0.2352
1785813300000,4057.685,4061.515,4057.425,4057.565,0.2114
1785814200000,4057.645,4058.755,4052.375,4052.615,0.1903
1785815100000,4052.735,4055.475,4051.845,4052.325,0.1432
1785816000000,4052.325,4056.675,4050.825,4056.435,0.1385
1785816900000,4056.935,4061.485,4055.695,4061.255,0.1837
1785817800000,4061.255,4063.965,4060.195,4062.365,0.1405
1785818700000,4062.295,4065.915,4062.085,4063.605,0.1546
1785819600000,4063.835,4064.535,4056.825,4057.755,0.1751
1785820500000,4057.655,4063.745,4057.115,4062.985,0.1548
1785821400000,4063.245,4067.555,4058.885,4062.655,0.2809
1785822300000,4062.775,4064.425,4058.325,4061.575,0.2414
1785823200000,4061.615,4065.915,4061.605,4064.085,0.1721
1785824100000,4064.075,4064.735,4059.445,4059.625,0.1163
1785825000000,4059.745,4060.045,4055.535,4059.925,0.1489
1785825900000,4059.905,4063.495,4058.595,4063.225,0.146
1785826800000,4063.115,4065.605,4060.565,4060.895,0.2637
1785827700000,4060.825,4065.525,4060.675,4062.845,0.2533
1785828600000,4062.815,4066.645,4061.255,4062.665,0.2327
1785829500000,4062.675,4066.045,4061.995,4065.295,0.1642
1785830400000,4065.335,4072.765,4064.445,4068.015,0.3424
1785831300000,4067.855,4068.585,4060.175,4063.255,0.2333
1785832200000,4063.085,4064.445,4058.245,4059.235,0.2857
1785833100000,4059.155,4059.435,4054.315,4054.905,0.2537
1785834000000,4054.795,4055.205,4048.305,4050.525,0.2619
1785834900000,4050.335,4051.925,4048.495,4050.195,0.2468
1785835800000,4050.255,4051.095,4045.815,4050.205,0.206
1785836700000,4050.165,4050.795,4047.165,4049.665,0.1821
1785837600000,4049.765,4049.775,4046.775,4048.865,0.1945
1785838500000,4048.865,4049.785,4045.385,4048.955,0.1529
1785839400000,4049.075,4053.805,4046.325,4052.555,0.1994
1785840300000,4052.505,4060.545,4052.335,4053.615,0.4823
1785841200000,4053.635,4058.625,4052.175,4056.455,0.3099
1785842100000,4056.475,4060.935,4055.255,4060.625,0.2579
1785843000000,4060.805,4070.465,4059.695,4069.455,0.3922
1785843900000,4069.415,4084.115,4066.965,4074.815,0.6822
1785844800000,4074.975,4075.855,4060.715,4061.935,0.5133
1785845700000,4061.995,4070.165,4060.915,4067.865,0.3659
1785846600000,4068.025,4084.265,4068.025,4077.885,0.5077
1785847500000,4077.885,4079.145,4069.275,4070.685,0.3996
1785848400000,4070.815,4071.525,4060.945,4063.685,0.4905
1785849300000,4063.835,4091.075,4062.205,4078.385,0.5756
1785850200000,4078.385,4091.405,4075.815,4083.245,0.7613
1785851100000,4083.145,4094.055,4081.525,4083.685,0.6001
1785852000000,4083.745,4091.305,4082.785,4090.005,0.5131
1785852900000,4089.965,4091.755,4080.455,4083.605,0.5568
1785853800000,4083.705,4086.705,4074.215,4079.735,0.6407
1785854700000,4079.505,4084.605,4077.605,4083.365,0.4498
1785855600000,4083.485,4085.445,4079.395,4083.925,0.3817
1785856500000,4083.945,4084.275,4074.465,4078.135,0.4674
1785857400000,4078.175,4087.015,4076.335,4083.785,0.5134
1785858300000,4083.745,4088.675,4082.635,4087.155,0.4211
1785859200000,4087.235,4088.385,4084.115,4084.985,0.3944
1785860100000,4085.125,4089.935,4082.855,4087.485,0.3354
1785861000000,4087.445,4089.385,4084.855,4088.975,0.2911
1785861900000,4089.015,4093.455,4088.485,4093.195,0.2944
1785862800000,4093.105,4106.402,4092.245,4099.835,0.4901
1785863700000,4099.955,4101.115,4094.095,4094.595,0.418
1785864600000,4094.535,4096.135,4091.595,4095.345,0.28
1785865500000,4095.225,4096.315,4085.945,4085.945,0.324
1785866400000,4085.925,4088.775,4084.695,4088.545,0.3605
1785867300000,4088.395,4088.925,4084.175,4084.535,0.2911
1785868200000,4084.375,4085.715,4076.085,4076.505,0.3028
1785869100000,4076.505,4081.075,4075.065,4079.655,0.2795
1785870000000,4079.745,4084.165,4078.605,4081.545,0.2312
1785870900000,4081.665,4084.635,4079.165,4080.075,0.2557
1785871800000,4079.905,4082.405,4078.505,4081.245,0.1977
1785872700000,4081.195,4082.125,4076.055,4078.315,0.2725
1785873600000,4078.315,4080.095,4077.795,4078.805,0.1816
1785874500000,4078.745,4078.745,4074.405,4075.165,0.2038
1785875400000,4075.145,4078.395,4075.045,4077.325,0.1319
1785876300000,4077.415,4077.985,4075.635,4077.495,0.0423
1785880800000,4075.655,4078.515,4074.895,4076.595,0.0436
1785881700000,4076.345,4079.775,4075.285,4079.545,0.0852
1785882600000,4079.745,4085.715,4078.935,4083.725,0.0925
1785883500000,4083.615,4084.385,4075.265,4075.265,0.1208
1785884400000,4075.515,4076.675,4068.105,4073.235,0.2063
1785885300000,4072.975,4074.675,4065.065,4066.885,0.1366
1785886200000,4066.885,4069.885,4065.675,4068.785,0.0859
1785887100000,4069.065,4073.465,4068.855,4072.595,0.1117
1785888000000,4072.325,4073.965,4070.215,4071.445,0.2367
1785888900000,4071.455,4078.785,4071.065,4078.225,0.1899
1785889800000,4078.335,4082.745,4077.815,4077.995,0.1606
1785890700000,4078.125,4083.315,4077.495,4082.155,0.1782
1785891600000,4082.185,4086.685,4077.235,4085.705,0.3947
1785892500000,4085.605,4088.385,4082.305,4084.315,0.2843
1785893400000,4084.145,4092.965,4079.755,4092.775,0.3147
1785894300000,4092.645,4102.305,4092.535,4101.085,0.2841
1785895200000,4101.185,4102.695,4096.165,4099.375,0.2935
1785896100000,4099.545,4108.265,4095.175,4103.175,0.2879
1785897000000,4103.875,4128.415,4101.135,4127.955,0.5365
1785897900000,4128.165,4135.085,4124.305,4128.905,0.4922
1785898800000,4128.855,4135.865,4126.515,4135.535,0.3291
1785899700000,4135.525,4136.225,4129.525,4130.195,0.2455
1785900600000,4130.025,4130.505,4127.165,4128.425,0.2116
1785901500000,4128.235,4130.075,4127.205,4127.985,0.1296
1785902400000,4127.955,4141.165,4127.955,4138.245,0.2769
1785903300000,4138.355,4140.805,4137.545,4138.275,0.1574
1785904200000,4138.455,4138.565,4132.945,4134.345,0.1365
1785905100000,4134.345,4136.035,4132.235,4135.265,0.136
1785906000000,4135.155,4138.015,4134.385,4136.905,0.1935
1785906900000,4136.905,4141.875,4135.215,4139.245,0.1802
1785907800000,4139.415,4159.245,4139.345,4156.945,0.471
1785908700000,4157.275,4172.645,4156.865,4161.15,0.5558
1785909600000,4161.072,4173.975,4159.995,4173.045,0.255
1785910500000,4172.955,4173.295,4160.825,4168.645,0.214
1785911400000,4168.475,4177.995,4166.835,4175.345,0.2476
1785912300000,4175.465,4178.215,4172.215,4177.425,0.2244
1785913200000,4177.665,4179.345,4165.995,4166.015,0.3899
1785914100000,4166.045,4169.145,4162.855,4164.105,0.3403
1785915000000,4164.105,4166.735,4162.105,4166.445,0.283
1785915900000,4166.495,4171.905,4163.975,4170.685,0.2449
1785916800000,4170.645,4172.425,4164.645,4165.285,0.273
1785917700000,4165.385,4167.885,4161.925,4164.335,0.2515
1785918600000,4164.335,4166.985,4161.305,4165.905,0.2532
1785919500000,4165.995,4166.055,4158.885,4160.385,0.2368
1785920400000,4160.535,4167.065,4160.385,4162.765,0.2438
1785921300000,4162.725,4162.725,4155.015,4157.435,0.2658
1785922200000,4157.525,4159.015,4154.315,4158.125,0.2663
1785923100000,4158.125,4159.145,4152.925,4157.845,0.2521
1785924000000,4157.875,4157.875,4150.145,4151.085,0.2011
1785924900000,4151.105,4158.435,4150.145,4156.655,0.2081
1785925800000,4156.665,4157.705,4153.735,4155.035,0.1766
1785926700000,4155.225,4161.465,4153.475,4161.335,0.2092
1785927600000,4161.345,4170.875,4160.715,4170.745,0.2608
1785928500000,4170.745,4180.695,4169.135,4175.805,0.2816
1785929400000,4175.905,4188.505,4173.835,4184.705,0.4232
1785930300000,4184.705,4192.375,4182.605,4188.495,0.3309
1785931200000,4188.495,4199.685,4188.495,4196.475,0.4687
1785932100000,4196.435,4213.265,4196.435,4205.095,0.526
1785933000000,4205.165,4208.815,4192.535,4194.495,0.4603
1785933900000,4194.595,4195.475,4182.905,4183.695,0.4287
1785934800000,4183.695,4196.955,4183.555,4187.735,0.5477
1785935700000,4187.965,4197.945,4185.505,4196.785,0.4023
1785936600000,4196.925,4204.175,4192.355,4197.295,0.6773
1785937500000,4197.655,4206.405,4189.275,4205.565,0.539
1785938400000,4203.995,4234.655,4203.115,4229.275,0.7163
1785939300000,4229.165,4240.425,4226.375,4236.765,0.7143
1785940200000,4236.665,4243.455,4228.535,4242.955,0.7202
1785941100000,4243.205,4247.355,4233.035,4243.945,0.6837
1785942000000,4243.945,4260.815,4242.495,4257.735,0.6745
1785942900000,4257.855,4264.915,4249.975,4257.105,0.5928
1785943800000,4257.245,4259.635,4252.165,4255.635,0.4174
1785944700000,4255.565,4255.715,4231.975,4232.515,0.5976
1785945600000,4232.555,4236.045,4224.515,4234.055,0.5583
1785946500000,4234.075,4241.675,4232.425,4241.185,0.4208
1785947400000,4241.205,4246.775,4238.805,4244.425,0.3869
1785948300000,4244.525,4247.175,4237.995,4242.015,0.3708
1785949200000,4242.235,4244.205,4238.965,4241.965,0.3532
1785950100000,4241.845,4246.525,4236.615,4244.615,0.418
1785951000000,4244.425,4250.945,4240.675,4248.065,0.3456
1785951900000,4247.945,4252.205,4247.135,4249.885,0.2363
1785952800000,4249.535,4257.325,4248.775,4252.855,0.2999
1785953700000,4252.855,4267.715,4252.685,4262.675,0.3298
1785954600000,4262.535,4263.455,4254.255,4259.055,0.2459
1785955500000,4259.085,4263.455,4257.785,4260.665,0.2383
1785956400000,4260.785,4262.055,4255.875,4257.745,0.2444
1785957300000,4257.855,4257.965,4250.155,4252.785,0.2481
1785958200000,4252.785,4253.895,4248.085,4252.875,0.2699
1785959100000,4252.765,4253.255,4245.955,4246.705,0.3285
1785960000000,4246.655,4249.375,4246.385,4248.925,0.122
1785960900000,4249.045,4249.405,4245.145,4245.945,0.0665
1785961800000,4245.945,4249.355,4244.985,4245.245,0.0614
1785962700000,4245.085,4247.515,4242.825,4246.805,0.0521
1785967200000,4247.545,4253.795,4245.345,4247.205,0.0966
1785968100000,4247.115,4248.375,4246.435,4247.775,0.0577
1785969000000,4247.595,4250.125,4246.955,4247.935,0.0561
1785969900000,4248.035,4249.365,4247.445,4249.035,0.0543
1785970800000,4249.075,4258.055,4248.195,4256.125,0.0821
1785971700000,4255.985,4263.965,4255.715,4263.205,0.0861
1785972600000,4263.365,4281.795,4260.735,4280.475,0.1793
1785973500000,4280.225,4280.495,4271.675,4279.005,0.1564
1785974400000,4277.985,4277.985,4264.185,4270.375,0.3291
1785975300000,4270.375,4284.455,4270.265,4273.805,0.335
1785976200000,4273.685,4290.895,4273.575,4286.015,0.3058
1785977100000,4286.205,4300.005,4285.725,4294.505,0.3105
1785978000000,4294.385,4302.515,4279.695,4284.325,0.545
1785978900000,4284.455,4287.665,4272.465,4275.695,0.5252
1785979800000,4275.805,4297.085,4275.455,4287.195,0.5245
1785980700000,4287.385,4297.105,4282.715,4286.055,0.5139
1785981600000,4286.235,4303.745,4283.295,4294.795,0.4785
1785982500000,4294.595,4299.745,4291.485,4291.885,0.2756
1785983400000,4291.885,4292.265,4280.555,4285.375,0.4227
1785984300000,4285.655,4286.685,4274.755,4278.245,0.4129
1785985200000,4278.305,4280.725,4273.515,4273.705,0.3373
1785986100000,4273.605,4273.965,4260.535,4265.975,0.4075
1785987000000,4265.825,4266.495,4261.265,4262.645,0.2165
1785987900000,4262.725,4265.565,4260.015,4265.345,0.2191
1785988800000,4265.155,4267.065,4261.785,4263.105,0.2375
1785989700000,4263.005,4263.705,4252.355,4254.905,0.2311
1785990600000,4254.925,4261.005,4254.925,4258.845,0.2191
1785991500000,4258.845,4262.845,4258.075,4261.795,0.1888
1785992400000,4261.525,4265.185,4255.975,4259.065,0.2893
1785993300000,4259.025,4259.045,4252.965,4253.605,0.2531
1785994200000,4253.815,4265.745,4246.925,4263.405,0.4204
1785995100000,4263.575,4268.245,4261.875,4266.805,0.3169
1785996000000,4266.935,4268.365,4256.335,4260.375,0.1993
1785996900000,4260.025,4260.965,4254.195,4257.265,0.1683
1785997800000,4257.405,4257.735,4248.975,4256.395,0.1846
1785998700000,4256.335,4258.055,4250.785,4255.875,0.2403
1785999600000,4255.815,4263.565,4253.005,4263.035,0.3075
1786000500000,4263.165,4265.215,4258.135,4261.605,0.2549
1786001400000,4261.645,4261.755,4254.545,4254.695,0.2192
1786002300000,4254.845,4262.715,4252.555,4262.525,0.2821
1786003200000,4262.635,4269.285,4260.015,4268.785,0.3097
1786004100000,4268.605,4270.555,4263.375,4267.735,0.3103
1786005000000,4267.715,4274.805,4266.345,4273.105,0.3078
1786005900000,4273.215,4278.705,4270.195,4278.065,0.3444
1786006800000,4278.055,4283.565,4275.875,4279.625,0.3543
1786007700000,4279.875,4284.555,4278.255,4283.335,0.2665
1786008600000,4283.295,4284.235,4271.445,4271.445,0.2762
1786009500000,4271.625,4275.955,4270.975,4272.735,0.2039
1786010400000,4272.735,4273.295,4268.325,4269.345,0.2417
1786011300000,4269.345,4270.775,4266.985,4269.105,0.2181
1786012200000,4269.255,4269.595,4264.245,4265.105,0.2286
1786013100000,4265.115,4271.335,4264.475,4270.635,0.2142
1786014000000,4270.645,4273.305,4266.425,4268.835,0.3315
1786014900000,4268.835,4271.255,4260.295,4264.085,0.2795
1786015800000,4264.195,4266.805,4259.505,4260.455,0.2662
1786016700000,4260.455,4263.675,4253.905,4263.205,0.3886
1786017600000,4263.205,4265.545,4255.225,4256.025,0.3551
1786018500000,4256.085,4262.915,4253.035,4261.595,0.3449
1786019400000,4261.885,4270.565,4257.925,4266.795,0.3654
1786020300000,4267.055,4267.445,4248.655,4249.945,0.4697
1786021200000,4249.915,4255.695,4230.085,4238.245,0.6631
1786022100000,4238.215,4248.095,4235.735,4247.515,0.5362
1786023000000,4247.395,4273.965,4245.515,4269.955,0.765
1786023900000,4269.805,4269.945,4262.015,4266.865,0.6779
1786024800000,4266.905,4275.165,4263.725,4267.965,0.6623
1786025700000,4267.975,4268.905,4259.925,4265.195,0.6063
1786026600000,4265.465,4274.635,4265.465,4273.315,0.5481
1786027500000,4273.285,4274.985,4262.545,4272.775,0.5275
1786028400000,4272.875,4274.195,4261.595,4263.665,0.5818
1786029300000,4263.665,4263.695,4250.315,4254.615,0.6081
1786030200000,4254.595,4255.355,4246.065,4251.345,0.511
1786031100000,4251.335,4251.635,4229.345,4233.555,0.6041
1786032000000,4233.605,4242.905,4230.615,4232.575,0.6509
1786032900000,4232.635,4232.865,4223.225,4229.975,0.6521
1786033800000,4229.955,4235.915,4229.805,4233.285,0.5654
1786034700000,4233.315,4242.535,4231.615,4241.205,0.44
1786035600000,4241.255,4244.435,4239.345,4240.735,0.3685
1786036500000,4240.765,4242.515,4238.235,4241.555,0.3964
1786037400000,4241.465,4243.425,4238.285,4241.815,0.3102
1786038300000,4241.815,4248.005,4240.225,4246.925,0.2922
1786039200000,4247.205,4248.945,4243.945,4246.765,0.2688
1786040100000,4246.815,4249.485,4245.875,4246.555,0.2899
1786041000000,4246.565,4247.595,4240.515,4241.635,0.2254
1786041900000,4241.625,4245.445,4240.545,4243.235,0.2093
1786042800000,4243.345,4251.195,4242.875,4247.225,0.2695
1786043700000,4247.195,4248.405,4234.815,4237.095,0.364
1786044600000,4237.255,4239.425,4232.745,4234.365,0.3263
1786045500000,4234.365,4250.585,4234.365,4248.645,0.3905
1786046400000,4248.645,4249.885,4242.535,4244.315,0.1935
1786047300000,4244.455,4245.395,4239.665,4241.695,0.1388
1786048200000,4241.695,4242.245,4234.825,4235.065,0.1377
1786049100000,4234.965,4241.775,4234.495,4239.485,0.0545
1786053600000,4237.015,4241.185,4235.475,4238.915,0.045
1786054500000,4238.795,4243.235,4238.685,4242.215,0.0417
1786055400000,4242.025,4243.405,4238.045,4239.045,0.0472
1786056300000,4238.915,4242.745,4238.615,4240.195,0.0348
1786057200000,4239.915,4245.325,4239.735,4245.025,0.0635
1786058100000,4244.865,4245.975,4242.635,4244.755,0.0414
1786059000000,4244.905,4248.655,4244.595,4246.435,0.0616
1786059900000,4246.325,4252.945,4245.445,4252.105,0.1601
1786060800000,4252.015,4252.355,4243.025,4244.455,0.283
1786061700000,4244.585,4245.935,4238.895,4243.865,0.3125
1786062600000,4243.765,4243.875,4229.895,4234.495,0.3084
1786063500000,4234.785,4236.695,4229.385,4232.365,0.3235
1786064400000,4232.545,4246.365,4231.575,4243.825,0.4676
1786065300000,4243.845,4249.865,4239.795,4243.135,0.3994
1786066200000,4243.135,4258.655,4238.855,4256.465,0.4371
1786067100000,4256.375,4259.145,4251.715,4256.455,0.3704
1786068000000,4256.595,4261.455,4255.695,4258.525,0.3171
1786068900000,4258.405,4260.905,4257.145,4260.505,0.1522
1786069800000,4260.785,4261.585,4249.395,4249.395,0.326
1786070700000,4249.425,4255.875,4246.855,4250.295,0.3089
1786071600000,4250.115,4258.935,4249.275,4254.535,0.2878
1786072500000,4254.535,4258.565,4251.435,4258.285,0.2602
1786073400000,4258.095,4261.205,4257.345,4260.235,0.1498
1786074300000,4260.275,4266.055,4258.865,4265.815,0.169
1786075200000,4265.965,4268.905,4261.745,4265.865,0.2262
1786076100000,4265.975,4268.335,4261.515,4264.505,0.231
1786077000000,4264.565,4268.225,4260.425,4263.715,0.244
1786077900000,4263.715,4267.095,4261.985,4264.715,0.1366
1786078800000,4264.595,4271.165,4261.545,4268.865,0.2725
1786079700000,4269.015,4270.305,4264.555,4266.295,0.1882
1786080600000,4266.195,4277.335,4265.655,4271.085,0.3565
1786081500000,4271.205,4280.355,4271.095,4278.465,0.3538
1786082400000,4278.555,4291.065,4278.075,4286.425,0.2594
1786083300000,4286.395,4291.065,4282.915,4283.195,0.2662
1786084200000,4283.005,4294.955,4279.805,4291.875,0.2491
1786085100000,4291.765,4298.575,4288.575,4296.975,0.2946
1786086000000,4297.035,4297.745,4290.145,4291.065,0.2878
1786086900000,4291.045,4292.525,4284.535,4285.335,0.291
1786087800000,4285.185,4288.555,4283.675,4284.895,0.2513
1786088700000,4284.895,4291.045,4282.735,4289.915,0.2478
1786089600000,4289.935,4300.375,4288.835,4299.635,0.3424
1786090500000,4299.685,4300.535,4293.075,4294.735,0.311
1786091400000,4294.735,4316.575,4293.945,4308.905,0.4123
1786092300000,4309.025,4311.315,4303.125,4305.895,0.3077
1786093200000,4306.005,4307.185,4304.325,4305.935,0.2576
1786094100000,4305.935,4310.895,4304.615,4306.625,0.2527
1786095000000,4306.815,4318.245,4302.145,4317.215,0.3393
1786095900000,4317.365,4320.585,4314.225,4315.855,0.3673
1786096800000,4315.845,4319.245,4307.835,4308.065,0.2762
1786097700000,4308.085,4314.205,4307.915,4313.545,0.2244
1786098600000,4313.605,4318.055,4312.945,4316.715,0.2141
1786099500000,4316.905,4320.535,4316.055,4316.645,0.2355
1786100400000,4316.745,4326.085,4316.625,4320.055,0.3238
1786101300000,4320.075,4327.105,4316.895,4324.865,0.3407
1786102200000,4324.985,4327.645,4320.765,4322.635,0.3171
1786103100000,4322.605,4326.825,4320.555,4320.995,0.3055
1786104000000,4320.965,4325.285,4314.685,4314.935,0.3788
1786104900000,4314.805,4317.095,4300.825,4308.265,0.4552
1786105800000,4308.545,4370.575,4308.545,4366.815,0.852
1786106700000,4366.845,4371.695,4355.215,4361.245,0.7273
1786107600000,4361.245,4363.865,4345.825,4347.715,0.717
1786108500000,4347.625,4357.895,4338.865,4356.015,0.6589
1786109400000,4355.995,4367.715,4350.085,4358.015,0.77
1786110300000,4357.905,4359.785,4341.985,4348.035,0.7562
1786111200000,4348.125,4348.865,4327.125,4334.395,0.7873
1786112100000,4334.275,4352.675,4330.225,4348.725,0.778
1786113000000,4348.825,4350.397,4341.955,4343.965,0.7669
1786113900000,4344.075,4348.765,4340.135,4341.305,0.6956
1786114800000,4341.315,4355.775,4340.115,4355.215,0.6452
1786115700000,4355.335,4358.285,4350.825,4351.125,0.5525
1786116600000,4351.215,4353.665,4346.885,4349.415,0.5212
1786117500000,4349.415,4351.715,4339.555,4340.785,0.4786
1786118400000,4340.795,4349.465,4338.355,4347.055,0.4832
1786119300000,4347.265,4349.305,4334.055,4337.255,0.5317
1786120200000,4337.365,4342.015,4332.405,4338.525,0.5159
1786121100000,4338.545,4341.965,4328.915,4328.915,0.4521
1786122000000,4328.985,4338.295,4327.535,4335.455,0.4182
1786122900000,4335.345,4342.045,4333.625,4339.355,0.4181
1786123800000,4339.375,4339.985,4329.515,4336.095,0.3832
1786124700000,4336.105,4343.045,4334.655,4340.055,0.2952
1786125600000,4340.035,4342.775,4334.595,4334.745,0.3049
1786126500000,4334.825,4337.825,4331.925,4334.155,0.3291
1786127400000,4334.345,4338.795,4333.045,4334.155,0.2526
1786128300000,4334.155,4337.315,4332.885,4335.245,0.2315
1786129200000,4335.075,4345.615,4335.075,4343.405,0.4017
1786130100000,4343.405,4350.115,4342.715,4348.365,0.3896
1786131000000,4348.325,4348.705,4344.095,4347.655,0.3608
1786131900000,4347.775,4349.295,4339.785,4343.855,0.4516
1786132800000,4343.975,4345.165,4337.875,4342.325,0.1826
1786133700000,4342.325,4342.725,4336.995,4337.685,0.1215
1786134600000,4337.635,4342.025,4335.745,4340.665,0.1127
1786135500000,4340.545,4342.955,4338.145,4340.395,0.1361
